VendorNumber,VendorName,PONumber,PODate,InvoiceDate,PayDate,InvoiceMonth,Quantity,Dollars,Freight,LandedCost,UnitCost,FreightPerUnit,FreightPctOfDollars,LeadTimeDays,PaymentTermsDays,ApprovedBy,CatalogSKUs,InPeriod
8920,TAKARA SAKE USA INC,8120,2023-12-20,2024-01-04,2024-02-06,2024-01,12,55.08,3.62,58.7,4.59,0.3017,6.5723,15,33,,3,True
105,ALTAMAR BRANDS LLC,8124,2023-12-21,2024-01-04,2024-02-16,2024-01,6,214.26,3.47,217.73,35.71,0.5783,1.6195,14,43,,3,True
7153,PINE STATE TRADING CO,8132,2023-12-21,2024-01-04,2024-02-05,2024-01,2334,15276.52,338.2,15614.72,6.5452,0.1449,2.2139,14,32,,480,True
1587,VINEYARD BRANDS INC,8187,2023-12-24,2024-01-04,2024-02-16,2024-01,497,3441.66,83.57,3525.23,6.9249,0.1681,2.4282,11,43,,87,True
1655,FABRIZIA SPIRITS LLC,8194,2023-12-25,2024-01-04,2024-02-05,2024-01,46,394.04,16.0,410.04,8.5661,0.3478,4.0605,10,32,,8,True
90010,VINEXTRA INC,8205,2023-12-25,2024-01-04,2024-02-06,2024-01,24,176.04,9.41,185.45,7.335,0.3921,5.3454,10,33,,47,True
90046,CANDIA VINEYARDS,8107,2023-12-20,2024-01-05,2024-02-10,2024-01,24,348.72,9.08,357.8,14.53,0.3783,2.6038,16,36,,5,True
8673,STE MICHELLE WINE ESTATES,8134,2023-12-21,2024-01-05,2024-02-06,2024-01,3008,21379.98,571.07,21951.05,7.1077,0.1899,2.6711,15,32,,144,True
9819,TREASURY WINE ESTATES,8147,2023-12-22,2024-01-05,2024-02-17,2024-01,1263,7808.74,243.38,8052.12,6.1827,0.1927,3.1168,14,43,,111,True
4425,MARTIGNETTI COMPANIES,8159,2023-12-23,2024-01-05,2024-02-13,2024-01,16075,185155.6,4613.45,189769.05,11.5182,0.287,2.4917,13,39,,1639,True
6355,NICHE W & S,8162,2023-12-23,2024-01-05,2024-02-14,2024-01,137,425.1,13.08,438.18,3.1029,0.0955,3.0769,13,40,,8,True
17035,PERNOD RICARD USA,8181,2023-12-24,2024-01-05,2024-02-11,2024-01,5772,80916.64,2703.94,83620.58,14.0188,0.4685,3.3416,12,37,,277,True
2000,SOUTHERN WINE & SPIRITS NE,8185,2023-12-24,2024-01-05,2024-02-04,2024-01,1479,12709.58,397.04,13106.62,8.5934,0.2685,3.1239,12,30,,417,True
7154,PREMIER DISTRIBUTORS,8197,2023-12-25,2024-01-05,2024-02-14,2024-01,11,176.11,12.08,188.19,16.01,1.0982,6.8593,11,40,,7,True
9206,PHILLIPS PRODUCTS CO.,8116,2023-12-20,2024-01-06,2024-02-07,2024-01,193,920.39,34.73,955.12,4.7689,0.1799,3.7734,17,32,,33,True
10050,Russian Standard Vodka,8118,2023-12-20,2024-01-06,2024-02-20,2024-01,222,621.36,14.08,635.44,2.7989,0.0634,2.266,17,45,,13,True
2242,DELICATO VINEYARDS INC,8139,2023-12-22,2024-01-06,2024-02-10,2024-01,808,6646.46,127.05,6773.51,8.2258,0.1572,1.9115,15,35,,96,True
12546,JIM BEAM BRANDS COMPANY,8142,2023-12-22,2024-01-06,2024-02-19,2024-01,11611,151890.49,3506.08,155396.57,13.0816,0.302,2.3083,15,44,,415,True
90056,SWEET BABY VINEYARD,8146,2023-12-22,2024-01-06,2024-02-05,2024-01,118,988.6,5.04,993.64,8.378,0.0427,0.5098,15,30,,4,True
11567,CAMPARI AMERICA,8151,2023-12-23,2024-01-06,2024-02-20,2024-01,1321,12039.71,398.71,12438.42,9.1141,0.3018,3.3116,14,45,,74,True
4380,CHARLES JACQUIN ET CIE INC,8153,2023-12-23,2024-01-06,2024-02-12,2024-01,96,907.69,41.05,948.74,9.4551,0.4276,4.5225,14,37,,15,True
17031,FLAG HILL WINERY & VINEYARD,8154,2023-12-23,2024-01-06,2024-02-06,2024-01,94,1357.24,62.5,1419.74,14.4387,0.6649,4.6049,14,31,,19,True
90032,LABELLE VYDS AND WINERY,8156,2023-12-23,2024-01-06,2024-02-11,2024-01,92,1044.4,41.13,1085.53,11.3522,0.4471,3.9381,14,36,,10,True
4425,MARTIGNETTI COMPANIES,8160,2023-12-23,2024-01-06,2024-02-06,2024-01,24,193.8,11.38,205.18,8.075,0.4742,5.872,14,31,,1639,True
9625,WESTERN SPIRITS BEVERAGE CO,8168,2023-12-23,2024-01-06,2024-02-14,2024-01,795,8657.44,169.46,8826.9,10.8899,0.2132,1.9574,14,39,,26,True
1273,CALEDONIA SPIRITS INC,8172,2023-12-24,2024-01-06,2024-02-15,2024-01,5,146.8,15.53,162.33,29.36,3.106,10.579,13,40,,5,True
2496,DUGGANS DISTILLED PRODUCTS,8174,2023-12-24,2024-01-06,2024-02-10,2024-01,24,418.8,11.39,430.19,17.45,0.4746,2.7197,13,35,,5,True
9744,FREDERICK WILDMAN & SONS,8176,2023-12-24,2024-01-06,2024-02-12,2024-01,1222,8610.71,212.93,8823.64,7.0464,0.1742,2.4729,13,37,,149,True
3089,SIDNEY FRANK IMPORTING CO,8183,2023-12-24,2024-01-06,2024-02-04,2024-01,379,4443.66,133.83,4577.49,11.7247,0.3531,3.0117,13,29,,13,True
9815,WINE GROUP INC,8190,2023-12-24,2024-01-06,2024-02-08,2024-01,3532,21330.38,580.64,21911.02,6.0392,0.1644,2.7221,13,33,,215,True
90047,CRUSH WINES,8126,2023-12-21,2024-01-07,2024-02-21,2024-01,90,854.1,16.7,870.8,9.49,0.1856,1.9553,17,45,,165,True
4466,AMERICAN VINTAGE BEVERAGE,8137,2023-12-22,2024-01-07,2024-02-21,2024-01,15,140.55,8.57,149.12,9.37,0.5713,6.0975,16,45,,3,True
4848,LAIRD & CO,8143,2023-12-22,2024-01-07,2024-02-06,2024-01,12,120.72,13.91,134.63,10.06,1.1592,11.5225,16,30,,16,True
516,BANFI PRODUCTS CORP,8170,2023-12-24,2024-01-07,2024-02-12,2024-01,1935,15527.25,429.2,15956.45,8.0244,0.2218,2.7642,14,36,,149,True
4950,LATITUDE BEVERAGE COMPANY,8179,2023-12-24,2024-01-07,2024-02-06,2024-01,153,879.42,19.68,899.1,5.7478,0.1286,2.2378,14,30,,45,True
4550,KLIN SPIRITS LLC,8196,2023-12-25,2024-01-07,2024-02-17,2024-01,7,98.49,9.65,108.14,14.07,1.3786,9.7979,13,41,,4,True
9165,ULTRA BEVERAGE COMPANY LLP,8203,2023-12-25,2024-01-07,2024-02-13,2024-01,6002,59168.69,1683.03,60851.72,9.8582,0.2804,2.8445,13,37,,965,True
8352,LUXCO INC,8113,2023-12-20,2024-01-08,2024-02-07,2024-01,819,6139.47,196.61,6336.08,7.4963,0.2401,3.2024,19,30,,69,True
6785,PALM BAY INTERNATIONAL INC,8114,2023-12-20,2024-01-08,2024-02-14,2024-01,715,5533.18,242.73,5775.91,7.7387,0.3395,4.3868,19,37,,174,True
28776,TALL SHIP DISTILLERY LLC,8121,2023-12-20,2024-01-08,2024-02-11,2024-01,6,133.26,10.59,143.85,22.21,1.765,7.9469,19,34,,4,True
2876,CENTEUR IMPORTS LLC,8125,2023-12-21,2024-01-08,2024-02-07,2024-01,12,105.36,0.5,105.86,8.78,0.0417,0.4746,18,30,,11,True
7245,PROXIMO SPIRITS INC.,8145,2023-12-22,2024-01-08,2024-02-13,2024-01,3123,34457.73,943.77,35401.5,11.0335,0.3022,2.7389,17,36,,114,True
1485,CASTLE BRANDS CORP.,8152,2023-12-23,2024-01-08,2024-02-19,2024-01,320,5420.41,179.26,5599.67,16.9388,0.5602,3.3071,16,42,,29,True
3924,HEAVEN HILL DISTILLERIES,8155,2023-12-23,2024-01-08,2024-02-15,2024-01,818,7079.02,200.02,7279.04,8.6541,0.2445,2.8255,16,38,,69,True
5455,MARSALLE COMPANY,8158,2023-12-23,2024-01-08,2024-02-13,2024-01,12,333.6,14.36,347.96,27.8,1.1967,4.3046,16,36,,10,True
7239,REMY COINTREAU USA INC,8163,2023-12-23,2024-01-08,2024-02-18,2024-01,382,7515.38,348.07,7863.45,19.6738,0.9112,4.6314,16,41,,45,True
98450,Serralles Usa LLC,8165,2023-12-23,2024-01-08,2024-02-17,2024-01,26,376.36,17.21,393.57,14.4754,0.6619,4.5727,16,40,,16,True
8320,SHAW ROSS INT L IMP LTD,8166,2023-12-23,2024-01-08,2024-02-11,2024-01,279,2392.18,51.37,2443.55,8.5741,0.1841,2.1474,16,34,,38,True
2561,EDRINGTON AMERICAS,8175,2023-12-24,2024-01-08,2024-02-10,2024-01,136,5645.24,218.18,5863.42,41.5091,1.6043,3.8648,15,33,,33,True
8112,MOET HENNESSY USA INC,8180,2023-12-24,2024-01-08,2024-02-06,2024-01,1392,31015.8,938.79,31954.59,22.2815,0.6744,3.0268,15,29,,129,True
9622,WEIN BAUER INC,8189,2023-12-24,2024-01-08,2024-02-13,2024-01,12,228.96,4.76,233.72,19.08,0.3967,2.079,15,36,,6,True
2396,BLACK PRINCE DISTILLERY INC,8191,2023-12-25,2024-01-08,2024-02-06,2024-01,23,234.83,2.3,237.13,10.21,0.1,0.9794,14,29,,10,True
3950,"HOOD RIVER DISTILLERS, Inc.",8195,2023-12-25,2024-01-08,2024-02-07,2024-01,6,129.48,3.44,132.92,21.58,0.5733,2.6568,14,30,,7,True
653,STATE WINE & SPIRITS,8201,2023-12-25,2024-01-08,2024-02-13,2024-01,541,5544.89,303.7,5848.59,10.2493,0.5614,5.4771,14,36,,258,True
3252,E & J GALLO WINERY,8110,2023-12-20,2024-01-09,2024-02-19,2024-01,8086,56493.23,1300.92,57794.15,6.9865,0.1609,2.3028,20,41,,527,True
10000,MAJESTIC FINE WINES,8128,2023-12-21,2024-01-09,2024-02-17,2024-01,875,7234.88,218.05,7452.93,8.2684,0.2492,3.0139,19,39,,40,True
6213,MHW LTD,8144,2023-12-22,2024-01-09,2024-02-04,2024-01,412,4821.83,177.5,4999.33,11.7035,0.4308,3.6812,18,26,,96,True
8892,TRINCHERO FAMILY ESTATES,8148,2023-12-22,2024-01-09,2024-02-09,2024-01,2089,11651.54,403.44,12054.98,5.5776,0.1931,3.4625,18,31,,153,True
1128,BROWN-FORMAN CORP,8150,2023-12-23,2024-01-09,2024-02-19,2024-01,4684,65403.57,1808.77,67212.34,13.9632,0.3862,2.7656,17,41,,142,True
6215,MOONLIGHT MEADERY,8161,2023-12-23,2024-01-09,2024-02-10,2024-01,35,322.04,9.02,331.06,9.2011,0.2577,2.8009,17,32,,7,True
388,ATLANTIC IMPORTING COMPANY,8169,2023-12-24,2024-01-09,2024-02-16,2024-01,5,106.6,4.61,111.21,21.32,0.922,4.3246,16,38,,3,True
1189,BULLY BOY DISTILLERS,8171,2023-12-24,2024-01-09,2024-02-04,2024-01,6,132.3,5.29,137.59,22.05,0.8817,3.9985,16,26,,6,True
9751,VINEDREA WINES LLC,8204,2023-12-25,2024-01-09,2024-02-15,2024-01,6,136.32,1.23,137.55,22.72,0.205,0.9023,15,37,,1,True
90058,ZORVINO VINEYARDS,8206,2023-12-25,2024-01-09,2024-02-12,2024-01,23,186.93,21.04,207.97,8.1274,0.9148,11.2556,15,34,,6,True
17032,JEWELL TOWNE VINEYARDS,8111,2023-12-20,2024-01-10,2024-02-04,2024-01,24,185.4,9.5,194.9,7.725,0.3958,5.1241,21,25,,7,True
10754,PERFECTA WINES,8115,2023-12-20,2024-01-10,2024-02-10,2024-01,2398,20861.33,633.9,21495.23,8.6995,0.2643,3.0386,21,31,,897,True
5992,MCCORMICK DISTILLING CO,8130,2023-12-21,2024-01-10,2024-02-05,2024-01,90,892.9,42.4,935.3,9.9211,0.4711,4.7486,20,26,,35,True
6359,OLE SMOKY DISTILLERY LLC,8131,2023-12-21,2024-01-10,2024-02-13,2024-01,134,1914.01,31.53,1945.54,14.2837,0.2353,1.6473,20,34,,18,True
9552,M S WALKER INC,8157,2023-12-23,2024-01-10,2024-02-09,2024-01,8061,68620.75,1591.5,70212.25,8.5127,0.1974,2.3193,18,30,,960,True
3960,DIAGEO NORTH AMERICA INC,8173,2023-12-24,2024-01-10,2024-02-19,2024-01,16602,180644.92,5972.45,186617.37,10.8809,0.3597,3.3062,17,40,,449,True
8004,SAZERAC CO INC,8199,2023-12-25,2024-01-10,2024-02-20,2024-01,6283,57738.64,1206.72,58945.36,9.1897,0.1921,2.09,16,41,,138,True
660,SAZERAC NORTH AMERICA INC.,8200,2023-12-25,2024-01-10,2024-02-10,2024-01,1393,10819.92,317.76,11137.68,7.7674,0.2281,2.9368,16,31,,84,True
1392,CONSTELLATION BRANDS INC,8108,2023-12-20,2024-01-11,2024-02-10,2024-01,8466,60281.13,1549.81,61830.94,7.1204,0.1831,2.571,22,30,,481,True
4692,KOBRAND CORPORATION,8112,2023-12-20,2024-01-11,2024-02-06,2024-01,427,5336.48,185.93,5522.41,12.4976,0.4354,3.4841,22,26,,242,True
90027,POVERTY LANE ORCHARDS,8117,2023-12-20,2024-01-11,2024-02-09,2024-01,46,364.06,9.27,373.33,7.9143,0.2015,2.5463,22,29,,8,True
8663,STAR INDUSTRIES INC.,8119,2023-12-20,2024-01-11,2024-02-13,2024-01,12,196.92,0.93,197.85,16.41,0.0775,0.4723,22,33,,6,True
8735,SURVILLE ENTERPRISES CORP,8135,2023-12-21,2024-01-11,2024-02-08,2024-01,29,296.47,7.14,303.61,10.2231,0.2462,2.4083,21,28,,22,True
3664,WILLIAM GRANT & SONS INC,8136,2023-12-21,2024-01-11,2024-02-14,2024-01,1118,20144.32,617.13,20761.45,18.0182,0.552,3.0635,21,34,,85,True
2450,DJINN SPIRITS LLC,8140,2023-12-22,2024-01-11,2024-02-11,2024-01,12,199.92,10.05,209.97,16.66,0.8375,5.027,20,31,,6,True
90011,FORTUNE WINE BROKERS LLC,8141,2023-12-22,2024-01-11,2024-02-14,2024-01,23,226.95,4.88,231.83,9.8674,0.2122,2.1503,20,34,,62,True
8150,SEA HAGG DISTILLERY LLC,8182,2023-12-24,2024-01-11,2024-02-05,2024-01,5,111.05,3.39,114.44,22.21,0.678,3.0527,18,25,,9,True
2555,DISARONNO INTERNATIONAL LLC,8192,2023-12-25,2024-01-11,2024-02-17,2024-01,385,3506.41,146.86,3653.27,9.1076,0.3815,4.1883,17,37,,12,True
7255,PSP WINES,8198,2023-12-25,2024-01-11,2024-02-12,2024-01,11,66.33,6.09,72.42,6.03,0.5536,9.1814,17,32,,32,True
4550,KLIN SPIRITS LLC,8223,2023-12-28,2024-01-11,2024-02-20,2024-01,142,1997.94,8.99,2006.93,14.07,0.0633,0.45,14,40,,4,True
7245,PROXIMO SPIRITS INC.,8228,2023-12-28,2024-01-11,2024-02-12,2024-01,19857,234455.46,1266.06,235721.52,11.8072,0.0638,0.54,14,32,,114,True
1587,VINEYARD BRANDS INC,8231,2023-12-28,2024-01-11,2024-02-27,2024-01,2250,15804.23,75.86,15880.09,7.0241,0.0337,0.48,14,47,,87,True
9625,WESTERN SPIRITS BEVERAGE CO,8232,2023-12-28,2024-01-11,2024-02-15,2024-01,937,11434.05,51.45,11485.5,12.2028,0.0549,0.45,14,35,,26,True
388,ATLANTIC IMPORTING COMPANY,8249,2023-12-30,2024-01-11,2024-02-18,2024-01,95,2025.4,10.73,2036.13,21.32,0.1129,0.5298,12,38,,3,True
2876,CENTEUR IMPORTS LLC,8251,2023-12-30,2024-01-11,2024-02-13,2024-01,6,52.32,0.28,52.6,8.72,0.0467,0.5352,12,33,,11,True
4425,MARTIGNETTI COMPANIES,8255,2023-12-30,2024-01-11,2024-02-14,2024-01,119,1460.51,6.72,1467.23,12.2732,0.0565,0.4601,12,34,,1639,True
8663,STAR INDUSTRIES INC.,8260,2023-12-30,2024-01-11,2024-02-19,2024-01,12,196.92,1.04,197.96,16.41,0.0867,0.5281,12,39,,6,True
12331,STELLAR IMPORTING CO LLC,8261,2023-12-30,2024-01-11,2024-02-12,2024-01,72,571.2,2.86,574.06,7.9333,0.0397,0.5007,12,32,,19,True
90052,HAUNTING WHISPER VYDS,8292,2024-01-01,2024-01-11,2024-02-14,2024-01,60,480.72,2.55,483.27,8.012,0.0425,0.5305,10,34,,2,True
480,BACARDI USA INC,8106,2023-12-20,2024-01-12,2024-02-05,2024-01,10100,137483.78,2935.2,140418.98,13.6123,0.2906,2.1349,23,24,,184,True
1590,DIAGEO CHATEAU ESTATE WINES,8109,2023-12-20,2024-01-12,2024-02-11,2024-01,2246,14298.09,408.72,14706.81,6.366,0.182,2.8586,23,30,,117,True
90024,VINILANDIA USA,8149,2023-12-22,2024-01-12,2024-02-21,2024-01,145,1126.4,44.36,1170.76,7.7683,0.3059,3.9382,21,40,,206,True
90053,INCREDIBREW INC,8178,2023-12-24,2024-01-12,2024-02-12,2024-01,48,416.64,5.65,422.29,8.68,0.1177,1.3561,19,31,,4,True
1601,VRANKEN AMERICA,8188,2023-12-24,2024-01-12,2024-02-07,2024-01,28,393.52,22.66,416.18,14.0543,0.8093,5.7583,19,26,,21,True
8664,"STOLI GROUP,(USA) LLC",8202,2023-12-25,2024-01-12,2024-02-04,2024-01,975,14299.98,349.02,14649.0,14.6666,0.358,2.4407,18,23,,48,True
1655,FABRIZIA SPIRITS LLC,8213,2023-12-27,2024-01-12,2024-02-21,2024-01,392,3469.36,18.39,3487.75,8.8504,0.0469,0.5301,16,40,,8,True
9552,M S WALKER INC,8216,2023-12-27,2024-01-12,2024-02-23,2024-01,30388,236369.61,1134.57,237504.18,7.7784,0.0373,0.48,16,42,,960,True
1485,CASTLE BRANDS CORP.,8236,2023-12-29,2024-01-12,2024-02-17,2024-01,2714,45057.22,202.76,45259.98,16.6018,0.0747,0.45,14,36,,29,True
2555,DISARONNO INTERNATIONAL LLC,8237,2023-12-29,2024-01-12,2024-02-16,2024-01,2279,21305.64,106.53,21412.17,9.3487,0.0467,0.5,14,35,,12,True
1392,CONSTELLATION BRANDS INC,8252,2023-12-30,2024-01-12,2024-02-11,2024-01,36543,248369.62,1291.52,249661.14,6.7966,0.0353,0.52,13,30,,481,True
8664,"STOLI GROUP,(USA) LLC",8262,2023-12-30,2024-01-12,2024-02-12,2024-01,4387,70460.06,345.25,70805.31,16.0611,0.0787,0.49,13,31,,48,True
8735,SURVILLE ENTERPRISES CORP,8263,2023-12-30,2024-01-12,2024-02-12,2024-01,298,1882.26,9.98,1892.24,6.3163,0.0335,0.5302,13,31,,22,True
90027,POVERTY LANE ORCHARDS,8280,2023-12-31,2024-01-12,2024-02-21,2024-01,917,6068.27,27.31,6095.58,6.6175,0.0298,0.45,12,40,,8,True
1590,DIAGEO CHATEAU ESTATE WINES,8289,2024-01-01,2024-01-12,2024-02-22,2024-01,4612,31455.1,163.57,31618.67,6.8203,0.0355,0.52,11,41,,117,True
7239,REMY COINTREAU USA INC,8229,2023-12-28,2024-01-13,2024-02-13,2024-01,2911,64359.09,308.92,64668.01,22.1089,0.1061,0.48,16,31,,45,True
17031,FLAG HILL WINERY & VINEYARD,8240,2023-12-29,2024-01-13,2024-02-15,2024-01,384,5591.32,28.52,5619.84,14.5607,0.0743,0.5101,15,33,,19,True
10000,MAJESTIC FINE WINES,8242,2023-12-29,2024-01-13,2024-02-20,2024-01,3983,30967.52,145.55,31113.07,7.7749,0.0365,0.47,15,38,,40,True
8150,SEA HAGG DISTILLERY LLC,8245,2023-12-29,2024-01-13,2024-02-26,2024-01,12,252.72,1.24,253.96,21.06,0.1033,0.4907,15,44,,9,True
17035,PERNOD RICARD USA,8257,2023-12-30,2024-01-13,2024-02-25,2024-01,32002,467506.21,2477.78,469983.99,14.6087,0.0774,0.53,14,43,Frank Delahunt,277,True
8004,SAZERAC CO INC,8258,2023-12-30,2024-01-13,2024-02-17,2024-01,29748,251425.62,1181.7,252607.32,8.4518,0.0397,0.47,14,35,Frank Delahunt,138,True
5992,MCCORMICK DISTILLING CO,8277,2023-12-31,2024-01-13,2024-02-20,2024-01,576,5744.89,27.0,5771.89,9.9738,0.0469,0.47,13,38,,35,True
6215,MOONLIGHT MEADERY,8279,2023-12-31,2024-01-13,2024-02-20,2024-01,286,2521.03,13.11,2534.14,8.8148,0.0458,0.52,13,38,,7,True
90058,ZORVINO VINEYARDS,8286,2023-12-31,2024-01-13,2024-02-14,2024-01,288,2372.4,12.81,2385.21,8.2375,0.0445,0.54,13,32,,6,True
287,APPOLO VINEYARDS LLC,8287,2024-01-01,2024-01-13,2024-02-18,2024-01,12,124.8,0.66,125.46,10.4,0.055,0.5288,12,36,,2,True
90053,INCREDIBREW INC,8293,2024-01-01,2024-01-13,2024-02-21,2024-01,58,510.86,2.5,513.36,8.8079,0.0431,0.4894,12,39,,4,True
516,BANFI PRODUCTS CORP,8208,2023-12-27,2024-01-14,2024-02-21,2024-01,5458,41823.14,204.93,42028.07,7.6627,0.0375,0.49,18,38,,149,True
8352,LUXCO INC,8224,2023-12-28,2024-01-14,2024-02-22,2024-01,5715,43820.57,197.19,44017.76,7.6676,0.0345,0.45,17,39,,69,True
7153,PINE STATE TRADING CO,8226,2023-12-28,2024-01-14,2024-02-16,2024-01,9824,63606.79,324.39,63931.18,6.4746,0.033,0.51,17,33,,480,True
3664,WILLIAM GRANT & SONS INC,8233,2023-12-28,2024-01-14,2024-02-12,2024-01,4187,74151.99,385.59,74537.58,17.7101,0.0921,0.52,17,29,,85,True
6355,NICHE W & S,8243,2023-12-29,2024-01-14,2024-02-19,2024-01,251,1225.58,5.64,1231.22,4.8828,0.0225,0.4602,16,36,,8,True
3960,DIAGEO NORTH AMERICA INC,8271,2023-12-31,2024-01-14,2024-02-11,2024-01,100183,954454.16,4581.38,959035.54,9.5271,0.0457,0.48,14,28,Frank Delahunt,449,True
6359,OLE SMOKY DISTILLERY LLC,8297,2024-01-01,2024-01-14,2024-02-13,2024-01,264,3771.17,19.61,3790.78,14.2847,0.0743,0.52,13,30,,18,True
3089,SIDNEY FRANK IMPORTING CO,8303,2024-01-01,2024-01-14,2024-02-15,2024-01,4414,38258.6,175.99,38434.59,8.6676,0.0399,0.46,13,32,,13,True
2396,BLACK PRINCE DISTILLERY INC,8209,2023-12-27,2024-01-15,2024-02-13,2024-01,48,490.08,2.5,492.58,10.21,0.0521,0.5101,19,29,,10,True
1128,BROWN-FORMAN CORP,8210,2023-12-27,2024-01-15,2024-02-25,2024-01,23351,298902.89,1494.51,300397.4,12.8004,0.064,0.5,19,41,Frank Delahunt,142,True
2450,DJINN SPIRITS LLC,8212,2023-12-27,2024-01-15,2024-02-28,2024-01,54,1064.52,5.32,1069.84,19.7133,0.0985,0.4998,19,44,,6,True
6785,PALM BAY INTERNATIONAL INC,8225,2023-12-28,2024-01-15,2024-02-20,2024-01,5275,36300.57,170.61,36471.18,6.8816,0.0323,0.47,18,36,,174,True
2561,EDRINGTON AMERICAS,8239,2023-12-29,2024-01-15,2024-02-17,2024-01,980,29875.7,143.4,30019.1,30.4854,0.1463,0.48,17,33,,33,True
1003,BRONCO WINE COMPANY,8250,2023-12-30,2024-01-15,2024-02-22,2024-01,24,104.1,0.57,104.67,4.3375,0.0237,0.5476,16,38,,8,True
8112,MOET HENNESSY USA INC,8278,2023-12-31,2024-01-15,2024-02-15,2024-01,7717,158211.28,838.52,159049.8,20.5017,0.1087,0.53,15,31,,129,True
9622,WEIN BAUER INC,8284,2023-12-31,2024-01-15,2024-02-17,2024-01,22,419.76,2.01,421.77,19.08,0.0914,0.4788,15,33,,6,True
10754,PERFECTA WINES,8298,2024-01-01,2024-01-15,2024-02-16,2024-01,14881,164345.2,739.55,165084.75,11.044,0.0497,0.45,14,32,,897,True
1273,CALEDONIA SPIRITS INC,8211,2023-12-27,2024-01-16,2024-02-16,2024-01,56,1745.29,9.08,1754.37,31.1659,0.1621,0.5203,20,31,,5,True
9165,ULTRA BEVERAGE COMPANY LLP,8219,2023-12-27,2024-01-16,2024-02-26,2024-01,18593,224355.5,1189.08,225544.58,12.0667,0.064,0.53,20,41,,965,True
12546,JIM BEAM BRANDS COMPANY,8241,2023-12-29,2024-01-16,2024-02-15,2024-01,56213,559691.95,2910.4,562602.35,9.9566,0.0518,0.52,18,30,Frank Delahunt,415,True
9206,PHILLIPS PRODUCTS CO.,8244,2023-12-29,2024-01-16,2024-02-21,2024-01,1537,9289.57,45.52,9335.09,6.044,0.0296,0.49,18,36,,33,True
90037,THE PIERPONT GROUP LLC,8248,2023-12-29,2024-01-16,2024-02-13,2024-01,12,171.3,0.79,172.09,14.275,0.0658,0.4612,18,28,,13,True
2242,DELICATO VINEYARDS INC,8253,2023-12-30,2024-01-16,2024-02-12,2024-01,2688,23076.33,120.0,23196.33,8.5849,0.0446,0.52,17,27,,96,True
90056,SWEET BABY VINEYARD,8264,2023-12-30,2024-01-16,2024-02-27,2024-01,1246,10367.3,51.84,10419.14,8.3205,0.0416,0.5,17,42,,4,True
4380,CHARLES JACQUIN ET CIE INC,8270,2023-12-31,2024-01-16,2024-02-14,2024-01,678,6129.25,29.42,6158.67,9.0402,0.0434,0.48,16,29,,15,True
9819,TREASURY WINE ESTATES,8282,2023-12-31,2024-01-16,2024-02-22,2024-01,6780,40265.24,197.3,40462.54,5.9388,0.0291,0.49,16,37,,111,True
90032,LABELLE VYDS AND WINERY,8295,2024-01-01,2024-01-16,2024-02-24,2024-01,390,4267.25,21.34,4288.59,10.9417,0.0547,0.5001,15,39,,10,True
4950,LATITUDE BEVERAGE COMPANY,8296,2024-01-01,2024-01-16,2024-02-21,2024-01,612,3543.18,18.78,3561.96,5.7895,0.0307,0.53,15,36,,45,True
98450,Serralles Usa LLC,8302,2024-01-01,2024-01-16,2024-02-27,2024-01,284,3894.93,19.09,3914.02,13.7145,0.0672,0.4901,15,42,,16,True
8673,STE MICHELLE WINE ESTATES,8305,2024-01-01,2024-01-16,2024-02-24,2024-01,6991,52219.32,261.1,52480.42,7.4695,0.0373,0.5,15,39,,144,True
1601,VRANKEN AMERICA,8306,2024-01-01,2024-01-16,2024-02-15,2024-01,261,5288.94,29.09,5318.03,20.2641,0.1115,0.55,15,30,,21,True
90011,FORTUNE WINE BROKERS LLC,8214,2023-12-27,2024-01-17,2024-02-19,2024-01,72,607.68,3.34,611.02,8.44,0.0464,0.5496,21,33,,62,True
4692,KOBRAND CORPORATION,8215,2023-12-27,2024-01-17,2024-02-25,2024-01,2119,28263.55,132.84,28396.39,13.3382,0.0627,0.47,21,39,,242,True
1189,BULLY BOY DISTILLERS,8220,2023-12-28,2024-01-17,2024-02-12,2024-01,12,264.6,1.19,265.79,22.05,0.0992,0.4497,20,26,,6,True
90047,CRUSH WINES,8221,2023-12-28,2024-01-17,2024-02-17,2024-01,260,2246.19,10.11,2256.3,8.6392,0.0389,0.4501,20,31,,165,True
90051,FULCHINO VINEYARD INC,8222,2023-12-28,2024-01-17,2024-02-27,2024-01,144,1666.44,7.67,1674.11,11.5725,0.0533,0.4603,20,41,,2,True
105,ALTAMAR BRANDS LLC,8234,2023-12-29,2024-01-17,2024-02-22,2024-01,12,428.52,2.19,430.71,35.71,0.1825,0.5111,19,36,,3,True
90046,CANDIA VINEYARDS,8235,2023-12-29,2024-01-17,2024-02-14,2024-01,132,1639.2,8.36,1647.56,12.4182,0.0633,0.51,19,28,,5,True
4848,LAIRD & CO,8254,2023-12-30,2024-01-17,2024-02-18,2024-01,160,1213.96,5.83,1219.79,7.5873,0.0364,0.4802,18,32,,16,True
9751,VINEDREA WINES LLC,8266,2023-12-30,2024-01-17,2024-02-20,2024-01,12,272.64,1.47,274.11,22.72,0.1225,0.5392,18,34,,1,True
17037,Dunn Wine Brokers,8272,2023-12-31,2024-01-17,2024-02-11,2024-01,12,287.88,1.32,289.2,23.99,0.11,0.4585,17,25,,35,True
9744,FREDERICK WILDMAN & SONS,8291,2024-01-01,2024-01-17,2024-02-13,2024-01,2096,16605.64,84.69,16690.33,7.9225,0.0404,0.51,16,27,,149,True
17032,JEWELL TOWNE VINEYARDS,8294,2024-01-01,2024-01-17,2024-02-25,2024-01,227,1757.16,8.79,1765.95,7.7408,0.0387,0.5002,16,39,,7,True
2000,SOUTHERN WINE & SPIRITS NE,8304,2024-01-01,2024-01-17,2024-02-20,2024-01,7400,62279.51,336.31,62615.82,8.4162,0.0454,0.54,16,34,,417,True
7255,PSP WINES,8217,2023-12-27,2024-01-18,2024-02-16,2024-01,202,1320.18,6.6,1326.78,6.5355,0.0327,0.4999,22,29,,32,True
8920,TAKARA SAKE USA INC,8218,2023-12-27,2024-01-18,2024-02-20,2024-01,168,906.36,4.89,911.25,5.395,0.0291,0.5395,22,33,,3,True
28776,TALL SHIP DISTILLERY LLC,8230,2023-12-28,2024-01-18,2024-02-22,2024-01,11,229.61,1.26,230.87,20.8736,0.1145,0.5488,21,35,,4,True
3252,E & J GALLO WINERY,8238,2023-12-29,2024-01-18,2024-02-14,2024-01,36991,238980.15,1194.9,240175.05,6.4605,0.0323,0.5,20,27,,527,True
653,STATE WINE & SPIRITS,8247,2023-12-29,2024-01-18,2024-02-19,2024-01,3284,30646.03,156.29,30802.32,9.3319,0.0476,0.51,20,32,,258,True
6213,MHW LTD,8256,2023-12-30,2024-01-18,2024-02-19,2024-01,2545,28203.48,138.2,28341.68,11.0819,0.0543,0.49,19,32,,96,True
660,SAZERAC NORTH AMERICA INC.,8259,2023-12-30,2024-01-18,2024-02-26,2024-01,9281,69321.83,346.61,69668.44,7.4692,0.0373,0.5,19,39,,84,True
9260,TY KU LLC,8265,2023-12-30,2024-01-18,2024-02-13,2024-01,42,423.18,2.12,425.3,10.0757,0.0505,0.501,19,26,,7,True
90024,VINILANDIA USA,8268,2023-12-30,2024-01-18,2024-02-18,2024-01,1020,9399.35,49.82,9449.17,9.215,0.0488,0.53,19,31,,206,True
3924,HEAVEN HILL DISTILLERIES,8273,2023-12-31,2024-01-18,2024-02-15,2024-01,5696,49644.13,243.26,49887.39,8.7156,0.0427,0.49,18,28,,69,True
3950,"HOOD RIVER DISTILLERS, Inc.",8274,2023-12-31,2024-01-18,2024-02-21,2024-01,1,16.41,0.09,16.5,16.41,0.09,0.5484,18,34,,7,True
4425,MARTIGNETTI COMPANIES,8276,2023-12-31,2024-01-18,2024-02-28,2024-01,42400,458222.53,2336.93,460559.46,10.8071,0.0551,0.51,18,41,Frank Delahunt,1639,True
28750,SMOKY QUARTZ DISTILLERY LLC,8281,2023-12-31,2024-01-18,2024-02-25,2024-01,36,775.08,3.95,779.03,21.53,0.1097,0.5096,18,38,,4,True
9815,WINE GROUP INC,8285,2023-12-31,2024-01-18,2024-02-23,2024-01,17051,101701.15,518.68,102219.83,5.9645,0.0304,0.51,18,36,,215,True
4466,AMERICAN VINTAGE BEVERAGE,8307,2024-01-03,2024-01-18,2024-02-18,2024-01,41,383.35,1.99,385.34,9.35,0.0485,0.5191,15,31,,3,True
1485,CASTLE BRANDS CORP.,8309,2024-01-03,2024-01-18,2024-02-27,2024-01,1418,24411.92,124.5,24536.42,17.2157,0.0878,0.51,15,40,,29,True
5455,MARSALLE COMPANY,8313,2024-01-03,2024-01-18,2024-03-02,2024-01,66,1850.94,8.88,1859.82,28.0445,0.1345,0.4798,15,44,,10,True
1587,VINEYARD BRANDS INC,8322,2024-01-03,2024-01-18,2024-02-27,2024-01,1806,12903.55,61.94,12965.49,7.1448,0.0343,0.48,15,40,,87,True
1590,DIAGEO CHATEAU ESTATE WINES,8325,2024-01-04,2024-01-18,2024-02-28,2024-01,2658,18373.15,95.54,18468.69,6.9124,0.0359,0.52,14,41,,117,True
90011,FORTUNE WINE BROKERS LLC,8327,2024-01-04,2024-01-18,2024-02-28,2024-01,13,171.35,0.86,172.21,13.1808,0.0662,0.5019,14,41,,62,True
1655,FABRIZIA SPIRITS LLC,8342,2024-01-05,2024-01-18,2024-03-04,2024-01,202,1958.54,9.01,1967.55,9.6957,0.0446,0.46,13,46,,8,True
10000,MAJESTIC FINE WINES,8346,2024-01-05,2024-01-18,2024-02-18,2024-01,1690,13633.72,66.81,13700.53,8.0673,0.0395,0.49,13,31,,40,True
17033,SEA BREEZE CELLARS LLC,8350,2024-01-05,2024-01-18,2024-02-20,2024-01,59,581.07,2.91,583.98,9.8486,0.0493,0.5008,13,33,,16,True
28750,SMOKY QUARTZ DISTILLERY LLC,8368,2024-01-06,2024-01-18,2024-02-22,2024-01,24,516.72,2.84,519.56,21.53,0.1183,0.5496,12,35,,4,True
17031,FLAG HILL WINERY & VINEYARD,8381,2024-01-07,2024-01-18,2024-02-27,2024-01,292,5236.22,26.7,5262.92,17.9323,0.0914,0.5099,11,40,,19,True
653,STATE WINE & SPIRITS,8389,2024-01-07,2024-01-18,2024-02-18,2024-01,2403,23611.74,106.25,23717.99,9.8259,0.0442,0.45,11,31,,258,True
4950,LATITUDE BEVERAGE COMPANY,8394,2024-01-08,2024-01-18,2024-02-29,2024-01,720,4146.3,20.32,4166.62,5.7588,0.0282,0.4901,10,42,,45,True
90024,VINILANDIA USA,8400,2024-01-08,2024-01-18,2024-02-19,2024-01,579,5017.26,22.58,5039.84,8.6654,0.039,0.45,10,32,,206,True
4466,AMERICAN VINTAGE BEVERAGE,8207,2023-12-27,2024-01-19,2024-02-26,2024-01,335,3142.33,16.97,3159.3,9.3801,0.0507,0.54,23,38,,3,True
7240,"PREMIUM PORT WINES, INC.",8227,2023-12-28,2024-01-19,2024-02-18,2024-01,158,1133.08,5.89,1138.97,7.1714,0.0373,0.5198,22,30,,3,True
8320,SHAW ROSS INT L IMP LTD,8246,2023-12-29,2024-01-19,2024-02-21,2024-01,895,7987.83,43.93,8031.76,8.9249,0.0491,0.55,21,33,,38,True
90010,VINEXTRA INC,8267,2023-12-30,2024-01-19,2024-02-13,2024-01,120,1338.43,6.02,1344.45,11.1536,0.0502,0.4498,20,25,,47,True
11567,CAMPARI AMERICA,8269,2023-12-31,2024-01-19,2024-02-19,2024-01,8662,62473.56,324.86,62798.42,7.2124,0.0375,0.52,19,31,,74,True
5455,MARSALLE COMPANY,8275,2023-12-31,2024-01-19,2024-02-28,2024-01,131,3850.37,20.79,3871.16,29.3921,0.1587,0.5399,19,40,,10,True
8892,TRINCHERO FAMILY ESTATES,8283,2023-12-31,2024-01-19,2024-02-16,2024-01,7963,47561.83,228.3,47790.13,5.9729,0.0287,0.48,19,28,,153,True
480,BACARDI USA INC,8288,2024-01-01,2024-01-19,2024-02-18,2024-01,32463,396606.13,1864.05,398470.18,12.2172,0.0574,0.47,18,30,Frank Delahunt,184,True
2496,DUGGANS DISTILLED PRODUCTS,8290,2024-01-01,2024-01-19,2024-02-14,2024-01,65,1091.35,5.24,1096.59,16.79,0.0806,0.4801,18,26,,5,True
7154,PREMIER DISTRIBUTORS,8299,2024-01-01,2024-01-19,2024-02-17,2024-01,172,2644.78,13.49,2658.27,15.3766,0.0784,0.5101,18,29,,7,True
10050,Russian Standard Vodka,8300,2024-01-01,2024-01-19,2024-02-22,2024-01,487,1883.15,8.66,1891.81,3.8668,0.0178,0.4599,18,34,,13,True
17033,SEA BREEZE CELLARS LLC,8301,2024-01-01,2024-01-19,2024-02-13,2024-01,101,1234.26,5.8,1240.06,12.2204,0.0574,0.4699,18,25,,16,True
3960,DIAGEO NORTH AMERICA INC,8310,2024-01-03,2024-01-19,2024-02-23,2024-01,75392,489727.12,2350.69,492077.81,6.4957,0.0312,0.48,16,35,Frank Delahunt,449,True
6215,MOONLIGHT MEADERY,8314,2024-01-03,2024-01-19,2024-03-05,2024-01,60,515.76,2.58,518.34,8.596,0.043,0.5002,16,46,,7,True
9751,VINEDREA WINES LLC,8321,2024-01-03,2024-01-19,2024-02-24,2024-01,12,272.64,1.34,273.98,22.72,0.1117,0.4915,16,36,,1,True
9552,M S WALKER INC,8345,2024-01-05,2024-01-19,2024-03-02,2024-01,18247,173132.79,865.66,173998.45,9.4883,0.0474,0.5,14,43,,960,True
4848,LAIRD & CO,8364,2024-01-06,2024-01-19,2024-03-05,2024-01,74,902.01,4.78,906.79,12.1893,0.0646,0.5299,13,46,,16,True
7239,REMY COINTREAU USA INC,8365,2024-01-06,2024-01-19,2024-03-05,2024-01,1033,21832.98,117.9,21950.88,21.1355,0.1141,0.54,13,46,,45,True
9165,ULTRA BEVERAGE COMPANY LLP,8371,2024-01-06,2024-01-19,2024-02-24,2024-01,18575,205977.11,947.49,206924.6,11.0889,0.051,0.46,13,36,,965,True
3664,WILLIAM GRANT & SONS INC,8374,2024-01-06,2024-01-19,2024-03-02,2024-01,1739,37350.45,190.49,37540.94,21.4781,0.1095,0.51,13,43,,85,True
17037,Dunn Wine Brokers,8380,2024-01-07,2024-01-19,2024-03-05,2024-01,51,702.18,3.79,705.97,13.7682,0.0743,0.5397,12,46,,35,True
6213,MHW LTD,8384,2024-01-07,2024-01-19,2024-02-25,2024-01,2459,28780.68,143.9,28924.58,11.7042,0.0585,0.5,12,37,,96,True
4380,CHARLES JACQUIN ET CIE INC,8392,2024-01-08,2024-01-19,2024-02-20,2024-01,463,4680.02,22.0,4702.02,10.108,0.0475,0.4701,11,32,,15,True
2496,DUGGANS DISTILLED PRODUCTS,8393,2024-01-08,2024-01-19,2024-02-20,2024-01,101,1693.81,8.47,1702.28,16.7704,0.0839,0.5001,11,32,,5,True
9815,WINE GROUP INC,8401,2024-01-08,2024-01-19,2024-03-03,2024-01,12254,80656.07,411.35,81067.42,6.582,0.0336,0.51,11,44,,215,True
7154,PREMIER DISTRIBUTORS,8317,2024-01-03,2024-01-20,2024-03-02,2024-01,54,847.56,4.66,852.22,15.6956,0.0863,0.5498,17,42,,7,True
17032,JEWELL TOWNE VINEYARDS,8329,2024-01-04,2024-01-20,2024-03-06,2024-01,144,1144.2,6.18,1150.38,7.9458,0.0429,0.5401,16,46,,7,True
12546,JIM BEAM BRANDS COMPANY,8330,2024-01-04,2024-01-20,2024-02-19,2024-01,39001,382617.62,2027.87,384645.49,9.8105,0.052,0.53,16,30,Frank Delahunt,415,True
3924,HEAVEN HILL DISTILLERIES,8343,2024-01-05,2024-01-20,2024-02-18,2024-01,3716,33078.04,168.7,33246.74,8.9015,0.0454,0.51,15,29,,69,True
4692,KOBRAND CORPORATION,8363,2024-01-06,2024-01-20,2024-03-02,2024-01,4569,49629.65,233.26,49862.91,10.8623,0.0511,0.47,14,42,,242,True
8320,SHAW ROSS INT L IMP LTD,8367,2024-01-06,2024-01-20,2024-02-21,2024-01,1134,9112.05,47.38,9159.43,8.0353,0.0418,0.52,14,32,,38,True
2450,DJINN SPIRITS LLC,8379,2024-01-07,2024-01-20,2024-02-20,2024-01,9,194.22,1.05,195.27,21.58,0.1167,0.5406,13,31,,6,True
7255,PSP WINES,8388,2024-01-07,2024-01-20,2024-03-01,2024-01,116,769.63,4.23,773.86,6.6347,0.0365,0.5496,13,41,,32,True
2000,SOUTHERN WINE & SPIRITS NE,8319,2024-01-03,2024-01-21,2024-03-04,2024-01,5024,40163.56,180.74,40344.3,7.9943,0.036,0.45,18,43,,417,True
6359,OLE SMOKY DISTILLERY LLC,8332,2024-01-04,2024-01-21,2024-03-03,2024-01,116,1650.38,9.08,1659.46,14.2274,0.0783,0.5502,17,42,,18,True
516,BANFI PRODUCTS CORP,8339,2024-01-05,2024-01-21,2024-02-20,2024-01,4381,29909.78,140.58,30050.36,6.8272,0.0321,0.47,16,30,,149,True
8112,MOET HENNESSY USA INC,8348,2024-01-05,2024-01-21,2024-03-01,2024-01,3519,64917.6,324.59,65242.19,18.4477,0.0922,0.5,16,40,,129,True
1392,CONSTELLATION BRANDS INC,8360,2024-01-06,2024-01-21,2024-02-25,2024-01,23613,163665.26,900.16,164565.42,6.9312,0.0381,0.55,15,35,,481,True
2561,EDRINGTON AMERICAS,8361,2024-01-06,2024-01-21,2024-02-22,2024-01,433,11724.18,64.48,11788.66,27.0766,0.1489,0.55,15,32,,33,True
6355,NICHE W & S,8385,2024-01-07,2024-01-21,2024-02-21,2024-01,54,482.76,2.51,485.27,8.94,0.0465,0.5199,14,31,,8,True
480,BACARDI USA INC,8308,2024-01-03,2024-01-22,2024-02-26,2024-01,15033,173408.47,832.36,174240.83,11.5352,0.0554,0.48,19,35,,184,True
9206,PHILLIPS PRODUCTS CO.,8316,2024-01-03,2024-01-22,2024-02-18,2024-01,1149,7229.15,35.42,7264.57,6.2917,0.0308,0.49,19,27,,33,True
8673,STE MICHELLE WINE ESTATES,8320,2024-01-03,2024-01-22,2024-02-20,2024-01,2697,20329.38,93.52,20422.9,7.5378,0.0347,0.46,19,29,,144,True
3252,E & J GALLO WINERY,8326,2024-01-04,2024-01-22,2024-02-27,2024-01,22337,151950.9,698.97,152649.87,6.8027,0.0313,0.46,18,36,,527,True
90053,INCREDIBREW INC,8328,2024-01-04,2024-01-22,2024-02-20,2024-01,48,416.4,2.17,418.57,8.675,0.0452,0.5211,18,29,,4,True
6785,PALM BAY INTERNATIONAL INC,8333,2024-01-04,2024-01-22,2024-02-23,2024-01,4319,29047.82,142.33,29190.15,6.7256,0.033,0.49,18,32,,174,True
9625,WESTERN SPIRITS BEVERAGE CO,8338,2024-01-04,2024-01-22,2024-02-19,2024-01,265,3891.24,20.62,3911.86,14.6839,0.0778,0.5299,18,28,,26,True
8352,LUXCO INC,8344,2024-01-05,2024-01-22,2024-03-03,2024-01,4226,28477.46,142.39,28619.85,6.7386,0.0337,0.5,17,41,,69,True
5992,MCCORMICK DISTILLING CO,8347,2024-01-05,2024-01-22,2024-02-29,2024-01,286,2979.43,14.9,2994.33,10.4176,0.0521,0.5001,17,38,,35,True
1650,Circa Wines,8377,2024-01-07,2024-01-22,2024-03-01,2024-01,12,297.96,1.46,299.42,24.83,0.1217,0.49,15,39,,74,True
2242,DELICATO VINEYARDS INC,8378,2024-01-07,2024-01-22,2024-02-22,2024-01,3565,26696.84,136.15,26832.99,7.4886,0.0382,0.51,15,31,,96,True
7245,PROXIMO SPIRITS INC.,8396,2024-01-08,2024-01-22,2024-03-04,2024-01,8025,84022.1,420.11,84442.21,10.47,0.0524,0.5,14,42,,114,True
8892,TRINCHERO FAMILY ESTATES,8399,2024-01-08,2024-01-22,2024-03-05,2024-01,6403,39187.13,195.94,39383.07,6.1201,0.0306,0.5,14,43,,153,True
3089,SIDNEY FRANK IMPORTING CO,8334,2024-01-04,2024-01-23,2024-03-04,2024-01,2828,18929.16,87.07,19016.23,6.6935,0.0308,0.46,19,41,,13,True
90017,THE IMPORTED GRAPE LLC,8336,2024-01-04,2024-01-23,2024-02-28,2024-01,48,294.84,1.47,296.31,6.1425,0.0306,0.4986,19,36,,40,True
8664,"STOLI GROUP,(USA) LLC",8353,2024-01-05,2024-01-23,2024-03-02,2024-01,2322,30980.69,154.9,31135.59,13.3422,0.0667,0.5,18,39,,48,True
90046,CANDIA VINEYARDS,8359,2024-01-06,2024-01-23,2024-02-21,2024-01,12,225.48,1.2,226.68,18.79,0.1,0.5322,17,29,,5,True
8920,TAKARA SAKE USA INC,8369,2024-01-06,2024-01-23,2024-02-26,2024-01,221,1155.99,6.36,1162.35,5.2307,0.0288,0.5502,17,34,,3,True
11567,CAMPARI AMERICA,8376,2024-01-07,2024-01-23,2024-02-29,2024-01,4507,25711.4,131.13,25842.53,5.7048,0.0291,0.51,16,37,,74,True
4425,MARTIGNETTI COMPANIES,8383,2024-01-07,2024-01-23,2024-02-29,2024-01,104,987.34,4.64,991.98,9.4937,0.0446,0.4699,16,37,,1639,True
90027,POVERTY LANE ORCHARDS,8386,2024-01-07,2024-01-23,2024-02-21,2024-01,108,742.68,3.86,746.54,6.8767,0.0357,0.5197,16,29,,8,True
7240,"PREMIUM PORT WINES, INC.",8387,2024-01-07,2024-01-23,2024-02-24,2024-01,120,872.97,4.36,877.33,7.2748,0.0363,0.4994,16,32,,3,True
10754,PERFECTA WINES,8395,2024-01-08,2024-01-23,2024-02-27,2024-01,6644,58586.59,322.23,58908.82,8.818,0.0485,0.55,15,35,,897,True
1265,BLACK ROCK SPIRITS LLC,8324,2024-01-04,2024-01-24,2024-02-24,2024-01,6,84.3,0.43,84.73,14.05,0.0717,0.5101,20,31,,1,True
9622,WEIN BAUER INC,8337,2024-01-04,2024-01-24,2024-02-23,2024-01,29,399.12,2.08,401.2,13.7628,0.0717,0.5211,20,30,,6,True
8150,SEA HAGG DISTILLERY LLC,8351,2024-01-05,2024-01-24,2024-02-23,2024-01,16,346.16,1.87,348.03,21.635,0.1169,0.5402,19,30,,9,True
9819,TREASURY WINE ESTATES,8355,2024-01-05,2024-01-24,2024-02-21,2024-01,4363,36291.13,163.31,36454.44,8.3179,0.0374,0.45,19,28,,111,True
1601,VRANKEN AMERICA,8356,2024-01-05,2024-01-24,2024-02-26,2024-01,39,844.89,4.06,848.95,21.6638,0.1041,0.4805,19,33,,21,True
8004,SAZERAC CO INC,8366,2024-01-06,2024-01-24,2024-02-22,2024-01,19874,143691.8,689.72,144381.52,7.2301,0.0347,0.48,18,29,,138,True
28776,TALL SHIP DISTILLERY LLC,8370,2024-01-06,2024-01-24,2024-03-06,2024-01,48,1020.6,5.1,1025.7,21.2625,0.1062,0.4997,18,42,,4,True
9744,FREDERICK WILDMAN & SONS,8382,2024-01-07,2024-01-24,2024-02-22,2024-01,1886,16996.3,93.48,17089.78,9.0118,0.0496,0.55,17,29,,149,True
9260,TY KU LLC,8391,2024-01-07,2024-01-24,2024-02-18,2024-01,11,208.23,0.98,209.21,18.93,0.0891,0.4706,17,25,,7,True
660,SAZERAC NORTH AMERICA INC.,8397,2024-01-08,2024-01-24,2024-03-02,2024-01,5883,47750.1,233.98,47984.08,8.1166,0.0398,0.49,16,38,,84,True
2555,DISARONNO INTERNATIONAL LLC,8311,2024-01-03,2024-01-25,2024-03-06,2024-01,971,8801.36,48.41,8849.77,9.0642,0.0499,0.55,22,41,,12,True
90032,LABELLE VYDS AND WINERY,8312,2024-01-03,2024-01-25,2024-02-27,2024-01,108,1153.2,6.34,1159.54,10.6778,0.0587,0.5498,22,33,,10,True
17035,PERNOD RICARD USA,8315,2024-01-03,2024-01-25,2024-02-25,2024-01,17180,220470.75,1080.31,221551.06,12.833,0.0629,0.49,22,31,,277,True
388,ATLANTIC IMPORTING COMPANY,8323,2024-01-04,2024-01-25,2024-02-23,2024-01,64,1364.48,7.1,1371.58,21.32,0.1109,0.5203,21,29,,3,True
4550,KLIN SPIRITS LLC,8362,2024-01-06,2024-01-25,2024-03-06,2024-01,92,1308.02,6.54,1314.56,14.2176,0.0711,0.5,19,41,,4,True
90057,WALPOLE MTN VIEW WINERY,8373,2024-01-06,2024-01-25,2024-03-01,2024-01,12,137.16,0.66,137.82,11.43,0.055,0.4812,19,36,,3,True
173357,TAMWORTH DISTILLING,8390,2024-01-07,2024-01-25,2024-02-25,2024-01,36,697.32,3.42,700.74,19.37,0.095,0.4904,18,31,,4,True
12331,STELLAR IMPORTING CO LLC,8413,2024-01-10,2024-01-25,2024-03-01,2024-01,12,114.24,0.57,114.81,9.52,0.0475,0.4989,15,36,,19,True
2496,DUGGANS DISTILLED PRODUCTS,8421,2024-01-11,2024-01-25,2024-03-02,2024-01,89,1484.41,8.02,1492.43,16.6788,0.0901,0.5403,14,37,,5,True
17037,Dunn Wine Brokers,8422,2024-01-11,2024-01-25,2024-03-11,2024-01,30,607.26,2.91,610.17,20.242,0.097,0.4792,14,46,,35,True
4425,MARTIGNETTI COMPANIES,8426,2024-01-11,2024-01-25,2024-03-13,2024-01,28747,326842.06,1568.84,328410.9,11.3696,0.0546,0.48,14,48,Frank Delahunt,1639,True
3252,E & J GALLO WINERY,8438,2024-01-12,2024-01-25,2024-03-12,2024-01,23396,156914.13,847.34,157761.47,6.7069,0.0362,0.54,13,47,,527,True
3089,SIDNEY FRANK IMPORTING CO,8449,2024-01-12,2024-01-25,2024-03-01,2024-01,2741,21504.38,118.27,21622.65,7.8455,0.0431,0.55,13,36,,13,True
660,SAZERAC NORTH AMERICA INC.,8465,2024-01-13,2024-01-25,2024-03-04,2024-01,6006,43951.99,215.36,44167.35,7.318,0.0359,0.49,12,39,,84,True
17033,SEA BREEZE CELLARS LLC,8466,2024-01-13,2024-01-25,2024-02-29,2024-01,24,176.76,0.83,177.59,7.365,0.0346,0.4696,12,35,,16,True
8664,"STOLI GROUP,(USA) LLC",8467,2024-01-13,2024-01-25,2024-03-04,2024-01,2111,30379.85,142.79,30522.64,14.3912,0.0676,0.47,12,39,,48,True
653,STATE WINE & SPIRITS,8494,2024-01-15,2024-01-25,2024-03-01,2024-01,1612,14906.7,68.57,14975.27,9.2473,0.0425,0.46,10,36,,258,True
90058,ZORVINO VINEYARDS,8496,2024-01-15,2024-01-25,2024-03-06,2024-01,58,473.82,2.18,476.0,8.1693,0.0376,0.4601,10,41,,6,True
98450,Serralles Usa LLC,8318,2024-01-03,2024-01-26,2024-02-19,2024-01,87,1341.56,6.17,1347.73,15.4202,0.0709,0.4599,23,24,,16,True
4425,MARTIGNETTI COMPANIES,8331,2024-01-04,2024-01-26,2024-02-28,2024-01,28412,291914.17,1517.95,293432.12,10.2743,0.0534,0.52,22,33,Frank Delahunt,1639,True
90056,SWEET BABY VINEYARD,8335,2024-01-04,2024-01-26,2024-02-25,2024-01,166,1378.61,6.34,1384.95,8.3049,0.0382,0.4599,22,30,,4,True
2396,BLACK PRINCE DISTILLERY INC,8340,2024-01-05,2024-01-26,2024-03-04,2024-01,24,245.04,1.13,246.17,10.21,0.0471,0.4611,21,38,,10,True
90047,CRUSH WINES,8341,2024-01-05,2024-01-26,2024-02-22,2024-01,383,3691.11,18.09,3709.2,9.6374,0.0472,0.4901,21,27,,165,True
7153,PINE STATE TRADING CO,8349,2024-01-05,2024-01-26,2024-03-03,2024-01,5868,39989.32,203.95,40193.27,6.8148,0.0348,0.51,21,37,,480,True
12331,STELLAR IMPORTING CO LLC,8352,2024-01-05,2024-01-26,2024-03-02,2024-01,34,271.32,1.22,272.54,7.98,0.0359,0.4497,21,36,,19,True
90037,THE PIERPONT GROUP LLC,8354,2024-01-05,2024-01-26,2024-02-28,2024-01,18,166.62,0.78,167.4,9.2567,0.0433,0.4681,21,33,,13,True
90058,ZORVINO VINEYARDS,8357,2024-01-05,2024-01-26,2024-03-01,2024-01,94,800.22,4.16,804.38,8.513,0.0443,0.5199,21,35,,6,True
1128,BROWN-FORMAN CORP,8358,2024-01-06,2024-01-26,2024-02-18,2024-01,11443,138035.44,690.18,138725.62,12.0629,0.0603,0.5,20,23,,142,True
90010,VINEXTRA INC,8372,2024-01-06,2024-01-26,2024-02-29,2024-01,96,958.38,5.08,963.46,9.9831,0.0529,0.5301,20,34,,47,True
1273,CALEDONIA SPIRITS INC,8375,2024-01-07,2024-01-26,2024-03-05,2024-01,59,1732.24,8.49,1740.73,29.36,0.1439,0.4901,19,39,,5,True
8735,SURVILLE ENTERPRISES CORP,8398,2024-01-08,2024-01-26,2024-03-04,2024-01,66,518.82,2.59,521.41,7.8609,0.0392,0.4992,18,38,,22,True
9625,WESTERN SPIRITS BEVERAGE CO,8418,2024-01-10,2024-01-26,2024-03-01,2024-01,183,3041.96,16.73,3058.69,16.6227,0.0914,0.55,16,35,,26,True
90024,VINILANDIA USA,8431,2024-01-11,2024-01-26,2024-02-27,2024-01,659,5842.06,29.21,5871.27,8.865,0.0443,0.5,15,32,,206,True
1485,CASTLE BRANDS CORP.,8436,2024-01-12,2024-01-26,2024-03-04,2024-01,886,14338.45,65.96,14404.41,16.1834,0.0744,0.46,14,38,,29,True
3950,"HOOD RIVER DISTILLERS, Inc.",8442,2024-01-12,2024-01-26,2024-03-05,2024-01,1,22.55,0.12,22.67,22.55,0.12,0.5322,14,39,,7,True
3960,DIAGEO NORTH AMERICA INC,8459,2024-01-13,2024-01-26,2024-02-27,2024-01,76438,545477.42,2672.84,548150.26,7.1362,0.035,0.49,13,32,Frank Delahunt,449,True
5992,MCCORMICK DISTILLING CO,8464,2024-01-13,2024-01-26,2024-02-26,2024-01,428,3873.23,17.43,3890.66,9.0496,0.0407,0.45,13,31,,35,True
3924,HEAVEN HILL DISTILLERIES,8472,2024-01-14,2024-01-26,2024-03-06,2024-01,4301,33870.43,182.9,34053.33,7.875,0.0425,0.54,12,40,,69,True
90053,INCREDIBREW INC,8473,2024-01-14,2024-01-26,2024-02-28,2024-01,36,312.96,1.72,314.68,8.6933,0.0478,0.5496,12,33,,4,True
8673,STE MICHELLE WINE ESTATES,8479,2024-01-14,2024-01-26,2024-03-11,2024-01,5103,37313.52,201.49,37515.01,7.3121,0.0395,0.54,12,45,,144,True
90017,THE IMPORTED GRAPE LLC,8495,2024-01-15,2024-01-26,2024-03-10,2024-01,36,317.64,1.59,319.23,8.8233,0.0442,0.5006,11,44,,40,True
2396,BLACK PRINCE DISTILLERY INC,8403,2024-01-10,2024-01-27,2024-02-28,2024-01,47,409.43,2.25,411.68,8.7113,0.0479,0.5495,17,32,,10,True
90047,CRUSH WINES,8420,2024-01-11,2024-01-27,2024-03-02,2024-01,520,4392.3,20.2,4412.5,8.4467,0.0388,0.4599,16,35,,165,True
17032,JEWELL TOWNE VINEYARDS,8424,2024-01-11,2024-01-27,2024-02-28,2024-01,209,1895.28,8.72,1904.0,9.0683,0.0417,0.4601,16,32,,7,True
98450,Serralles Usa LLC,8428,2024-01-11,2024-01-27,2024-03-13,2024-01,129,1939.08,9.11,1948.19,15.0316,0.0706,0.4698,16,46,,16,True
8352,LUXCO INC,8445,2024-01-12,2024-01-27,2024-02-27,2024-01,3942,26348.0,137.01,26485.01,6.6839,0.0348,0.52,15,31,,69,True
9815,WINE GROUP INC,8455,2024-01-12,2024-01-27,2024-03-12,2024-01,12967,78707.63,425.02,79132.65,6.0698,0.0328,0.54,15,45,,215,True
90046,CANDIA VINEYARDS,8458,2024-01-13,2024-01-27,2024-02-28,2024-01,12,230.04,1.08,231.12,19.17,0.09,0.4695,14,32,,5,True
4466,AMERICAN VINTAGE BEVERAGE,8469,2024-01-14,2024-01-27,2024-03-11,2024-01,72,673.2,3.3,676.5,9.35,0.0458,0.4902,13,44,,3,True
8112,MOET HENNESSY USA INC,8407,2024-01-10,2024-01-28,2024-03-13,2024-01,2687,59737.61,316.61,60054.22,22.2321,0.1178,0.53,18,45,,129,True
173357,TAMWORTH DISTILLING,8414,2024-01-10,2024-01-28,2024-02-26,2024-01,12,232.44,1.09,233.53,19.37,0.0908,0.4689,18,29,,4,True
1189,BULLY BOY DISTILLERS,8434,2024-01-12,2024-01-28,2024-03-08,2024-01,30,661.5,3.04,664.54,22.05,0.1013,0.4596,16,40,,6,True
1655,FABRIZIA SPIRITS LLC,8439,2024-01-12,2024-01-28,2024-03-03,2024-01,96,828.6,4.47,833.07,8.6312,0.0466,0.5395,16,35,,8,True
12546,JIM BEAM BRANDS COMPANY,8443,2024-01-12,2024-01-28,2024-03-04,2024-01,52651,314118.79,1602.01,315720.8,5.9661,0.0304,0.51,16,36,Frank Delahunt,415,True
17031,FLAG HILL WINERY & VINEYARD,8470,2024-01-14,2024-01-28,2024-03-11,2024-01,243,4201.92,23.11,4225.03,17.2919,0.0951,0.55,14,43,,19,True
6355,NICHE W & S,8477,2024-01-14,2024-01-28,2024-02-25,2024-01,236,1297.48,6.62,1304.1,5.4978,0.0281,0.5102,14,28,,8,True
2555,DISARONNO INTERNATIONAL LLC,8485,2024-01-15,2024-01-28,2024-03-09,2024-01,1000,8298.39,45.64,8344.03,8.2984,0.0456,0.55,13,41,,12,True
7245,PROXIMO SPIRITS INC.,8491,2024-01-15,2024-01-28,2024-03-11,2024-01,7786,84159.97,446.05,84606.02,10.8091,0.0573,0.53,13,43,,114,True
8320,SHAW ROSS INT L IMP LTD,8493,2024-01-15,2024-01-28,2024-03-05,2024-01,1108,9847.5,48.25,9895.75,8.8876,0.0435,0.49,13,37,,38,True
10000,MAJESTIC FINE WINES,8406,2024-01-10,2024-01-29,2024-03-06,2024-01,1879,14255.2,71.28,14326.48,7.5866,0.0379,0.5,19,37,,40,True
8892,TRINCHERO FAMILY ESTATES,8415,2024-01-10,2024-01-29,2024-03-03,2024-01,5329,33618.19,174.81,33793.0,6.3085,0.0328,0.52,19,34,,153,True
480,BACARDI USA INC,8433,2024-01-12,2024-01-29,2024-03-10,2024-01,16160,150950.37,815.13,151765.5,9.341,0.0504,0.54,17,41,,184,True
28776,TALL SHIP DISTILLERY LLC,8452,2024-01-12,2024-01-29,2024-03-04,2024-01,12,259.8,1.32,261.12,21.65,0.11,0.5081,17,35,,4,True
9751,VINEDREA WINES LLC,8454,2024-01-12,2024-01-29,2024-03-09,2024-01,6,136.32,0.68,137.0,22.72,0.1133,0.4988,17,40,,1,True
9165,ULTRA BEVERAGE COMPANY LLP,8481,2024-01-14,2024-01-29,2024-02-26,2024-01,14792,209201.57,1046.01,210247.58,14.1429,0.0707,0.5,15,28,,965,True
9622,WEIN BAUER INC,8482,2024-01-14,2024-01-29,2024-03-10,2024-01,42,801.36,4.33,805.69,19.08,0.1031,0.5403,15,41,,6,True
4380,CHARLES JACQUIN ET CIE INC,8404,2024-01-10,2024-01-30,2024-03-09,2024-01,597,6531.89,32.66,6564.55,10.9412,0.0547,0.5,20,39,,15,True
7240,"PREMIUM PORT WINES, INC.",8411,2024-01-10,2024-01-30,2024-03-08,2024-01,112,799.04,3.84,802.88,7.1343,0.0343,0.4806,20,38,,3,True
1601,VRANKEN AMERICA,8417,2024-01-10,2024-01-30,2024-03-07,2024-01,41,803.6,3.86,807.46,19.6,0.0941,0.4803,20,37,,21,True
1392,CONSTELLATION BRANDS INC,8419,2024-01-11,2024-01-30,2024-03-01,2024-01,24638,161291.06,758.07,162049.13,6.5464,0.0308,0.47,19,31,,481,True
90051,FULCHINO VINEYARD INC,8423,2024-01-11,2024-01-30,2024-03-01,2024-01,23,314.87,1.54,316.41,13.69,0.067,0.4891,19,31,,2,True
90032,LABELLE VYDS AND WINERY,8425,2024-01-11,2024-01-30,2024-03-01,2024-01,85,927.27,4.45,931.72,10.9091,0.0524,0.4799,19,31,,10,True
9744,FREDERICK WILDMAN & SONS,8440,2024-01-12,2024-01-30,2024-03-04,2024-01,1952,24450.41,134.48,24584.89,12.5258,0.0689,0.55,18,34,,149,True
90052,HAUNTING WHISPER VYDS,8441,2024-01-12,2024-01-30,2024-03-08,2024-01,12,94.08,0.52,94.6,7.84,0.0433,0.5527,18,38,,2,True
4848,LAIRD & CO,8444,2024-01-12,2024-01-30,2024-03-10,2024-01,194,1339.14,7.1,1346.24,6.9028,0.0366,0.5302,18,40,,16,True
7239,REMY COINTREAU USA INC,8448,2024-01-12,2024-01-30,2024-03-06,2024-01,977,21894.26,98.52,21992.78,22.4097,0.1008,0.45,18,36,,45,True
9552,M S WALKER INC,8462,2024-01-13,2024-01-30,2024-03-08,2024-01,19097,161003.31,772.82,161776.13,8.4308,0.0405,0.48,17,38,,960,True
4425,MARTIGNETTI COMPANIES,8475,2024-01-14,2024-01-30,2024-03-06,2024-01,92,1041.08,5.62,1046.7,11.3161,0.0611,0.5398,16,36,,1639,True
2561,EDRINGTON AMERICAS,8486,2024-01-15,2024-01-30,2024-03-07,2024-01,689,20849.8,100.08,20949.88,30.261,0.1453,0.48,15,37,,33,True
17035,PERNOD RICARD USA,8489,2024-01-15,2024-01-30,2024-03-09,2024-01,16159,212926.15,1107.22,214033.37,13.1769,0.0685,0.52,15,39,,277,True
4950,LATITUDE BEVERAGE COMPANY,8405,2024-01-10,2024-01-31,2024-03-10,2024-01,811,4627.96,24.53,4652.49,5.7065,0.0302,0.53,21,39,,45,True
9206,PHILLIPS PRODUCTS CO.,8409,2024-01-10,2024-01-31,2024-02-28,2024-01,998,5245.55,25.7,5271.25,5.2561,0.0258,0.4899,21,28,,33,True
8150,SEA HAGG DISTILLERY LLC,8412,2024-01-10,2024-01-31,2024-02-26,2024-01,41,467.11,2.34,469.45,11.3929,0.0571,0.501,21,26,,9,True
2242,DELICATO VINEYARDS INC,8437,2024-01-12,2024-01-31,2024-03-04,2024-01,2537,20426.54,100.09,20526.63,8.0515,0.0395,0.49,19,33,,96,True
90027,POVERTY LANE ORCHARDS,8447,2024-01-12,2024-01-31,2024-02-27,2024-01,36,265.08,1.35,266.43,7.3633,0.0375,0.5093,19,27,,8,True
2000,SOUTHERN WINE & SPIRITS NE,8450,2024-01-12,2024-01-31,2024-03-08,2024-01,6006,52102.03,265.72,52367.75,8.675,0.0442,0.51,19,37,,417,True
8920,TAKARA SAKE USA INC,8451,2024-01-12,2024-01-31,2024-03-01,2024-01,145,840.04,4.2,844.24,5.7934,0.029,0.5,19,30,,3,True
388,ATLANTIC IMPORTING COMPANY,8456,2024-01-13,2024-01-31,2024-02-28,2024-01,18,379.92,1.98,381.9,21.1067,0.11,0.5212,18,28,,3,True
90011,FORTUNE WINE BROKERS LLC,8471,2024-01-14,2024-01-31,2024-03-12,2024-01,24,222.6,1.18,223.78,9.275,0.0492,0.5301,17,41,,62,True
5612,MILTONS DISTRIBUTING CO,8476,2024-01-14,2024-01-31,2024-03-13,2024-01,1,4.14,0.02,4.16,4.14,0.02,0.4831,17,42,,36,True
6785,PALM BAY INTERNATIONAL INC,8478,2024-01-14,2024-01-31,2024-02-27,2024-01,3982,27284.42,147.34,27431.76,6.8519,0.037,0.54,17,27,,174,True
1590,DIAGEO CHATEAU ESTATE WINES,8484,2024-01-15,2024-01-31,2024-03-08,2024-01,2403,16110.19,87.0,16197.19,6.7042,0.0362,0.54,16,37,,117,True
6215,MOONLIGHT MEADERY,8487,2024-01-15,2024-01-31,2024-03-02,2024-01,96,887.16,4.7,891.86,9.2412,0.049,0.5298,16,31,,7,True
516,BANFI PRODUCTS CORP,8402,2024-01-10,2024-02-01,2024-03-09,2024-02,4252,30048.37,162.26,30210.63,7.0669,0.0382,0.54,22,37,,149,True
10754,PERFECTA WINES,8408,2024-01-10,2024-02-01,2024-03-06,2024-02,7735,83238.19,457.81,83696.0,10.7612,0.0592,0.55,22,34,,897,True
90010,VINEXTRA INC,8416,2024-01-10,2024-02-01,2024-02-27,2024-02,100,995.76,4.78,1000.54,9.9576,0.0478,0.48,22,26,,47,True
3664,WILLIAM GRANT & SONS INC,8432,2024-01-11,2024-02-01,2024-03-01,2024-02,4286,63009.21,321.35,63330.56,14.7012,0.075,0.51,21,29,,85,True
1273,CALEDONIA SPIRITS INC,8435,2024-01-12,2024-02-01,2024-03-01,2024-02,95,3011.7,15.36,3027.06,31.7021,0.1617,0.51,20,29,,5,True
9819,TREASURY WINE ESTATES,8453,2024-01-12,2024-02-01,2024-02-27,2024-02,5585,32420.84,152.38,32573.22,5.805,0.0273,0.47,20,26,,111,True
4692,KOBRAND CORPORATION,8461,2024-01-13,2024-02-01,2024-03-09,2024-02,1516,15167.02,81.9,15248.92,10.0046,0.054,0.54,19,37,,242,True
4550,KLIN SPIRITS LLC,8474,2024-01-14,2024-02-01,2024-03-11,2024-02,76,1069.32,5.56,1074.88,14.07,0.0732,0.52,18,39,,4,True
6359,OLE SMOKY DISTILLERY LLC,8488,2024-01-15,2024-02-01,2024-03-07,2024-02,151,2172.47,10.86,2183.33,14.3872,0.0719,0.4999,17,35,,18,True
7153,PINE STATE TRADING CO,8490,2024-01-15,2024-02-01,2024-02-26,2024-02,6330,41293.25,222.98,41516.23,6.5234,0.0352,0.54,17,25,,480,True
8004,SAZERAC CO INC,8492,2024-01-15,2024-02-01,2024-03-13,2024-02,18286,112394.48,606.93,113001.41,6.1465,0.0332,0.54,17,41,,138,True
4550,KLIN SPIRITS LLC,8504,2024-01-17,2024-02-01,2024-03-05,2024-02,104,1418.34,7.09,1425.43,13.6379,0.0682,0.4999,15,33,,4,True
1439,CAPSTONE INTERNATIONAL,8519,2024-01-18,2024-02-01,2024-03-03,2024-02,4,54.64,0.27,54.91,13.66,0.0675,0.4941,14,31,,2,True
5455,MARSALLE COMPANY,8528,2024-01-18,2024-02-01,2024-03-10,2024-02,102,2766.22,12.45,2778.67,27.1198,0.1221,0.4501,14,38,,10,True
1703,ALISA CARR BEVERAGES,8547,2024-01-20,2024-02-01,2024-03-08,2024-02,25,1024.95,5.02,1029.97,40.998,0.2008,0.4898,12,36,,32,True
9552,M S WALKER INC,8553,2024-01-20,2024-02-01,2024-03-13,2024-02,25902,195041.48,877.69,195919.17,7.53,0.0339,0.45,12,41,,960,True
5992,MCCORMICK DISTILLING CO,8554,2024-01-20,2024-02-01,2024-03-08,2024-02,414,3466.76,15.6,3482.36,8.3738,0.0377,0.45,12,36,,35,True
8004,SAZERAC CO INC,8561,2024-01-20,2024-02-01,2024-03-15,2024-02,21868,175127.38,945.69,176073.07,8.0084,0.0432,0.54,12,43,,138,True
660,SAZERAC NORTH AMERICA INC.,8562,2024-01-20,2024-02-01,2024-03-16,2024-02,7050,51868.42,238.59,52107.01,7.3572,0.0338,0.46,12,44,,84,True
17033,SEA BREEZE CELLARS LLC,8563,2024-01-20,2024-02-01,2024-03-03,2024-02,89,1100.66,6.05,1106.71,12.367,0.068,0.5497,12,31,,16,True
1265,BLACK ROCK SPIRITS LLC,8571,2024-01-21,2024-02-01,2024-03-18,2024-02,4,56.2,0.26,56.46,14.05,0.065,0.4626,11,46,,1,True
5612,MILTONS DISTRIBUTING CO,8580,2024-01-21,2024-02-01,2024-03-10,2024-02,108,778.26,4.2,782.46,7.2061,0.0389,0.5397,11,38,,36,True
7154,PREMIER DISTRIBUTORS,8583,2024-01-21,2024-02-01,2024-03-12,2024-02,130,1990.86,10.95,2001.81,15.3143,0.0842,0.55,11,40,,7,True
90024,VINILANDIA USA,8588,2024-01-21,2024-02-01,2024-03-09,2024-02,607,5536.38,28.24,5564.62,9.1209,0.0465,0.5101,11,37,,206,True
1273,CALEDONIA SPIRITS INC,8589,2024-01-22,2024-02-01,2024-03-06,2024-02,6,176.16,0.79,176.95,29.36,0.1317,0.4485,10,34,,5,True
2561,EDRINGTON AMERICAS,8591,2024-01-22,2024-02-01,2024-03-17,2024-02,765,42239.46,219.65,42459.11,55.215,0.2871,0.52,10,45,,33,True
1601,VRANKEN AMERICA,8601,2024-01-22,2024-02-01,2024-03-17,2024-02,69,1408.73,6.34,1415.07,20.4164,0.0919,0.4501,10,45,,21,True
7154,PREMIER DISTRIBUTORS,8410,2024-01-10,2024-02-02,2024-03-11,2024-02,87,1351.29,7.16,1358.45,15.5321,0.0823,0.5299,23,38,,7,True
7255,PSP WINES,8427,2024-01-11,2024-02-02,2024-02-26,2024-02,191,1370.32,6.3,1376.62,7.1745,0.033,0.4597,22,24,,32,True
90056,SWEET BABY VINEYARD,8429,2024-01-11,2024-02-02,2024-02-25,2024-02,116,973.32,4.48,977.8,8.3907,0.0386,0.4603,22,23,,4,True
1587,VINEYARD BRANDS INC,8430,2024-01-11,2024-02-02,2024-03-07,2024-02,1638,11823.28,57.93,11881.21,7.2181,0.0354,0.49,22,34,,87,True
6213,MHW LTD,8446,2024-01-12,2024-02-02,2024-02-27,2024-02,1747,34590.41,155.66,34746.07,19.7999,0.0891,0.45,21,25,,96,True
1128,BROWN-FORMAN CORP,8457,2024-01-13,2024-02-02,2024-02-29,2024-02,12899,142492.97,755.21,143248.18,11.0468,0.0585,0.53,20,27,,142,True
2450,DJINN SPIRITS LLC,8460,2024-01-13,2024-02-02,2024-03-02,2024-02,6,129.48,0.7,130.18,21.58,0.1167,0.5406,20,29,,6,True
5455,MARSALLE COMPANY,8463,2024-01-13,2024-02-02,2024-03-10,2024-02,104,2614.22,12.03,2626.25,25.1367,0.1157,0.4602,20,37,,10,True
8735,SURVILLE ENTERPRISES CORP,8468,2024-01-13,2024-02-02,2024-03-05,2024-02,65,491.2,2.31,493.51,7.5569,0.0355,0.4703,20,32,,22,True
9260,TY KU LLC,8480,2024-01-14,2024-02-02,2024-03-02,2024-02,12,76.92,0.38,77.3,6.41,0.0317,0.494,19,29,,7,True
11567,CAMPARI AMERICA,8483,2024-01-15,2024-02-02,2024-02-25,2024-02,5632,35547.48,159.96,35707.44,6.3117,0.0284,0.45,18,23,,74,True
12546,JIM BEAM BRANDS COMPANY,8503,2024-01-17,2024-02-02,2024-03-08,2024-02,73562,403519.01,1856.19,405375.2,5.4854,0.0252,0.46,16,35,Frank Delahunt,415,True
90017,THE IMPORTED GRAPE LLC,8512,2024-01-17,2024-02-02,2024-03-03,2024-02,33,127.05,0.58,127.63,3.85,0.0176,0.4565,16,30,,40,True
9165,ULTRA BEVERAGE COMPANY LLP,8513,2024-01-17,2024-02-02,2024-03-13,2024-02,25423,337491.88,1552.46,339044.34,13.2751,0.0611,0.46,16,40,Frank Delahunt,965,True
1189,BULLY BOY DISTILLERS,8518,2024-01-18,2024-02-02,2024-03-08,2024-02,17,374.85,1.99,376.84,22.05,0.1171,0.5309,15,35,,6,True
1485,CASTLE BRANDS CORP.,8520,2024-01-18,2024-02-02,2024-03-12,2024-02,1374,22801.47,120.85,22922.32,16.595,0.088,0.53,15,39,,29,True
90047,CRUSH WINES,8523,2024-01-18,2024-02-02,2024-03-17,2024-02,421,4873.49,23.39,4896.88,11.576,0.0556,0.4799,15,44,,165,True
11567,CAMPARI AMERICA,8534,2024-01-19,2024-02-02,2024-03-19,2024-02,5981,38873.02,182.7,39055.72,6.4994,0.0305,0.47,14,46,,74,True
4425,MARTIGNETTI COMPANIES,8540,2024-01-19,2024-02-02,2024-03-16,2024-02,183,1959.48,9.21,1968.69,10.7075,0.0503,0.47,14,43,,1639,True
480,BACARDI USA INC,8548,2024-01-20,2024-02-02,2024-03-19,2024-02,20647,215769.02,1165.15,216934.17,10.4504,0.0564,0.54,13,46,,184,True
9206,PHILLIPS PRODUCTS CO.,8557,2024-01-20,2024-02-02,2024-03-19,2024-02,756,5576.41,30.67,5607.08,7.3762,0.0406,0.55,13,46,,33,True
9625,WESTERN SPIRITS BEVERAGE CO,8569,2024-01-20,2024-02-02,2024-03-15,2024-02,852,9749.56,49.72,9799.28,11.4431,0.0584,0.51,13,42,,26,True
2242,DELICATO VINEYARDS INC,8573,2024-01-21,2024-02-02,2024-03-19,2024-02,2735,21353.35,104.63,21457.98,7.8074,0.0383,0.49,12,46,,96,True
3089,SIDNEY FRANK IMPORTING CO,8584,2024-01-21,2024-02-02,2024-03-16,2024-02,2860,25914.44,139.94,26054.38,9.061,0.0489,0.54,12,43,,13,True
8352,LUXCO INC,8592,2024-01-22,2024-02-02,2024-03-20,2024-02,4057,25458.26,114.56,25572.82,6.2751,0.0282,0.45,11,47,,69,True
8150,SEA HAGG DISTILLERY LLC,8596,2024-01-22,2024-02-02,2024-03-11,2024-02,120,1804.42,8.66,1813.08,15.0368,0.0722,0.4799,11,38,,9,True
98450,Serralles Usa LLC,8597,2024-01-22,2024-02-02,2024-03-06,2024-02,122,1692.88,9.31,1702.19,13.8761,0.0763,0.55,11,33,,16,True
2000,SOUTHERN WINE & SPIRITS NE,8598,2024-01-22,2024-02-02,2024-03-08,2024-02,11024,108236.18,562.83,108799.01,9.8182,0.0511,0.52,11,35,,417,True
388,ATLANTIC IMPORTING COMPANY,8497,2024-01-17,2024-02-03,2024-03-08,2024-02,83,2028.52,9.53,2038.05,24.44,0.1148,0.4698,17,34,,3,True
2450,DJINN SPIRITS LLC,8498,2024-01-17,2024-02-03,2024-03-03,2024-02,12,199.92,0.9,200.82,16.66,0.075,0.4502,17,29,,6,True
8664,"STOLI GROUP,(USA) LLC",8511,2024-01-17,2024-02-03,2024-03-16,2024-02,3060,50681.95,238.21,50920.16,16.5627,0.0778,0.47,17,42,,48,True
1392,CONSTELLATION BRANDS INC,8522,2024-01-18,2024-02-03,2024-03-14,2024-02,41912,263882.43,1372.19,265254.62,6.2961,0.0327,0.52,16,40,Frank Delahunt,481,True
6280,UNCORKED,8546,2024-01-19,2024-02-03,2024-03-11,2024-02,2,22.36,0.11,22.47,11.18,0.055,0.4919,15,37,,9,True
1655,FABRIZIA SPIRITS LLC,8550,2024-01-20,2024-02-03,2024-03-05,2024-02,256,2296.02,11.25,2307.27,8.9688,0.0439,0.49,14,31,,8,True
8663,STAR INDUSTRIES INC.,8564,2024-01-20,2024-02-03,2024-03-17,2024-02,13,213.33,1.15,214.48,16.41,0.0885,0.5391,14,43,,6,True
90010,VINEXTRA INC,8567,2024-01-20,2024-02-03,2024-03-11,2024-02,205,2840.86,12.78,2853.64,13.8579,0.0623,0.4499,14,37,,47,True
3960,DIAGEO NORTH AMERICA INC,8575,2024-01-21,2024-02-03,2024-03-06,2024-02,94829,823878.62,4531.33,828409.95,8.688,0.0478,0.55,13,32,Frank Delahunt,449,True
10000,MAJESTIC FINE WINES,8579,2024-01-21,2024-02-03,2024-03-09,2024-02,3659,31967.72,150.25,32117.97,8.7367,0.0411,0.47,13,35,,40,True
1587,VINEYARD BRANDS INC,8587,2024-01-21,2024-02-03,2024-03-16,2024-02,1903,14675.75,73.38,14749.13,7.7119,0.0386,0.5,13,42,,87,True
9815,WINE GROUP INC,8602,2024-01-22,2024-02-03,2024-03-10,2024-02,21358,118717.18,617.33,119334.51,5.5584,0.0289,0.52,12,36,,215,True
4848,LAIRD & CO,8505,2024-01-17,2024-02-04,2024-03-19,2024-02,265,2168.1,11.71,2179.81,8.1815,0.0442,0.5401,18,44,,16,True
7749,R.P.IMPORTS INC,8508,2024-01-17,2024-02-04,2024-03-18,2024-02,27,600.88,2.82,603.7,22.2548,0.1044,0.4693,18,43,,75,True
10050,Russian Standard Vodka,8509,2024-01-17,2024-02-04,2024-03-14,2024-02,57,542.1,2.6,544.7,9.5105,0.0456,0.4796,18,39,,13,True
8320,SHAW ROSS INT L IMP LTD,8530,2024-01-18,2024-02-04,2024-03-04,2024-02,1228,9950.29,47.76,9998.05,8.1028,0.0389,0.48,17,29,,38,True
4466,AMERICAN VINTAGE BEVERAGE,8532,2024-01-19,2024-02-04,2024-03-15,2024-02,79,740.21,3.48,743.69,9.3697,0.0441,0.4701,16,40,,3,True
9744,FREDERICK WILDMAN & SONS,8551,2024-01-20,2024-02-04,2024-03-06,2024-02,3096,26112.12,125.34,26237.46,8.4341,0.0405,0.48,15,31,,149,True
653,STATE WINE & SPIRITS,8585,2024-01-21,2024-02-04,2024-03-19,2024-02,3876,36781.57,187.59,36969.16,9.4896,0.0484,0.51,14,44,,258,True
8735,SURVILLE ENTERPRISES CORP,8586,2024-01-21,2024-02-04,2024-03-19,2024-02,54,293.56,1.61,295.17,5.4363,0.0298,0.5484,14,44,,22,True
3950,"HOOD RIVER DISTILLERS, Inc.",8502,2024-01-17,2024-02-05,2024-03-17,2024-02,49,919.31,4.14,923.45,18.7614,0.0845,0.4503,19,41,,7,True
9751,VINEDREA WINES LLC,8514,2024-01-17,2024-02-05,2024-03-03,2024-02,22,499.84,2.45,502.29,22.72,0.1114,0.4902,19,27,,1,True
4950,LATITUDE BEVERAGE COMPANY,8527,2024-01-18,2024-02-05,2024-03-12,2024-02,992,5553.25,28.88,5582.13,5.598,0.0291,0.5201,18,36,,45,True
2555,DISARONNO INTERNATIONAL LLC,8536,2024-01-19,2024-02-05,2024-03-18,2024-02,1300,12481.54,68.65,12550.19,9.6012,0.0528,0.55,17,42,,12,True
7255,PSP WINES,8541,2024-01-19,2024-02-05,2024-03-06,2024-02,416,3247.06,17.21,3264.27,7.8054,0.0414,0.53,17,30,,32,True
28776,TALL SHIP DISTILLERY LLC,8545,2024-01-19,2024-02-05,2024-03-08,2024-02,1,22.21,0.12,22.33,22.21,0.12,0.5403,17,32,,4,True
90053,INCREDIBREW INC,8552,2024-01-20,2024-02-05,2024-03-20,2024-02,12,103.92,0.48,104.4,8.66,0.04,0.4619,16,44,,4,True
6213,MHW LTD,8555,2024-01-20,2024-02-05,2024-03-12,2024-02,3144,36051.9,187.47,36239.37,11.4669,0.0596,0.52,16,36,,96,True
8112,MOET HENNESSY USA INC,8506,2024-01-17,2024-02-06,2024-03-10,2024-02,12437,244562.09,1198.35,245760.44,19.6641,0.0964,0.49,20,33,,129,True
17035,PERNOD RICARD USA,8507,2024-01-17,2024-02-06,2024-03-09,2024-02,19883,280480.61,1542.64,282023.25,14.1066,0.0776,0.55,20,32,Frank Delahunt,277,True
90057,WALPOLE MTN VIEW WINERY,8515,2024-01-17,2024-02-06,2024-03-07,2024-02,34,409.3,1.96,411.26,12.0382,0.0576,0.4789,20,30,,3,True
1128,BROWN-FORMAN CORP,8517,2024-01-18,2024-02-06,2024-03-15,2024-02,23217,335055.84,1708.78,336764.62,14.4315,0.0736,0.51,19,38,Frank Delahunt,142,True
3924,HEAVEN HILL DISTILLERIES,8525,2024-01-18,2024-02-06,2024-03-12,2024-02,3828,35863.26,175.73,36038.99,9.3687,0.0459,0.49,19,35,,69,True
90032,LABELLE VYDS AND WINERY,8526,2024-01-18,2024-02-06,2024-03-12,2024-02,224,2405.58,12.99,2418.57,10.7392,0.058,0.54,19,35,,10,True
8920,TAKARA SAKE USA INC,8531,2024-01-18,2024-02-06,2024-03-10,2024-02,186,834.66,4.34,839.0,4.4874,0.0233,0.52,19,33,,3,True
90046,CANDIA VINEYARDS,8535,2024-01-19,2024-02-06,2024-03-15,2024-02,48,634.5,3.49,637.99,13.2188,0.0727,0.55,18,38,,5,True
7239,REMY COINTREAU USA INC,8542,2024-01-19,2024-02-06,2024-03-04,2024-02,1561,33810.77,185.96,33996.73,21.6597,0.1191,0.55,18,27,,45,True
4380,CHARLES JACQUIN ET CIE INC,8549,2024-01-20,2024-02-06,2024-03-15,2024-02,921,7765.25,39.6,7804.85,8.4313,0.043,0.51,17,38,,15,True
516,BANFI PRODUCTS CORP,8570,2024-01-21,2024-02-06,2024-03-20,2024-02,5023,35384.6,162.77,35547.37,7.0445,0.0324,0.46,16,43,,149,True
1003,BRONCO WINE COMPANY,8572,2024-01-21,2024-02-06,2024-03-04,2024-02,6,35.7,0.17,35.87,5.95,0.0283,0.4762,16,27,,8,True
1590,DIAGEO CHATEAU ESTATE WINES,8574,2024-01-21,2024-02-06,2024-03-16,2024-02,2435,17118.62,90.73,17209.35,7.0302,0.0373,0.53,16,39,,117,True
90058,ZORVINO VINEYARDS,8603,2024-01-22,2024-02-06,2024-03-13,2024-02,122,1032.4,5.06,1037.46,8.4623,0.0415,0.4901,15,36,,6,True
3664,WILLIAM GRANT & SONS INC,8516,2024-01-17,2024-02-07,2024-03-18,2024-02,5376,114038.74,604.41,114643.15,21.2126,0.1124,0.53,21,40,,85,True
2876,CENTEUR IMPORTS LLC,8521,2024-01-18,2024-02-07,2024-03-14,2024-02,34,244.69,1.25,245.94,7.1968,0.0368,0.5109,20,36,,11,True
2396,BLACK PRINCE DISTILLERY INC,8533,2024-01-19,2024-02-07,2024-03-10,2024-02,48,419.64,1.93,421.57,8.7425,0.0402,0.4599,19,32,,10,True
3252,E & J GALLO WINERY,8537,2024-01-19,2024-02-07,2024-03-08,2024-02,30013,205882.81,1132.36,207015.17,6.8598,0.0377,0.55,19,30,,527,True
90052,HAUNTING WHISPER VYDS,8538,2024-01-19,2024-02-07,2024-03-13,2024-02,1,8.27,0.04,8.31,8.27,0.04,0.4837,19,35,,2,True
28750,SMOKY QUARTZ DISTILLERY LLC,8543,2024-01-19,2024-02-07,2024-03-17,2024-02,9,187.37,0.9,188.27,20.8189,0.1,0.4803,19,39,,4,True
7153,PINE STATE TRADING CO,8558,2024-01-20,2024-02-07,2024-03-07,2024-02,11032,80596.41,435.22,81031.63,7.3057,0.0395,0.54,18,29,,480,True
90027,POVERTY LANE ORCHARDS,8559,2024-01-20,2024-02-07,2024-03-03,2024-02,177,1330.65,6.52,1337.17,7.5178,0.0368,0.49,18,25,,8,True
90011,FORTUNE WINE BROKERS LLC,8576,2024-01-21,2024-02-07,2024-03-16,2024-02,125,1092.69,5.14,1097.83,8.7415,0.0411,0.4704,17,38,,62,True
17032,JEWELL TOWNE VINEYARDS,8577,2024-01-21,2024-02-07,2024-03-18,2024-02,193,1664.43,9.15,1673.58,8.624,0.0474,0.5497,17,40,,7,True
1650,Circa Wines,8590,2024-01-22,2024-02-07,2024-03-10,2024-02,104,1229.98,6.27,1236.25,11.8267,0.0603,0.5098,16,32,,74,True
6355,NICHE W & S,8593,2024-01-22,2024-02-07,2024-03-10,2024-02,126,839.44,4.28,843.72,6.6622,0.034,0.5099,16,32,,8,True
10754,PERFECTA WINES,8594,2024-01-22,2024-02-07,2024-03-16,2024-02,12895,126698.89,646.16,127345.05,9.8254,0.0501,0.51,16,38,,897,True
9819,TREASURY WINE ESTATES,8600,2024-01-22,2024-02-07,2024-03-10,2024-02,15535,91556.42,421.16,91977.58,5.8936,0.0271,0.46,16,32,,111,True
2496,DUGGANS DISTILLED PRODUCTS,8499,2024-01-17,2024-02-08,2024-03-20,2024-02,119,2042.23,9.39,2051.62,17.1616,0.0789,0.4598,22,41,,5,True
17031,FLAG HILL WINERY & VINEYARD,8500,2024-01-17,2024-02-08,2024-03-14,2024-02,348,5255.92,27.86,5283.78,15.1032,0.0801,0.5301,22,35,,19,True
5270,MANGO BOTTLING INC,8539,2024-01-19,2024-02-08,2024-03-14,2024-02,2,15.36,0.07,15.43,7.68,0.035,0.4557,20,35,,6,True
6215,MOONLIGHT MEADERY,8556,2024-01-20,2024-02-08,2024-03-09,2024-02,112,1001.84,5.51,1007.35,8.945,0.0492,0.55,19,30,,7,True
7240,"PREMIUM PORT WINES, INC.",8560,2024-01-20,2024-02-08,2024-03-05,2024-02,122,903.85,4.25,908.1,7.4086,0.0348,0.4702,19,26,,3,True
8673,STE MICHELLE WINE ESTATES,8565,2024-01-20,2024-02-08,2024-03-20,2024-02,11430,71158.98,348.68,71507.66,6.2256,0.0305,0.49,19,41,,144,True
8892,TRINCHERO FAMILY ESTATES,8566,2024-01-20,2024-02-08,2024-03-13,2024-02,6435,40265.09,181.19,40446.28,6.2572,0.0282,0.45,19,34,,153,True
9622,WEIN BAUER INC,8568,2024-01-20,2024-02-08,2024-03-13,2024-02,22,419.76,2.27,422.03,19.08,0.1032,0.5408,19,34,,6,True
4692,KOBRAND CORPORATION,8578,2024-01-21,2024-02-08,2024-03-09,2024-02,2689,28016.41,126.07,28142.48,10.4189,0.0469,0.45,18,30,,242,True
17035,PERNOD RICARD USA,8609,2024-01-24,2024-02-08,2024-03-17,2024-02,22766,323620.48,1650.46,325270.94,14.2151,0.0725,0.51,15,38,Frank Delahunt,277,True
9744,FREDERICK WILDMAN & SONS,8625,2024-01-25,2024-02-08,2024-03-23,2024-02,951,10825.34,53.04,10878.38,11.3831,0.0558,0.49,14,44,,149,True
516,BANFI PRODUCTS CORP,8632,2024-01-26,2024-02-08,2024-03-16,2024-02,4266,28959.56,159.28,29118.84,6.7885,0.0373,0.55,13,37,,149,True
2496,DUGGANS DISTILLED PRODUCTS,8634,2024-01-26,2024-02-08,2024-03-11,2024-02,124,2111.9,9.93,2121.83,17.0315,0.0801,0.4702,13,32,,5,True
388,ATLANTIC IMPORTING COMPANY,8675,2024-01-28,2024-02-08,2024-03-13,2024-02,82,1748.24,9.27,1757.51,21.32,0.113,0.5302,11,34,,3,True
1003,BRONCO WINE COMPANY,8677,2024-01-28,2024-02-08,2024-03-25,2024-02,18,109.62,0.52,110.14,6.09,0.0289,0.4744,11,46,,8,True
2242,DELICATO VINEYARDS INC,8678,2024-01-28,2024-02-08,2024-03-25,2024-02,3934,30340.16,148.67,30488.83,7.7123,0.0378,0.49,11,46,,96,True
90051,FULCHINO VINEYARD INC,8501,2024-01-17,2024-02-09,2024-03-09,2024-02,50,546.56,2.46,549.02,10.9312,0.0492,0.4501,23,29,,2,True
12331,STELLAR IMPORTING CO LLC,8510,2024-01-17,2024-02-09,2024-03-05,2024-02,26,242.76,1.09,243.85,9.3369,0.0419,0.449,23,25,,19,True
17037,Dunn Wine Brokers,8524,2024-01-18,2024-02-09,2024-03-11,2024-02,1220,14108.43,70.54,14178.97,11.5643,0.0578,0.5,22,31,,35,True
4425,MARTIGNETTI COMPANIES,8529,2024-01-18,2024-02-09,2024-03-05,2024-02,38833,447992.41,2463.96,450456.37,11.5364,0.0635,0.55,22,25,Frank Delahunt,1639,True
172662,SWEETWATER FARM,8544,2024-01-19,2024-02-09,2024-03-05,2024-02,6,116.4,0.62,117.02,19.4,0.1033,0.5326,21,25,,5,True
6359,OLE SMOKY DISTILLERY LLC,8581,2024-01-21,2024-02-09,2024-03-18,2024-02,153,2196.54,11.42,2207.96,14.3565,0.0746,0.5199,19,38,,18,True
6785,PALM BAY INTERNATIONAL INC,8582,2024-01-21,2024-02-09,2024-03-18,2024-02,4824,32656.36,173.08,32829.44,6.7696,0.0359,0.53,19,38,,174,True
7245,PROXIMO SPIRITS INC.,8595,2024-01-22,2024-02-09,2024-03-13,2024-02,10260,115110.5,587.06,115697.56,11.2193,0.0572,0.51,18,33,,114,True
90056,SWEET BABY VINEYARD,8599,2024-01-22,2024-02-09,2024-03-19,2024-02,636,5401.59,25.93,5427.52,8.4931,0.0408,0.48,18,39,,4,True
4466,AMERICAN VINTAGE BEVERAGE,8604,2024-01-24,2024-02-09,2024-03-15,2024-02,347,3261.37,17.61,3278.98,9.3988,0.0507,0.54,16,35,,3,True
3960,DIAGEO NORTH AMERICA INC,8622,2024-01-25,2024-02-09,2024-03-13,2024-02,89086,707946.21,3752.11,711698.32,7.9468,0.0421,0.53,15,33,Frank Delahunt,449,True
90032,LABELLE VYDS AND WINERY,8637,2024-01-26,2024-02-09,2024-03-10,2024-02,464,5009.86,25.05,5034.91,10.7971,0.054,0.5,14,30,,10,True
10050,Russian Standard Vodka,8644,2024-01-26,2024-02-09,2024-03-27,2024-02,2,29.84,0.16,30.0,14.92,0.08,0.5362,14,47,,13,True
1650,Circa Wines,8653,2024-01-27,2024-02-09,2024-03-17,2024-02,162,5380.02,27.44,5407.46,33.21,0.1694,0.51,13,37,,74,True
90053,INCREDIBREW INC,8658,2024-01-27,2024-02-09,2024-03-23,2024-02,48,423.36,2.2,425.56,8.82,0.0458,0.5197,13,43,,4,True
173357,TAMWORTH DISTILLING,8670,2024-01-27,2024-02-09,2024-03-27,2024-02,38,736.06,3.39,739.45,19.37,0.0892,0.4606,13,47,,4,True
1587,VINEYARD BRANDS INC,8673,2024-01-27,2024-02-09,2024-03-11,2024-02,2003,13773.49,67.49,13840.98,6.8764,0.0337,0.49,13,31,,87,True
98450,Serralles Usa LLC,8685,2024-01-28,2024-02-09,2024-03-15,2024-02,258,3566.61,16.76,3583.37,13.8241,0.065,0.4699,12,35,,16,True
4425,MARTIGNETTI COMPANIES,8697,2024-01-29,2024-02-09,2024-03-26,2024-02,147,1333.24,6.27,1339.51,9.0697,0.0427,0.4703,11,46,,1639,True
8004,SAZERAC CO INC,8611,2024-01-24,2024-02-10,2024-03-18,2024-02,20718,157800.62,820.56,158621.18,7.6166,0.0396,0.52,17,37,,138,True
1189,BULLY BOY DISTILLERS,8619,2024-01-25,2024-02-10,2024-03-17,2024-02,12,264.6,1.3,265.9,22.05,0.1083,0.4913,16,36,,6,True
11567,CAMPARI AMERICA,8633,2024-01-26,2024-02-10,2024-03-15,2024-02,7672,41217.6,226.7,41444.3,5.3725,0.0295,0.55,15,34,,74,True
17037,Dunn Wine Brokers,8635,2024-01-26,2024-02-10,2024-03-11,2024-02,306,3887.14,18.27,3905.41,12.7031,0.0597,0.47,15,30,,35,True
4848,LAIRD & CO,8638,2024-01-26,2024-02-10,2024-03-21,2024-02,289,2242.58,11.66,2254.24,7.7598,0.0403,0.5199,15,40,,16,True
8352,LUXCO INC,8639,2024-01-26,2024-02-10,2024-03-25,2024-02,5016,31641.97,167.7,31809.67,6.3082,0.0334,0.53,15,44,,69,True
8112,MOET HENNESSY USA INC,8661,2024-01-27,2024-02-10,2024-03-19,2024-02,8259,185662.49,1002.58,186665.07,22.48,0.1214,0.54,14,38,,129,True
6785,PALM BAY INTERNATIONAL INC,8662,2024-01-27,2024-02-10,2024-03-21,2024-02,5277,34440.23,182.53,34622.76,6.5265,0.0346,0.53,14,40,,174,True
2000,SOUTHERN WINE & SPIRITS NE,8668,2024-01-27,2024-02-10,2024-03-17,2024-02,14808,134148.67,670.74,134819.41,9.0592,0.0453,0.5,14,36,,417,True
1265,BLACK ROCK SPIRITS LLC,8676,2024-01-28,2024-02-10,2024-03-27,2024-02,6,84.3,0.44,84.74,14.05,0.0733,0.5219,13,46,,1,True
2561,EDRINGTON AMERICAS,8679,2024-01-28,2024-02-10,2024-03-23,2024-02,920,28830.68,129.74,28960.42,31.3377,0.141,0.45,13,42,,33,True
90011,FORTUNE WINE BROKERS LLC,8681,2024-01-28,2024-02-10,2024-03-15,2024-02,155,1455.72,6.99,1462.71,9.3917,0.0451,0.4802,13,34,,62,True
1590,DIAGEO CHATEAU ESTATE WINES,8692,2024-01-29,2024-02-10,2024-03-11,2024-02,1818,12076.88,54.35,12131.23,6.6429,0.0299,0.45,12,30,,117,True
4950,LATITUDE BEVERAGE COMPANY,8694,2024-01-29,2024-02-10,2024-03-20,2024-02,1227,7007.13,37.14,7044.27,5.7108,0.0303,0.53,12,39,,45,True
7154,PREMIER DISTRIBUTORS,8701,2024-01-29,2024-02-10,2024-03-13,2024-02,136,1886.45,9.62,1896.07,13.871,0.0707,0.51,12,32,,7,True
2396,BLACK PRINCE DISTILLERY INC,8605,2024-01-24,2024-02-11,2024-03-12,2024-02,46,399.22,2.12,401.34,8.6787,0.0461,0.531,18,30,,10,True
7239,REMY COINTREAU USA INC,8610,2024-01-24,2024-02-11,2024-03-19,2024-02,1425,31427.32,157.14,31584.46,22.0543,0.1103,0.5,18,37,,45,True
28776,TALL SHIP DISTILLERY LLC,8613,2024-01-24,2024-02-11,2024-03-18,2024-02,42,898.02,4.22,902.24,21.3814,0.1005,0.4699,18,36,,4,True
90058,ZORVINO VINEYARDS,8617,2024-01-24,2024-02-11,2024-03-10,2024-02,393,3209.33,15.4,3224.73,8.1662,0.0392,0.4799,18,28,,6,True
90046,CANDIA VINEYARDS,8620,2024-01-25,2024-02-11,2024-03-10,2024-02,144,1981.68,10.3,1991.98,13.7617,0.0715,0.5198,17,28,,5,True
90052,HAUNTING WHISPER VYDS,8636,2024-01-26,2024-02-11,2024-03-13,2024-02,24,193.32,0.95,194.27,8.055,0.0396,0.4914,16,31,,2,True
6213,MHW LTD,8640,2024-01-26,2024-02-11,2024-03-15,2024-02,3325,33218.28,152.8,33371.08,9.9905,0.046,0.46,16,33,,96,True
7255,PSP WINES,8643,2024-01-26,2024-02-11,2024-03-24,2024-02,276,2418.6,12.09,2430.69,8.763,0.0438,0.4999,16,42,,32,True
8892,TRINCHERO FAMILY ESTATES,8648,2024-01-26,2024-02-11,2024-03-11,2024-02,6040,38034.39,174.96,38209.35,6.2971,0.029,0.46,16,29,,153,True
7153,PINE STATE TRADING CO,8663,2024-01-27,2024-02-11,2024-03-25,2024-02,10695,64014.54,313.67,64328.21,5.9855,0.0293,0.49,15,43,,480,True
660,SAZERAC NORTH AMERICA INC.,8665,2024-01-27,2024-02-11,2024-03-13,2024-02,8992,64943.86,331.21,65275.07,7.2224,0.0368,0.51,15,31,,84,True
90010,VINEXTRA INC,8672,2024-01-27,2024-02-11,2024-03-19,2024-02,167,1686.02,8.94,1694.96,10.0959,0.0535,0.5302,15,37,,47,True
8920,TAKARA SAKE USA INC,8687,2024-01-28,2024-02-11,2024-03-21,2024-02,134,756.66,3.78,760.44,5.6467,0.0282,0.4996,14,39,,3,True
6215,MOONLIGHT MEADERY,8699,2024-01-29,2024-02-11,2024-03-20,2024-02,180,1602.48,7.85,1610.33,8.9027,0.0436,0.4899,13,38,,7,True
90047,CRUSH WINES,8607,2024-01-24,2024-02-12,2024-03-11,2024-02,378,4769.38,24.8,4794.18,12.6174,0.0656,0.52,19,28,,165,True
4380,CHARLES JACQUIN ET CIE INC,8621,2024-01-25,2024-02-12,2024-03-16,2024-02,1393,14404.51,79.22,14483.73,10.3406,0.0569,0.55,18,33,,15,True
2555,DISARONNO INTERNATIONAL LLC,8623,2024-01-25,2024-02-12,2024-03-22,2024-02,1480,16830.31,85.83,16916.14,11.3718,0.058,0.51,18,39,,12,True
9552,M S WALKER INC,8626,2024-01-25,2024-02-12,2024-03-19,2024-02,22558,175471.77,894.91,176366.68,7.7787,0.0397,0.51,18,36,,960,True
12331,STELLAR IMPORTING CO LLC,8646,2024-01-26,2024-02-12,2024-03-21,2024-02,36,314.16,1.73,315.89,8.7267,0.0481,0.5507,17,38,,19,True
3950,"HOOD RIVER DISTILLERS, Inc.",8657,2024-01-27,2024-02-12,2024-03-17,2024-02,18,388.44,1.75,390.19,21.58,0.0972,0.4505,16,34,,7,True
8735,SURVILLE ENTERPRISES CORP,8669,2024-01-27,2024-02-12,2024-03-24,2024-02,197,1687.35,7.76,1695.11,8.5652,0.0394,0.4599,16,41,,22,True
9260,TY KU LLC,8671,2024-01-27,2024-02-12,2024-03-16,2024-02,66,612.54,2.94,615.48,9.2809,0.0445,0.48,16,33,,7,True
90024,VINILANDIA USA,8674,2024-01-27,2024-02-12,2024-03-27,2024-02,917,8114.22,36.51,8150.73,8.8487,0.0398,0.45,16,44,,206,True
1273,CALEDONIA SPIRITS INC,8606,2024-01-24,2024-02-13,2024-03-16,2024-02,50,1494.7,8.07,1502.77,29.894,0.1614,0.5399,20,32,,5,True
4550,KLIN SPIRITS LLC,8608,2024-01-24,2024-02-13,2024-03-16,2024-02,107,1505.49,7.23,1512.72,14.07,0.0676,0.4802,20,32,,4,True
653,STATE WINE & SPIRITS,8629,2024-01-25,2024-02-13,2024-03-17,2024-02,3035,28290.47,127.31,28417.78,9.3214,0.0419,0.45,19,33,,258,True
6355,NICHE W & S,8641,2024-01-26,2024-02-13,2024-03-11,2024-02,254,1215.04,5.47,1220.51,4.7836,0.0215,0.4502,18,27,,8,True
7240,"PREMIUM PORT WINES, INC.",8642,2024-01-26,2024-02-13,2024-03-10,2024-02,148,1110.35,5.77,1116.12,7.5024,0.039,0.5197,18,26,,3,True
9751,VINEDREA WINES LLC,8649,2024-01-26,2024-02-13,2024-03-26,2024-02,6,136.32,0.72,137.04,22.72,0.12,0.5282,18,42,,1,True
3924,HEAVEN HILL DISTILLERIES,8682,2024-01-28,2024-02-13,2024-03-21,2024-02,4835,45733.75,228.67,45962.42,9.4589,0.0473,0.5,16,37,,69,True
9165,ULTRA BEVERAGE COMPANY LLP,8688,2024-01-28,2024-02-13,2024-03-21,2024-02,18540,224163.93,1232.9,225396.83,12.0908,0.0665,0.55,16,37,,965,True
1392,CONSTELLATION BRANDS INC,8691,2024-01-29,2024-02-13,2024-03-16,2024-02,32095,216806.35,1062.35,217868.7,6.7551,0.0331,0.49,15,32,,481,True
5455,MARSALLE COMPANY,8695,2024-01-29,2024-02-13,2024-03-16,2024-02,34,1029.13,5.45,1034.58,30.2685,0.1603,0.5296,15,32,,10,True
90037,THE PIERPONT GROUP LLC,8615,2024-01-24,2024-02-14,2024-03-19,2024-02,19,271.54,1.22,272.76,14.2916,0.0642,0.4493,21,34,,13,True
6359,OLE SMOKY DISTILLERY LLC,8627,2024-01-25,2024-02-14,2024-03-13,2024-02,423,6079.83,27.36,6107.19,14.3731,0.0647,0.45,20,28,,18,True
8664,"STOLI GROUP,(USA) LLC",8630,2024-01-25,2024-02-14,2024-03-21,2024-02,3257,52596.7,273.5,52870.2,16.1488,0.084,0.52,20,36,,48,True
9815,WINE GROUP INC,8651,2024-01-26,2024-02-14,2024-03-15,2024-02,17267,100778.73,493.82,101272.55,5.8365,0.0286,0.49,19,30,,215,True
2876,CENTEUR IMPORTS LLC,8652,2024-01-27,2024-02-14,2024-03-14,2024-02,60,530.88,2.76,533.64,8.848,0.046,0.5199,18,29,,11,True
12546,JIM BEAM BRANDS COMPANY,8659,2024-01-27,2024-02-14,2024-03-19,2024-02,55209,470641.25,2447.33,473088.58,8.5247,0.0443,0.52,18,34,Frank Delahunt,415,True
7245,PROXIMO SPIRITS INC.,8664,2024-01-27,2024-02-14,2024-03-10,2024-02,11438,110819.76,587.34,111407.1,9.6887,0.0513,0.53,18,25,,114,True
90027,POVERTY LANE ORCHARDS,8684,2024-01-28,2024-02-14,2024-03-15,2024-02,225,1752.73,8.76,1761.49,7.7899,0.0389,0.4998,17,30,,8,True
90056,SWEET BABY VINEYARD,8686,2024-01-28,2024-02-14,2024-03-10,2024-02,203,1705.23,8.53,1713.76,8.4001,0.042,0.5002,17,25,,4,True
4425,MARTIGNETTI COMPANIES,8696,2024-01-29,2024-02-14,2024-03-25,2024-02,36056,421757.88,2235.32,423993.2,11.6973,0.062,0.53,16,40,Frank Delahunt,1639,True
9622,WEIN BAUER INC,8703,2024-01-29,2024-02-14,2024-03-19,2024-02,50,954.0,5.25,959.25,19.08,0.105,0.5503,16,34,,6,True
9625,WESTERN SPIRITS BEVERAGE CO,8616,2024-01-24,2024-02-15,2024-03-24,2024-02,431,5887.48,30.03,5917.51,13.66,0.0697,0.5101,22,38,,26,True
3252,E & J GALLO WINERY,8624,2024-01-25,2024-02-15,2024-03-25,2024-02,28907,198720.32,993.6,199713.92,6.8745,0.0344,0.5,21,39,,527,True
8150,SEA HAGG DISTILLERY LLC,8645,2024-01-26,2024-02-15,2024-03-10,2024-02,88,1485.18,8.17,1493.35,16.877,0.0928,0.5501,20,24,,9,True
3664,WILLIAM GRANT & SONS INC,8650,2024-01-26,2024-02-15,2024-03-20,2024-02,4496,88936.17,462.47,89398.64,19.7812,0.1029,0.52,20,34,,85,True
1655,FABRIZIA SPIRITS LLC,8655,2024-01-27,2024-02-15,2024-03-26,2024-02,268,2746.82,13.73,2760.55,10.2493,0.0512,0.4999,19,40,,8,True
3089,SIDNEY FRANK IMPORTING CO,8667,2024-01-27,2024-02-15,2024-03-15,2024-02,4638,32527.28,159.38,32686.66,7.0132,0.0344,0.49,19,29,,13,True
17031,FLAG HILL WINERY & VINEYARD,8680,2024-01-28,2024-02-15,2024-03-27,2024-02,372,5413.39,24.36,5437.75,14.5521,0.0655,0.45,18,41,,19,True
1128,BROWN-FORMAN CORP,8689,2024-01-29,2024-02-15,2024-03-24,2024-02,18863,250689.87,1328.66,252018.53,13.29,0.0704,0.53,17,38,Frank Delahunt,142,True
4692,KOBRAND CORPORATION,8693,2024-01-29,2024-02-15,2024-03-16,2024-02,2702,29096.67,139.66,29236.33,10.7686,0.0517,0.48,17,30,,242,True
3252,E & J GALLO WINERY,8722,2024-02-01,2024-02-15,2024-03-26,2024-02,23425,163511.77,866.61,164378.38,6.9802,0.037,0.53,14,40,,527,True
7240,"PREMIUM PORT WINES, INC.",8750,2024-02-02,2024-02-15,2024-03-19,2024-02,182,1341.19,6.04,1347.23,7.3692,0.0332,0.4503,13,33,,3,True
8673,STE MICHELLE WINE ESTATES,8752,2024-02-02,2024-02-15,2024-03-29,2024-02,4804,35366.89,173.3,35540.19,7.362,0.0361,0.49,13,43,,144,True
90010,VINEXTRA INC,8759,2024-02-02,2024-02-15,2024-03-18,2024-02,147,1092.12,4.91,1097.03,7.4294,0.0334,0.4496,13,32,,47,True
1650,Circa Wines,8762,2024-02-03,2024-02-15,2024-03-17,2024-02,21,177.39,0.82,178.21,8.4471,0.039,0.4623,12,31,,74,True
10000,MAJESTIC FINE WINES,8765,2024-02-03,2024-02-15,2024-03-27,2024-02,2761,25849.39,139.59,25988.98,9.3623,0.0506,0.54,12,41,,40,True
5270,MANGO BOTTLING INC,8766,2024-02-03,2024-02-15,2024-03-23,2024-02,14,90.58,0.45,91.03,6.47,0.0321,0.4968,12,37,,6,True
90032,LABELLE VYDS AND WINERY,8785,2024-02-04,2024-02-15,2024-04-01,2024-02,287,3125.11,16.25,3141.36,10.8889,0.0566,0.52,11,46,,10,True
9622,WEIN BAUER INC,8792,2024-02-04,2024-02-15,2024-03-18,2024-02,12,141.9,0.67,142.57,11.825,0.0558,0.4722,11,32,,6,True
4425,MARTIGNETTI COMPANIES,8801,2024-02-05,2024-02-15,2024-04-03,2024-02,106,1217.51,6.7,1224.21,11.4859,0.0632,0.5503,10,48,,1639,True
8673,STE MICHELLE WINE ESTATES,8612,2024-01-24,2024-02-16,2024-03-23,2024-02,6343,43804.0,232.16,44036.16,6.9059,0.0366,0.53,23,36,,144,True
90017,THE IMPORTED GRAPE LLC,8614,2024-01-24,2024-02-16,2024-03-18,2024-02,68,662.77,3.45,666.22,9.7466,0.0507,0.5205,23,31,,40,True
480,BACARDI USA INC,8618,2024-01-25,2024-02-16,2024-03-17,2024-02,19253,227503.57,1205.77,228709.34,11.8165,0.0626,0.53,22,30,,184,True
10754,PERFECTA WINES,8628,2024-01-25,2024-02-16,2024-03-16,2024-02,7874,78670.16,377.62,79047.78,9.9911,0.048,0.48,22,29,,897,True
1601,VRANKEN AMERICA,8631,2024-01-25,2024-02-16,2024-03-25,2024-02,47,912.92,4.29,917.21,19.4238,0.0913,0.4699,22,38,,21,True
9819,TREASURY WINE ESTATES,8647,2024-01-26,2024-02-16,2024-03-10,2024-02,8233,48241.17,236.38,48477.55,5.8595,0.0287,0.49,21,23,,111,True
2450,DJINN SPIRITS LLC,8654,2024-01-27,2024-02-16,2024-03-14,2024-02,47,929.51,5.11,934.62,19.7768,0.1087,0.5498,20,27,,6,True
3951,HIGHLAND WINE MERCHANTS LLC,8656,2024-01-27,2024-02-16,2024-03-25,2024-02,12,156.12,0.83,156.95,13.01,0.0692,0.5316,20,38,,11,True
10000,MAJESTIC FINE WINES,8660,2024-01-27,2024-02-16,2024-03-26,2024-02,3787,32707.18,179.89,32887.07,8.6367,0.0475,0.55,20,39,,40,True
8320,SHAW ROSS INT L IMP LTD,8666,2024-01-27,2024-02-16,2024-03-21,2024-02,1105,9357.95,48.66,9406.61,8.4687,0.044,0.52,20,34,,38,True
17032,JEWELL TOWNE VINEYARDS,8683,2024-01-28,2024-02-16,2024-03-24,2024-02,84,651.48,3.06,654.54,7.7557,0.0364,0.4697,19,37,,7,True
1485,CASTLE BRANDS CORP.,8690,2024-01-29,2024-02-16,2024-03-24,2024-02,1826,29418.76,144.15,29562.91,16.111,0.0789,0.49,18,37,,29,True
5992,MCCORMICK DISTILLING CO,8698,2024-01-29,2024-02-16,2024-03-14,2024-02,410,4170.92,21.69,4192.61,10.173,0.0529,0.52,18,27,,35,True
9206,PHILLIPS PRODUCTS CO.,8700,2024-01-29,2024-02-16,2024-03-12,2024-02,1148,6430.47,29.58,6460.05,5.6015,0.0258,0.46,18,25,,33,True
17033,SEA BREEZE CELLARS LLC,8702,2024-01-29,2024-02-16,2024-03-16,2024-02,131,2677.14,13.65,2690.79,20.4362,0.1042,0.5099,18,29,,16,True
2450,DJINN SPIRITS LLC,8707,2024-01-31,2024-02-16,2024-03-21,2024-02,78,1559.76,7.17,1566.93,19.9969,0.0919,0.4597,16,34,,6,True
8352,LUXCO INC,8711,2024-01-31,2024-02-16,2024-03-28,2024-02,4470,29572.79,153.78,29726.57,6.6158,0.0344,0.52,16,41,,69,True
8664,"STOLI GROUP,(USA) LLC",8715,2024-01-31,2024-02-16,2024-03-31,2024-02,3989,57699.69,265.42,57965.11,14.4647,0.0665,0.46,16,44,,48,True
17033,SEA BREEZE CELLARS LLC,8733,2024-02-01,2024-02-16,2024-03-22,2024-02,44,1134.56,5.22,1139.78,25.7855,0.1186,0.4601,15,35,,16,True
3089,SIDNEY FRANK IMPORTING CO,8734,2024-02-01,2024-02-16,2024-03-29,2024-02,2789,23957.73,110.21,24067.94,8.5901,0.0395,0.46,15,42,,13,True
90056,SWEET BABY VINEYARD,8737,2024-02-01,2024-02-16,2024-03-19,2024-02,206,1707.32,9.39,1716.71,8.288,0.0456,0.55,15,32,,4,True
4848,LAIRD & CO,8747,2024-02-02,2024-02-16,2024-04-03,2024-02,182,976.6,5.27,981.87,5.3659,0.029,0.5396,14,47,,16,True
90058,ZORVINO VINEYARDS,8777,2024-02-03,2024-02-16,2024-03-18,2024-02,312,2525.53,11.36,2536.89,8.0946,0.0364,0.4498,13,31,,6,True
98450,Serralles Usa LLC,8789,2024-02-04,2024-02-16,2024-03-25,2024-02,171,2456.0,13.02,2469.02,14.3626,0.0761,0.5301,12,38,,16,True
6213,MHW LTD,8802,2024-02-05,2024-02-16,2024-03-21,2024-02,13456,29636.63,151.15,29787.78,2.2025,0.0112,0.51,11,34,,96,True
2561,EDRINGTON AMERICAS,8708,2024-01-31,2024-02-17,2024-03-22,2024-02,757,23895.63,107.53,24003.16,31.5662,0.142,0.45,17,34,,33,True
3924,HEAVEN HILL DISTILLERIES,8710,2024-01-31,2024-02-17,2024-03-25,2024-02,4536,40395.94,210.06,40606.0,8.9056,0.0463,0.52,17,37,,69,True
3960,DIAGEO NORTH AMERICA INC,8721,2024-02-01,2024-02-17,2024-03-20,2024-02,79259,596868.71,2805.28,599673.99,7.5306,0.0354,0.47,16,32,Frank Delahunt,449,True
4425,MARTIGNETTI COMPANIES,8726,2024-02-01,2024-02-17,2024-03-24,2024-02,30787,337443.53,1720.96,339164.49,10.9606,0.0559,0.51,16,36,Frank Delahunt,1639,True
6785,PALM BAY INTERNATIONAL INC,8728,2024-02-01,2024-02-17,2024-03-22,2024-02,4164,28262.94,152.62,28415.56,6.7874,0.0367,0.54,16,34,,174,True
8004,SAZERAC CO INC,8732,2024-02-01,2024-02-17,2024-03-20,2024-02,21941,161652.8,840.59,162493.39,7.3676,0.0383,0.52,16,32,,138,True
9165,ULTRA BEVERAGE COMPANY LLP,8739,2024-02-01,2024-02-17,2024-03-23,2024-02,14392,172532.77,897.17,173429.94,11.9881,0.0623,0.52,16,35,,965,True
90011,FORTUNE WINE BROKERS LLC,8746,2024-02-02,2024-02-17,2024-03-20,2024-02,97,878.26,4.04,882.3,9.0542,0.0416,0.46,15,32,,62,True
8920,TAKARA SAKE USA INC,8755,2024-02-02,2024-02-17,2024-03-17,2024-02,236,1045.08,5.75,1050.83,4.4283,0.0244,0.5502,15,29,,3,True
9751,VINEDREA WINES LLC,8758,2024-02-02,2024-02-17,2024-04-01,2024-02,11,249.92,1.12,251.04,22.72,0.1018,0.4481,15,44,,1,True
6215,MOONLIGHT MEADERY,8767,2024-02-03,2024-02-17,2024-03-17,2024-02,63,571.5,2.8,574.3,9.0714,0.0444,0.4899,14,29,,7,True
8892,TRINCHERO FAMILY ESTATES,8774,2024-02-03,2024-02-17,2024-03-18,2024-02,4069,26388.9,126.67,26515.57,6.4854,0.0311,0.48,14,30,,153,True
2396,BLACK PRINCE DISTILLERY INC,8778,2024-02-04,2024-02-17,2024-03-24,2024-02,108,1032.24,4.95,1037.19,9.5578,0.0458,0.4795,13,36,,10,True
90027,POVERTY LANE ORCHARDS,8788,2024-02-04,2024-02-17,2024-04-01,2024-02,336,3478.8,19.13,3497.93,10.3536,0.0569,0.5499,13,44,,8,True
4466,AMERICAN VINTAGE BEVERAGE,8793,2024-02-05,2024-02-17,2024-04-02,2024-02,72,675.36,3.17,678.53,9.38,0.044,0.4694,12,45,,3,True
17035,PERNOD RICARD USA,8805,2024-02-05,2024-02-17,2024-03-22,2024-02,20302,271024.21,1273.81,272298.02,13.3496,0.0627,0.47,12,34,Frank Delahunt,277,True
6359,OLE SMOKY DISTILLERY LLC,8713,2024-01-31,2024-02-18,2024-03-28,2024-02,199,2826.79,12.72,2839.51,14.205,0.0639,0.45,18,39,,18,True
7245,PROXIMO SPIRITS INC.,8714,2024-01-31,2024-02-18,2024-03-19,2024-02,9354,109631.51,537.19,110168.7,11.7203,0.0574,0.49,18,30,,114,True
90037,THE PIERPONT GROUP LLC,8738,2024-02-01,2024-02-18,2024-03-31,2024-02,8,115.04,0.54,115.58,14.38,0.0675,0.4694,17,42,,13,True
660,SAZERAC NORTH AMERICA INC.,8751,2024-02-02,2024-02-18,2024-04-01,2024-02,7578,55939.3,262.91,56202.21,7.3818,0.0347,0.47,16,43,,84,True
90017,THE IMPORTED GRAPE LLC,8756,2024-02-02,2024-02-18,2024-03-29,2024-02,61,417.37,2.05,419.42,6.8421,0.0336,0.4912,16,40,,40,True
90046,CANDIA VINEYARDS,8780,2024-02-04,2024-02-18,2024-03-25,2024-02,86,1410.98,7.62,1418.6,16.4067,0.0886,0.5401,14,36,,5,True
9744,FREDERICK WILDMAN & SONS,8783,2024-02-04,2024-02-18,2024-03-29,2024-02,1024,10234.3,51.17,10285.47,9.9944,0.05,0.5,14,40,,149,True
6830,PARK STREET IMPORTS LLC,8804,2024-02-05,2024-02-18,2024-03-23,2024-02,12,86.16,0.44,86.6,7.18,0.0367,0.5107,13,34,,12,True
388,ATLANTIC IMPORTING COMPANY,8704,2024-01-31,2024-02-19,2024-03-20,2024-02,24,511.68,2.4,514.08,21.32,0.1,0.469,19,30,,3,True
17031,FLAG HILL WINERY & VINEYARD,8709,2024-01-31,2024-02-19,2024-03-21,2024-02,259,3111.41,14.62,3126.03,12.0132,0.0564,0.4699,19,31,,19,True
9815,WINE GROUP INC,8718,2024-01-31,2024-02-19,2024-03-27,2024-02,12163,76385.9,412.48,76798.38,6.2802,0.0339,0.54,19,37,,215,True
3951,HIGHLAND WINE MERCHANTS LLC,8723,2024-02-01,2024-02-19,2024-04-01,2024-02,24,404.28,1.86,406.14,16.845,0.0775,0.4601,18,42,,11,True
3950,"HOOD RIVER DISTILLERS, Inc.",8724,2024-02-01,2024-02-19,2024-03-28,2024-02,12,258.96,1.37,260.33,21.58,0.1142,0.529,18,38,,7,True
8112,MOET HENNESSY USA INC,8727,2024-02-01,2024-02-19,2024-04-01,2024-02,5756,124709.7,636.02,125345.72,21.666,0.1105,0.51,18,42,,129,True
2000,SOUTHERN WINE & SPIRITS NE,8735,2024-02-01,2024-02-19,2024-04-01,2024-02,6554,58128.38,319.71,58448.09,8.8691,0.0488,0.55,18,42,,417,True
172662,SWEETWATER FARM,8754,2024-02-02,2024-02-19,2024-03-26,2024-02,10,229.54,1.03,230.57,22.954,0.103,0.4487,17,36,,5,True
4950,LATITUDE BEVERAGE COMPANY,8764,2024-02-03,2024-02-19,2024-03-18,2024-02,650,3774.13,17.74,3791.87,5.8064,0.0273,0.47,16,28,,45,True
8150,SEA HAGG DISTILLERY LLC,8771,2024-02-03,2024-02-19,2024-04-01,2024-02,182,1916.42,10.16,1926.58,10.5298,0.0558,0.5302,16,42,,9,True
1392,CONSTELLATION BRANDS INC,8781,2024-02-04,2024-02-19,2024-03-28,2024-02,25061,164809.59,873.49,165683.08,6.5763,0.0349,0.53,15,38,,481,True
4550,KLIN SPIRITS LLC,8784,2024-02-04,2024-02-19,2024-03-29,2024-02,113,1651.02,8.59,1659.61,14.6108,0.076,0.5203,15,39,,4,True
90052,HAUNTING WHISPER VYDS,8798,2024-02-05,2024-02-19,2024-03-22,2024-02,48,386.64,2.01,388.65,8.055,0.0419,0.5199,14,32,,2,True
12546,JIM BEAM BRANDS COMPANY,8800,2024-02-05,2024-02-19,2024-04-01,2024-02,36221,293274.0,1613.01,294887.01,8.0968,0.0445,0.55,14,42,Frank Delahunt,415,True
516,BANFI PRODUCTS CORP,8705,2024-01-31,2024-02-20,2024-03-26,2024-02,2519,17609.83,82.77,17692.6,6.9908,0.0329,0.47,20,35,,149,True
1485,CASTLE BRANDS CORP.,8706,2024-01-31,2024-02-20,2024-03-20,2024-02,1397,21656.33,103.95,21760.28,15.502,0.0744,0.48,20,29,,29,True
8735,SURVILLE ENTERPRISES CORP,8716,2024-01-31,2024-02-20,2024-03-17,2024-02,53,272.52,1.31,273.83,5.1419,0.0247,0.4807,20,26,,22,True
10754,PERFECTA WINES,8729,2024-02-01,2024-02-20,2024-03-25,2024-02,12148,114985.16,551.93,115537.09,9.4654,0.0454,0.48,19,34,,897,True
9206,PHILLIPS PRODUCTS CO.,8768,2024-02-03,2024-02-20,2024-03-17,2024-02,918,4373.09,21.87,4394.96,4.7637,0.0238,0.5001,17,26,,33,True
8320,SHAW ROSS INT L IMP LTD,8772,2024-02-03,2024-02-20,2024-03-29,2024-02,1175,9654.85,44.41,9699.26,8.2169,0.0378,0.46,17,38,,38,True
173357,TAMWORTH DISTILLING,8773,2024-02-03,2024-02-20,2024-04-03,2024-02,60,1162.2,6.04,1168.24,19.37,0.1007,0.5197,17,43,,4,True
1273,CALEDONIA SPIRITS INC,8779,2024-02-04,2024-02-20,2024-03-21,2024-02,41,1358.29,6.79,1365.08,33.129,0.1656,0.4999,16,30,,5,True
3664,WILLIAM GRANT & SONS INC,8807,2024-02-05,2024-02-20,2024-03-29,2024-02,3205,51189.01,261.06,51450.07,15.9716,0.0815,0.51,15,38,,85,True
11567,CAMPARI AMERICA,8720,2024-02-01,2024-02-21,2024-03-30,2024-02,7237,54481.65,277.86,54759.51,7.5282,0.0384,0.51,20,38,,74,True
17037,Dunn Wine Brokers,8745,2024-02-02,2024-02-21,2024-03-18,2024-02,380,6743.06,35.74,6778.8,17.7449,0.0941,0.53,19,26,,35,True
12331,STELLAR IMPORTING CO LLC,8753,2024-02-02,2024-02-21,2024-03-31,2024-02,33,235.62,1.25,236.87,7.14,0.0379,0.5305,19,39,,19,True
1189,BULLY BOY DISTILLERS,8760,2024-02-03,2024-02-21,2024-03-20,2024-02,16,352.8,1.87,354.67,22.05,0.1169,0.53,18,28,,6,True
2555,DISARONNO INTERNATIONAL LLC,8782,2024-02-04,2024-02-21,2024-03-25,2024-02,1477,15007.72,78.04,15085.76,10.1609,0.0528,0.52,17,33,,12,True
1003,BRONCO WINE COMPANY,8794,2024-02-05,2024-02-21,2024-03-21,2024-02,12,73.92,0.4,74.32,6.16,0.0333,0.5411,16,29,,8,True
2876,CENTEUR IMPORTS LLC,8795,2024-02-05,2024-02-21,2024-03-28,2024-02,22,191.44,0.88,192.32,8.7018,0.04,0.4597,16,36,,11,True
17032,JEWELL TOWNE VINEYARDS,8799,2024-02-05,2024-02-21,2024-04-02,2024-02,84,657.96,3.22,661.18,7.8329,0.0383,0.4894,16,41,,7,True
5612,MILTONS DISTRIBUTING CO,8803,2024-02-05,2024-02-21,2024-03-29,2024-02,12,69.6,0.38,69.98,5.8,0.0317,0.546,16,37,,36,True
7255,PSP WINES,8730,2024-02-01,2024-02-22,2024-03-29,2024-02,279,2213.88,11.07,2224.95,7.9351,0.0397,0.5,21,36,,32,True
10050,Russian Standard Vodka,8731,2024-02-01,2024-02-22,2024-03-27,2024-02,2151,4725.24,23.15,4748.39,2.1968,0.0108,0.4899,21,34,,13,True
8663,STAR INDUSTRIES INC.,8736,2024-02-01,2024-02-22,2024-03-28,2024-02,24,393.84,1.97,395.81,16.41,0.0821,0.5002,21,35,,6,True
1587,VINEYARD BRANDS INC,8740,2024-02-01,2024-02-22,2024-03-22,2024-02,1482,10043.38,45.2,10088.58,6.7769,0.0305,0.45,21,29,,87,True
90047,CRUSH WINES,8743,2024-02-02,2024-02-22,2024-04-03,2024-02,777,8917.99,48.16,8966.15,11.4775,0.062,0.54,20,41,,165,True
7153,PINE STATE TRADING CO,8749,2024-02-02,2024-02-22,2024-03-21,2024-02,5272,34113.93,177.39,34291.32,6.4708,0.0336,0.52,20,28,,480,True
1655,FABRIZIA SPIRITS LLC,8763,2024-02-03,2024-02-22,2024-03-28,2024-02,253,2483.5,12.42,2495.92,9.8162,0.0491,0.5001,19,35,,8,True
7154,PREMIER DISTRIBUTORS,8769,2024-02-03,2024-02-22,2024-03-18,2024-02,41,638.97,3.19,642.16,15.5846,0.0778,0.4992,19,25,,7,True
7239,REMY COINTREAU USA INC,8770,2024-02-03,2024-02-22,2024-03-31,2024-02,1482,40949.15,225.22,41174.37,27.631,0.152,0.55,19,38,,45,True
1601,VRANKEN AMERICA,8776,2024-02-03,2024-02-22,2024-03-25,2024-02,75,997.26,4.99,1002.25,13.2968,0.0665,0.5004,19,32,,21,True
5455,MARSALLE COMPANY,8786,2024-02-04,2024-02-22,2024-03-25,2024-02,168,4354.96,23.52,4378.48,25.9224,0.14,0.5401,18,32,,10,True
6355,NICHE W & S,8787,2024-02-04,2024-02-22,2024-03-29,2024-02,32,472.08,2.22,474.3,14.7525,0.0694,0.4703,18,36,,8,True
653,STATE WINE & SPIRITS,8790,2024-02-04,2024-02-22,2024-03-25,2024-02,2399,28560.52,151.37,28711.89,11.9052,0.0631,0.53,18,32,,258,True
9260,TY KU LLC,8791,2024-02-04,2024-02-22,2024-03-18,2024-02,66,753.54,3.54,757.08,11.4173,0.0536,0.4698,18,25,,7,True
2242,DELICATO VINEYARDS INC,8796,2024-02-05,2024-02-22,2024-03-25,2024-02,2809,22869.11,107.48,22976.59,8.1414,0.0383,0.47,17,32,,96,True
1590,DIAGEO CHATEAU ESTATE WINES,8797,2024-02-05,2024-02-22,2024-03-30,2024-02,2821,22399.94,114.24,22514.18,7.9404,0.0405,0.51,17,37,,117,True
28750,SMOKY QUARTZ DISTILLERY LLC,8806,2024-02-05,2024-02-22,2024-03-17,2024-02,12,248.76,1.24,250.0,20.73,0.1033,0.4985,17,24,,4,True
90027,POVERTY LANE ORCHARDS,8816,2024-02-07,2024-02-22,2024-03-30,2024-02,117,836.73,3.93,840.66,7.1515,0.0336,0.4697,15,37,,8,True
7154,PREMIER DISTRIBUTORS,8817,2024-02-07,2024-02-22,2024-04-08,2024-02,106,1535.7,6.91,1542.61,14.4877,0.0652,0.45,15,46,,7,True
10050,Russian Standard Vodka,8819,2024-02-07,2024-02-22,2024-04-02,2024-02,777,1866.66,8.96,1875.62,2.4024,0.0115,0.48,15,40,,13,True
5992,MCCORMICK DISTILLING CO,8831,2024-02-08,2024-02-22,2024-04-04,2024-02,483,4659.54,25.63,4685.17,9.6471,0.0531,0.5501,14,42,,35,True
105,ALTAMAR BRANDS LLC,8836,2024-02-09,2024-02-22,2024-03-31,2024-02,18,642.78,3.02,645.8,35.71,0.1678,0.4698,13,38,,3,True
1655,FABRIZIA SPIRITS LLC,8845,2024-02-09,2024-02-22,2024-03-27,2024-02,265,2838.08,15.33,2853.41,10.7097,0.0578,0.5402,13,34,,8,True
2,"IRA GOLDMAN AND WILLIAMS, LLP",8848,2024-02-09,2024-02-22,2024-04-10,2024-02,5,119.3,0.61,119.91,23.86,0.122,0.5113,13,48,,2,True
10754,PERFECTA WINES,8851,2024-02-09,2024-02-22,2024-03-28,2024-02,6201,60511.39,278.35,60789.74,9.7583,0.0449,0.46,13,35,,897,True
8150,SEA HAGG DISTILLERY LLC,8868,2024-02-10,2024-02-22,2024-03-25,2024-02,88,1217.2,6.21,1223.41,13.8318,0.0706,0.5102,12,32,,9,True
8673,STE MICHELLE WINE ESTATES,8870,2024-02-10,2024-02-22,2024-04-05,2024-02,5345,38374.51,172.69,38547.2,7.1795,0.0323,0.45,12,43,,144,True
90024,VINILANDIA USA,8875,2024-02-10,2024-02-22,2024-04-07,2024-02,891,8477.51,42.39,8519.9,9.5146,0.0476,0.5,12,45,,206,True
1590,DIAGEO CHATEAU ESTATE WINES,8898,2024-02-12,2024-02-22,2024-03-29,2024-02,2217,17090.76,87.16,17177.92,7.709,0.0393,0.51,10,36,,117,True
12546,JIM BEAM BRANDS COMPANY,8903,2024-02-12,2024-02-22,2024-03-29,2024-02,43499,349034.5,1814.98,350849.48,8.024,0.0417,0.52,10,36,Frank Delahunt,415,True
7749,R.P.IMPORTS INC,8910,2024-02-12,2024-02-22,2024-04-10,2024-02,96,3633.29,17.8,3651.09,37.8468,0.1854,0.4899,10,48,,75,True
9552,M S WALKER INC,8712,2024-01-31,2024-02-23,2024-03-20,2024-02,19400,148860.92,818.74,149679.66,7.6732,0.0422,0.55,23,26,,960,True
28776,TALL SHIP DISTILLERY LLC,8717,2024-01-31,2024-02-23,2024-03-20,2024-02,6,122.58,0.63,123.21,20.43,0.105,0.514,23,26,,4,True
480,BACARDI USA INC,8719,2024-02-01,2024-02-23,2024-03-24,2024-02,15365,163835.98,802.8,164638.78,10.6629,0.0522,0.49,22,30,,184,True
4692,KOBRAND CORPORATION,8725,2024-02-01,2024-02-23,2024-03-17,2024-02,2928,31800.27,159.0,31959.27,10.8607,0.0543,0.5,22,23,,242,True
9625,WESTERN SPIRITS BEVERAGE CO,8741,2024-02-01,2024-02-23,2024-03-25,2024-02,424,6144.93,29.5,6174.43,14.4928,0.0696,0.4801,22,31,,26,True
1128,BROWN-FORMAN CORP,8742,2024-02-02,2024-02-23,2024-03-17,2024-02,11876,165219.61,743.49,165963.1,13.9121,0.0626,0.45,21,23,,142,True
2496,DUGGANS DISTILLED PRODUCTS,8744,2024-02-02,2024-02-23,2024-03-17,2024-02,96,1572.24,7.86,1580.1,16.3775,0.0819,0.4999,21,23,,5,True
5992,MCCORMICK DISTILLING CO,8748,2024-02-02,2024-02-23,2024-04-02,2024-02,481,4591.39,24.79,4616.18,9.5455,0.0515,0.5399,21,39,,35,True
9819,TREASURY WINE ESTATES,8757,2024-02-02,2024-02-23,2024-04-01,2024-02,7176,45925.35,215.85,46141.2,6.3999,0.0301,0.47,21,38,,111,True
4380,CHARLES JACQUIN ET CIE INC,8761,2024-02-03,2024-02-23,2024-03-17,2024-02,833,7874.4,40.95,7915.35,9.4531,0.0492,0.52,20,23,,15,True
90024,VINILANDIA USA,8775,2024-02-03,2024-02-23,2024-03-24,2024-02,692,6950.75,33.36,6984.11,10.0444,0.0482,0.4799,20,30,,206,True
7153,PINE STATE TRADING CO,8815,2024-02-07,2024-02-23,2024-03-29,2024-02,5961,40679.06,211.53,40890.59,6.8242,0.0355,0.52,16,35,,480,True
172662,SWEETWATER FARM,8822,2024-02-07,2024-02-23,2024-03-29,2024-02,3,58.2,0.31,58.51,19.4,0.1033,0.5326,16,35,,5,True
9744,FREDERICK WILDMAN & SONS,8828,2024-02-08,2024-02-23,2024-04-09,2024-02,988,9805.88,49.03,9854.91,9.925,0.0496,0.5,15,46,,149,True
1128,BROWN-FORMAN CORP,8838,2024-02-09,2024-02-23,2024-03-25,2024-02,17574,203550.59,956.69,204507.28,11.5825,0.0544,0.47,14,31,,142,True
90026,SILVER MOUNTAIN CIDERS,8853,2024-02-09,2024-02-23,2024-03-27,2024-02,12,54.48,0.25,54.73,4.54,0.0208,0.4589,14,33,,5,True
2876,CENTEUR IMPORTS LLC,8861,2024-02-10,2024-02-23,2024-04-08,2024-02,3,26.16,0.14,26.3,8.72,0.0467,0.5352,13,45,,11,True
9815,WINE GROUP INC,8876,2024-02-10,2024-02-23,2024-04-05,2024-02,12723,78956.49,394.78,79351.27,6.2058,0.031,0.5,13,42,,215,True
4550,KLIN SPIRITS LLC,8881,2024-02-11,2024-02-23,2024-03-24,2024-02,66,928.62,4.27,932.89,14.07,0.0647,0.4598,12,30,,4,True
8663,STAR INDUSTRIES INC.,8885,2024-02-11,2024-02-23,2024-03-27,2024-02,15,246.15,1.28,247.43,16.41,0.0853,0.52,12,33,,6,True
90010,VINEXTRA INC,8890,2024-02-11,2024-02-23,2024-03-30,2024-02,144,1998.84,10.39,2009.23,13.8808,0.0722,0.5198,12,36,,47,True
1003,BRONCO WINE COMPANY,8894,2024-02-12,2024-02-23,2024-04-10,2024-02,6,36.96,0.19,37.15,6.16,0.0317,0.5141,11,47,,8,True
1392,CONSTELLATION BRANDS INC,8897,2024-02-12,2024-02-23,2024-04-10,2024-02,27441,167405.64,770.07,168175.71,6.1006,0.0281,0.46,11,47,,481,True
90053,INCREDIBREW INC,8901,2024-02-12,2024-02-23,2024-04-02,2024-02,72,637.44,3.44,640.88,8.8533,0.0478,0.5397,11,39,,4,True
4425,MARTIGNETTI COMPANIES,8905,2024-02-12,2024-02-23,2024-04-05,2024-02,178,1975.74,9.09,1984.83,11.0997,0.0511,0.4601,11,42,,1639,True
6215,MOONLIGHT MEADERY,8906,2024-02-12,2024-02-23,2024-03-26,2024-02,94,865.54,4.41,869.95,9.2079,0.0469,0.5095,11,32,,7,True
2555,DISARONNO INTERNATIONAL LLC,8808,2024-02-07,2024-02-24,2024-04-02,2024-02,2477,19943.33,93.73,20037.06,8.0514,0.0378,0.47,17,38,,12,True
660,SAZERAC NORTH AMERICA INC.,8820,2024-02-07,2024-02-24,2024-04-10,2024-02,8135,58145.02,273.28,58418.3,7.1475,0.0336,0.47,17,46,,84,True
4950,LATITUDE BEVERAGE COMPANY,8829,2024-02-08,2024-02-24,2024-03-26,2024-02,596,3445.73,15.51,3461.24,5.7814,0.026,0.4501,16,31,,45,True
7255,PSP WINES,8834,2024-02-08,2024-02-24,2024-03-24,2024-02,213,2166.79,10.4,2177.19,10.1727,0.0488,0.48,16,29,,32,True
4380,CHARLES JACQUIN ET CIE INC,8842,2024-02-09,2024-02-24,2024-04-04,2024-02,570,4974.48,24.87,4999.35,8.7272,0.0436,0.5,15,40,,15,True
5455,MARSALLE COMPANY,8849,2024-02-09,2024-02-24,2024-04-09,2024-02,132,3718.02,17.47,3735.49,28.1668,0.1323,0.4699,15,45,,10,True
3664,WILLIAM GRANT & SONS INC,8859,2024-02-09,2024-02-24,2024-03-31,2024-02,4733,76608.49,398.36,77006.85,16.186,0.0842,0.52,15,36,,85,True
2450,DJINN SPIRITS LLC,8862,2024-02-10,2024-02-24,2024-03-30,2024-02,30,624.72,3.25,627.97,20.824,0.1083,0.5202,14,35,,6,True
17037,Dunn Wine Brokers,8809,2024-02-07,2024-02-25,2024-04-08,2024-02,95,1149.12,5.98,1155.1,12.096,0.0629,0.5204,18,43,,35,True
4692,KOBRAND CORPORATION,8811,2024-02-07,2024-02-25,2024-03-26,2024-02,2680,27523.88,129.36,27653.24,10.2701,0.0483,0.47,18,30,,242,True
10000,MAJESTIC FINE WINES,8813,2024-02-07,2024-02-25,2024-04-06,2024-02,3053,25634.49,115.36,25749.85,8.3965,0.0378,0.45,18,41,,40,True
2242,DELICATO VINEYARDS INC,8827,2024-02-08,2024-02-25,2024-04-07,2024-02,3258,26570.61,132.85,26703.46,8.1555,0.0408,0.5,17,42,,96,True
8112,MOET HENNESSY USA INC,8832,2024-02-08,2024-02-25,2024-03-27,2024-02,4696,88961.9,489.29,89451.19,18.9442,0.1042,0.55,17,31,,129,True
6785,PALM BAY INTERNATIONAL INC,8833,2024-02-08,2024-02-25,2024-04-04,2024-02,5099,35717.39,175.02,35892.41,7.0048,0.0343,0.49,17,39,,174,True
90046,CANDIA VINEYARDS,8840,2024-02-09,2024-02-25,2024-04-09,2024-02,32,494.26,2.57,496.83,15.4456,0.0803,0.52,16,44,,5,True
17031,FLAG HILL WINERY & VINEYARD,8846,2024-02-09,2024-02-25,2024-04-02,2024-02,187,2640.29,13.73,2654.02,14.1192,0.0734,0.52,16,37,,19,True
12331,STELLAR IMPORTING CO LLC,8854,2024-02-09,2024-02-25,2024-03-27,2024-02,60,420.48,2.06,422.54,7.008,0.0343,0.4899,16,31,,19,True
8735,SURVILLE ENTERPRISES CORP,8855,2024-02-09,2024-02-25,2024-03-31,2024-02,103,855.06,4.19,859.25,8.3016,0.0407,0.49,16,35,,22,True
90017,THE IMPORTED GRAPE LLC,8856,2024-02-09,2024-02-25,2024-03-24,2024-02,58,348.41,1.57,349.98,6.0071,0.0271,0.4506,16,28,,40,True
3089,SIDNEY FRANK IMPORTING CO,8869,2024-02-10,2024-02-25,2024-04-05,2024-02,3478,26552.78,140.73,26693.51,7.6345,0.0405,0.53,15,40,,13,True
3252,E & J GALLO WINERY,8879,2024-02-11,2024-02-25,2024-04-06,2024-02,27341,186668.7,989.34,187658.04,6.8274,0.0362,0.53,14,41,,527,True
90058,ZORVINO VINEYARDS,8891,2024-02-11,2024-02-25,2024-04-07,2024-02,92,739.8,3.55,743.35,8.0413,0.0386,0.4799,14,42,,6,True
388,ATLANTIC IMPORTING COMPANY,8893,2024-02-12,2024-02-25,2024-03-29,2024-02,12,255.84,1.18,257.02,21.32,0.0983,0.4612,13,33,,3,True
7240,"PREMIUM PORT WINES, INC.",8909,2024-02-12,2024-02-25,2024-03-26,2024-02,212,1582.09,7.91,1590.0,7.4627,0.0373,0.5,13,30,,3,True
7239,REMY COINTREAU USA INC,8818,2024-02-07,2024-02-26,2024-04-04,2024-02,2161,45294.61,235.53,45530.14,20.96,0.109,0.52,19,38,,45,True
17033,SEA BREEZE CELLARS LLC,8821,2024-02-07,2024-02-26,2024-03-25,2024-02,128,1280.52,6.15,1286.67,10.0041,0.048,0.4803,19,28,,16,True
9625,WESTERN SPIRITS BEVERAGE CO,8826,2024-02-07,2024-02-26,2024-03-24,2024-02,200,3314.93,16.91,3331.84,16.5746,0.0846,0.5101,19,27,,26,True
3950,"HOOD RIVER DISTILLERS, Inc.",8863,2024-02-10,2024-02-26,2024-04-02,2024-02,30,647.4,3.04,650.44,21.58,0.1013,0.4696,16,36,,7,True
9552,M S WALKER INC,8865,2024-02-10,2024-02-26,2024-04-01,2024-02,20787,149413.91,821.78,150235.69,7.1879,0.0395,0.55,16,35,,960,True
17035,PERNOD RICARD USA,8866,2024-02-10,2024-02-26,2024-04-05,2024-02,23045,345003.69,1725.02,346728.71,14.9709,0.0749,0.5,16,39,Frank Delahunt,277,True
6213,MHW LTD,8882,2024-02-11,2024-02-26,2024-04-07,2024-02,4014,28959.03,130.32,29089.35,7.2145,0.0325,0.45,15,41,,96,True
9751,VINEDREA WINES LLC,8889,2024-02-11,2024-02-26,2024-03-30,2024-02,6,136.32,0.72,137.04,22.72,0.12,0.5282,15,33,,1,True
1650,Circa Wines,8896,2024-02-12,2024-02-26,2024-03-24,2024-02,27,175.23,0.82,176.05,6.49,0.0304,0.468,14,27,,74,True
90032,LABELLE VYDS AND WINERY,8904,2024-02-12,2024-02-26,2024-04-05,2024-02,228,2545.32,11.71,2557.03,11.1637,0.0514,0.4601,14,39,,10,True
8352,LUXCO INC,8812,2024-02-07,2024-02-27,2024-03-30,2024-02,5664,43660.27,196.47,43856.74,7.7084,0.0347,0.45,20,32,,69,True
9622,WEIN BAUER INC,8825,2024-02-07,2024-02-27,2024-04-10,2024-02,30,572.4,2.58,574.98,19.08,0.086,0.4507,20,43,,6,True
8320,SHAW ROSS INT L IMP LTD,8835,2024-02-08,2024-02-27,2024-03-31,2024-02,1193,9696.74,45.57,9742.31,8.128,0.0382,0.47,19,33,,38,True
11567,CAMPARI AMERICA,8839,2024-02-09,2024-02-27,2024-04-10,2024-02,6641,56586.79,311.23,56898.02,8.5208,0.0469,0.55,18,43,,74,True
2496,DUGGANS DISTILLED PRODUCTS,8844,2024-02-09,2024-02-27,2024-03-30,2024-02,140,2340.04,11.7,2351.74,16.7146,0.0836,0.5,18,32,,5,True
8004,SAZERAC CO INC,8867,2024-02-10,2024-02-27,2024-03-26,2024-02,20226,133269.51,693.0,133962.51,6.589,0.0343,0.52,17,28,,138,True
90037,THE PIERPONT GROUP LLC,8874,2024-02-10,2024-02-27,2024-04-02,2024-02,46,565.69,2.83,568.52,12.2976,0.0615,0.5003,17,35,,13,True
653,STATE WINE & SPIRITS,8886,2024-02-11,2024-02-27,2024-04-10,2024-02,2216,24131.17,132.72,24263.89,10.8895,0.0599,0.55,16,43,,258,True
5270,MANGO BOTTLING INC,8814,2024-02-07,2024-02-28,2024-03-31,2024-02,26,175.87,0.93,176.8,6.7642,0.0358,0.5288,21,32,,6,True
9165,ULTRA BEVERAGE COMPANY LLP,8824,2024-02-07,2024-02-28,2024-03-30,2024-02,12930,156318.62,812.86,157131.48,12.0896,0.0629,0.52,21,31,,965,True
6359,OLE SMOKY DISTILLERY LLC,8850,2024-02-09,2024-02-28,2024-04-05,2024-02,316,4503.53,20.72,4524.25,14.2517,0.0656,0.4601,19,37,,18,True
7245,PROXIMO SPIRITS INC.,8852,2024-02-09,2024-02-28,2024-04-04,2024-02,9214,104723.79,523.62,105247.41,11.3657,0.0568,0.5,19,36,,114,True
8892,TRINCHERO FAMILY ESTATES,8857,2024-02-09,2024-02-28,2024-03-26,2024-02,5246,32984.63,174.82,33159.45,6.2876,0.0333,0.53,19,27,,153,True
516,BANFI PRODUCTS CORP,8860,2024-02-10,2024-02-28,2024-04-03,2024-02,3039,21701.14,115.02,21816.16,7.1409,0.0378,0.53,18,35,,149,True
90056,SWEET BABY VINEYARD,8872,2024-02-10,2024-02-28,2024-04-06,2024-02,226,1894.83,8.53,1903.36,8.3842,0.0377,0.4502,18,38,,4,True
28776,TALL SHIP DISTILLERY LLC,8887,2024-02-11,2024-02-28,2024-04-02,2024-02,6,122.58,0.65,123.23,20.43,0.1083,0.5303,17,34,,4,True
1273,CALEDONIA SPIRITS INC,8895,2024-02-12,2024-02-28,2024-03-27,2024-02,63,1938.68,9.89,1948.57,30.7727,0.157,0.5101,16,28,,5,True
8920,TAKARA SAKE USA INC,8823,2024-02-07,2024-02-29,2024-04-02,2024-02,187,974.49,4.58,979.07,5.2112,0.0245,0.47,22,33,,3,True
2396,BLACK PRINCE DISTILLERY INC,8837,2024-02-09,2024-02-29,2024-04-07,2024-02,59,531.95,2.71,534.66,9.0161,0.0459,0.5094,20,38,,10,True
90051,FULCHINO VINEYARD INC,8847,2024-02-09,2024-02-29,2024-04-02,2024-02,12,120.72,0.57,121.29,10.06,0.0475,0.4722,20,33,,2,True
4848,LAIRD & CO,8864,2024-02-10,2024-02-29,2024-03-31,2024-02,284,1637.53,8.19,1645.72,5.766,0.0288,0.5001,19,31,,16,True
8664,"STOLI GROUP,(USA) LLC",8871,2024-02-10,2024-02-29,2024-03-28,2024-02,2838,41324.14,198.36,41522.5,14.561,0.0699,0.48,19,28,,48,True
90011,FORTUNE WINE BROKERS LLC,8880,2024-02-11,2024-02-29,2024-04-09,2024-02,87,678.66,3.73,682.39,7.8007,0.0429,0.5496,18,40,,62,True
98450,Serralles Usa LLC,8883,2024-02-11,2024-02-29,2024-04-06,2024-02,113,1692.54,7.79,1700.33,14.9782,0.0689,0.4603,18,37,,16,True
28750,SMOKY QUARTZ DISTILLERY LLC,8884,2024-02-11,2024-02-29,2024-03-24,2024-02,12,263.88,1.21,265.09,21.99,0.1008,0.4585,18,24,,4,True
3960,DIAGEO NORTH AMERICA INC,8899,2024-02-12,2024-02-29,2024-03-31,2024-02,83623,693871.23,3191.81,697063.04,8.2976,0.0382,0.46,17,31,Frank Delahunt,449,True
2561,EDRINGTON AMERICAS,8900,2024-02-12,2024-02-29,2024-03-31,2024-02,779,32945.29,148.25,33093.54,42.2918,0.1903,0.45,17,31,,33,True
6355,NICHE W & S,8907,2024-02-12,2024-02-29,2024-04-07,2024-02,7,106.82,0.52,107.34,15.26,0.0743,0.4868,17,38,,8,True
9206,PHILLIPS PRODUCTS CO.,8908,2024-02-12,2024-02-29,2024-04-02,2024-02,1277,17132.56,89.09,17221.65,13.4163,0.0698,0.52,17,33,,33,True
4425,MARTIGNETTI COMPANIES,8917,2024-02-14,2024-02-29,2024-04-15,2024-02,47119,401827.41,1808.22,403635.63,8.5279,0.0384,0.45,15,46,Frank Delahunt,1639,True
90058,ZORVINO VINEYARDS,8922,2024-02-14,2024-02-29,2024-04-04,2024-02,106,887.1,4.7,891.8,8.3689,0.0443,0.5298,15,35,,6,True
8352,LUXCO INC,8929,2024-02-15,2024-02-29,2024-04-12,2024-02,5117,35091.02,168.44,35259.46,6.8577,0.0329,0.48,14,43,,69,True
10000,MAJESTIC FINE WINES,8930,2024-02-15,2024-02-29,2024-04-07,2024-02,12337,82976.16,398.29,83374.45,6.7258,0.0323,0.48,14,38,,40,True
660,SAZERAC NORTH AMERICA INC.,8938,2024-02-15,2024-02-29,2024-04-17,2024-02,8595,61540.36,326.16,61866.52,7.16,0.0379,0.53,14,48,,84,True
8673,STE MICHELLE WINE ESTATES,8939,2024-02-15,2024-02-29,2024-03-31,2024-02,9675,63359.35,329.47,63688.82,6.5488,0.0341,0.52,14,31,,144,True
9165,ULTRA BEVERAGE COMPANY LLP,8942,2024-02-15,2024-02-29,2024-04-03,2024-02,16693,203870.81,1039.74,204910.55,12.213,0.0623,0.51,14,34,,965,True
9815,WINE GROUP INC,8943,2024-02-15,2024-02-29,2024-04-09,2024-02,16576,97326.86,457.44,97784.3,5.8716,0.0276,0.47,14,40,,215,True
388,ATLANTIC IMPORTING COMPANY,8962,2024-02-17,2024-02-29,2024-04-08,2024-02,29,618.28,3.34,621.62,21.32,0.1152,0.5402,12,39,,3,True
17032,JEWELL TOWNE VINEYARDS,8969,2024-02-17,2024-02-29,2024-04-02,2024-02,32,245.08,1.25,246.33,7.6588,0.0391,0.51,12,33,,7,True
2000,SOUTHERN WINE & SPIRITS NE,8974,2024-02-17,2024-02-29,2024-04-04,2024-02,5668,52614.03,263.07,52877.1,9.2826,0.0464,0.5,12,35,,417,True
4848,LAIRD & CO,8987,2024-02-18,2024-02-29,2024-04-17,2024-02,207,1622.55,8.76,1631.31,7.8384,0.0423,0.5399,11,48,,16,True
7749,R.P.IMPORTS INC,8992,2024-02-18,2024-02-29,2024-04-08,2024-02,73,2364.63,12.53,2377.16,32.3922,0.1716,0.5299,11,39,,75,True
3252,E & J GALLO WINERY,8999,2024-02-19,2024-02-29,2024-04-10,2024-02,39725,269463.12,1212.58,270675.7,6.7832,0.0305,0.45,10,41,Frank Delahunt,527,True
90053,INCREDIBREW INC,9001,2024-02-19,2024-02-29,2024-04-04,2024-02,72,638.16,3.0,641.16,8.8633,0.0417,0.4701,10,35,,4,True
8112,MOET HENNESSY USA INC,9002,2024-02-19,2024-02-29,2024-04-05,2024-02,5365,108549.52,510.18,109059.7,20.2329,0.0951,0.47,10,36,,129,True
17033,SEA BREEZE CELLARS LLC,9006,2024-02-19,2024-02-29,2024-04-12,2024-02,134,1294.49,5.95,1300.44,9.6604,0.0444,0.4596,10,43,,16,True
9751,VINEDREA WINES LLC,9011,2024-02-19,2024-02-29,2024-04-12,2024-02,12,272.64,1.47,274.11,22.72,0.1225,0.5392,10,43,,1,True
3924,HEAVEN HILL DISTILLERIES,8810,2024-02-07,2024-03-01,2024-03-31,2024-03,4936,43503.79,226.22,43730.01,8.8136,0.0458,0.52,23,30,,69,True
4425,MARTIGNETTI COMPANIES,8830,2024-02-08,2024-03-01,2024-03-25,2024-03,30193,322094.29,1481.63,323575.92,10.6678,0.0491,0.46,22,24,Frank Delahunt,1639,True
1485,CASTLE BRANDS CORP.,8841,2024-02-09,2024-03-01,2024-03-29,2024-03,1290,20060.24,102.31,20162.55,15.5506,0.0793,0.51,21,28,,29,True
90047,CRUSH WINES,8843,2024-02-09,2024-03-01,2024-04-04,2024-03,385,3923.36,20.79,3944.15,10.1905,0.054,0.5299,21,34,,165,True
1601,VRANKEN AMERICA,8858,2024-02-09,2024-03-01,2024-03-30,2024-03,131,2263.41,10.64,2274.05,17.2779,0.0812,0.4701,21,29,,21,True
173357,TAMWORTH DISTILLING,8873,2024-02-10,2024-03-01,2024-03-24,2024-03,11,213.07,1.15,214.22,19.37,0.1045,0.5397,20,23,,4,True
480,BACARDI USA INC,8877,2024-02-11,2024-03-01,2024-04-08,2024-03,15297,172888.12,778.0,173666.12,11.3021,0.0509,0.45,19,38,,184,True
1189,BULLY BOY DISTILLERS,8878,2024-02-11,2024-03-01,2024-03-30,2024-03,36,793.8,3.57,797.37,22.05,0.0992,0.4497,19,29,,6,True
9819,TREASURY WINE ESTATES,8888,2024-02-11,2024-03-01,2024-04-10,2024-03,6688,40254.85,201.27,40456.12,6.019,0.0301,0.5,19,40,,111,True
4466,AMERICAN VINTAGE BEVERAGE,8892,2024-02-12,2024-03-01,2024-03-28,2024-03,117,1096.05,5.15,1101.2,9.3679,0.044,0.4699,18,27,,3,True
17032,JEWELL TOWNE VINEYARDS,8902,2024-02-12,2024-03-01,2024-04-09,2024-03,107,861.65,3.96,865.61,8.0528,0.037,0.4596,18,39,,7,True
2000,SOUTHERN WINE & SPIRITS NE,8911,2024-02-12,2024-03-01,2024-04-03,2024-03,5880,56274.03,287.0,56561.03,9.5704,0.0488,0.51,18,33,,417,True
9260,TY KU LLC,8912,2024-02-12,2024-03-01,2024-03-24,2024-03,17,208.18,1.06,209.24,12.2459,0.0624,0.5092,18,23,,7,True
1587,VINEYARD BRANDS INC,8913,2024-02-12,2024-03-01,2024-03-30,2024-03,1859,13554.46,71.84,13626.3,7.2913,0.0386,0.53,18,29,,87,True
8320,SHAW ROSS INT L IMP LTD,8920,2024-02-14,2024-03-01,2024-04-15,2024-03,1213,9820.62,45.17,9865.79,8.0961,0.0372,0.46,16,45,,38,True
2450,DJINN SPIRITS LLC,8950,2024-02-16,2024-03-01,2024-04-16,2024-03,51,1114.26,5.68,1119.94,21.8482,0.1114,0.5098,14,46,,6,True
1650,Circa Wines,8964,2024-02-17,2024-03-01,2024-04-08,2024-03,23,171.35,0.84,172.19,7.45,0.0365,0.4902,13,38,,74,True
90051,FULCHINO VINEYARD INC,8984,2024-02-18,2024-03-01,2024-04-08,2024-03,12,120.72,0.59,121.31,10.06,0.0492,0.4887,12,38,,2,True
7240,"PREMIUM PORT WINES, INC.",8991,2024-02-18,2024-03-01,2024-04-06,2024-03,126,907.47,4.63,912.1,7.2021,0.0367,0.5102,12,36,,3,True
90017,THE IMPORTED GRAPE LLC,8993,2024-02-18,2024-03-01,2024-04-02,2024-03,45,237.39,1.31,238.7,5.2753,0.0291,0.5518,12,32,,40,True
3664,WILLIAM GRANT & SONS INC,8994,2024-02-18,2024-03-01,2024-04-16,2024-03,6231,114517.43,515.33,115032.76,18.3787,0.0827,0.45,12,46,,85,True
2396,BLACK PRINCE DISTILLERY INC,8997,2024-02-19,2024-03-01,2024-04-03,2024-03,22,154.18,0.82,155.0,7.0082,0.0373,0.5318,11,33,,10,True
7255,PSP WINES,9005,2024-02-19,2024-03-01,2024-04-03,2024-03,429,3731.97,16.79,3748.76,8.6992,0.0391,0.4499,11,33,,32,True
98450,Serralles Usa LLC,9007,2024-02-19,2024-03-01,2024-04-17,2024-03,119,1648.96,7.42,1656.38,13.8568,0.0624,0.45,11,47,,16,True
9819,TREASURY WINE ESTATES,9009,2024-02-19,2024-03-01,2024-04-16,2024-03,7508,47024.06,239.82,47263.88,6.2632,0.0319,0.51,11,46,,111,True
8892,TRINCHERO FAMILY ESTATES,9010,2024-02-19,2024-03-01,2024-04-03,2024-03,6475,40115.27,192.55,40307.82,6.1954,0.0297,0.48,11,33,,153,True
90027,POVERTY LANE ORCHARDS,8919,2024-02-14,2024-03-02,2024-04-03,2024-03,60,427.32,2.05,429.37,7.122,0.0342,0.4797,17,32,,8,True
17037,Dunn Wine Brokers,8926,2024-02-15,2024-03-02,2024-04-08,2024-03,72,839.76,4.62,844.38,11.6633,0.0642,0.5502,16,37,,35,True
6215,MOONLIGHT MEADERY,8934,2024-02-15,2024-03-02,2024-04-09,2024-03,119,1079.47,5.94,1085.41,9.0712,0.0499,0.5503,16,38,,7,True
7239,REMY COINTREAU USA INC,8935,2024-02-15,2024-03-02,2024-04-01,2024-03,1840,39488.94,209.29,39698.23,21.4614,0.1137,0.53,16,30,,45,True
1128,BROWN-FORMAN CORP,8945,2024-02-16,2024-03-02,2024-04-11,2024-03,27342,313177.52,1691.16,314868.68,11.4541,0.0619,0.54,15,40,Frank Delahunt,142,True
90032,LABELLE VYDS AND WINERY,8952,2024-02-16,2024-03-02,2024-04-16,2024-03,132,1417.68,6.8,1424.48,10.74,0.0515,0.4797,15,45,,10,True
7245,PROXIMO SPIRITS INC.,8956,2024-02-16,2024-03-02,2024-04-03,2024-03,16544,183412.54,917.06,184329.6,11.0863,0.0554,0.5,15,32,,114,True
9622,WEIN BAUER INC,8961,2024-02-16,2024-03-02,2024-04-03,2024-03,37,705.96,3.53,709.49,19.08,0.0954,0.5,15,32,,6,True
17031,FLAG HILL WINERY & VINEYARD,8968,2024-02-17,2024-03-02,2024-04-08,2024-03,268,3911.98,19.17,3931.15,14.5969,0.0715,0.49,14,37,,19,True
90024,VINILANDIA USA,8978,2024-02-17,2024-03-02,2024-04-06,2024-03,465,4008.51,21.25,4029.76,8.6205,0.0457,0.5301,14,35,,206,True
1601,VRANKEN AMERICA,9014,2024-02-19,2024-03-02,2024-04-16,2024-03,98,1851.91,9.26,1861.17,18.897,0.0945,0.5,12,45,,21,True
9625,WESTERN SPIRITS BEVERAGE CO,9015,2024-02-19,2024-03-02,2024-04-10,2024-03,235,4230.72,23.27,4253.99,18.0031,0.099,0.55,12,39,,26,True
90046,CANDIA VINEYARDS,8924,2024-02-15,2024-03-03,2024-04-04,2024-03,57,974.25,4.77,979.02,17.0921,0.0837,0.4896,17,32,,5,True
2496,DUGGANS DISTILLED PRODUCTS,8925,2024-02-15,2024-03-03,2024-04-10,2024-03,163,2767.13,13.28,2780.41,16.9763,0.0815,0.4799,17,38,,5,True
8004,SAZERAC CO INC,8937,2024-02-15,2024-03-03,2024-04-05,2024-03,22178,160485.86,722.19,161208.05,7.2363,0.0326,0.45,17,33,,138,True
1189,BULLY BOY DISTILLERS,8946,2024-02-16,2024-03-03,2024-04-05,2024-03,5,110.25,0.54,110.79,22.05,0.108,0.4898,16,33,,6,True
8920,TAKARA SAKE USA INC,8960,2024-02-16,2024-03-03,2024-04-05,2024-03,229,1058.03,5.18,1063.21,4.6202,0.0226,0.4896,16,33,,3,True
90047,CRUSH WINES,8982,2024-02-18,2024-03-03,2024-04-15,2024-03,263,2764.29,15.2,2779.49,10.5106,0.0578,0.5499,14,43,,165,True
9744,FREDERICK WILDMAN & SONS,8983,2024-02-18,2024-03-03,2024-04-13,2024-03,784,8062.68,40.31,8102.99,10.284,0.0514,0.5,14,41,,149,True
3950,"HOOD RIVER DISTILLERS, Inc.",8986,2024-02-18,2024-03-03,2024-04-09,2024-03,13,276.27,1.52,277.79,21.2515,0.1169,0.5502,14,37,,7,True
10754,PERFECTA WINES,8989,2024-02-18,2024-03-03,2024-04-10,2024-03,13919,104300.09,490.21,104790.3,7.4934,0.0352,0.47,14,38,,897,True
9206,PHILLIPS PRODUCTS CO.,8990,2024-02-18,2024-03-03,2024-04-06,2024-03,852,6842.8,36.95,6879.75,8.0315,0.0434,0.54,14,34,,33,True
4380,CHARLES JACQUIN ET CIE INC,8915,2024-02-14,2024-03-04,2024-04-03,2024-03,572,4700.66,23.97,4724.63,8.2179,0.0419,0.5099,19,30,,15,True
10050,Russian Standard Vodka,8936,2024-02-15,2024-03-04,2024-04-17,2024-03,379,1644.95,8.72,1653.67,4.3402,0.023,0.5301,18,44,,13,True
11567,CAMPARI AMERICA,8963,2024-02-17,2024-03-04,2024-04-05,2024-03,12995,135576.01,677.88,136253.89,10.4329,0.0522,0.5,16,32,,74,True
7154,PREMIER DISTRIBUTORS,8972,2024-02-17,2024-03-04,2024-04-15,2024-03,121,1853.71,8.34,1862.05,15.3199,0.0689,0.4499,16,42,,7,True
1003,BRONCO WINE COMPANY,8980,2024-02-18,2024-03-04,2024-04-01,2024-03,18,69.12,0.37,69.49,3.84,0.0206,0.5353,15,28,,8,True
90010,VINEXTRA INC,9012,2024-02-19,2024-03-04,2024-04-05,2024-03,96,1106.22,5.53,1111.75,11.5231,0.0576,0.4999,14,32,,47,True
9552,M S WALKER INC,8916,2024-02-14,2024-03-05,2024-04-14,2024-03,33229,203918.36,1121.55,205039.91,6.1368,0.0338,0.55,20,40,,960,True
17035,PERNOD RICARD USA,8918,2024-02-14,2024-03-05,2024-04-01,2024-03,41769,729783.09,3940.83,733723.92,17.4719,0.0943,0.54,20,27,Frank Delahunt,277,True
5270,MANGO BOTTLING INC,8931,2024-02-15,2024-03-05,2024-04-11,2024-03,1,6.47,0.03,6.5,6.47,0.03,0.4637,19,37,,6,True
173357,TAMWORTH DISTILLING,8941,2024-02-15,2024-03-05,2024-04-07,2024-03,35,677.95,3.19,681.14,19.37,0.0911,0.4705,19,33,,4,True
2876,CENTEUR IMPORTS LLC,8948,2024-02-16,2024-03-05,2024-04-03,2024-03,6,48.3,0.23,48.53,8.05,0.0383,0.4762,18,29,,11,True
2242,DELICATO VINEYARDS INC,8949,2024-02-16,2024-03-05,2024-04-13,2024-03,9006,63875.31,319.38,64194.69,7.0925,0.0355,0.5,18,39,,96,True
8664,"STOLI GROUP,(USA) LLC",8959,2024-02-16,2024-03-05,2024-04-12,2024-03,3317,50461.92,232.12,50694.04,15.2131,0.07,0.46,18,38,,48,True
2561,EDRINGTON AMERICAS,8967,2024-02-17,2024-03-05,2024-04-14,2024-03,856,26214.27,136.31,26350.58,30.6241,0.1592,0.52,17,40,,33,True
4550,KLIN SPIRITS LLC,8970,2024-02-17,2024-03-05,2024-04-08,2024-03,111,1561.77,7.81,1569.58,14.07,0.0704,0.5001,17,34,,4,True
9260,TY KU LLC,8977,2024-02-17,2024-03-05,2024-04-17,2024-03,67,658.55,3.62,662.17,9.8291,0.054,0.5497,17,43,,7,True
105,ALTAMAR BRANDS LLC,8979,2024-02-18,2024-03-05,2024-04-15,2024-03,6,214.26,1.11,215.37,35.71,0.185,0.5181,16,41,,3,True
6355,NICHE W & S,8988,2024-02-18,2024-03-05,2024-04-10,2024-03,13,195.02,0.92,195.94,15.0015,0.0708,0.4717,16,36,,8,True
2555,DISARONNO INTERNATIONAL LLC,8998,2024-02-19,2024-03-05,2024-04-03,2024-03,2105,24002.56,112.81,24115.37,11.4026,0.0536,0.47,15,29,,12,True
480,BACARDI USA INC,8914,2024-02-14,2024-03-06,2024-04-04,2024-03,13341,148069.14,695.92,148765.06,11.0988,0.0522,0.47,21,29,,184,True
653,STATE WINE & SPIRITS,8921,2024-02-14,2024-03-06,2024-04-14,2024-03,1807,17908.99,94.92,18003.91,9.9109,0.0525,0.53,21,39,,258,True
5455,MARSALLE COMPANY,8932,2024-02-15,2024-03-06,2024-04-02,2024-03,104,2797.78,13.71,2811.49,26.9017,0.1318,0.49,20,27,,10,True
1703,ALISA CARR BEVERAGES,8944,2024-02-16,2024-03-06,2024-04-08,2024-03,18,1705.68,8.7,1714.38,94.76,0.4833,0.5101,19,33,,32,True
1485,CASTLE BRANDS CORP.,8947,2024-02-16,2024-03-06,2024-04-08,2024-03,2166,34854.21,188.21,35042.42,16.0915,0.0869,0.54,19,33,,29,True
8150,SEA HAGG DISTILLERY LLC,8957,2024-02-16,2024-03-06,2024-04-14,2024-03,130,1729.42,8.65,1738.07,13.3032,0.0665,0.5002,19,39,,9,True
3089,SIDNEY FRANK IMPORTING CO,8958,2024-02-16,2024-03-06,2024-04-13,2024-03,5408,55292.39,248.82,55541.21,10.2242,0.046,0.45,19,38,,13,True
4425,MARTIGNETTI COMPANIES,8971,2024-02-17,2024-03-06,2024-04-04,2024-03,100,1218.7,6.22,1224.92,12.187,0.0622,0.5104,18,29,,1639,True
8735,SURVILLE ENTERPRISES CORP,8975,2024-02-17,2024-03-06,2024-04-05,2024-03,114,821.8,3.7,825.5,7.2088,0.0325,0.4502,18,30,,22,True
90056,SWEET BABY VINEYARD,8976,2024-02-17,2024-03-06,2024-04-09,2024-03,84,700.8,3.15,703.95,8.3429,0.0375,0.4495,18,34,,4,True
1392,CONSTELLATION BRANDS INC,8981,2024-02-18,2024-03-06,2024-04-17,2024-03,54005,351339.49,1897.23,353236.72,6.5057,0.0351,0.54,17,42,Frank Delahunt,481,True
1655,FABRIZIA SPIRITS LLC,8927,2024-02-15,2024-03-07,2024-04-08,2024-03,226,2338.68,12.16,2350.84,10.3481,0.0538,0.52,21,32,,8,True
12546,JIM BEAM BRANDS COMPANY,8928,2024-02-15,2024-03-07,2024-04-03,2024-03,48620,420607.81,2018.92,422626.73,8.6509,0.0415,0.48,21,27,Frank Delahunt,415,True
6213,MHW LTD,8933,2024-02-15,2024-03-07,2024-04-01,2024-03,4546,31105.97,139.98,31245.95,6.8425,0.0308,0.45,21,25,,96,True
5992,MCCORMICK DISTILLING CO,8954,2024-02-16,2024-03-07,2024-04-15,2024-03,354,3150.87,16.7,3167.57,8.9008,0.0472,0.53,20,39,,35,True
6359,OLE SMOKY DISTILLERY LLC,8955,2024-02-16,2024-03-07,2024-04-03,2024-03,225,3206.09,17.31,3223.4,14.2493,0.0769,0.5399,20,27,,18,True
1590,DIAGEO CHATEAU ESTATE WINES,8965,2024-02-17,2024-03-07,2024-04-10,2024-03,1644,11665.46,64.16,11729.62,7.0958,0.039,0.55,19,34,,117,True
3960,DIAGEO NORTH AMERICA INC,8966,2024-02-17,2024-03-07,2024-04-11,2024-03,92377,834764.05,4006.87,838770.92,9.0365,0.0434,0.48,19,35,Frank Delahunt,449,True
90026,SILVER MOUNTAIN CIDERS,8973,2024-02-17,2024-03-07,2024-04-04,2024-03,5,22.7,0.11,22.81,4.54,0.022,0.4846,19,28,,5,True
4466,AMERICAN VINTAGE BEVERAGE,8995,2024-02-19,2024-03-07,2024-04-02,2024-03,129,1209.27,5.44,1214.71,9.3742,0.0422,0.4499,17,26,,3,True
516,BANFI PRODUCTS CORP,8996,2024-02-19,2024-03-07,2024-04-14,2024-03,2782,18983.48,98.71,19082.19,6.8237,0.0355,0.52,17,38,,149,True
90011,FORTUNE WINE BROKERS LLC,9000,2024-02-19,2024-03-07,2024-04-08,2024-03,31,331.38,1.79,333.17,10.6897,0.0577,0.5402,17,32,,62,True
6785,PALM BAY INTERNATIONAL INC,9003,2024-02-19,2024-03-07,2024-04-02,2024-03,10026,69269.69,332.49,69602.18,6.909,0.0332,0.48,17,26,,174,True
1128,BROWN-FORMAN CORP,9017,2024-02-21,2024-03-07,2024-04-21,2024-03,15019,195521.15,1036.26,196557.41,13.0183,0.069,0.53,15,45,,142,True
4950,LATITUDE BEVERAGE COMPANY,9024,2024-02-21,2024-03-07,2024-04-13,2024-03,925,5206.81,25.51,5232.32,5.629,0.0276,0.4899,15,37,,45,True
3252,E & J GALLO WINERY,9035,2024-02-22,2024-03-07,2024-04-15,2024-03,27972,196885.44,905.67,197791.11,7.0387,0.0324,0.46,14,39,,527,True
653,STATE WINE & SPIRITS,9040,2024-02-22,2024-03-07,2024-04-08,2024-03,1831,16723.94,86.96,16810.9,9.1338,0.0475,0.52,14,32,,258,True
17031,FLAG HILL WINERY & VINEYARD,9048,2024-02-23,2024-03-07,2024-04-21,2024-03,172,1970.08,10.64,1980.72,11.454,0.0619,0.5401,13,45,,19,True
4425,MARTIGNETTI COMPANIES,9050,2024-02-23,2024-03-07,2024-04-08,2024-03,59,750.9,3.68,754.58,12.7271,0.0624,0.4901,13,32,,1639,True
90047,CRUSH WINES,9066,2024-02-24,2024-03-07,2024-04-07,2024-03,223,2418.93,11.61,2430.54,10.8472,0.0521,0.48,12,31,,165,True
2000,SOUTHERN WINE & SPIRITS NE,9078,2024-02-24,2024-03-07,2024-04-24,2024-03,4749,40257.84,181.16,40439.0,8.4771,0.0381,0.45,12,48,,417,True
2450,DJINN SPIRITS LLC,9086,2024-02-25,2024-03-07,2024-04-15,2024-03,35,805.91,3.79,809.7,23.026,0.1083,0.4703,11,39,,6,True
12546,JIM BEAM BRANDS COMPANY,9087,2024-02-25,2024-03-07,2024-04-14,2024-03,42366,352234.19,1620.28,353854.47,8.3141,0.0382,0.46,11,38,Frank Delahunt,415,True
28776,TALL SHIP DISTILLERY LLC,9093,2024-02-25,2024-03-07,2024-04-15,2024-03,24,519.6,2.75,522.35,21.65,0.1146,0.5293,11,39,,4,True
1273,CALEDONIA SPIRITS INC,8923,2024-02-15,2024-03-08,2024-04-08,2024-03,78,2396.88,11.03,2407.91,30.7292,0.1414,0.4602,22,31,,5,True
28776,TALL SHIP DISTILLERY LLC,8940,2024-02-15,2024-03-08,2024-04-13,2024-03,11,231.99,1.23,233.22,21.09,0.1118,0.5302,22,36,,4,True
4692,KOBRAND CORPORATION,8951,2024-02-16,2024-03-08,2024-04-12,2024-03,6635,51036.15,275.6,51311.75,7.692,0.0415,0.54,21,35,,242,True
4950,LATITUDE BEVERAGE COMPANY,8953,2024-02-16,2024-03-08,2024-04-01,2024-03,2729,14874.03,75.86,14949.89,5.4504,0.0278,0.51,21,24,,45,True
3924,HEAVEN HILL DISTILLERIES,8985,2024-02-18,2024-03-08,2024-04-05,2024-03,5482,45457.32,218.2,45675.52,8.2921,0.0398,0.48,19,28,,69,True
7153,PINE STATE TRADING CO,9004,2024-02-19,2024-03-08,2024-04-14,2024-03,5596,38942.84,190.82,39133.66,6.959,0.0341,0.49,18,37,,480,True
12331,STELLAR IMPORTING CO LLC,9008,2024-02-19,2024-03-08,2024-04-15,2024-03,33,235.62,1.06,236.68,7.14,0.0321,0.4499,18,38,,19,True
1587,VINEYARD BRANDS INC,9013,2024-02-19,2024-03-08,2024-04-07,2024-03,7066,37834.58,174.04,38008.62,5.3545,0.0246,0.46,18,30,,87,True
6355,NICHE W & S,9026,2024-02-21,2024-03-08,2024-04-10,2024-03,6,89.88,0.45,90.33,14.98,0.075,0.5007,16,33,,8,True
6359,OLE SMOKY DISTILLERY LLC,9027,2024-02-21,2024-03-08,2024-04-14,2024-03,148,2116.62,10.37,2126.99,14.3015,0.0701,0.4899,16,37,,18,True
4380,CHARLES JACQUIN ET CIE INC,9034,2024-02-22,2024-03-08,2024-04-08,2024-03,534,4566.18,24.66,4590.84,8.5509,0.0462,0.5401,15,31,,15,True
90024,VINILANDIA USA,9043,2024-02-22,2024-03-08,2024-04-16,2024-03,898,8065.15,39.52,8104.67,8.9812,0.044,0.49,15,39,,206,True
660,SAZERAC NORTH AMERICA INC.,9052,2024-02-23,2024-03-08,2024-04-14,2024-03,7652,55702.65,295.22,55997.87,7.2795,0.0386,0.53,14,37,,84,True
8664,"STOLI GROUP,(USA) LLC",9055,2024-02-23,2024-03-08,2024-04-21,2024-03,3495,56664.98,305.99,56970.97,16.2132,0.0876,0.54,14,44,,48,True
3664,WILLIAM GRANT & SONS INC,9061,2024-02-23,2024-03-08,2024-04-23,2024-03,5350,113134.5,554.36,113688.86,21.1466,0.1036,0.49,14,46,,85,True
8352,LUXCO INC,9069,2024-02-24,2024-03-08,2024-04-12,2024-03,4398,34198.36,157.31,34355.67,7.7759,0.0358,0.46,13,35,,69,True
10000,MAJESTIC FINE WINES,9070,2024-02-24,2024-03-08,2024-04-20,2024-03,4940,36458.68,164.06,36622.74,7.3803,0.0332,0.45,13,43,,40,True
7749,R.P.IMPORTS INC,9075,2024-02-24,2024-03-08,2024-04-11,2024-03,6,119.94,0.66,120.6,19.99,0.11,0.5503,13,34,,75,True
2242,DELICATO VINEYARDS INC,9085,2024-02-25,2024-03-08,2024-04-23,2024-03,4242,33721.02,158.49,33879.51,7.9493,0.0374,0.47,12,46,,96,True
5992,MCCORMICK DISTILLING CO,9088,2024-02-25,2024-03-08,2024-04-11,2024-03,494,4570.31,23.77,4594.08,9.2516,0.0481,0.5201,12,34,,35,True
6785,PALM BAY INTERNATIONAL INC,9090,2024-02-25,2024-03-08,2024-04-18,2024-03,6720,48878.76,239.51,49118.27,7.2736,0.0356,0.49,12,41,,174,True
388,ATLANTIC IMPORTING COMPANY,9095,2024-02-26,2024-03-08,2024-04-20,2024-03,54,1151.28,6.22,1157.5,21.32,0.1152,0.5403,11,43,,3,True
7239,REMY COINTREAU USA INC,9105,2024-02-26,2024-03-08,2024-04-07,2024-03,1712,39089.06,195.45,39284.51,22.8324,0.1142,0.5,11,30,,45,True
98450,Serralles Usa LLC,9107,2024-02-26,2024-03-08,2024-04-19,2024-03,168,2456.5,12.04,2468.54,14.622,0.0717,0.4901,11,42,,16,True
4848,LAIRD & CO,9023,2024-02-21,2024-03-09,2024-04-14,2024-03,206,1508.95,7.24,1516.19,7.325,0.0351,0.4798,17,36,,16,True
8112,MOET HENNESSY USA INC,9025,2024-02-21,2024-03-09,2024-04-08,2024-03,3920,67791.83,318.62,68110.45,17.2938,0.0813,0.47,17,30,,129,True
17035,PERNOD RICARD USA,9028,2024-02-21,2024-03-09,2024-04-08,2024-03,24956,373558.63,1718.37,375277.0,14.9687,0.0689,0.46,17,30,Frank Delahunt,277,True
2561,EDRINGTON AMERICAS,9047,2024-02-23,2024-03-09,2024-04-16,2024-03,1166,39079.34,207.12,39286.46,33.5157,0.1776,0.53,15,38,,33,True
8735,SURVILLE ENTERPRISES CORP,9056,2024-02-23,2024-03-09,2024-04-18,2024-03,50,408.22,2.2,410.42,8.1644,0.044,0.5389,15,40,,22,True
9622,WEIN BAUER INC,9060,2024-02-23,2024-03-09,2024-04-19,2024-03,47,896.76,4.21,900.97,19.08,0.0896,0.4695,15,41,,6,True
7255,PSP WINES,9074,2024-02-24,2024-03-09,2024-04-24,2024-03,117,890.43,4.36,894.79,7.6105,0.0373,0.4897,14,46,,32,True
12331,STELLAR IMPORTING CO LLC,9080,2024-02-24,2024-03-09,2024-04-17,2024-03,12,85.68,0.4,86.08,7.14,0.0333,0.4669,14,39,,19,True
1601,VRANKEN AMERICA,9082,2024-02-24,2024-03-09,2024-04-20,2024-03,213,5829.75,28.57,5858.32,27.3697,0.1341,0.4901,14,42,,21,True
17037,Dunn Wine Brokers,9099,2024-02-26,2024-03-09,2024-04-09,2024-03,60,684.0,3.76,687.76,11.4,0.0627,0.5497,12,31,,35,True
3960,DIAGEO NORTH AMERICA INC,9018,2024-02-21,2024-03-10,2024-04-09,2024-03,86177,730295.96,3797.54,734093.5,8.4744,0.0441,0.52,18,30,Frank Delahunt,449,True
4550,KLIN SPIRITS LLC,9020,2024-02-21,2024-03-10,2024-04-08,2024-03,181,2546.67,11.97,2558.64,14.07,0.0661,0.47,18,29,,4,True
90046,CANDIA VINEYARDS,9063,2024-02-24,2024-03-10,2024-04-20,2024-03,24,345.84,1.69,347.53,14.41,0.0704,0.4887,15,41,,5,True
7240,"PREMIUM PORT WINES, INC.",9072,2024-02-24,2024-03-10,2024-04-18,2024-03,120,929.4,4.65,934.05,7.745,0.0387,0.5003,15,39,,3,True
11567,CAMPARI AMERICA,9084,2024-02-25,2024-03-10,2024-04-10,2024-03,7752,83210.37,374.45,83584.82,10.7341,0.0483,0.45,14,31,,74,True
5455,MARSALLE COMPANY,9103,2024-02-26,2024-03-10,2024-04-20,2024-03,154,3985.74,19.93,4005.67,25.8814,0.1294,0.5,13,41,,10,True
8150,SEA HAGG DISTILLERY LLC,9106,2024-02-26,2024-03-10,2024-04-24,2024-03,158,1787.78,8.76,1796.54,11.3151,0.0554,0.49,13,45,,9,True
8320,SHAW ROSS INT L IMP LTD,9108,2024-02-26,2024-03-10,2024-04-14,2024-03,1048,9030.46,49.67,9080.13,8.6169,0.0474,0.55,13,35,,38,True
173357,TAMWORTH DISTILLING,9031,2024-02-21,2024-03-11,2024-04-08,2024-03,12,232.44,1.21,233.65,19.37,0.1008,0.5206,19,28,,4,True
9744,FREDERICK WILDMAN & SONS,9037,2024-02-22,2024-03-11,2024-04-23,2024-03,656,6646.77,31.9,6678.67,10.1323,0.0486,0.4799,18,43,,149,True
9819,TREASURY WINE ESTATES,9041,2024-02-22,2024-03-11,2024-04-20,2024-03,5085,30213.67,148.05,30361.72,5.9417,0.0291,0.49,18,40,,111,True
9552,M S WALKER INC,9049,2024-02-23,2024-03-11,2024-04-13,2024-03,21263,147815.75,694.73,148510.48,6.9518,0.0327,0.47,17,33,,960,True
1485,CASTLE BRANDS CORP.,9064,2024-02-24,2024-03-11,2024-04-24,2024-03,1493,21806.11,111.21,21917.32,14.6056,0.0745,0.51,16,44,,29,True
3924,HEAVEN HILL DISTILLERIES,9068,2024-02-24,2024-03-11,2024-04-11,2024-03,6997,41070.22,188.92,41259.14,5.8697,0.027,0.46,16,31,,69,True
8004,SAZERAC CO INC,9077,2024-02-24,2024-03-11,2024-04-14,2024-03,20330,141608.15,665.56,142273.71,6.9655,0.0327,0.47,16,34,,138,True
1189,BULLY BOY DISTILLERS,9083,2024-02-25,2024-03-11,2024-04-14,2024-03,24,529.2,2.65,531.85,22.05,0.1104,0.5008,15,34,,6,True
90053,INCREDIBREW INC,9101,2024-02-26,2024-03-11,2024-04-24,2024-03,56,496.56,2.43,498.99,8.8671,0.0434,0.4894,14,44,,4,True
1587,VINEYARD BRANDS INC,9110,2024-02-26,2024-03-11,2024-04-24,2024-03,3477,21766.68,111.01,21877.69,6.2602,0.0319,0.51,14,44,,87,True
90032,LABELLE VYDS AND WINERY,9022,2024-02-21,2024-03-12,2024-04-09,2024-03,162,1851.4,9.07,1860.47,11.4284,0.056,0.4899,20,28,,10,True
4466,AMERICAN VINTAGE BEVERAGE,9033,2024-02-22,2024-03-12,2024-04-16,2024-03,147,1377.87,6.61,1384.48,9.3733,0.045,0.4797,19,35,,3,True
9206,PHILLIPS PRODUCTS CO.,9039,2024-02-22,2024-03-12,2024-04-14,2024-03,871,8157.32,39.97,8197.29,9.3655,0.0459,0.49,19,33,,33,True
10050,Russian Standard Vodka,9076,2024-02-24,2024-03-12,2024-04-15,2024-03,254,1026.55,4.82,1031.37,4.0415,0.019,0.4695,17,34,,13,True
7154,PREMIER DISTRIBUTORS,9092,2024-02-25,2024-03-12,2024-04-13,2024-03,125,1909.36,10.12,1919.48,15.2749,0.081,0.53,16,32,,7,True
8892,TRINCHERO FAMILY ESTATES,9109,2024-02-26,2024-03-12,2024-04-15,2024-03,4998,31176.3,162.12,31338.42,6.2378,0.0324,0.52,15,34,,153,True
105,ALTAMAR BRANDS LLC,9016,2024-02-21,2024-03-13,2024-04-11,2024-03,6,214.26,1.09,215.35,35.71,0.1817,0.5087,21,29,,3,True
3089,SIDNEY FRANK IMPORTING CO,9029,2024-02-21,2024-03-13,2024-04-21,2024-03,4513,41457.36,223.87,41681.23,9.1862,0.0496,0.54,21,39,,13,True
10754,PERFECTA WINES,9038,2024-02-22,2024-03-13,2024-04-10,2024-03,10096,80831.73,387.99,81219.72,8.0063,0.0384,0.48,20,28,,897,True
90010,VINEXTRA INC,9042,2024-02-22,2024-03-13,2024-04-07,2024-03,57,545.58,2.62,548.2,9.5716,0.046,0.4802,20,25,,47,True
9815,WINE GROUP INC,9045,2024-02-22,2024-03-13,2024-04-08,2024-03,15777,94686.98,511.31,95198.29,6.0016,0.0324,0.54,20,26,,215,True
6215,MOONLIGHT MEADERY,9051,2024-02-23,2024-03-13,2024-04-24,2024-03,72,646.08,3.3,649.38,8.9733,0.0458,0.5108,19,42,,7,True
8673,STE MICHELLE WINE ESTATES,9054,2024-02-23,2024-03-13,2024-04-24,2024-03,5743,39969.19,207.84,40177.03,6.9596,0.0362,0.52,19,42,,144,True
1392,CONSTELLATION BRANDS INC,9065,2024-02-24,2024-03-13,2024-04-13,2024-03,36477,246611.41,1233.06,247844.47,6.7607,0.0338,0.5,18,31,,481,True
7245,PROXIMO SPIRITS INC.,9073,2024-02-24,2024-03-13,2024-04-19,2024-03,14656,178499.09,874.65,179373.74,12.1793,0.0597,0.49,18,37,,114,True
8663,STAR INDUSTRIES INC.,9079,2024-02-24,2024-03-13,2024-04-19,2024-03,5,82.05,0.38,82.43,16.41,0.076,0.4631,18,37,,6,True
9165,ULTRA BEVERAGE COMPANY LLP,9081,2024-02-24,2024-03-13,2024-04-10,2024-03,14363,175289.35,788.8,176078.15,12.2042,0.0549,0.45,18,28,,965,True
9751,VINEDREA WINES LLC,9094,2024-02-25,2024-03-13,2024-04-19,2024-03,12,272.64,1.31,273.95,22.72,0.1092,0.4805,17,37,,1,True
90011,FORTUNE WINE BROKERS LLC,9100,2024-02-26,2024-03-13,2024-04-14,2024-03,44,469.38,2.3,471.68,10.6677,0.0523,0.49,16,32,,62,True
4425,MARTIGNETTI COMPANIES,9104,2024-02-26,2024-03-13,2024-04-13,2024-03,31903,281229.61,1490.52,282720.13,8.8151,0.0467,0.53,16,31,Frank Delahunt,1639,True
4692,KOBRAND CORPORATION,9021,2024-02-21,2024-03-14,2024-04-09,2024-03,3808,31057.88,164.61,31222.49,8.156,0.0432,0.53,22,26,,242,True
28750,SMOKY QUARTZ DISTILLERY LLC,9030,2024-02-21,2024-03-14,2024-04-21,2024-03,12,258.36,1.32,259.68,21.53,0.11,0.5109,22,38,,4,True
1655,FABRIZIA SPIRITS LLC,9036,2024-02-22,2024-03-14,2024-04-23,2024-03,255,2538.84,13.46,2552.3,9.9562,0.0528,0.5302,21,40,,8,True
9625,WESTERN SPIRITS BEVERAGE CO,9044,2024-02-22,2024-03-14,2024-04-10,2024-03,141,2577.34,13.4,2590.74,18.279,0.095,0.5199,21,27,,26,True
516,BANFI PRODUCTS CORP,9046,2024-02-23,2024-03-14,2024-04-16,2024-03,2627,17693.86,79.62,17773.48,6.7354,0.0303,0.45,20,33,,149,True
17033,SEA BREEZE CELLARS LLC,9053,2024-02-23,2024-03-14,2024-04-09,2024-03,24,230.48,1.18,231.66,9.6033,0.0492,0.512,20,26,,16,True
90027,POVERTY LANE ORCHARDS,9071,2024-02-24,2024-03-14,2024-04-24,2024-03,60,381.0,1.98,382.98,6.35,0.033,0.5197,19,41,,8,True
90058,ZORVINO VINEYARDS,9111,2024-02-26,2024-03-14,2024-04-24,2024-03,192,1511.52,8.31,1519.83,7.8725,0.0433,0.5498,17,41,,6,True
10000,MAJESTIC FINE WINES,9120,2024-02-28,2024-03-14,2024-04-27,2024-03,5467,40919.79,204.6,41124.39,7.4849,0.0374,0.5,15,44,,40,True
5455,MARSALLE COMPANY,9121,2024-02-28,2024-03-14,2024-04-24,2024-03,179,4476.4,24.62,4501.02,25.0078,0.1375,0.55,15,41,,10,True
105,ALTAMAR BRANDS LLC,9131,2024-02-29,2024-03-14,2024-04-17,2024-03,3,107.13,0.57,107.7,35.71,0.19,0.5321,14,34,,3,True
516,BANFI PRODUCTS CORP,9132,2024-02-29,2024-03-14,2024-04-21,2024-03,3027,21072.23,109.58,21181.81,6.9614,0.0362,0.52,14,38,,149,True
4550,KLIN SPIRITS LLC,9138,2024-02-29,2024-03-14,2024-04-23,2024-03,151,2172.1,11.08,2183.18,14.3848,0.0734,0.5101,14,40,,4,True
6785,PALM BAY INTERNATIONAL INC,9143,2024-02-29,2024-03-14,2024-04-24,2024-03,5312,39056.87,183.57,39240.44,7.3526,0.0346,0.47,14,41,,174,True
90027,POVERTY LANE ORCHARDS,9144,2024-02-29,2024-03-14,2024-04-30,2024-03,143,1020.25,5.31,1025.56,7.1346,0.0371,0.5205,14,47,,8,True
2561,EDRINGTON AMERICAS,9183,2024-03-03,2024-03-14,2024-04-23,2024-03,946,29350.99,137.95,29488.94,31.0264,0.1458,0.47,11,40,,33,True
12331,STELLAR IMPORTING CO LLC,9191,2024-03-03,2024-03-14,2024-05-01,2024-03,36,202.32,0.95,203.27,5.62,0.0264,0.4696,11,48,,19,True
4380,CHARLES JACQUIN ET CIE INC,9197,2024-03-04,2024-03-14,2024-04-16,2024-03,671,5800.34,30.16,5830.5,8.6443,0.0449,0.52,10,33,,15,True
3950,"HOOD RIVER DISTILLERS, Inc.",9019,2024-02-21,2024-03-15,2024-04-13,2024-03,18,388.44,1.98,390.42,21.58,0.11,0.5097,23,29,,7,True
90057,WALPOLE MTN VIEW WINERY,9032,2024-02-21,2024-03-15,2024-04-22,2024-03,12,156.12,0.73,156.85,13.01,0.0608,0.4676,23,38,,3,True
90056,SWEET BABY VINEYARD,9057,2024-02-23,2024-03-15,2024-04-23,2024-03,272,2257.1,12.19,2269.29,8.2982,0.0448,0.5401,21,39,,4,True
8920,TAKARA SAKE USA INC,9058,2024-02-23,2024-03-15,2024-04-10,2024-03,99,653.81,3.27,657.08,6.6041,0.033,0.5001,21,26,,3,True
9260,TY KU LLC,9059,2024-02-23,2024-03-15,2024-04-16,2024-03,84,970.32,5.05,975.37,11.5514,0.0601,0.5204,21,32,,7,True
480,BACARDI USA INC,9062,2024-02-24,2024-03-15,2024-04-24,2024-03,12618,137129.12,699.36,137828.48,10.8677,0.0554,0.51,20,40,,184,True
2496,DUGGANS DISTILLED PRODUCTS,9067,2024-02-24,2024-03-15,2024-04-18,2024-03,104,1737.58,8.34,1745.92,16.7075,0.0802,0.48,20,34,,5,True
6213,MHW LTD,9089,2024-02-25,2024-03-15,2024-04-20,2024-03,4293,29660.18,151.27,29811.45,6.909,0.0352,0.51,19,36,,96,True
7153,PINE STATE TRADING CO,9091,2024-02-25,2024-03-15,2024-04-15,2024-03,4978,34428.27,182.47,34610.74,6.9161,0.0367,0.53,19,31,,480,True
1273,CALEDONIA SPIRITS INC,9096,2024-02-26,2024-03-15,2024-04-13,2024-03,30,880.8,4.05,884.85,29.36,0.135,0.4598,18,29,,5,True
1590,DIAGEO CHATEAU ESTATE WINES,9097,2024-02-26,2024-03-15,2024-04-21,2024-03,1923,15325.04,68.96,15394.0,7.9693,0.0359,0.45,18,37,,117,True
2555,DISARONNO INTERNATIONAL LLC,9098,2024-02-26,2024-03-15,2024-04-18,2024-03,1515,15011.21,79.56,15090.77,9.9084,0.0525,0.53,18,34,,12,True
17032,JEWELL TOWNE VINEYARDS,9102,2024-02-26,2024-03-15,2024-04-09,2024-03,48,382.32,1.87,384.19,7.965,0.039,0.4891,18,25,,7,True
90056,SWEET BABY VINEYARD,9127,2024-02-28,2024-03-15,2024-04-14,2024-03,310,2572.01,13.89,2585.9,8.2968,0.0448,0.54,16,30,,4,True
7154,PREMIER DISTRIBUTORS,9145,2024-02-29,2024-03-15,2024-04-26,2024-03,108,1526.22,8.39,1534.61,14.1317,0.0777,0.5497,15,42,,7,True
28776,TALL SHIP DISTILLERY LLC,9147,2024-02-29,2024-03-15,2024-04-15,2024-03,36,750.12,3.53,753.65,20.8367,0.0981,0.4706,15,31,,4,True
1265,BLACK ROCK SPIRITS LLC,9163,2024-03-02,2024-03-15,2024-04-17,2024-03,1,14.05,0.07,14.12,14.05,0.07,0.4982,13,33,,1,True
3950,"HOOD RIVER DISTILLERS, Inc.",9170,2024-03-02,2024-03-15,2024-04-23,2024-03,5,107.9,0.51,108.41,21.58,0.102,0.4727,13,39,,7,True
8320,SHAW ROSS INT L IMP LTD,9174,2024-03-02,2024-03-15,2024-05-01,2024-03,1021,8457.72,38.06,8495.78,8.2838,0.0373,0.45,13,47,,38,True
2000,SOUTHERN WINE & SPIRITS NE,9208,2024-03-04,2024-03-15,2024-04-21,2024-03,4631,35842.96,179.21,36022.17,7.7398,0.0387,0.5,11,37,,417,True
9552,M S WALKER INC,9119,2024-02-28,2024-03-16,2024-04-21,2024-03,20549,147984.0,665.93,148649.93,7.2015,0.0324,0.45,17,36,,960,True
1392,CONSTELLATION BRANDS INC,9134,2024-02-29,2024-03-16,2024-04-28,2024-03,34613,227509.18,1023.79,228532.97,6.5729,0.0296,0.45,16,43,,481,True
4950,LATITUDE BEVERAGE COMPANY,9139,2024-02-29,2024-03-16,2024-04-30,2024-03,1118,6225.39,30.5,6255.89,5.5683,0.0273,0.4899,16,45,,45,True
9165,ULTRA BEVERAGE COMPANY LLP,9148,2024-02-29,2024-03-16,2024-04-25,2024-03,13004,177584.33,905.68,178490.01,13.6561,0.0696,0.51,16,40,,965,True
98450,Serralles Usa LLC,9159,2024-03-01,2024-03-16,2024-04-16,2024-03,205,2997.2,14.39,3011.59,14.6205,0.0702,0.4801,15,31,,16,True
8664,"STOLI GROUP,(USA) LLC",9160,2024-03-01,2024-03-16,2024-04-28,2024-03,2729,40998.15,204.99,41203.14,15.0231,0.0751,0.5,15,43,,48,True
2555,DISARONNO INTERNATIONAL LLC,9168,2024-03-02,2024-03-16,2024-04-30,2024-03,1082,11239.14,51.7,11290.84,10.3874,0.0478,0.46,14,45,,12,True
8112,MOET HENNESSY USA INC,9171,2024-03-02,2024-03-16,2024-04-20,2024-03,4186,78589.73,353.65,78943.38,18.7744,0.0845,0.45,14,35,,129,True
7245,PROXIMO SPIRITS INC.,9173,2024-03-02,2024-03-16,2024-04-18,2024-03,9426,96735.15,503.02,97238.17,10.2626,0.0534,0.52,14,33,,114,True
9622,WEIN BAUER INC,9178,2024-03-02,2024-03-16,2024-04-16,2024-03,53,1011.24,5.26,1016.5,19.08,0.0992,0.5202,14,31,,6,True
3664,WILLIAM GRANT & SONS INC,9179,2024-03-02,2024-03-16,2024-04-20,2024-03,4209,75690.31,408.73,76099.04,17.983,0.0971,0.54,14,35,,85,True
4466,AMERICAN VINTAGE BEVERAGE,9180,2024-03-03,2024-03-16,2024-04-19,2024-03,211,1979.33,9.5,1988.83,9.3807,0.045,0.48,13,34,,3,True
2450,DJINN SPIRITS LLC,9200,2024-03-04,2024-03-16,2024-04-28,2024-03,18,329.4,1.48,330.88,18.3,0.0822,0.4493,12,43,,6,True
7240,"PREMIUM PORT WINES, INC.",9206,2024-03-04,2024-03-16,2024-04-24,2024-03,147,1079.52,5.83,1085.35,7.3437,0.0397,0.5401,12,39,,3,True
8892,TRINCHERO FAMILY ESTATES,9210,2024-03-04,2024-03-16,2024-04-30,2024-03,4424,26775.85,123.17,26899.02,6.0524,0.0278,0.46,12,45,,153,True
480,BACARDI USA INC,9113,2024-02-28,2024-03-17,2024-05-01,2024-03,12843,145436.94,741.73,146178.67,11.3242,0.0578,0.51,18,45,,184,True
3089,SIDNEY FRANK IMPORTING CO,9125,2024-02-28,2024-03-17,2024-04-24,2024-03,3064,22442.92,109.97,22552.89,7.3247,0.0359,0.49,18,38,,13,True
28750,SMOKY QUARTZ DISTILLERY LLC,9126,2024-02-28,2024-03-17,2024-04-15,2024-03,13,270.75,1.27,272.02,20.8269,0.0977,0.4691,18,29,,4,True
1601,VRANKEN AMERICA,9149,2024-02-29,2024-03-17,2024-04-18,2024-03,31,587.3,3.05,590.35,18.9452,0.0984,0.5193,17,32,,21,True
4425,MARTIGNETTI COMPANIES,9154,2024-03-01,2024-03-17,2024-04-29,2024-03,58,819.54,4.34,823.88,14.13,0.0748,0.5296,16,43,,1639,True
17035,PERNOD RICARD USA,9156,2024-03-01,2024-03-17,2024-04-30,2024-03,26938,364414.82,1676.31,366091.13,13.5279,0.0622,0.46,16,44,Frank Delahunt,277,True
7153,PINE STATE TRADING CO,9172,2024-03-02,2024-03-17,2024-04-28,2024-03,4977,36173.12,191.72,36364.84,7.2681,0.0385,0.53,15,42,,480,True
90017,THE IMPORTED GRAPE LLC,9176,2024-03-02,2024-03-17,2024-04-28,2024-03,12,48.6,0.26,48.86,4.05,0.0217,0.535,15,42,,40,True
1128,BROWN-FORMAN CORP,9181,2024-03-03,2024-03-17,2024-04-18,2024-03,14855,170276.77,902.47,171179.24,11.4626,0.0608,0.53,14,32,,142,True
17037,Dunn Wine Brokers,9182,2024-03-03,2024-03-17,2024-04-30,2024-03,47,535.8,2.79,538.59,11.4,0.0594,0.5207,14,44,,35,True
10050,Russian Standard Vodka,9189,2024-03-03,2024-03-17,2024-04-23,2024-03,392,1760.53,7.92,1768.45,4.4911,0.0202,0.4499,14,37,,13,True
1655,FABRIZIA SPIRITS LLC,9201,2024-03-04,2024-03-17,2024-04-30,2024-03,148,1435.58,7.18,1442.76,9.6999,0.0485,0.5001,13,44,,8,True
8150,SEA HAGG DISTILLERY LLC,9207,2024-03-04,2024-03-17,2024-04-29,2024-03,73,803.53,3.86,807.39,11.0073,0.0529,0.4804,13,43,,9,True
1485,CASTLE BRANDS CORP.,9115,2024-02-28,2024-03-18,2024-04-26,2024-03,1429,19867.87,89.41,19957.28,13.9033,0.0626,0.45,19,39,,29,True
2496,DUGGANS DISTILLED PRODUCTS,9136,2024-02-29,2024-03-18,2024-05-01,2024-03,134,2241.06,10.31,2251.37,16.7243,0.0769,0.4601,18,44,,5,True
653,STATE WINE & SPIRITS,9146,2024-02-29,2024-03-18,2024-04-18,2024-03,3674,34692.66,169.99,34862.65,9.4427,0.0463,0.49,18,31,,258,True
90053,INCREDIBREW INC,9152,2024-03-01,2024-03-18,2024-04-19,2024-03,35,303.58,1.37,304.95,8.6737,0.0391,0.4513,17,32,,4,True
3252,E & J GALLO WINERY,9169,2024-03-02,2024-03-18,2024-04-26,2024-03,24381,163113.82,799.26,163913.08,6.6902,0.0328,0.49,16,39,,527,True
6359,OLE SMOKY DISTILLERY LLC,9188,2024-03-03,2024-03-18,2024-04-23,2024-03,215,3053.3,16.18,3069.48,14.2014,0.0753,0.5299,15,36,,18,True
90024,VINILANDIA USA,9194,2024-03-03,2024-03-18,2024-04-24,2024-03,892,8232.01,38.69,8270.7,9.2287,0.0434,0.47,15,37,,206,True
9819,TREASURY WINE ESTATES,9209,2024-03-04,2024-03-18,2024-04-20,2024-03,8410,53093.04,276.08,53369.12,6.3131,0.0328,0.52,14,33,,111,True
17032,JEWELL TOWNE VINEYARDS,9117,2024-02-28,2024-03-19,2024-04-22,2024-03,48,383.64,2.07,385.71,7.9925,0.0431,0.5396,20,34,,7,True
12546,JIM BEAM BRANDS COMPANY,9118,2024-02-28,2024-03-19,2024-04-21,2024-03,43098,404299.74,1900.21,406199.95,9.3809,0.0441,0.47,20,33,Frank Delahunt,415,True
7255,PSP WINES,9122,2024-02-28,2024-03-19,2024-04-19,2024-03,176,1247.24,5.86,1253.1,7.0866,0.0333,0.4698,20,31,,32,True
2396,BLACK PRINCE DISTILLERY INC,9162,2024-03-02,2024-03-19,2024-04-16,2024-03,18,113.34,0.51,113.85,6.2967,0.0283,0.45,17,28,,10,True
11567,CAMPARI AMERICA,9165,2024-03-02,2024-03-19,2024-04-20,2024-03,10094,66991.8,321.56,67313.36,6.6368,0.0319,0.48,17,32,,74,True
4848,LAIRD & CO,9187,2024-03-03,2024-03-19,2024-04-16,2024-03,153,1285.12,6.81,1291.93,8.3995,0.0445,0.5299,16,28,,16,True
8663,STAR INDUSTRIES INC.,9190,2024-03-03,2024-03-19,2024-04-20,2024-03,6,98.46,0.51,98.97,16.41,0.085,0.518,16,32,,6,True
1273,CALEDONIA SPIRITS INC,9196,2024-03-04,2024-03-19,2024-04-23,2024-03,43,1293.63,6.34,1299.97,30.0844,0.1474,0.4901,15,35,,5,True
90047,CRUSH WINES,9198,2024-03-04,2024-03-19,2024-04-19,2024-03,383,4162.53,22.06,4184.59,10.8682,0.0576,0.53,15,31,,165,True
90010,VINEXTRA INC,9212,2024-03-04,2024-03-19,2024-04-30,2024-03,70,891.84,4.01,895.85,12.7406,0.0573,0.4496,15,42,,47,True
9625,WESTERN SPIRITS BEVERAGE CO,9130,2024-02-28,2024-03-20,2024-04-25,2024-03,140,2154.95,11.42,2166.37,15.3925,0.0816,0.5299,21,36,,26,True
2242,DELICATO VINEYARDS INC,9135,2024-02-29,2024-03-20,2024-04-25,2024-03,3842,32299.41,171.19,32470.6,8.4069,0.0446,0.53,20,36,,96,True
4425,MARTIGNETTI COMPANIES,9140,2024-02-29,2024-03-20,2024-04-16,2024-03,48908,414544.2,1865.45,416409.65,8.476,0.0381,0.45,20,27,Frank Delahunt,1639,True
90046,CANDIA VINEYARDS,9151,2024-03-01,2024-03-20,2024-04-17,2024-03,23,334.11,1.5,335.61,14.5265,0.0652,0.449,19,28,,5,True
10754,PERFECTA WINES,9155,2024-03-01,2024-03-20,2024-04-21,2024-03,9437,94060.62,517.33,94577.95,9.9672,0.0548,0.55,19,32,,897,True
8004,SAZERAC CO INC,9157,2024-03-01,2024-03-20,2024-04-22,2024-03,21127,156297.38,781.49,157078.87,7.398,0.037,0.5,19,33,,138,True
17033,SEA BREEZE CELLARS LLC,9158,2024-03-01,2024-03-20,2024-04-24,2024-03,50,974.64,4.97,979.61,19.4928,0.0994,0.5099,19,35,,16,True
8735,SURVILLE ENTERPRISES CORP,9161,2024-03-01,2024-03-20,2024-04-27,2024-03,54,467.76,2.48,470.24,8.6622,0.0459,0.5302,19,38,,22,True
1003,BRONCO WINE COMPANY,9164,2024-03-02,2024-03-20,2024-04-25,2024-03,12,31.44,0.14,31.58,2.62,0.0117,0.4453,18,36,,8,True
173357,TAMWORTH DISTILLING,9193,2024-03-03,2024-03-20,2024-04-18,2024-03,25,484.25,2.28,486.53,19.37,0.0912,0.4708,17,29,,4,True
90058,ZORVINO VINEYARDS,9195,2024-03-03,2024-03-20,2024-04-15,2024-03,154,1192.15,6.56,1198.71,7.7412,0.0426,0.5503,17,26,,6,True
17031,FLAG HILL WINERY & VINEYARD,9202,2024-03-04,2024-03-20,2024-04-14,2024-03,331,5866.33,27.57,5893.9,17.7231,0.0833,0.47,16,25,,19,True
9260,TY KU LLC,9211,2024-03-04,2024-03-20,2024-04-22,2024-03,51,567.27,3.01,570.28,11.1229,0.059,0.5306,16,33,,7,True
3924,HEAVEN HILL DISTILLERIES,9116,2024-02-28,2024-03-21,2024-04-26,2024-03,5124,39037.09,195.19,39232.28,7.6185,0.0381,0.5,22,36,,69,True
9751,VINEDREA WINES LLC,9128,2024-02-28,2024-03-21,2024-04-22,2024-03,13,295.36,1.42,296.78,22.72,0.1092,0.4808,22,32,,1,True
1587,VINEYARD BRANDS INC,9129,2024-02-28,2024-03-21,2024-05-01,2024-03,4655,25608.64,128.04,25736.68,5.5013,0.0275,0.5,22,41,,87,True
1650,Circa Wines,9133,2024-02-29,2024-03-21,2024-04-18,2024-03,5,225.15,1.15,226.3,45.03,0.23,0.5108,21,28,,74,True
90011,FORTUNE WINE BROKERS LLC,9137,2024-02-29,2024-03-21,2024-04-25,2024-03,34,246.92,1.33,248.25,7.2624,0.0391,0.5386,21,35,,62,True
6215,MOONLIGHT MEADERY,9142,2024-02-29,2024-03-21,2024-05-01,2024-03,108,968.56,4.65,973.21,8.9681,0.0431,0.4801,21,41,,7,True
8352,LUXCO INC,9153,2024-03-01,2024-03-21,2024-04-19,2024-03,3814,29404.46,155.84,29560.3,7.7096,0.0409,0.53,20,29,,69,True
1590,DIAGEO CHATEAU ESTATE WINES,9167,2024-03-02,2024-03-21,2024-04-26,2024-03,1684,13960.12,68.4,14028.52,8.2899,0.0406,0.49,19,36,,117,True
8673,STE MICHELLE WINE ESTATES,9175,2024-03-02,2024-03-21,2024-04-20,2024-03,4986,36046.31,176.63,36222.94,7.2295,0.0354,0.49,19,30,,144,True
90037,THE PIERPONT GROUP LLC,9177,2024-03-02,2024-03-21,2024-04-17,2024-03,28,398.83,2.03,400.86,14.2439,0.0725,0.509,19,27,,13,True
9744,FREDERICK WILDMAN & SONS,9184,2024-03-03,2024-03-21,2024-04-17,2024-03,791,8341.36,44.21,8385.57,10.5453,0.0559,0.53,18,27,,149,True
4692,KOBRAND CORPORATION,9185,2024-03-03,2024-03-21,2024-04-27,2024-03,2960,27471.41,140.1,27611.51,9.2809,0.0473,0.51,18,37,,242,True
8920,TAKARA SAKE USA INC,9192,2024-03-03,2024-03-21,2024-04-20,2024-03,169,899.29,4.68,903.97,5.3212,0.0277,0.5204,18,30,,3,True
3960,DIAGEO NORTH AMERICA INC,9199,2024-03-04,2024-03-21,2024-04-29,2024-03,81147,676529.18,3044.38,679573.56,8.3371,0.0375,0.45,17,39,Frank Delahunt,449,True
9819,TREASURY WINE ESTATES,9227,2024-03-06,2024-03-21,2024-04-30,2024-03,6199,37825.11,208.04,38033.15,6.1018,0.0336,0.55,15,40,,111,True
3924,HEAVEN HILL DISTILLERIES,9231,2024-03-07,2024-03-21,2024-04-28,2024-03,4847,39368.55,204.72,39573.27,8.1223,0.0422,0.52,14,38,,69,True
6213,MHW LTD,9235,2024-03-07,2024-03-21,2024-05-02,2024-03,2854,22288.34,106.98,22395.32,7.8095,0.0375,0.48,14,42,,96,True
8735,SURVILLE ENTERPRISES CORP,9239,2024-03-07,2024-03-21,2024-05-05,2024-03,73,622.5,3.05,625.55,8.5274,0.0418,0.49,14,45,,22,True
1703,ALISA CARR BEVERAGES,9243,2024-03-08,2024-03-21,2024-04-29,2024-03,2,189.52,0.99,190.51,94.76,0.495,0.5224,13,39,,32,True
3252,E & J GALLO WINERY,9260,2024-03-09,2024-03-21,2024-05-03,2024-03,21411,140925.87,718.72,141644.59,6.5819,0.0336,0.51,12,43,,527,True
8150,SEA HAGG DISTILLERY LLC,9269,2024-03-09,2024-03-21,2024-05-03,2024-03,181,2178.37,9.8,2188.17,12.0352,0.0541,0.4499,12,43,,9,True
8663,STAR INDUSTRIES INC.,9271,2024-03-09,2024-03-21,2024-05-05,2024-03,25,410.25,2.05,412.3,16.41,0.082,0.4997,12,45,,6,True
9751,VINEDREA WINES LLC,9274,2024-03-09,2024-03-21,2024-04-26,2024-03,1,22.72,0.12,22.84,22.72,0.12,0.5282,12,36,,1,True
90051,FULCHINO VINEYARD INC,9287,2024-03-10,2024-03-21,2024-04-23,2024-03,12,120.72,0.64,121.36,10.06,0.0533,0.5302,11,33,,2,True
7153,PINE STATE TRADING CO,9292,2024-03-10,2024-03-21,2024-04-25,2024-03,6314,40752.55,207.84,40960.39,6.4543,0.0329,0.51,11,35,,480,True
90024,VINILANDIA USA,9299,2024-03-10,2024-03-21,2024-04-25,2024-03,563,5609.43,28.61,5638.04,9.9635,0.0508,0.51,11,35,,206,True
7240,"PREMIUM PORT WINES, INC.",9310,2024-03-11,2024-03-21,2024-04-24,2024-03,132,972.75,4.67,977.42,7.3693,0.0354,0.4801,10,34,,3,True
7245,PROXIMO SPIRITS INC.,9311,2024-03-11,2024-03-21,2024-05-06,2024-03,9257,90775.1,472.03,91247.13,9.8061,0.051,0.52,10,46,,114,True
388,ATLANTIC IMPORTING COMPANY,9112,2024-02-28,2024-03-22,2024-04-23,2024-03,36,812.6,4.31,816.91,22.5722,0.1197,0.5304,23,32,,3,True
1189,BULLY BOY DISTILLERS,9114,2024-02-28,2024-03-22,2024-04-14,2024-03,12,264.6,1.46,266.06,22.05,0.1217,0.5518,23,23,,6,True
7239,REMY COINTREAU USA INC,9123,2024-02-28,2024-03-22,2024-04-16,2024-03,2396,55858.34,273.71,56132.05,23.3132,0.1142,0.49,23,25,,45,True
660,SAZERAC NORTH AMERICA INC.,9124,2024-02-28,2024-03-22,2024-04-15,2024-03,7586,54664.94,256.93,54921.87,7.206,0.0339,0.47,23,24,,84,True
6213,MHW LTD,9141,2024-02-29,2024-03-22,2024-04-30,2024-03,4435,30827.07,169.55,30996.62,6.9509,0.0382,0.55,22,39,,96,True
9815,WINE GROUP INC,9150,2024-02-29,2024-03-22,2024-04-18,2024-03,15115,88478.31,442.39,88920.7,5.8537,0.0293,0.5,22,27,,215,True
2876,CENTEUR IMPORTS LLC,9166,2024-03-02,2024-03-22,2024-04-19,2024-03,10,80.2,0.43,80.63,8.02,0.043,0.5362,20,28,,11,True
90032,LABELLE VYDS AND WINERY,9186,2024-03-03,2024-03-22,2024-04-27,2024-03,225,2519.07,11.59,2530.66,11.1959,0.0515,0.4601,19,36,,10,True
5992,MCCORMICK DISTILLING CO,9203,2024-03-04,2024-03-22,2024-05-01,2024-03,377,3591.95,17.96,3609.91,9.5277,0.0476,0.5,18,40,,35,True
6355,NICHE W & S,9204,2024-03-04,2024-03-22,2024-04-21,2024-03,20,305.2,1.56,306.76,15.26,0.078,0.5111,18,30,,8,True
9206,PHILLIPS PRODUCTS CO.,9205,2024-03-04,2024-03-22,2024-04-30,2024-03,1023,8851.95,47.8,8899.75,8.6529,0.0467,0.54,18,39,,33,True
2396,BLACK PRINCE DISTILLERY INC,9214,2024-03-06,2024-03-22,2024-05-02,2024-03,22,224.62,1.17,225.79,10.21,0.0532,0.5209,16,41,,10,True
6785,PALM BAY INTERNATIONAL INC,9221,2024-03-06,2024-03-22,2024-04-28,2024-03,5862,41486.04,207.43,41693.47,7.0771,0.0354,0.5,16,37,,174,True
1265,BLACK ROCK SPIRITS LLC,9229,2024-03-07,2024-03-22,2024-04-28,2024-03,1,14.05,0.07,14.12,14.05,0.07,0.4982,15,37,,1,True
1189,BULLY BOY DISTILLERS,9257,2024-03-09,2024-03-22,2024-04-24,2024-03,42,926.1,5.0,931.1,22.05,0.119,0.5399,13,33,,6,True
2242,DELICATO VINEYARDS INC,9258,2024-03-09,2024-03-22,2024-04-30,2024-03,3242,27465.37,142.82,27608.19,8.4717,0.0441,0.52,13,39,,96,True
17032,JEWELL TOWNE VINEYARDS,9261,2024-03-09,2024-03-22,2024-05-01,2024-03,108,816.12,3.75,819.87,7.5567,0.0347,0.4595,13,40,,7,True
5455,MARSALLE COMPANY,9264,2024-03-09,2024-03-22,2024-05-04,2024-03,64,1673.76,8.37,1682.13,26.1525,0.1308,0.5001,13,43,,10,True
3664,WILLIAM GRANT & SONS INC,9276,2024-03-09,2024-03-22,2024-05-06,2024-03,3138,58560.22,281.09,58841.31,18.6616,0.0896,0.48,13,45,,85,True
90011,FORTUNE WINE BROKERS LLC,9286,2024-03-10,2024-03-22,2024-04-24,2024-03,12,149.88,0.72,150.6,12.49,0.06,0.4804,12,33,,62,True
17035,PERNOD RICARD USA,9291,2024-03-10,2024-03-22,2024-05-08,2024-03,23183,318218.51,1591.09,319809.6,13.7264,0.0686,0.5,12,47,Frank Delahunt,277,True
9165,ULTRA BEVERAGE COMPANY LLP,9298,2024-03-10,2024-03-22,2024-04-21,2024-03,11560,141718.8,651.91,142370.71,12.2594,0.0564,0.46,12,30,,965,True
4848,LAIRD & CO,9307,2024-03-11,2024-03-22,2024-05-06,2024-03,229,2356.06,12.25,2368.31,10.2885,0.0535,0.5199,11,45,,16,True
4425,MARTIGNETTI COMPANIES,9309,2024-03-11,2024-03-22,2024-04-25,2024-03,32193,290103.52,1537.55,291641.07,9.0114,0.0478,0.53,11,34,Frank Delahunt,1639,True
480,BACARDI USA INC,9213,2024-03-06,2024-03-23,2024-04-24,2024-03,13411,131921.07,712.37,132633.44,9.8368,0.0531,0.54,17,32,,184,True
12331,STELLAR IMPORTING CO LLC,9225,2024-03-06,2024-03-23,2024-05-06,2024-03,24,134.88,0.69,135.57,5.62,0.0287,0.5116,17,44,,19,True
8920,TAKARA SAKE USA INC,9226,2024-03-06,2024-03-23,2024-05-07,2024-03,153,689.55,3.1,692.65,4.5069,0.0203,0.4496,17,45,,3,True
98450,Serralles Usa LLC,9237,2024-03-07,2024-03-23,2024-04-24,2024-03,164,2387.29,11.22,2398.51,14.5566,0.0684,0.47,16,32,,16,True
4466,AMERICAN VINTAGE BEVERAGE,9244,2024-03-08,2024-03-23,2024-04-21,2024-03,161,1510.69,6.95,1517.64,9.3832,0.0432,0.4601,15,29,,3,True
8112,MOET HENNESSY USA INC,9252,2024-03-08,2024-03-23,2024-04-27,2024-03,4072,71771.06,380.39,72151.45,17.6255,0.0934,0.53,15,35,,129,True
4692,KOBRAND CORPORATION,9262,2024-03-09,2024-03-23,2024-04-30,2024-03,2554,25795.42,118.66,25914.08,10.1,0.0465,0.46,14,38,,242,True
9206,PHILLIPS PRODUCTS CO.,9265,2024-03-09,2024-03-23,2024-04-30,2024-03,965,8553.54,39.35,8592.89,8.8638,0.0408,0.46,14,38,,33,True
8892,TRINCHERO FAMILY ESTATES,9272,2024-03-09,2024-03-23,2024-05-01,2024-03,4689,29095.29,151.3,29246.59,6.205,0.0323,0.52,14,39,,153,True
9815,WINE GROUP INC,9277,2024-03-09,2024-03-23,2024-05-08,2024-03,13056,78626.74,416.72,79043.46,6.0223,0.0319,0.53,14,46,,215,True
516,BANFI PRODUCTS CORP,9301,2024-03-11,2024-03-23,2024-04-27,2024-03,2910,18325.33,89.79,18415.12,6.2974,0.0309,0.49,12,35,,149,True
12546,JIM BEAM BRANDS COMPANY,9305,2024-03-11,2024-03-23,2024-04-25,2024-03,40321,333536.88,1834.45,335371.33,8.272,0.0455,0.55,12,33,Frank Delahunt,415,True
4550,KLIN SPIRITS LLC,9217,2024-03-06,2024-03-24,2024-05-05,2024-03,130,1829.1,8.23,1837.33,14.07,0.0633,0.4499,18,42,,4,True
9552,M S WALKER INC,9218,2024-03-06,2024-03-24,2024-05-05,2024-03,20303,141641.88,750.7,142392.58,6.9764,0.037,0.53,18,42,,960,True
660,SAZERAC NORTH AMERICA INC.,9223,2024-03-06,2024-03-24,2024-05-01,2024-03,6792,49123.1,270.18,49393.28,7.2325,0.0398,0.55,18,38,,84,True
2561,EDRINGTON AMERICAS,9248,2024-03-08,2024-03-24,2024-04-25,2024-03,930,27042.94,129.81,27172.75,29.0784,0.1396,0.48,16,32,,33,True
90057,WALPOLE MTN VIEW WINERY,9255,2024-03-08,2024-03-24,2024-04-26,2024-03,12,137.16,0.66,137.82,11.43,0.055,0.4812,16,33,,3,True
90027,POVERTY LANE ORCHARDS,9266,2024-03-09,2024-03-24,2024-04-30,2024-03,84,592.68,3.26,595.94,7.0557,0.0388,0.55,15,37,,8,True
1601,VRANKEN AMERICA,9275,2024-03-09,2024-03-24,2024-05-07,2024-03,78,1829.14,8.23,1837.37,23.4505,0.1055,0.4499,15,44,,21,True
1650,Circa Wines,9282,2024-03-10,2024-03-24,2024-05-04,2024-03,90,1071.48,4.93,1076.41,11.9053,0.0548,0.4601,14,41,,74,True
2496,DUGGANS DISTILLED PRODUCTS,9285,2024-03-10,2024-03-24,2024-05-06,2024-03,99,1624.59,8.61,1633.2,16.41,0.087,0.53,14,43,,5,True
10000,MAJESTIC FINE WINES,9288,2024-03-10,2024-03-24,2024-05-07,2024-03,4333,31783.84,168.45,31952.29,7.3353,0.0389,0.53,14,44,,40,True
10754,PERFECTA WINES,9290,2024-03-10,2024-03-24,2024-05-08,2024-03,7077,70042.4,378.23,70420.63,9.8972,0.0534,0.54,14,45,,897,True
1128,BROWN-FORMAN CORP,9215,2024-03-06,2024-03-25,2024-04-24,2024-03,13010,164097.83,804.08,164901.91,12.6132,0.0618,0.49,19,30,,142,True
5992,MCCORMICK DISTILLING CO,9234,2024-03-07,2024-03-25,2024-05-03,2024-03,399,3525.75,15.87,3541.62,8.8365,0.0398,0.4501,18,39,,35,True
4380,CHARLES JACQUIN ET CIE INC,9246,2024-03-08,2024-03-25,2024-05-05,2024-03,579,5399.01,28.61,5427.62,9.3247,0.0494,0.5299,17,41,,15,True
1655,FABRIZIA SPIRITS LLC,9249,2024-03-08,2024-03-25,2024-04-28,2024-03,161,1436.52,7.76,1444.28,8.9225,0.0482,0.5402,17,34,,8,True
3950,"HOOD RIVER DISTILLERS, Inc.",9250,2024-03-08,2024-03-25,2024-04-29,2024-03,18,337.2,1.75,338.95,18.7333,0.0972,0.519,17,35,,7,True
90053,INCREDIBREW INC,9251,2024-03-08,2024-03-25,2024-04-30,2024-03,35,303.82,1.52,305.34,8.6806,0.0434,0.5003,17,36,,4,True
8320,SHAW ROSS INT L IMP LTD,9270,2024-03-09,2024-03-25,2024-05-04,2024-03,956,7928.7,40.44,7969.14,8.2936,0.0423,0.51,16,40,,38,True
9260,TY KU LLC,9273,2024-03-09,2024-03-25,2024-04-25,2024-03,46,635.28,3.24,638.52,13.8104,0.0704,0.51,16,31,,7,True
1273,CALEDONIA SPIRITS INC,9279,2024-03-10,2024-03-25,2024-04-27,2024-03,79,2478.42,13.14,2491.56,31.3724,0.1663,0.5302,15,33,,5,True
90046,CANDIA VINEYARDS,9280,2024-03-10,2024-03-25,2024-04-27,2024-03,48,483.0,2.32,485.32,10.0625,0.0483,0.4803,15,33,,5,True
2450,DJINN SPIRITS LLC,9216,2024-03-06,2024-03-26,2024-04-21,2024-03,6,129.48,0.65,130.13,21.58,0.1083,0.502,20,26,,6,True
6359,OLE SMOKY DISTILLERY LLC,9220,2024-03-06,2024-03-26,2024-05-07,2024-03,194,2740.27,13.7,2753.97,14.1251,0.0706,0.5,20,42,,18,True
388,ATLANTIC IMPORTING COMPANY,9228,2024-03-07,2024-03-26,2024-04-23,2024-03,84,2422.0,11.38,2433.38,28.8333,0.1355,0.4699,19,28,,3,True
7239,REMY COINTREAU USA INC,9236,2024-03-07,2024-03-26,2024-04-26,2024-03,1947,46108.69,235.15,46343.84,23.6819,0.1208,0.51,19,31,,45,True
7154,PREMIER DISTRIBUTORS,9267,2024-03-09,2024-03-26,2024-05-04,2024-03,66,1046.34,5.02,1051.36,15.8536,0.0761,0.4798,17,39,,7,True
1590,DIAGEO CHATEAU ESTATE WINES,9284,2024-03-10,2024-03-26,2024-05-08,2024-03,1193,9646.22,53.05,9699.27,8.0857,0.0445,0.55,16,43,,117,True
17033,SEA BREEZE CELLARS LLC,9293,2024-03-10,2024-03-26,2024-05-08,2024-03,23,255.3,1.33,256.63,11.1,0.0578,0.521,16,43,,16,True
90056,SWEET BABY VINEYARD,9295,2024-03-10,2024-03-26,2024-04-22,2024-03,143,1197.74,6.11,1203.85,8.3758,0.0427,0.5101,16,27,,4,True
90017,THE IMPORTED GRAPE LLC,9297,2024-03-10,2024-03-26,2024-04-22,2024-03,22,114.18,0.55,114.73,5.19,0.025,0.4817,16,27,,40,True
17037,Dunn Wine Brokers,9303,2024-03-11,2024-03-26,2024-04-27,2024-03,20,228.0,1.03,229.03,11.4,0.0515,0.4518,15,32,,35,True
17031,FLAG HILL WINERY & VINEYARD,9304,2024-03-11,2024-03-26,2024-05-05,2024-03,534,7239.07,39.09,7278.16,13.5563,0.0732,0.54,15,40,,19,True
4425,MARTIGNETTI COMPANIES,9233,2024-03-07,2024-03-27,2024-04-28,2024-03,22,682.0,3.27,685.27,31.0,0.1486,0.4795,20,32,,1639,True
3089,SIDNEY FRANK IMPORTING CO,9238,2024-03-07,2024-03-27,2024-04-28,2024-03,2525,21473.87,118.11,21591.98,8.5045,0.0468,0.55,20,32,,13,True
173357,TAMWORTH DISTILLING,9240,2024-03-07,2024-03-27,2024-05-07,2024-03,91,1762.67,7.93,1770.6,19.37,0.0871,0.4499,20,41,,4,True
90058,ZORVINO VINEYARDS,9242,2024-03-07,2024-03-27,2024-05-02,2024-03,130,1163.59,5.24,1168.83,8.9507,0.0403,0.4503,20,36,,6,True
11567,CAMPARI AMERICA,9245,2024-03-08,2024-03-27,2024-04-24,2024-03,10252,57451.19,270.02,57721.21,5.6039,0.0263,0.47,19,28,,74,True
2555,DISARONNO INTERNATIONAL LLC,9259,2024-03-09,2024-03-27,2024-05-08,2024-03,1324,14815.94,74.08,14890.02,11.1903,0.056,0.5,18,42,,12,True
8352,LUXCO INC,9263,2024-03-09,2024-03-27,2024-05-05,2024-03,3579,26996.71,137.68,27134.39,7.5431,0.0385,0.51,18,39,,69,True
7255,PSP WINES,9268,2024-03-09,2024-03-27,2024-04-24,2024-03,147,1057.0,5.71,1062.71,7.1905,0.0388,0.5402,18,28,,32,True
653,STATE WINE & SPIRITS,9314,2024-03-11,2024-03-27,2024-04-23,2024-03,1260,12183.49,62.14,12245.63,9.6694,0.0493,0.51,16,27,,258,True
10050,Russian Standard Vodka,9222,2024-03-06,2024-03-28,2024-05-04,2024-03,156,2315.03,11.81,2326.84,14.8399,0.0757,0.5101,22,37,,13,True
4950,LATITUDE BEVERAGE COMPANY,9232,2024-03-07,2024-03-28,2024-05-04,2024-03,798,4467.86,21.0,4488.86,5.5988,0.0263,0.47,21,37,,45,True
90010,VINEXTRA INC,9241,2024-03-07,2024-03-28,2024-05-04,2024-03,66,514.2,2.78,516.98,7.7909,0.0421,0.5406,21,37,,47,True
8673,STE MICHELLE WINE ESTATES,9253,2024-03-08,2024-03-28,2024-04-21,2024-03,3644,26275.16,136.63,26411.79,7.2105,0.0375,0.52,20,24,,144,True
1587,VINEYARD BRANDS INC,9254,2024-03-08,2024-03-28,2024-04-28,2024-03,2534,15031.42,76.66,15108.08,5.9319,0.0303,0.51,20,31,,87,True
9625,WESTERN SPIRITS BEVERAGE CO,9256,2024-03-08,2024-03-28,2024-04-27,2024-03,166,2842.69,14.5,2857.19,17.1246,0.0873,0.5101,20,30,,26,True
1003,BRONCO WINE COMPANY,9278,2024-03-10,2024-03-28,2024-05-03,2024-03,24,146.58,0.72,147.3,6.1075,0.03,0.4912,18,36,,8,True
1392,CONSTELLATION BRANDS INC,9283,2024-03-10,2024-03-28,2024-04-27,2024-03,27345,173680.82,885.77,174566.59,6.3515,0.0324,0.51,18,30,,481,True
6215,MOONLIGHT MEADERY,9289,2024-03-10,2024-03-28,2024-04-29,2024-03,36,333.84,1.74,335.58,9.2733,0.0483,0.5212,18,32,,7,True
3960,DIAGEO NORTH AMERICA INC,9302,2024-03-11,2024-03-28,2024-04-30,2024-03,81771,645253.01,3032.69,648285.7,7.891,0.0371,0.47,17,33,Frank Delahunt,449,True
5270,MANGO BOTTLING INC,9308,2024-03-11,2024-03-28,2024-05-07,2024-03,6,45.04,0.23,45.27,7.5067,0.0383,0.5107,17,40,,6,True
2000,SOUTHERN WINE & SPIRITS NE,9313,2024-03-11,2024-03-28,2024-05-04,2024-03,6000,55828.91,284.73,56113.64,9.3048,0.0475,0.51,17,37,,417,True
90037,THE PIERPONT GROUP LLC,9315,2024-03-11,2024-03-28,2024-04-27,2024-03,32,367.31,1.76,369.07,11.4784,0.055,0.4792,17,30,,13,True
8892,TRINCHERO FAMILY ESTATES,9329,2024-03-13,2024-03-28,2024-04-28,2024-03,4601,28943.94,141.83,29085.77,6.2908,0.0308,0.49,15,31,,153,True
11567,CAMPARI AMERICA,9330,2024-03-14,2024-03-28,2024-05-07,2024-03,8195,56623.14,271.79,56894.93,6.9095,0.0332,0.48,14,40,,74,True
4950,LATITUDE BEVERAGE COMPANY,9376,2024-03-17,2024-03-28,2024-05-11,2024-03,801,4444.76,22.67,4467.43,5.549,0.0283,0.51,11,44,,45,True
9625,WESTERN SPIRITS BEVERAGE CO,9387,2024-03-17,2024-03-28,2024-05-13,2024-03,162,2861.6,14.59,2876.19,17.6642,0.0901,0.5099,11,46,,26,True
17032,JEWELL TOWNE VINEYARDS,9397,2024-03-18,2024-03-28,2024-05-13,2024-03,60,518.76,2.54,521.3,8.646,0.0423,0.4896,10,46,,7,True
9260,TY KU LLC,9411,2024-03-18,2024-03-28,2024-04-30,2024-03,25,473.25,2.32,475.57,18.93,0.0928,0.4902,10,33,,7,True
6355,NICHE W & S,9219,2024-03-06,2024-03-29,2024-05-02,2024-03,6,91.56,0.49,92.05,15.26,0.0817,0.5352,23,34,,8,True
28750,SMOKY QUARTZ DISTILLERY LLC,9224,2024-03-06,2024-03-29,2024-04-30,2024-03,75,1623.39,7.47,1630.86,21.6452,0.0996,0.4601,23,32,,4,True
9744,FREDERICK WILDMAN & SONS,9230,2024-03-07,2024-03-29,2024-05-02,2024-03,648,10407.07,57.24,10464.31,16.0603,0.0883,0.55,22,34,,149,True
90047,CRUSH WINES,9247,2024-03-08,2024-03-29,2024-05-03,2024-03,639,8671.54,45.96,8717.5,13.5705,0.0719,0.53,21,35,,165,True
1485,CASTLE BRANDS CORP.,9281,2024-03-10,2024-03-29,2024-04-26,2024-03,937,13661.96,65.58,13727.54,14.5805,0.07,0.48,19,28,,29,True
8664,"STOLI GROUP,(USA) LLC",9294,2024-03-10,2024-03-29,2024-04-22,2024-03,2671,43603.15,218.02,43821.17,16.3247,0.0816,0.5,19,24,,48,True
28776,TALL SHIP DISTILLERY LLC,9296,2024-03-10,2024-03-29,2024-05-04,2024-03,12,249.12,1.35,250.47,20.76,0.1125,0.5419,19,36,,4,True
9622,WEIN BAUER INC,9300,2024-03-10,2024-03-29,2024-05-03,2024-03,54,1030.32,5.67,1035.99,19.08,0.105,0.5503,19,35,,6,True
90032,LABELLE VYDS AND WINERY,9306,2024-03-11,2024-03-29,2024-04-21,2024-03,144,1541.4,8.17,1549.57,10.7042,0.0567,0.53,18,23,,10,True
8004,SAZERAC CO INC,9312,2024-03-11,2024-03-29,2024-04-28,2024-03,17574,110768.59,509.54,111278.13,6.303,0.029,0.46,18,30,,138,True
2396,BLACK PRINCE DISTILLERY INC,9317,2024-03-13,2024-03-29,2024-04-28,2024-03,22,154.18,0.83,155.01,7.0082,0.0377,0.5383,16,30,,10,True
7154,PREMIER DISTRIBUTORS,9326,2024-03-13,2024-03-29,2024-05-09,2024-03,119,1640.83,8.2,1649.03,13.7885,0.0689,0.4997,16,41,,7,True
4550,KLIN SPIRITS LLC,9336,2024-03-14,2024-03-29,2024-05-09,2024-03,77,1083.39,5.31,1088.7,14.07,0.069,0.4901,15,41,,4,True
2242,DELICATO VINEYARDS INC,9358,2024-03-16,2024-03-29,2024-05-09,2024-03,3291,27920.25,134.02,28054.27,8.4838,0.0407,0.48,13,41,,96,True
4848,LAIRD & CO,9361,2024-03-16,2024-03-29,2024-05-14,2024-03,135,1177.37,5.77,1183.14,8.7213,0.0427,0.4901,13,46,,16,True
8004,SAZERAC CO INC,9365,2024-03-16,2024-03-29,2024-05-10,2024-03,17653,104643.36,481.36,105124.72,5.9278,0.0273,0.46,13,42,,138,True
28750,SMOKY QUARTZ DISTILLERY LLC,9381,2024-03-17,2024-03-29,2024-05-15,2024-03,36,775.08,4.26,779.34,21.53,0.1183,0.5496,12,47,,4,True
9751,VINEDREA WINES LLC,9384,2024-03-17,2024-03-29,2024-05-12,2024-03,6,136.32,0.74,137.06,22.72,0.1233,0.5428,12,44,,1,True
90011,FORTUNE WINE BROKERS LLC,9395,2024-03-18,2024-03-29,2024-05-10,2024-03,93,733.77,3.6,737.37,7.89,0.0387,0.4906,11,42,,62,True
12546,JIM BEAM BRANDS COMPANY,9398,2024-03-18,2024-03-29,2024-04-29,2024-03,42045,337334.88,1787.87,339122.75,8.0232,0.0425,0.53,11,31,Frank Delahunt,415,True
6213,MHW LTD,9338,2024-03-14,2024-03-30,2024-04-28,2024-03,2578,24504.72,127.42,24632.14,9.5053,0.0494,0.52,16,29,,96,True
12331,STELLAR IMPORTING CO LLC,9354,2024-03-15,2024-03-30,2024-05-14,2024-03,267,2583.12,12.14,2595.26,9.6746,0.0455,0.47,15,45,,19,True
388,ATLANTIC IMPORTING COMPANY,9357,2024-03-16,2024-03-30,2024-05-13,2024-03,42,895.44,4.84,900.28,21.32,0.1152,0.5405,14,44,,3,True
4425,MARTIGNETTI COMPANIES,9363,2024-03-16,2024-03-30,2024-05-15,2024-03,269,2868.35,14.92,2883.27,10.663,0.0555,0.5202,14,46,,1639,True
28776,TALL SHIP DISTILLERY LLC,9367,2024-03-16,2024-03-30,2024-05-07,2024-03,24,511.68,2.56,514.24,21.32,0.1067,0.5003,14,38,,4,True
2496,DUGGANS DISTILLED PRODUCTS,9372,2024-03-17,2024-03-30,2024-04-29,2024-03,118,1956.14,10.56,1966.7,16.5775,0.0895,0.5398,13,30,,5,True
90010,VINEXTRA INC,9385,2024-03-17,2024-03-30,2024-05-15,2024-03,68,725.48,3.92,729.4,10.6688,0.0576,0.5403,13,46,,47,True
9622,WEIN BAUER INC,9386,2024-03-17,2024-03-30,2024-05-01,2024-03,60,1144.8,5.27,1150.07,19.08,0.0878,0.4603,13,32,,6,True
10754,PERFECTA WINES,9401,2024-03-18,2024-03-30,2024-05-12,2024-03,6257,51255.14,235.77,51490.91,8.1916,0.0377,0.46,12,43,,897,True
98450,Serralles Usa LLC,9328,2024-03-13,2024-03-31,2024-05-13,2024-03,89,1268.56,6.6,1275.16,14.2535,0.0742,0.5203,18,43,,16,True
8663,STAR INDUSTRIES INC.,9341,2024-03-14,2024-03-31,2024-05-02,2024-03,2,32.82,0.18,33.0,16.41,0.09,0.5484,17,32,,6,True
90056,SWEET BABY VINEYARD,9344,2024-03-14,2024-03-31,2024-04-29,2024-03,129,1090.8,5.45,1096.25,8.4558,0.0422,0.4996,17,29,,4,True
2555,DISARONNO INTERNATIONAL LLC,9359,2024-03-16,2024-03-31,2024-05-13,2024-03,1350,14004.63,63.02,14067.65,10.3738,0.0467,0.45,15,43,,12,True
9819,TREASURY WINE ESTATES,9369,2024-03-16,2024-03-31,2024-04-29,2024-03,6141,32794.21,150.85,32945.06,5.3402,0.0246,0.46,15,29,,111,True
4466,AMERICAN VINTAGE BEVERAGE,9371,2024-03-17,2024-03-31,2024-05-13,2024-03,176,1649.2,8.91,1658.11,9.3705,0.0506,0.5403,14,43,,3,True
8112,MOET HENNESSY USA INC,9377,2024-03-17,2024-03-31,2024-05-12,2024-03,3430,70566.24,331.66,70897.9,20.5732,0.0967,0.47,14,42,,129,True
7153,PINE STATE TRADING CO,9403,2024-03-18,2024-03-31,2024-05-04,2024-03,4729,31813.61,146.34,31959.95,6.7273,0.0309,0.46,13,34,,480,True
10050,Russian Standard Vodka,9406,2024-03-18,2024-03-31,2024-05-15,2024-03,72,322.56,1.68,324.24,4.48,0.0233,0.5208,13,45,,13,True
8735,SURVILLE ENTERPRISES CORP,9409,2024-03-18,2024-03-31,2024-05-05,2024-03,83,693.24,3.54,696.78,8.3523,0.0427,0.5106,13,35,,22,True
8920,TAKARA SAKE USA INC,9410,2024-03-18,2024-03-31,2024-05-11,2024-03,171,920.13,4.78,924.91,5.3809,0.028,0.5195,13,41,,3,True
4380,CHARLES JACQUIN ET CIE INC,9319,2024-03-13,2024-04-01,2024-05-07,2024-04,521,4340.54,20.83,4361.37,8.3312,0.04,0.4799,19,36,,15,True
8352,LUXCO INC,9322,2024-03-13,2024-04-01,2024-04-29,2024-04,3774,29583.0,142.0,29725.0,7.8386,0.0376,0.48,19,28,,69,True
2450,DJINN SPIRITS LLC,9333,2024-03-14,2024-04-01,2024-05-07,2024-04,12,199.92,1.1,201.02,16.66,0.0917,0.5502,18,36,,6,True
4692,KOBRAND CORPORATION,9337,2024-03-14,2024-04-01,2024-05-07,2024-04,2594,23906.57,119.53,24026.1,9.2161,0.0461,0.5,18,36,,242,True
17035,PERNOD RICARD USA,9339,2024-03-14,2024-04-01,2024-05-15,2024-04,21462,280795.82,1460.14,282255.96,13.0834,0.068,0.52,18,44,Frank Delahunt,277,True
3089,SIDNEY FRANK IMPORTING CO,9340,2024-03-14,2024-04-01,2024-04-28,2024-04,2331,19262.4,98.24,19360.64,8.2636,0.0421,0.51,18,27,,13,True
90024,VINILANDIA USA,9346,2024-03-14,2024-04-01,2024-05-05,2024-04,536,4981.54,23.41,5004.95,9.2939,0.0437,0.4699,18,34,,206,True
9815,WINE GROUP INC,9347,2024-03-14,2024-04-01,2024-04-30,2024-04,13355,79751.99,438.64,80190.63,5.9717,0.0328,0.55,18,29,,215,True
1273,CALEDONIA SPIRITS INC,9348,2024-03-15,2024-04-01,2024-05-06,2024-04,45,1374.6,7.42,1382.02,30.5467,0.1649,0.5398,17,35,,5,True
4425,MARTIGNETTI COMPANIES,9350,2024-03-15,2024-04-01,2024-05-01,2024-04,33233,292322.07,1461.61,293783.68,8.7961,0.044,0.5,17,30,Frank Delahunt,1639,True
7240,"PREMIUM PORT WINES, INC.",9364,2024-03-16,2024-04-01,2024-05-03,2024-04,162,1155.51,5.55,1161.06,7.1328,0.0343,0.4803,16,32,,3,True
2000,SOUTHERN WINE & SPIRITS NE,9382,2024-03-17,2024-04-01,2024-05-05,2024-04,4456,43440.11,234.58,43674.69,9.7487,0.0526,0.54,15,34,,417,True
90017,THE IMPORTED GRAPE LLC,9383,2024-03-17,2024-04-01,2024-05-15,2024-04,105,503.94,2.52,506.46,4.7994,0.024,0.5001,15,44,,40,True
17037,Dunn Wine Brokers,9394,2024-03-18,2024-04-01,2024-04-28,2024-04,59,719.76,3.24,723.0,12.1993,0.0549,0.4502,14,27,,35,True
3950,"HOOD RIVER DISTILLERS, Inc.",9396,2024-03-18,2024-04-01,2024-05-13,2024-04,29,625.82,3.19,629.01,21.58,0.11,0.5097,14,42,,7,True
7255,PSP WINES,9404,2024-03-18,2024-04-01,2024-05-10,2024-04,108,712.2,3.7,715.9,6.5944,0.0343,0.5195,14,39,,32,True
7239,REMY COINTREAU USA INC,9405,2024-03-18,2024-04-01,2024-05-07,2024-04,1988,47069.42,254.17,47323.59,23.6768,0.1279,0.54,14,36,,45,True
17033,SEA BREEZE CELLARS LLC,9408,2024-03-18,2024-04-01,2024-05-01,2024-04,18,505.56,2.28,507.84,28.0867,0.1267,0.451,14,30,,16,True
9165,ULTRA BEVERAGE COMPANY LLP,9412,2024-03-18,2024-04-01,2024-05-09,2024-04,11200,143620.79,732.47,144353.26,12.8233,0.0654,0.51,14,38,,965,True
1587,VINEYARD BRANDS INC,9413,2024-03-18,2024-04-01,2024-05-14,2024-04,2287,14870.15,78.81,14948.96,6.502,0.0345,0.53,14,43,,87,True
3960,DIAGEO NORTH AMERICA INC,9320,2024-03-13,2024-04-02,2024-05-13,2024-04,80495,604197.73,2900.15,607097.88,7.506,0.036,0.48,20,41,Frank Delahunt,449,True
9552,M S WALKER INC,9323,2024-03-13,2024-04-02,2024-05-12,2024-04,20092,153107.58,734.92,153842.5,7.6203,0.0366,0.48,20,40,,960,True
2561,EDRINGTON AMERICAS,9334,2024-03-14,2024-04-02,2024-05-10,2024-04,951,26168.64,120.38,26289.02,27.517,0.1266,0.46,19,38,,33,True
17031,FLAG HILL WINERY & VINEYARD,9335,2024-03-14,2024-04-02,2024-04-28,2024-04,253,3581.66,17.91,3599.57,14.1568,0.0708,0.5,19,26,,19,True
6359,OLE SMOKY DISTILLERY LLC,9352,2024-03-15,2024-04-02,2024-05-04,2024-04,125,1783.42,8.56,1791.98,14.2674,0.0685,0.48,18,32,,18,True
3924,HEAVEN HILL DISTILLERIES,9360,2024-03-16,2024-04-02,2024-05-05,2024-04,5104,37985.47,186.13,38171.6,7.4423,0.0365,0.49,17,33,,69,True
9744,FREDERICK WILDMAN & SONS,9375,2024-03-17,2024-04-02,2024-05-13,2024-04,686,7811.59,38.28,7849.87,11.3872,0.0558,0.49,16,41,,149,True
6215,MOONLIGHT MEADERY,9378,2024-03-17,2024-04-02,2024-05-01,2024-04,72,619.68,2.97,622.65,8.6067,0.0413,0.4793,16,29,,7,True
6830,PARK STREET IMPORTS LLC,9379,2024-03-17,2024-04-02,2024-05-15,2024-04,6,162.72,0.83,163.55,27.12,0.1383,0.5101,16,43,,12,True
480,BACARDI USA INC,9389,2024-03-18,2024-04-02,2024-04-30,2024-04,12719,137470.25,714.85,138185.1,10.8083,0.0562,0.52,15,28,,184,True
1189,BULLY BOY DISTILLERS,9391,2024-03-18,2024-04-02,2024-05-03,2024-04,12,264.6,1.22,265.82,22.05,0.1017,0.4611,15,31,,6,True
90047,CRUSH WINES,9393,2024-03-18,2024-04-02,2024-05-11,2024-04,225,2509.67,11.29,2520.96,11.1541,0.0502,0.4499,15,39,,165,True
516,BANFI PRODUCTS CORP,9316,2024-03-13,2024-04-03,2024-05-14,2024-04,2194,15426.4,77.13,15503.53,7.0312,0.0352,0.5,21,41,,149,True
90027,POVERTY LANE ORCHARDS,9325,2024-03-13,2024-04-03,2024-05-04,2024-04,48,336.96,1.79,338.75,7.02,0.0373,0.5312,21,31,,8,True
90058,ZORVINO VINEYARDS,9356,2024-03-15,2024-04-03,2024-05-03,2024-04,141,1122.39,5.61,1128.0,7.9602,0.0398,0.4998,19,30,,6,True
5455,MARSALLE COMPANY,9362,2024-03-16,2024-04-03,2024-04-28,2024-04,80,1935.2,9.68,1944.88,24.19,0.121,0.5002,18,25,,10,True
8673,STE MICHELLE WINE ESTATES,9366,2024-03-16,2024-04-03,2024-05-12,2024-04,3744,25958.49,137.58,26096.07,6.9334,0.0367,0.53,18,39,,144,True
3664,WILLIAM GRANT & SONS INC,9370,2024-03-16,2024-04-03,2024-05-08,2024-04,3900,73646.97,368.23,74015.2,18.8838,0.0944,0.5,18,35,,85,True
1703,ALISA CARR BEVERAGES,9388,2024-03-18,2024-04-03,2024-05-10,2024-04,8,623.36,2.93,626.29,77.92,0.3663,0.47,16,37,,32,True
1128,BROWN-FORMAN CORP,9390,2024-03-18,2024-04-03,2024-05-02,2024-04,13312,158392.02,712.76,159104.78,11.8984,0.0535,0.45,16,29,,142,True
10000,MAJESTIC FINE WINES,9399,2024-03-18,2024-04-03,2024-05-09,2024-04,4403,33682.3,158.31,33840.61,7.6499,0.036,0.47,16,36,,40,True
9206,PHILLIPS PRODUCTS CO.,9402,2024-03-18,2024-04-03,2024-05-13,2024-04,848,12692.19,68.54,12760.73,14.9672,0.0808,0.54,16,40,,33,True
660,SAZERAC NORTH AMERICA INC.,9407,2024-03-18,2024-04-03,2024-05-08,2024-04,7124,51309.31,241.15,51550.46,7.2023,0.0339,0.47,16,35,,84,True
1003,BRONCO WINE COMPANY,9318,2024-03-13,2024-04-04,2024-05-13,2024-04,6,35.7,0.2,35.9,5.95,0.0333,0.5602,22,39,,8,True
90032,LABELLE VYDS AND WINERY,9321,2024-03-13,2024-04-04,2024-05-12,2024-04,108,1167.72,5.25,1172.97,10.8122,0.0486,0.4496,22,38,,10,True
1392,CONSTELLATION BRANDS INC,9331,2024-03-14,2024-04-04,2024-05-04,2024-04,32632,200462.77,922.13,201384.9,6.1431,0.0283,0.46,21,30,,481,True
1590,DIAGEO CHATEAU ESTATE WINES,9332,2024-03-14,2024-04-04,2024-05-12,2024-04,1395,10713.13,52.49,10765.62,7.6797,0.0376,0.49,21,38,,117,True
653,STATE WINE & SPIRITS,9342,2024-03-14,2024-04-04,2024-04-28,2024-04,1838,18861.84,90.54,18952.38,10.2622,0.0493,0.48,21,24,,258,True
172662,SWEETWATER FARM,9345,2024-03-14,2024-04-04,2024-05-12,2024-04,297,6546.39,34.7,6581.09,22.0417,0.1168,0.5301,21,38,,5,True
90053,INCREDIBREW INC,9349,2024-03-15,2024-04-04,2024-05-06,2024-04,36,312.24,1.53,313.77,8.6733,0.0425,0.49,20,32,,4,True
5992,MCCORMICK DISTILLING CO,9351,2024-03-15,2024-04-04,2024-05-13,2024-04,279,2715.34,12.49,2727.83,9.7324,0.0448,0.46,20,39,,35,True
8320,SHAW ROSS INT L IMP LTD,9353,2024-03-15,2024-04-04,2024-04-30,2024-04,977,8083.94,37.99,8121.93,8.2742,0.0389,0.4699,20,26,,38,True
1601,VRANKEN AMERICA,9355,2024-03-15,2024-04-04,2024-05-07,2024-04,63,1218.93,5.85,1224.78,19.3481,0.0929,0.4799,20,33,,21,True
3252,E & J GALLO WINERY,9373,2024-03-17,2024-04-04,2024-05-03,2024-04,22760,151855.6,728.91,152584.51,6.672,0.032,0.48,18,29,,527,True
1655,FABRIZIA SPIRITS LLC,9374,2024-03-17,2024-04-04,2024-04-29,2024-04,239,2204.84,9.92,2214.76,9.2253,0.0415,0.4499,18,25,,8,True
1703,ALISA CARR BEVERAGES,9414,2024-03-20,2024-04-04,2024-05-20,2024-04,74,5803.08,30.18,5833.26,78.42,0.4078,0.5201,15,46,,32,True
4550,KLIN SPIRITS LLC,9421,2024-03-20,2024-04-04,2024-05-17,2024-04,100,1407.0,7.46,1414.46,14.07,0.0746,0.5302,15,43,,4,True
5992,MCCORMICK DISTILLING CO,9423,2024-03-20,2024-04-04,2024-05-18,2024-04,295,2924.96,16.09,2941.05,9.9151,0.0545,0.5501,15,44,,35,True
6215,MOONLIGHT MEADERY,9424,2024-03-20,2024-04-04,2024-05-11,2024-04,61,545.96,2.89,548.85,8.9502,0.0474,0.5293,15,37,,7,True
8892,TRINCHERO FAMILY ESTATES,9444,2024-03-21,2024-04-04,2024-05-11,2024-04,8313,51982.8,259.91,52242.71,6.2532,0.0313,0.5,14,37,,153,True
3664,WILLIAM GRANT & SONS INC,9448,2024-03-21,2024-04-04,2024-05-18,2024-04,5712,137338.89,672.96,138011.85,24.0439,0.1178,0.49,14,44,,85,True
90051,FULCHINO VINEYARD INC,9456,2024-03-22,2024-04-04,2024-05-09,2024-04,12,120.72,0.6,121.32,10.06,0.05,0.497,13,35,,2,True
8352,LUXCO INC,9459,2024-03-22,2024-04-04,2024-05-22,2024-04,3978,29144.0,131.15,29275.15,7.3263,0.033,0.45,13,48,,69,True
8112,MOET HENNESSY USA INC,9462,2024-03-22,2024-04-04,2024-05-08,2024-04,7181,163167.38,832.15,163999.53,22.7221,0.1159,0.51,13,34,,129,True
98450,Serralles Usa LLC,9466,2024-03-22,2024-04-04,2024-05-18,2024-04,145,1912.37,9.56,1921.93,13.1888,0.0659,0.4999,13,44,,16,True
4425,MARTIGNETTI COMPANIES,9481,2024-03-23,2024-04-04,2024-05-05,2024-04,51209,564655.38,2710.35,567365.73,11.0265,0.0529,0.48,12,31,Frank Delahunt,1639,True
7153,PINE STATE TRADING CO,9483,2024-03-23,2024-04-04,2024-05-20,2024-04,7801,51169.59,260.96,51430.55,6.5594,0.0335,0.51,12,46,,480,True
8735,SURVILLE ENTERPRISES CORP,9487,2024-03-23,2024-04-04,2024-05-19,2024-04,83,481.62,2.17,483.79,5.8027,0.0261,0.4506,12,45,,22,True
4848,LAIRD & CO,9498,2024-03-24,2024-04-04,2024-05-11,2024-04,165,1328.27,6.11,1334.38,8.0501,0.037,0.46,11,37,,16,True
7245,PROXIMO SPIRITS INC.,9499,2024-03-24,2024-04-04,2024-05-09,2024-04,17059,239003.88,1147.22,240151.1,14.0104,0.0673,0.48,11,35,,114,True
1601,VRANKEN AMERICA,9517,2024-03-25,2024-04-04,2024-05-07,2024-04,2049,18697.11,91.62,18788.73,9.125,0.0447,0.49,10,33,,21,True
6785,PALM BAY INTERNATIONAL INC,9324,2024-03-13,2024-04-05,2024-05-07,2024-04,4882,35641.12,178.21,35819.33,7.3005,0.0365,0.5,23,32,,174,True
7245,PROXIMO SPIRITS INC.,9327,2024-03-13,2024-04-05,2024-05-02,2024-04,11492,90258.08,478.37,90736.45,7.854,0.0416,0.53,23,27,,114,True
8664,"STOLI GROUP,(USA) LLC",9343,2024-03-14,2024-04-05,2024-04-29,2024-04,2521,40067.18,180.3,40247.48,15.8934,0.0715,0.45,22,24,,48,True
90037,THE PIERPONT GROUP LLC,9368,2024-03-16,2024-04-05,2024-05-13,2024-04,11,157.13,0.77,157.9,14.2845,0.07,0.49,20,38,,13,True
8150,SEA HAGG DISTILLERY LLC,9380,2024-03-17,2024-04-05,2024-05-10,2024-04,164,1853.14,9.45,1862.59,11.2996,0.0576,0.5099,19,35,,9,True
1485,CASTLE BRANDS CORP.,9392,2024-03-18,2024-04-05,2024-04-29,2024-04,3786,68607.71,336.18,68943.89,18.1214,0.0888,0.49,18,24,,29,True
6355,NICHE W & S,9400,2024-03-18,2024-04-05,2024-05-14,2024-04,12,183.12,1.01,184.13,15.26,0.0842,0.5516,18,39,,8,True
1128,BROWN-FORMAN CORP,9416,2024-03-20,2024-04-05,2024-05-08,2024-04,18422,257419.46,1390.07,258809.53,13.9735,0.0755,0.54,16,33,Frank Delahunt,142,True
17037,Dunn Wine Brokers,9418,2024-03-20,2024-04-05,2024-05-18,2024-04,58,846.99,4.07,851.06,14.6033,0.0702,0.4805,16,43,,35,True
12546,JIM BEAM BRANDS COMPANY,9420,2024-03-20,2024-04-05,2024-05-19,2024-04,52943,540430.75,2431.94,542862.69,10.2078,0.0459,0.45,16,44,Frank Delahunt,415,True
90027,POVERTY LANE ORCHARDS,9426,2024-03-20,2024-04-05,2024-05-16,2024-04,107,807.73,4.12,811.85,7.5489,0.0385,0.5101,16,41,,8,True
172662,SWEETWATER FARM,9430,2024-03-20,2024-04-05,2024-05-22,2024-04,157,3081.34,16.02,3097.36,19.6264,0.102,0.5199,16,47,,5,True
6355,NICHE W & S,9439,2024-03-21,2024-04-05,2024-05-06,2024-04,25,374.78,1.8,376.58,14.9912,0.072,0.4803,15,31,,8,True
2000,SOUTHERN WINE & SPIRITS NE,9441,2024-03-21,2024-04-05,2024-05-07,2024-04,6389,60254.34,331.4,60585.74,9.431,0.0519,0.55,15,32,,417,True
9206,PHILLIPS PRODUCTS CO.,9464,2024-03-22,2024-04-05,2024-05-22,2024-04,920,8864.0,44.32,8908.32,9.6348,0.0482,0.5,14,47,,33,True
8150,SEA HAGG DISTILLERY LLC,9465,2024-03-22,2024-04-05,2024-05-21,2024-04,116,1394.24,6.55,1400.79,12.0193,0.0565,0.4698,14,46,,9,True
1655,FABRIZIA SPIRITS LLC,9478,2024-03-23,2024-04-05,2024-05-14,2024-04,709,10315.3,55.7,10371.0,14.5491,0.0786,0.54,13,39,,8,True
6785,PALM BAY INTERNATIONAL INC,9482,2024-03-23,2024-04-05,2024-05-08,2024-04,5708,45570.33,227.85,45798.18,7.9836,0.0399,0.5,13,33,,174,True
7749,R.P.IMPORTS INC,9500,2024-03-24,2024-04-05,2024-05-21,2024-04,2,217.1,1.11,218.21,108.55,0.555,0.5113,12,46,,75,True
1189,BULLY BOY DISTILLERS,9505,2024-03-25,2024-04-05,2024-05-15,2024-04,6,132.3,0.6,132.9,22.05,0.1,0.4535,11,40,,6,True
7240,"PREMIUM PORT WINES, INC.",9510,2024-03-25,2024-04-05,2024-05-16,2024-04,175,1327.16,6.5,1333.66,7.5838,0.0371,0.4898,11,41,,3,True
480,BACARDI USA INC,9415,2024-03-20,2024-04-06,2024-05-14,2024-04,19525,252445.47,1262.23,253707.7,12.9293,0.0646,0.5,17,38,Frank Delahunt,184,True
90058,ZORVINO VINEYARDS,9432,2024-03-20,2024-04-06,2024-05-13,2024-04,106,900.3,4.77,905.07,8.4934,0.045,0.5298,17,37,,6,True
90017,THE IMPORTED GRAPE LLC,9442,2024-03-21,2024-04-06,2024-05-13,2024-04,80,909.84,5.0,914.84,11.373,0.0625,0.5495,16,37,,40,True
3960,DIAGEO NORTH AMERICA INC,9451,2024-03-22,2024-04-06,2024-05-10,2024-04,106205,1162576.08,5812.88,1168388.96,10.9465,0.0547,0.5,15,34,Frank Delahunt,449,True
6213,MHW LTD,9461,2024-03-22,2024-04-06,2024-05-17,2024-04,2000,19953.38,99.77,20053.15,9.9767,0.0499,0.5,15,41,,96,True
12331,STELLAR IMPORTING CO LLC,9468,2024-03-22,2024-04-06,2024-05-06,2024-04,70,570.28,2.79,573.07,8.1469,0.0399,0.4892,15,30,,19,True
90047,CRUSH WINES,9476,2024-03-23,2024-04-06,2024-05-09,2024-04,485,4694.28,24.41,4718.69,9.6789,0.0503,0.52,14,33,,165,True
90011,FORTUNE WINE BROKERS LLC,9479,2024-03-23,2024-04-06,2024-05-19,2024-04,18,143.28,0.73,144.01,7.96,0.0406,0.5095,14,43,,62,True
388,ATLANTIC IMPORTING COMPANY,9504,2024-03-25,2024-04-06,2024-05-17,2024-04,4,85.28,0.41,85.69,21.32,0.1025,0.4808,12,41,,3,True
11567,CAMPARI AMERICA,9506,2024-03-25,2024-04-06,2024-05-12,2024-04,6815,45851.26,252.18,46103.44,6.728,0.037,0.55,12,36,,74,True
10000,MAJESTIC FINE WINES,9508,2024-03-25,2024-04-06,2024-05-19,2024-04,18621,169430.87,931.87,170362.74,9.0989,0.05,0.55,12,43,,40,True
7239,REMY COINTREAU USA INC,9511,2024-03-25,2024-04-06,2024-05-18,2024-04,1946,45176.55,234.92,45411.47,23.2151,0.1207,0.52,12,42,,45,True
9819,TREASURY WINE ESTATES,9516,2024-03-25,2024-04-06,2024-05-18,2024-04,16839,71790.82,344.6,72135.42,4.2634,0.0205,0.48,12,42,,111,True
3950,"HOOD RIVER DISTILLERS, Inc.",9419,2024-03-20,2024-04-07,2024-05-05,2024-04,12,258.96,1.29,260.25,21.58,0.1075,0.4981,18,28,,7,True
1650,Circa Wines,9450,2024-03-22,2024-04-07,2024-05-14,2024-04,12,114.24,0.56,114.8,9.52,0.0467,0.4902,16,37,,74,True
90053,INCREDIBREW INC,9457,2024-03-22,2024-04-07,2024-05-06,2024-04,60,527.76,2.74,530.5,8.796,0.0457,0.5192,16,29,,4,True
3089,SIDNEY FRANK IMPORTING CO,9467,2024-03-22,2024-04-07,2024-05-09,2024-04,2832,21652.88,116.93,21769.81,7.6458,0.0413,0.54,16,32,,13,True
28776,TALL SHIP DISTILLERY LLC,9470,2024-03-22,2024-04-07,2024-05-11,2024-04,6,133.26,0.73,133.99,22.21,0.1217,0.5478,16,34,,4,True
2876,CENTEUR IMPORTS LLC,9475,2024-03-23,2024-04-07,2024-05-16,2024-04,32,276.74,1.27,278.01,8.6481,0.0397,0.4589,15,39,,11,True
3252,E & J GALLO WINERY,9477,2024-03-23,2024-04-07,2024-05-17,2024-04,33887,205379.19,1088.51,206467.7,6.0607,0.0321,0.53,15,40,,527,True
660,SAZERAC NORTH AMERICA INC.,9485,2024-03-23,2024-04-07,2024-05-13,2024-04,6885,49487.7,262.28,49749.98,7.1878,0.0381,0.53,15,36,,84,True
90056,SWEET BABY VINEYARD,9488,2024-03-23,2024-04-07,2024-05-16,2024-04,224,1871.04,8.42,1879.46,8.3529,0.0376,0.45,15,39,,4,True
2561,EDRINGTON AMERICAS,9495,2024-03-24,2024-04-07,2024-05-13,2024-04,989,28488.09,131.05,28619.14,28.8049,0.1325,0.46,14,36,,33,True
3924,HEAVEN HILL DISTILLERIES,9497,2024-03-24,2024-04-07,2024-05-11,2024-04,5054,40328.61,205.68,40534.29,7.9795,0.0407,0.51,14,34,,69,True
9552,M S WALKER INC,9422,2024-03-20,2024-04-08,2024-05-19,2024-04,21817,160987.37,724.44,161711.81,7.379,0.0332,0.45,19,41,,960,True
1590,DIAGEO CHATEAU ESTATE WINES,9435,2024-03-21,2024-04-08,2024-05-19,2024-04,1444,15462.19,69.58,15531.77,10.7079,0.0482,0.45,18,41,,117,True
5455,MARSALLE COMPANY,9438,2024-03-21,2024-04-08,2024-05-19,2024-04,75,2163.99,11.25,2175.24,28.8532,0.15,0.5199,18,41,,10,True
2555,DISARONNO INTERNATIONAL LLC,9452,2024-03-22,2024-04-08,2024-05-14,2024-04,1007,10989.65,58.25,11047.9,10.9133,0.0578,0.53,17,36,,12,True
1587,VINEYARD BRANDS INC,9471,2024-03-22,2024-04-08,2024-05-21,2024-04,4879,31759.64,174.68,31934.32,6.5095,0.0358,0.55,17,43,,87,True
2396,BLACK PRINCE DISTILLERY INC,9474,2024-03-23,2024-04-08,2024-05-13,2024-04,26,265.46,1.33,266.79,10.21,0.0512,0.501,16,35,,10,True
10050,Russian Standard Vodka,9484,2024-03-23,2024-04-08,2024-05-18,2024-04,62,799.24,3.84,803.08,12.891,0.0619,0.4805,16,40,,13,True
1392,CONSTELLATION BRANDS INC,9493,2024-03-24,2024-04-08,2024-05-09,2024-04,63652,397663.8,1789.49,399453.29,6.2475,0.0281,0.45,15,31,Frank Delahunt,481,True
7154,PREMIER DISTRIBUTORS,9509,2024-03-25,2024-04-08,2024-05-21,2024-04,39,678.07,3.53,681.6,17.3864,0.0905,0.5206,14,43,,7,True
8320,SHAW ROSS INT L IMP LTD,9428,2024-03-20,2024-04-09,2024-05-06,2024-04,947,8738.89,46.32,8785.21,9.228,0.0489,0.53,20,27,,38,True
653,STATE WINE & SPIRITS,9429,2024-03-20,2024-04-09,2024-05-07,2024-04,2706,26133.13,128.05,26261.18,9.6575,0.0473,0.49,20,28,,258,True
90037,THE PIERPONT GROUP LLC,9443,2024-03-21,2024-04-09,2024-05-11,2024-04,33,470.97,2.26,473.23,14.2718,0.0685,0.4799,19,32,,13,True
105,ALTAMAR BRANDS LLC,9449,2024-03-22,2024-04-09,2024-05-12,2024-04,6,214.26,1.07,215.33,35.71,0.1783,0.4994,18,33,,3,True
2496,DUGGANS DISTILLED PRODUCTS,9454,2024-03-22,2024-04-09,2024-05-05,2024-04,70,1221.5,5.86,1227.36,17.45,0.0837,0.4797,18,26,,5,True
9744,FREDERICK WILDMAN & SONS,9455,2024-03-22,2024-04-09,2024-05-22,2024-04,1052,9873.8,49.37,9923.17,9.3857,0.0469,0.5,18,43,,149,True
4425,MARTIGNETTI COMPANIES,9460,2024-03-22,2024-04-09,2024-05-18,2024-04,130,1637.59,8.84,1646.43,12.5968,0.068,0.5398,18,39,,1639,True
90032,LABELLE VYDS AND WINERY,9480,2024-03-23,2024-04-09,2024-05-09,2024-04,156,1712.28,9.42,1721.7,10.9762,0.0604,0.5501,17,30,,10,True
9625,WESTERN SPIRITS BEVERAGE CO,9490,2024-03-23,2024-04-09,2024-05-20,2024-04,189,3120.81,14.67,3135.48,16.5122,0.0776,0.4701,17,41,,26,True
4466,AMERICAN VINTAGE BEVERAGE,9491,2024-03-24,2024-04-09,2024-05-08,2024-04,215,2016.43,10.08,2026.51,9.3787,0.0469,0.4999,16,29,,3,True
17031,FLAG HILL WINERY & VINEYARD,9496,2024-03-24,2024-04-09,2024-05-16,2024-04,701,13358.44,73.47,13431.91,19.0563,0.1048,0.55,16,37,,19,True
9751,VINEDREA WINES LLC,9431,2024-03-20,2024-04-10,2024-05-22,2024-04,18,408.96,2.21,411.17,22.72,0.1228,0.5404,21,42,,1,True
1265,BLACK ROCK SPIRITS LLC,9433,2024-03-21,2024-04-10,2024-05-18,2024-04,1,14.05,0.07,14.12,14.05,0.07,0.4982,20,38,,1,True
90046,CANDIA VINEYARDS,9434,2024-03-21,2024-04-10,2024-05-19,2024-04,36,566.76,2.78,569.54,15.7433,0.0772,0.4905,20,39,,5,True
17032,JEWELL TOWNE VINEYARDS,9436,2024-03-21,2024-04-10,2024-05-19,2024-04,132,1114.44,5.8,1120.24,8.4427,0.0439,0.5204,20,39,,7,True
17035,PERNOD RICARD USA,9440,2024-03-21,2024-04-10,2024-05-17,2024-04,27707,376231.43,2069.27,378300.7,13.5789,0.0747,0.55,20,37,Frank Delahunt,277,True
4950,LATITUDE BEVERAGE COMPANY,9458,2024-03-22,2024-04-10,2024-05-09,2024-04,668,3919.69,21.17,3940.86,5.8678,0.0317,0.5401,19,29,,45,True
90057,WALPOLE MTN VIEW WINERY,9472,2024-03-22,2024-04-10,2024-05-05,2024-04,24,293.28,1.53,294.81,12.22,0.0638,0.5217,19,25,,3,True
9260,TY KU LLC,9489,2024-03-23,2024-04-10,2024-05-07,2024-04,22,266.22,1.41,267.63,12.1009,0.0641,0.5296,18,27,,7,True
1485,CASTLE BRANDS CORP.,9507,2024-03-25,2024-04-10,2024-05-08,2024-04,1882,50218.31,266.16,50484.47,26.6835,0.1414,0.53,16,28,,29,True
4380,CHARLES JACQUIN ET CIE INC,9417,2024-03-20,2024-04-11,2024-05-06,2024-04,520,4330.02,19.92,4349.94,8.327,0.0383,0.46,22,25,,15,True
6359,OLE SMOKY DISTILLERY LLC,9425,2024-03-20,2024-04-11,2024-05-09,2024-04,1428,19999.61,100.0,20099.61,14.0053,0.07,0.5,22,28,,18,True
4692,KOBRAND CORPORATION,9437,2024-03-21,2024-04-11,2024-05-12,2024-04,8947,78743.76,417.34,79161.1,8.8011,0.0466,0.53,21,31,,242,True
9165,ULTRA BEVERAGE COMPANY LLP,9445,2024-03-21,2024-04-11,2024-05-13,2024-04,19693,228876.57,1258.82,230135.39,11.6222,0.0639,0.55,21,32,,965,True
9622,WEIN BAUER INC,9447,2024-03-21,2024-04-11,2024-05-10,2024-04,42,801.36,4.25,805.61,19.08,0.1012,0.5303,21,29,,6,True
10754,PERFECTA WINES,9463,2024-03-22,2024-04-11,2024-05-14,2024-04,16690,140517.77,772.85,141290.62,8.4193,0.0463,0.55,20,33,,897,True
1273,CALEDONIA SPIRITS INC,9492,2024-03-24,2024-04-11,2024-05-14,2024-04,173,5159.38,25.8,5185.18,29.823,0.1491,0.5001,18,33,,5,True
8663,STAR INDUSTRIES INC.,9501,2024-03-24,2024-04-11,2024-05-06,2024-04,10,164.1,0.79,164.89,16.41,0.079,0.4814,18,25,,6,True
9815,WINE GROUP INC,9503,2024-03-24,2024-04-11,2024-05-17,2024-04,13571,79960.01,431.78,80391.79,5.892,0.0318,0.54,18,36,,215,True
8920,TAKARA SAKE USA INC,9514,2024-03-25,2024-04-11,2024-05-21,2024-04,131,749.25,3.9,753.15,5.7195,0.0298,0.5205,17,40,,3,True
173357,TAMWORTH DISTILLING,9515,2024-03-25,2024-04-11,2024-05-11,2024-04,8,154.96,0.85,155.81,19.37,0.1062,0.5485,17,30,,4,True
4425,MARTIGNETTI COMPANIES,9526,2024-03-27,2024-04-11,2024-05-23,2024-04,78,879.48,4.13,883.61,11.2754,0.0529,0.4696,15,42,,1639,True
3252,E & J GALLO WINERY,9536,2024-03-28,2024-04-11,2024-05-19,2024-04,25053,164742.94,840.19,165583.13,6.5758,0.0335,0.51,14,38,,527,True
8150,SEA HAGG DISTILLERY LLC,9555,2024-03-29,2024-04-11,2024-05-29,2024-04,169,1725.49,9.49,1734.98,10.21,0.0562,0.55,13,48,,9,True
173357,TAMWORTH DISTILLING,9558,2024-03-29,2024-04-11,2024-05-20,2024-04,40,774.8,4.03,778.83,19.37,0.1008,0.5201,13,39,,4,True
1189,BULLY BOY DISTILLERS,9562,2024-03-30,2024-04-11,2024-05-19,2024-04,12,264.6,1.27,265.87,22.05,0.1058,0.48,12,38,,6,True
3089,SIDNEY FRANK IMPORTING CO,9595,2024-03-31,2024-04-11,2024-05-20,2024-04,2682,23298.56,111.83,23410.39,8.687,0.0417,0.48,11,39,,13,True
90047,CRUSH WINES,9601,2024-04-01,2024-04-11,2024-05-12,2024-04,222,2427.54,11.17,2438.71,10.9349,0.0503,0.4601,10,31,,165,True
17037,Dunn Wine Brokers,9603,2024-04-01,2024-04-11,2024-05-17,2024-04,58,661.2,3.37,664.57,11.4,0.0581,0.5097,10,36,,35,True
6213,MHW LTD,9608,2024-04-01,2024-04-11,2024-05-28,2024-04,2016,19141.7,103.37,19245.07,9.4949,0.0513,0.54,10,47,,96,True
7255,PSP WINES,9427,2024-03-20,2024-04-12,2024-05-12,2024-04,182,1314.06,7.23,1321.29,7.2201,0.0397,0.5502,23,30,,32,True
90024,VINILANDIA USA,9446,2024-03-21,2024-04-12,2024-05-08,2024-04,810,7663.42,42.15,7705.57,9.461,0.052,0.55,22,26,,206,True
2450,DJINN SPIRITS LLC,9453,2024-03-22,2024-04-12,2024-05-22,2024-04,42,920.04,4.69,924.73,21.9057,0.1117,0.5098,21,40,,6,True
8664,"STOLI GROUP,(USA) LLC",9469,2024-03-22,2024-04-12,2024-05-11,2024-04,3151,50163.56,245.8,50409.36,15.9199,0.078,0.49,21,29,,48,True
516,BANFI PRODUCTS CORP,9473,2024-03-23,2024-04-12,2024-05-19,2024-04,3335,21639.98,106.04,21746.02,6.4887,0.0318,0.49,20,37,,149,True
17033,SEA BREEZE CELLARS LLC,9486,2024-03-23,2024-04-12,2024-05-18,2024-04,34,342.09,1.88,343.97,10.0615,0.0553,0.5496,20,36,,16,True
2242,DELICATO VINEYARDS INC,9494,2024-03-24,2024-04-12,2024-05-10,2024-04,6094,65042.59,318.71,65361.3,10.6732,0.0523,0.49,19,28,,96,True
90010,VINEXTRA INC,9502,2024-03-24,2024-04-12,2024-05-09,2024-04,48,616.68,2.78,619.46,12.8475,0.0579,0.4508,19,27,,47,True
8004,SAZERAC CO INC,9512,2024-03-25,2024-04-12,2024-05-15,2024-04,20593,150734.41,708.45,151442.86,7.3197,0.0344,0.47,18,33,,138,True
8673,STE MICHELLE WINE ESTATES,9513,2024-03-25,2024-04-12,2024-05-06,2024-04,12870,84970.03,441.84,85411.87,6.6022,0.0343,0.52,18,24,,144,True
105,ALTAMAR BRANDS LLC,9518,2024-03-27,2024-04-12,2024-05-17,2024-04,6,214.26,1.11,215.37,35.71,0.185,0.5181,16,35,,3,True
6215,MOONLIGHT MEADERY,9528,2024-03-27,2024-04-12,2024-05-27,2024-04,72,622.56,3.24,625.8,8.6467,0.045,0.5204,16,45,,7,True
90058,ZORVINO VINEYARDS,9532,2024-03-27,2024-04-12,2024-05-22,2024-04,187,1534.78,8.44,1543.22,8.2074,0.0451,0.5499,16,40,,6,True
1655,FABRIZIA SPIRITS LLC,9537,2024-03-28,2024-04-12,2024-05-13,2024-04,396,4951.18,22.28,4973.46,12.503,0.0563,0.45,15,31,,8,True
90056,SWEET BABY VINEYARD,9543,2024-03-28,2024-04-12,2024-05-27,2024-04,164,1392.91,7.52,1400.43,8.4934,0.0459,0.5399,15,45,,4,True
90057,WALPOLE MTN VIEW WINERY,9546,2024-03-28,2024-04-12,2024-05-24,2024-04,12,137.16,0.66,137.82,11.43,0.055,0.4812,15,42,,3,True
2561,EDRINGTON AMERICAS,9549,2024-03-29,2024-04-12,2024-05-17,2024-04,182,4739.64,25.59,4765.23,26.042,0.1406,0.5399,14,35,,33,True
90051,FULCHINO VINEYARD INC,9550,2024-03-29,2024-04-12,2024-05-12,2024-04,12,164.28,0.79,165.07,13.69,0.0658,0.4809,14,30,,2,True
7240,"PREMIUM PORT WINES, INC.",9553,2024-03-29,2024-04-12,2024-05-27,2024-04,154,1167.08,6.07,1173.15,7.5784,0.0394,0.5201,14,45,,3,True
90010,VINEXTRA INC,9560,2024-03-29,2024-04-12,2024-05-24,2024-04,96,969.72,4.85,974.57,10.1013,0.0505,0.5001,14,42,,47,True
3664,WILLIAM GRANT & SONS INC,9582,2024-03-30,2024-04-12,2024-05-28,2024-04,3640,68896.9,344.48,69241.38,18.9277,0.0946,0.5,13,46,,85,True
4848,LAIRD & CO,9588,2024-03-31,2024-04-12,2024-05-28,2024-04,307,2006.7,9.23,2015.93,6.5365,0.0301,0.46,12,46,,16,True
8352,LUXCO INC,9607,2024-04-01,2024-04-12,2024-05-12,2024-04,4667,30868.12,163.6,31031.72,6.6141,0.0351,0.53,11,30,,69,True
28750,SMOKY QUARTZ DISTILLERY LLC,9613,2024-04-01,2024-04-12,2024-05-20,2024-04,12,248.76,1.32,250.08,20.73,0.11,0.5306,11,38,,4,True
8673,STE MICHELLE WINE ESTATES,9615,2024-04-01,2024-04-12,2024-05-23,2024-04,4645,32290.41,167.91,32458.32,6.9516,0.0361,0.52,11,41,,144,True
11567,CAMPARI AMERICA,9522,2024-03-27,2024-04-13,2024-05-20,2024-04,6964,51666.78,232.5,51899.28,7.4191,0.0334,0.45,17,37,,74,True
9744,FREDERICK WILDMAN & SONS,9524,2024-03-27,2024-04-13,2024-05-26,2024-04,720,6426.7,32.78,6459.48,8.926,0.0455,0.5101,17,43,,149,True
2555,DISARONNO INTERNATIONAL LLC,9548,2024-03-29,2024-04-13,2024-05-17,2024-04,1220,13573.06,66.51,13639.57,11.1255,0.0545,0.49,15,34,,12,True
1485,CASTLE BRANDS CORP.,9563,2024-03-30,2024-04-13,2024-05-16,2024-04,891,13771.87,61.97,13833.84,15.4566,0.0696,0.45,14,33,,29,True
17032,JEWELL TOWNE VINEYARDS,9568,2024-03-30,2024-04-13,2024-05-18,2024-04,24,231.12,1.2,232.32,9.63,0.05,0.5192,14,35,,7,True
12331,STELLAR IMPORTING CO LLC,9576,2024-03-30,2024-04-13,2024-05-29,2024-04,36,238.8,1.17,239.97,6.6333,0.0325,0.4899,14,46,,19,True
90017,THE IMPORTED GRAPE LLC,9578,2024-03-30,2024-04-13,2024-05-15,2024-04,24,137.16,0.63,137.79,5.715,0.0262,0.4593,14,32,,40,True
1273,CALEDONIA SPIRITS INC,9584,2024-03-31,2024-04-13,2024-05-15,2024-04,115,3597.68,18.35,3616.03,31.2842,0.1596,0.5101,13,32,,5,True
9815,WINE GROUP INC,9599,2024-03-31,2024-04-13,2024-05-26,2024-04,11679,75226.93,361.09,75588.02,6.4412,0.0309,0.48,13,43,,215,True
9206,PHILLIPS PRODUCTS CO.,9609,2024-04-01,2024-04-13,2024-05-29,2024-04,934,7568.15,37.08,7605.23,8.1029,0.0397,0.4899,12,46,,33,True
8664,"STOLI GROUP,(USA) LLC",9616,2024-04-01,2024-04-13,2024-05-16,2024-04,2886,46618.45,219.11,46837.56,16.1533,0.0759,0.47,12,33,,48,True
2876,CENTEUR IMPORTS LLC,9534,2024-03-28,2024-04-14,2024-05-27,2024-04,36,237.48,1.19,238.67,6.5967,0.0331,0.5011,17,43,,11,True
10050,Russian Standard Vodka,9542,2024-03-28,2024-04-14,2024-05-25,2024-04,169,2463.38,11.33,2474.71,14.5762,0.067,0.4599,17,41,,13,True
516,BANFI PRODUCTS CORP,9547,2024-03-29,2024-04-14,2024-05-12,2024-04,3197,24284.01,116.56,24400.57,7.5959,0.0365,0.48,16,28,,149,True
10754,PERFECTA WINES,9552,2024-03-29,2024-04-14,2024-05-20,2024-04,10332,82812.69,397.5,83210.19,8.0152,0.0385,0.48,16,36,,897,True
7245,PROXIMO SPIRITS INC.,9554,2024-03-29,2024-04-14,2024-05-12,2024-04,10696,131835.28,698.73,132534.01,12.3257,0.0653,0.53,16,28,,114,True
28776,TALL SHIP DISTILLERY LLC,9577,2024-03-30,2024-04-14,2024-05-22,2024-04,6,122.58,0.55,123.13,20.43,0.0917,0.4487,15,38,,4,True
9625,WESTERN SPIRITS BEVERAGE CO,9581,2024-03-30,2024-04-14,2024-05-20,2024-04,156,2662.85,13.31,2676.16,17.0696,0.0853,0.4998,15,36,,26,True
3950,"HOOD RIVER DISTILLERS, Inc.",9587,2024-03-31,2024-04-14,2024-05-13,2024-04,23,496.34,2.48,498.82,21.58,0.1078,0.4997,14,29,,7,True
10000,MAJESTIC FINE WINES,9589,2024-03-31,2024-04-14,2024-05-13,2024-04,6439,53224.62,276.77,53501.39,8.266,0.043,0.52,14,29,,40,True
1590,DIAGEO CHATEAU ESTATE WINES,9602,2024-04-01,2024-04-14,2024-05-26,2024-04,1377,10446.22,51.19,10497.41,7.5862,0.0372,0.49,13,42,,117,True
172662,SWEETWATER FARM,9617,2024-04-01,2024-04-14,2024-05-24,2024-04,90,1787.52,8.94,1796.46,19.8613,0.0993,0.5001,13,40,,5,True
388,ATLANTIC IMPORTING COMPANY,9519,2024-03-27,2024-04-15,2024-05-15,2024-04,17,362.44,1.85,364.29,21.32,0.1088,0.5104,19,30,,3,True
1128,BROWN-FORMAN CORP,9521,2024-03-27,2024-04-15,2024-05-23,2024-04,17366,214028.06,1027.33,215055.39,12.3245,0.0592,0.48,19,38,,142,True
6359,OLE SMOKY DISTILLERY LLC,9540,2024-03-28,2024-04-15,2024-05-15,2024-04,170,2445.41,13.21,2458.62,14.3848,0.0777,0.5402,18,30,,18,True
6785,PALM BAY INTERNATIONAL INC,9541,2024-03-28,2024-04-15,2024-05-25,2024-04,4553,33016.61,171.69,33188.3,7.2516,0.0377,0.52,18,40,,174,True
9165,ULTRA BEVERAGE COMPANY LLP,9559,2024-03-29,2024-04-15,2024-05-13,2024-04,15283,204150.85,959.51,205110.36,13.358,0.0628,0.47,17,28,,965,True
2450,DJINN SPIRITS LLC,9565,2024-03-30,2024-04-15,2024-05-28,2024-04,68,1401.86,6.45,1408.31,20.6156,0.0949,0.4601,16,43,,6,True
7154,PREMIER DISTRIBUTORS,9575,2024-03-30,2024-04-15,2024-05-23,2024-04,72,1013.22,5.07,1018.29,14.0725,0.0704,0.5004,16,38,,7,True
1587,VINEYARD BRANDS INC,9580,2024-03-30,2024-04-15,2024-05-20,2024-04,2227,15456.36,71.1,15527.46,6.9404,0.0319,0.46,16,35,,87,True
3960,DIAGEO NORTH AMERICA INC,9585,2024-03-31,2024-04-15,2024-05-26,2024-04,82443,768199.19,3764.18,771963.37,9.3179,0.0457,0.49,15,41,Frank Delahunt,449,True
90027,POVERTY LANE ORCHARDS,9592,2024-03-31,2024-04-15,2024-05-12,2024-04,36,261.96,1.31,263.27,7.2767,0.0364,0.5001,15,27,,8,True
8004,SAZERAC CO INC,9594,2024-03-31,2024-04-15,2024-05-12,2024-04,17433,126189.4,593.09,126782.49,7.2385,0.034,0.47,15,27,,138,True
9622,WEIN BAUER INC,9598,2024-03-31,2024-04-15,2024-05-19,2024-04,35,638.78,2.94,641.72,18.2509,0.084,0.4603,15,34,,6,True
660,SAZERAC NORTH AMERICA INC.,9611,2024-04-01,2024-04-15,2024-05-25,2024-04,8063,57966.53,272.44,58238.97,7.1892,0.0338,0.47,14,40,,84,True
480,BACARDI USA INC,9533,2024-03-28,2024-04-16,2024-05-12,2024-04,17537,219952.32,1055.77,221008.09,12.5422,0.0602,0.48,19,26,,184,True
4380,CHARLES JACQUIN ET CIE INC,9535,2024-03-28,2024-04-16,2024-05-12,2024-04,563,4741.89,24.18,4766.07,8.4225,0.0429,0.5099,19,26,,15,True
90053,INCREDIBREW INC,9538,2024-03-28,2024-04-16,2024-05-18,2024-04,12,110.88,0.51,111.39,9.24,0.0425,0.46,19,32,,4,True
4425,MARTIGNETTI COMPANIES,9539,2024-03-28,2024-04-16,2024-05-27,2024-04,38318,394249.34,1813.55,396062.89,10.2889,0.0473,0.46,19,41,Frank Delahunt,1639,True
2000,SOUTHERN WINE & SPIRITS NE,9557,2024-03-29,2024-04-16,2024-05-14,2024-04,5046,58688.03,287.57,58975.6,11.6306,0.057,0.49,18,28,,417,True
4692,KOBRAND CORPORATION,9569,2024-03-30,2024-04-16,2024-05-23,2024-04,5825,48086.42,264.48,48350.9,8.2552,0.0454,0.55,17,37,,242,True
9552,M S WALKER INC,9571,2024-03-30,2024-04-16,2024-05-28,2024-04,18769,144893.28,681.0,145574.28,7.7198,0.0363,0.47,17,42,,960,True
8112,MOET HENNESSY USA INC,9573,2024-03-30,2024-04-16,2024-05-12,2024-04,4485,83151.24,407.44,83558.68,18.5399,0.0908,0.49,17,26,,129,True
2496,DUGGANS DISTILLED PRODUCTS,9586,2024-03-31,2024-04-16,2024-05-23,2024-04,99,1661.77,8.81,1670.58,16.7856,0.089,0.5302,16,37,,5,True
7239,REMY COINTREAU USA INC,9593,2024-03-31,2024-04-16,2024-05-18,2024-04,2629,65793.96,309.23,66103.19,25.0262,0.1176,0.47,16,32,,45,True
90052,HAUNTING WHISPER VYDS,9604,2024-04-01,2024-04-16,2024-05-13,2024-04,12,99.24,0.46,99.7,8.27,0.0383,0.4635,15,27,,2,True
653,STATE WINE & SPIRITS,9614,2024-04-01,2024-04-16,2024-05-24,2024-04,2182,21823.69,117.85,21941.54,10.0017,0.054,0.54,15,38,,258,True
2396,BLACK PRINCE DISTILLERY INC,9520,2024-03-27,2024-04-17,2024-05-12,2024-04,12,52.08,0.27,52.35,4.34,0.0225,0.5184,21,25,,10,True
1392,CONSTELLATION BRANDS INC,9523,2024-03-27,2024-04-17,2024-05-18,2024-04,40614,264586.04,1455.22,266041.26,6.5147,0.0358,0.55,21,31,Frank Delahunt,481,True
3924,HEAVEN HILL DISTILLERIES,9525,2024-03-27,2024-04-17,2024-05-22,2024-04,4871,38094.99,205.71,38300.7,7.8208,0.0422,0.54,21,35,,69,True
5992,MCCORMICK DISTILLING CO,9527,2024-03-27,2024-04-17,2024-05-26,2024-04,466,4638.25,23.19,4661.44,9.9533,0.0498,0.5,21,39,,35,True
98450,Serralles Usa LLC,9529,2024-03-27,2024-04-17,2024-05-22,2024-04,108,1509.48,8.0,1517.48,13.9767,0.0741,0.53,21,35,,16,True
8735,SURVILLE ENTERPRISES CORP,9530,2024-03-27,2024-04-17,2024-05-18,2024-04,35,184.54,0.87,185.41,5.2726,0.0249,0.4714,21,31,,22,True
1601,VRANKEN AMERICA,9531,2024-03-27,2024-04-17,2024-05-28,2024-04,82,1658.19,8.46,1666.65,20.2218,0.1032,0.5102,21,41,,21,True
1003,BRONCO WINE COMPANY,9561,2024-03-30,2024-04-17,2024-05-22,2024-04,24,146.58,0.73,147.31,6.1075,0.0304,0.498,18,35,,8,True
9819,TREASURY WINE ESTATES,9579,2024-03-30,2024-04-17,2024-05-18,2024-04,8964,40264.95,209.38,40474.33,4.4919,0.0234,0.52,18,31,,111,True
4466,AMERICAN VINTAGE BEVERAGE,9583,2024-03-31,2024-04-17,2024-05-12,2024-04,110,1035.1,5.69,1040.79,9.41,0.0517,0.5497,17,25,,3,True
9260,TY KU LLC,9596,2024-03-31,2024-04-17,2024-05-16,2024-04,18,216.78,1.06,217.84,12.0433,0.0589,0.489,17,29,,7,True
12546,JIM BEAM BRANDS COMPANY,9605,2024-04-01,2024-04-17,2024-05-20,2024-04,42827,381919.3,1718.64,383637.94,8.9177,0.0401,0.45,16,33,Frank Delahunt,415,True
7255,PSP WINES,9610,2024-04-01,2024-04-17,2024-05-12,2024-04,437,4161.35,19.97,4181.32,9.5225,0.0457,0.4799,16,25,,32,True
8920,TAKARA SAKE USA INC,9544,2024-03-28,2024-04-18,2024-05-24,2024-04,174,779.58,4.29,783.87,4.4803,0.0247,0.5503,21,36,,3,True
8892,TRINCHERO FAMILY ESTATES,9545,2024-03-28,2024-04-18,2024-05-19,2024-04,5830,35695.06,189.18,35884.24,6.1227,0.0324,0.53,21,31,,153,True
2242,DELICATO VINEYARDS INC,9564,2024-03-30,2024-04-18,2024-05-19,2024-04,3092,25317.53,129.12,25446.65,8.1881,0.0418,0.51,19,31,,96,True
90011,FORTUNE WINE BROKERS LLC,9567,2024-03-30,2024-04-18,2024-05-16,2024-04,36,284.04,1.51,285.55,7.89,0.0419,0.5316,19,28,,62,True
4950,LATITUDE BEVERAGE COMPANY,9570,2024-03-30,2024-04-18,2024-05-23,2024-04,705,4036.38,18.16,4054.54,5.7254,0.0258,0.4499,19,35,,45,True
5455,MARSALLE COMPANY,9572,2024-03-30,2024-04-18,2024-05-28,2024-04,216,5255.24,24.17,5279.41,24.3298,0.1119,0.4599,19,40,,10,True
6355,NICHE W & S,9574,2024-03-30,2024-04-18,2024-05-14,2024-04,311,4572.82,21.49,4594.31,14.7036,0.0691,0.47,19,26,,8,True
17035,PERNOD RICARD USA,9590,2024-03-31,2024-04-18,2024-05-12,2024-04,20868,275609.94,1488.29,277098.23,13.2073,0.0713,0.54,18,24,Frank Delahunt,277,True
7153,PINE STATE TRADING CO,9591,2024-03-31,2024-04-18,2024-05-29,2024-04,5959,39810.31,187.11,39997.42,6.6807,0.0314,0.47,18,41,,480,True
90024,VINILANDIA USA,9597,2024-03-31,2024-04-18,2024-05-16,2024-04,1009,8427.69,44.67,8472.36,8.3525,0.0443,0.53,18,28,,206,True
3960,DIAGEO NORTH AMERICA INC,9624,2024-04-03,2024-04-18,2024-05-24,2024-04,75649,606067.92,3151.55,609219.47,8.0116,0.0417,0.52,15,36,Frank Delahunt,449,True
7245,PROXIMO SPIRITS INC.,9635,2024-04-03,2024-04-18,2024-05-29,2024-04,11024,116687.4,548.43,117235.83,10.5849,0.0497,0.47,15,41,,114,True
90010,VINEXTRA INC,9637,2024-04-03,2024-04-18,2024-05-23,2024-04,110,1043.64,5.11,1048.75,9.4876,0.0465,0.4896,15,35,,47,True
28776,TALL SHIP DISTILLERY LLC,9652,2024-04-04,2024-04-18,2024-05-21,2024-04,30,635.46,2.92,638.38,21.182,0.0973,0.4595,14,33,,4,True
1587,VINEYARD BRANDS INC,9655,2024-04-04,2024-04-18,2024-05-23,2024-04,2033,15401.59,83.17,15484.76,7.5758,0.0409,0.54,14,35,,87,True
90058,ZORVINO VINEYARDS,9671,2024-04-05,2024-04-18,2024-05-31,2024-04,143,1253.37,5.77,1259.14,8.7648,0.0403,0.4604,13,43,,6,True
1128,BROWN-FORMAN CORP,9672,2024-04-06,2024-04-18,2024-06-01,2024-04,14873,190511.13,857.3,191368.43,12.8092,0.0576,0.45,12,44,,142,True
7239,REMY COINTREAU USA INC,9686,2024-04-06,2024-04-18,2024-05-20,2024-04,1862,47426.17,241.87,47668.04,25.4706,0.1299,0.51,12,32,,45,True
90032,LABELLE VYDS AND WINERY,9551,2024-03-29,2024-04-19,2024-05-28,2024-04,107,1157.01,5.9,1162.91,10.8132,0.0551,0.5099,21,39,,10,True
8320,SHAW ROSS INT L IMP LTD,9556,2024-03-29,2024-04-19,2024-05-13,2024-04,1032,8443.89,39.69,8483.58,8.1821,0.0385,0.47,21,24,,38,True
17031,FLAG HILL WINERY & VINEYARD,9566,2024-03-30,2024-04-19,2024-05-19,2024-04,355,6027.95,28.93,6056.88,16.9801,0.0815,0.4799,20,30,,19,True
1650,Circa Wines,9600,2024-04-01,2024-04-19,2024-05-28,2024-04,12,123.84,0.58,124.42,10.32,0.0483,0.4683,18,39,,74,True
4550,KLIN SPIRITS LLC,9606,2024-04-01,2024-04-19,2024-05-13,2024-04,76,1069.32,5.56,1074.88,14.07,0.0732,0.52,18,24,,4,True
17033,SEA BREEZE CELLARS LLC,9612,2024-04-01,2024-04-19,2024-05-17,2024-04,24,877.92,4.3,882.22,36.58,0.1792,0.4898,18,28,,16,True
4380,CHARLES JACQUIN ET CIE INC,9622,2024-04-03,2024-04-19,2024-05-25,2024-04,482,5186.37,25.41,5211.78,10.7601,0.0527,0.4899,16,36,,15,True
7154,PREMIER DISTRIBUTORS,9648,2024-04-04,2024-04-19,2024-06-05,2024-04,32,527.68,2.43,530.11,16.49,0.0759,0.4605,15,47,,7,True
90024,VINILANDIA USA,9656,2024-04-04,2024-04-19,2024-05-25,2024-04,1423,12883.31,64.42,12947.73,9.0536,0.0453,0.5,15,36,,206,True
516,BANFI PRODUCTS CORP,9690,2024-04-07,2024-04-19,2024-06-03,2024-04,3668,26944.41,126.64,27071.05,7.3458,0.0345,0.47,12,45,,149,True
4692,KOBRAND CORPORATION,9696,2024-04-07,2024-04-19,2024-06-03,2024-04,3318,32410.84,165.3,32576.14,9.7682,0.0498,0.51,12,45,,242,True
12331,STELLAR IMPORTING CO LLC,9704,2024-04-07,2024-04-19,2024-05-30,2024-04,48,353.04,1.77,354.81,7.355,0.0369,0.5014,12,41,,19,True
2000,SOUTHERN WINE & SPIRITS NE,9714,2024-04-08,2024-04-19,2024-06-01,2024-04,4026,36993.13,192.36,37185.49,9.1886,0.0478,0.52,11,43,,417,True
4466,AMERICAN VINTAGE BEVERAGE,9639,2024-04-04,2024-04-20,2024-06-04,2024-04,515,5323.01,25.02,5348.03,10.3359,0.0486,0.47,16,45,,3,True
8673,STE MICHELLE WINE ESTATES,9650,2024-04-04,2024-04-20,2024-05-23,2024-04,5747,40672.94,183.03,40855.97,7.0772,0.0318,0.45,16,33,,144,True
9819,TREASURY WINE ESTATES,9653,2024-04-04,2024-04-20,2024-05-29,2024-04,7553,39358.67,181.05,39539.72,5.211,0.024,0.46,16,39,,111,True
480,BACARDI USA INC,9658,2024-04-05,2024-04-20,2024-05-30,2024-04,16607,198302.71,1051.0,199353.71,11.9409,0.0633,0.53,15,40,,184,True
90047,CRUSH WINES,9674,2024-04-06,2024-04-20,2024-05-22,2024-04,281,2503.56,13.02,2516.58,8.9095,0.0463,0.5201,14,32,,165,True
17037,Dunn Wine Brokers,9693,2024-04-07,2024-04-20,2024-05-23,2024-04,71,828.36,4.31,832.67,11.667,0.0607,0.5203,13,33,,35,True
17033,SEA BREEZE CELLARS LLC,9701,2024-04-07,2024-04-20,2024-06-03,2024-04,66,922.8,4.98,927.78,13.9818,0.0755,0.5397,13,44,,16,True
653,STATE WINE & SPIRITS,9703,2024-04-07,2024-04-20,2024-05-31,2024-04,2923,25043.52,125.22,25168.74,8.5677,0.0428,0.5,13,41,,258,True
2450,DJINN SPIRITS LLC,9705,2024-04-08,2024-04-20,2024-05-29,2024-04,27,504.54,2.62,507.16,18.6867,0.097,0.5193,12,39,,6,True
90051,FULCHINO VINEYARD INC,9707,2024-04-08,2024-04-20,2024-05-30,2024-04,24,328.56,1.58,330.14,13.69,0.0658,0.4809,12,40,,2,True
12546,JIM BEAM BRANDS COMPANY,9708,2024-04-08,2024-04-20,2024-05-21,2024-04,39751,334420.92,1805.87,336226.79,8.4129,0.0454,0.54,12,31,Frank Delahunt,415,True
6215,MOONLIGHT MEADERY,9711,2024-04-08,2024-04-20,2024-05-21,2024-04,131,1172.72,6.45,1179.17,8.9521,0.0492,0.55,12,31,,7,True
3664,WILLIAM GRANT & SONS INC,9717,2024-04-08,2024-04-20,2024-05-19,2024-04,3409,62428.87,343.36,62772.23,18.313,0.1007,0.55,12,29,,85,True
17031,FLAG HILL WINERY & VINEYARD,9626,2024-04-03,2024-04-21,2024-06-03,2024-04,412,5483.61,25.22,5508.83,13.3097,0.0612,0.4599,18,43,,19,True
90027,POVERTY LANE ORCHARDS,9633,2024-04-03,2024-04-21,2024-05-30,2024-04,72,520.8,2.4,523.2,7.2333,0.0333,0.4608,18,39,,8,True
1003,BRONCO WINE COMPANY,9642,2024-04-04,2024-04-21,2024-05-24,2024-04,24,147.84,0.8,148.64,6.16,0.0333,0.5411,17,33,,8,True
4848,LAIRD & CO,9645,2024-04-04,2024-04-21,2024-05-30,2024-04,250,1510.66,7.25,1517.91,6.0426,0.029,0.4799,17,39,,16,True
172662,SWEETWATER FARM,9666,2024-04-05,2024-04-21,2024-05-19,2024-04,149,2787.18,15.33,2802.51,18.7059,0.1029,0.55,16,28,,5,True
5455,MARSALLE COMPANY,9681,2024-04-06,2024-04-21,2024-05-31,2024-04,121,3195.89,16.3,3212.19,26.4123,0.1347,0.51,15,40,,10,True
4425,MARTIGNETTI COMPANIES,9682,2024-04-06,2024-04-21,2024-05-31,2024-04,29819,345415.39,1657.99,347073.38,11.5837,0.0556,0.48,15,40,Frank Delahunt,1639,True
90032,LABELLE VYDS AND WINERY,9697,2024-04-07,2024-04-21,2024-05-21,2024-04,180,1899.0,8.55,1907.55,10.55,0.0475,0.4502,14,30,,10,True
4425,MARTIGNETTI COMPANIES,9699,2024-04-07,2024-04-21,2024-06-03,2024-04,162,3354.3,16.44,3370.74,20.7056,0.1015,0.4901,14,43,,1639,True
7240,"PREMIUM PORT WINES, INC.",9634,2024-04-03,2024-04-22,2024-06-04,2024-04,75,562.92,2.87,565.79,7.5056,0.0383,0.5098,19,43,,3,True
1265,BLACK ROCK SPIRITS LLC,9641,2024-04-04,2024-04-22,2024-05-28,2024-04,3,42.15,0.23,42.38,14.05,0.0767,0.5457,18,36,,1,True
3924,HEAVEN HILL DISTILLERIES,9661,2024-04-05,2024-04-22,2024-05-28,2024-04,5142,46733.73,224.32,46958.05,9.0886,0.0436,0.48,17,36,,69,True
660,SAZERAC NORTH AMERICA INC.,9663,2024-04-05,2024-04-22,2024-06-05,2024-04,8483,62883.7,282.98,63166.68,7.4129,0.0334,0.45,17,44,,84,True
9815,WINE GROUP INC,9670,2024-04-05,2024-04-22,2024-05-26,2024-04,10313,68825.97,378.54,69204.51,6.6737,0.0367,0.55,17,34,,215,True
90011,FORTUNE WINE BROKERS LLC,9675,2024-04-06,2024-04-22,2024-05-30,2024-04,96,802.8,3.85,806.65,8.3625,0.0401,0.4796,16,38,,62,True
3950,"HOOD RIVER DISTILLERS, Inc.",9677,2024-04-06,2024-04-22,2024-05-22,2024-04,18,388.44,1.86,390.3,21.58,0.1033,0.4788,16,30,,7,True
2242,DELICATO VINEYARDS INC,9692,2024-04-07,2024-04-22,2024-05-30,2024-04,2148,16640.46,89.86,16730.32,7.747,0.0418,0.54,15,38,,96,True
9552,M S WALKER INC,9698,2024-04-07,2024-04-22,2024-05-25,2024-04,18040,139523.38,753.43,140276.81,7.7341,0.0418,0.54,15,33,,960,True
1392,CONSTELLATION BRANDS INC,9623,2024-04-03,2024-04-23,2024-05-24,2024-04,34559,221135.53,1172.02,222307.55,6.3988,0.0339,0.53,20,31,,481,True
17035,PERNOD RICARD USA,9631,2024-04-03,2024-04-23,2024-05-23,2024-04,19348,247475.37,1336.37,248811.74,12.7907,0.0691,0.54,20,30,,277,True
9622,WEIN BAUER INC,9638,2024-04-03,2024-04-23,2024-05-28,2024-04,30,418.2,1.92,420.12,13.94,0.064,0.4591,20,35,,6,True
1590,DIAGEO CHATEAU ESTATE WINES,9643,2024-04-04,2024-04-23,2024-05-27,2024-04,1786,12608.48,69.35,12677.83,7.0596,0.0388,0.55,19,34,,117,True
3252,E & J GALLO WINERY,9644,2024-04-04,2024-04-23,2024-05-31,2024-04,25047,159548.86,813.7,160362.56,6.37,0.0325,0.51,19,38,,527,True
6213,MHW LTD,9646,2024-04-04,2024-04-23,2024-05-26,2024-04,2009,20789.94,103.95,20893.89,10.3484,0.0517,0.5,19,33,,96,True
9625,WESTERN SPIRITS BEVERAGE CO,9657,2024-04-04,2024-04-23,2024-05-20,2024-04,210,3873.93,20.14,3894.07,18.4473,0.0959,0.5199,19,27,,26,True
1601,VRANKEN AMERICA,9669,2024-04-05,2024-04-23,2024-06-04,2024-04,39,826.26,3.88,830.14,21.1862,0.0995,0.4696,18,42,,21,True
17032,JEWELL TOWNE VINEYARDS,9678,2024-04-06,2024-04-23,2024-06-01,2024-04,108,836.76,4.1,840.86,7.7478,0.038,0.49,17,39,,7,True
8112,MOET HENNESSY USA INC,9684,2024-04-06,2024-04-23,2024-05-25,2024-04,5884,111979.28,604.69,112583.97,19.0311,0.1028,0.54,17,32,,129,True
3089,SIDNEY FRANK IMPORTING CO,9687,2024-04-06,2024-04-23,2024-06-02,2024-04,2562,23258.94,109.32,23368.26,9.0784,0.0427,0.47,17,40,,13,True
90017,THE IMPORTED GRAPE LLC,9689,2024-04-06,2024-04-23,2024-05-19,2024-04,84,503.88,2.32,506.2,5.9986,0.0276,0.4604,17,26,,40,True
10000,MAJESTIC FINE WINES,9710,2024-04-08,2024-04-23,2024-05-21,2024-04,6074,46757.49,243.14,47000.63,7.698,0.04,0.52,15,28,,40,True
1189,BULLY BOY DISTILLERS,9618,2024-04-03,2024-04-24,2024-05-29,2024-04,156,3460.92,19.04,3479.96,22.1854,0.1221,0.5501,21,35,,6,True
6359,OLE SMOKY DISTILLERY LLC,9629,2024-04-03,2024-04-24,2024-05-19,2024-04,154,2199.06,10.78,2209.84,14.2796,0.07,0.4902,21,25,,18,True
6785,PALM BAY INTERNATIONAL INC,9630,2024-04-03,2024-04-24,2024-05-20,2024-04,4330,30326.25,154.66,30480.91,7.0038,0.0357,0.51,21,26,,174,True
9206,PHILLIPS PRODUCTS CO.,9632,2024-04-03,2024-04-24,2024-05-27,2024-04,711,5283.27,28.53,5311.8,7.4308,0.0401,0.54,21,33,,33,True
8150,SEA HAGG DISTILLERY LLC,9636,2024-04-03,2024-04-24,2024-05-29,2024-04,41,490.61,2.45,493.06,11.9661,0.0598,0.4994,21,35,,9,True
388,ATLANTIC IMPORTING COMPANY,9640,2024-04-04,2024-04-24,2024-05-22,2024-04,18,383.76,2.03,385.79,21.32,0.1128,0.529,20,28,,3,True
8320,SHAW ROSS INT L IMP LTD,9649,2024-04-04,2024-04-24,2024-06-03,2024-04,942,7996.59,43.18,8039.77,8.4889,0.0458,0.54,20,40,,38,True
9165,ULTRA BEVERAGE COMPANY LLP,9654,2024-04-04,2024-04-24,2024-06-01,2024-04,19665,212884.32,1064.42,213948.74,10.8255,0.0541,0.5,20,38,,965,True
7255,PSP WINES,9662,2024-04-05,2024-04-24,2024-05-24,2024-04,253,2006.55,10.23,2016.78,7.931,0.0404,0.5098,19,30,,32,True
8920,TAKARA SAKE USA INC,9667,2024-04-05,2024-04-24,2024-05-30,2024-04,116,526.08,2.63,528.71,4.5352,0.0227,0.4999,19,36,,3,True
9744,FREDERICK WILDMAN & SONS,9676,2024-04-06,2024-04-24,2024-05-30,2024-04,875,7422.04,37.85,7459.89,8.4823,0.0433,0.51,18,36,,149,True
2396,BLACK PRINCE DISTILLERY INC,9691,2024-04-07,2024-04-24,2024-05-31,2024-04,12,54.0,0.28,54.28,4.5,0.0233,0.5185,17,37,,10,True
1655,FABRIZIA SPIRITS LLC,9694,2024-04-07,2024-04-24,2024-05-24,2024-04,326,3915.84,20.75,3936.59,12.0118,0.0637,0.5299,17,30,,8,True
90053,INCREDIBREW INC,9695,2024-04-07,2024-04-24,2024-05-22,2024-04,36,313.2,1.63,314.83,8.7,0.0453,0.5204,17,28,,4,True
2561,EDRINGTON AMERICAS,9706,2024-04-08,2024-04-24,2024-05-21,2024-04,1435,40316.98,221.74,40538.72,28.0955,0.1545,0.55,16,27,,33,True
4950,LATITUDE BEVERAGE COMPANY,9709,2024-04-08,2024-04-24,2024-05-27,2024-04,387,2509.52,12.05,2521.57,6.4845,0.0311,0.4802,16,33,,45,True
1273,CALEDONIA SPIRITS INC,9619,2024-04-03,2024-04-25,2024-06-02,2024-04,182,5762.29,28.81,5791.1,31.6609,0.1583,0.5,22,38,,5,True
90046,CANDIA VINEYARDS,9620,2024-04-03,2024-04-25,2024-05-24,2024-04,23,226.87,1.25,228.12,9.8639,0.0543,0.551,22,29,,5,True
1485,CASTLE BRANDS CORP.,9621,2024-04-03,2024-04-25,2024-06-01,2024-04,1077,13694.91,65.74,13760.65,12.7158,0.061,0.48,22,37,,29,True
2555,DISARONNO INTERNATIONAL LLC,9625,2024-04-03,2024-04-25,2024-05-22,2024-04,1175,12109.99,59.34,12169.33,10.3064,0.0505,0.49,22,27,,12,True
7153,PINE STATE TRADING CO,9647,2024-04-04,2024-04-25,2024-05-24,2024-04,4811,33305.92,163.2,33469.12,6.9229,0.0339,0.49,21,29,,480,True
11567,CAMPARI AMERICA,9659,2024-04-05,2024-04-25,2024-05-30,2024-04,6378,43298.61,233.81,43532.42,6.7887,0.0367,0.54,20,35,,74,True
9260,TY KU LLC,9668,2024-04-05,2024-04-25,2024-06-03,2024-04,12,76.92,0.35,77.27,6.41,0.0292,0.455,20,39,,7,True
2876,CENTEUR IMPORTS LLC,9673,2024-04-06,2024-04-25,2024-05-30,2024-04,12,105.42,0.51,105.93,8.785,0.0425,0.4838,19,35,,11,True
4550,KLIN SPIRITS LLC,9679,2024-04-06,2024-04-25,2024-06-02,2024-04,86,1210.02,6.53,1216.55,14.07,0.0759,0.5397,19,38,,4,True
8352,LUXCO INC,9680,2024-04-06,2024-04-25,2024-05-24,2024-04,4151,30726.99,150.56,30877.55,7.4023,0.0363,0.49,19,29,,69,True
5612,MILTONS DISTRIBUTING CO,9683,2024-04-06,2024-04-25,2024-05-20,2024-04,12,104.4,0.52,104.92,8.7,0.0433,0.4981,19,25,,36,True
10050,Russian Standard Vodka,9700,2024-04-07,2024-04-25,2024-05-29,2024-04,77,883.42,4.77,888.19,11.473,0.0619,0.5399,18,34,,13,True
28750,SMOKY QUARTZ DISTILLERY LLC,9702,2024-04-07,2024-04-25,2024-05-27,2024-04,24,516.72,2.79,519.51,21.53,0.1163,0.5399,18,32,,4,True
10754,PERFECTA WINES,9712,2024-04-08,2024-04-25,2024-05-20,2024-04,9755,88871.84,488.8,89360.64,9.1104,0.0501,0.55,17,25,,897,True
8004,SAZERAC CO INC,9713,2024-04-08,2024-04-25,2024-05-28,2024-04,20832,153535.17,829.09,154364.26,7.3702,0.0398,0.54,17,33,,138,True
8735,SURVILLE ENTERPRISES CORP,9715,2024-04-08,2024-04-25,2024-06-04,2024-04,276,2960.7,15.1,2975.8,10.7272,0.0547,0.51,17,40,,22,True
8892,TRINCHERO FAMILY ESTATES,9716,2024-04-08,2024-04-25,2024-06-02,2024-04,5366,32818.22,157.53,32975.75,6.116,0.0294,0.48,17,38,,153,True
90058,ZORVINO VINEYARDS,9737,2024-04-10,2024-04-25,2024-06-06,2024-04,130,1074.9,4.84,1079.74,8.2685,0.0372,0.4503,15,42,,6,True
90010,VINEXTRA INC,9760,2024-04-12,2024-04-25,2024-06-05,2024-04,198,2143.08,10.93,2154.01,10.8236,0.0552,0.51,13,41,,47,True
4380,CHARLES JACQUIN ET CIE INC,9765,2024-04-13,2024-04-25,2024-06-11,2024-04,645,6861.53,34.31,6895.84,10.638,0.0532,0.5,12,47,,15,True
11567,CAMPARI AMERICA,9787,2024-04-14,2024-04-25,2024-05-27,2024-04,6779,56585.54,305.56,56891.1,8.3472,0.0451,0.54,11,32,,74,True
90052,HAUNTING WHISPER VYDS,9627,2024-04-03,2024-04-26,2024-06-02,2024-04,12,99.24,0.54,99.78,8.27,0.045,0.5441,23,37,,2,True
5992,MCCORMICK DISTILLING CO,9628,2024-04-03,2024-04-26,2024-05-23,2024-04,434,4140.05,19.46,4159.51,9.5393,0.0448,0.47,23,27,,35,True
8664,"STOLI GROUP,(USA) LLC",9651,2024-04-04,2024-04-26,2024-06-01,2024-04,2251,38600.48,189.14,38789.62,17.1481,0.084,0.49,22,36,,48,True
2496,DUGGANS DISTILLED PRODUCTS,9660,2024-04-05,2024-04-26,2024-05-20,2024-04,104,1806.22,9.39,1815.61,17.3675,0.0903,0.5199,21,24,,5,True
98450,Serralles Usa LLC,9664,2024-04-05,2024-04-26,2024-05-23,2024-04,94,1409.76,6.91,1416.67,14.9974,0.0735,0.4902,21,27,,16,True
90056,SWEET BABY VINEYARD,9665,2024-04-05,2024-04-26,2024-05-22,2024-04,166,1389.15,7.64,1396.79,8.3684,0.046,0.55,21,26,,4,True
6355,NICHE W & S,9685,2024-04-06,2024-04-26,2024-05-30,2024-04,69,1014.3,5.07,1019.37,14.7,0.0735,0.4999,20,34,,8,True
173357,TAMWORTH DISTILLING,9688,2024-04-06,2024-04-26,2024-06-03,2024-04,294,5524.26,28.17,5552.43,18.79,0.0958,0.5099,20,38,,4,True
17031,FLAG HILL WINERY & VINEYARD,9722,2024-04-10,2024-04-26,2024-05-26,2024-04,275,3410.45,17.39,3427.84,12.4016,0.0632,0.5099,16,30,,19,True
7245,PROXIMO SPIRITS INC.,9726,2024-04-10,2024-04-26,2024-05-30,2024-04,11584,123624.17,605.76,124229.93,10.672,0.0523,0.49,16,34,,114,True
90032,LABELLE VYDS AND WINERY,9742,2024-04-11,2024-04-26,2024-06-06,2024-04,103,1083.11,4.87,1087.98,10.5156,0.0473,0.4496,15,41,,10,True
4950,LATITUDE BEVERAGE COMPANY,9743,2024-04-11,2024-04-26,2024-05-28,2024-04,409,2360.86,10.86,2371.72,5.7723,0.0266,0.46,15,32,,45,True
6359,OLE SMOKY DISTILLERY LLC,9744,2024-04-11,2024-04-26,2024-06-01,2024-04,2810,39590.28,193.99,39784.27,14.0891,0.069,0.49,15,36,,18,True
7240,"PREMIUM PORT WINES, INC.",9745,2024-04-11,2024-04-26,2024-06-04,2024-04,222,1637.31,8.51,1645.82,7.3753,0.0383,0.5198,15,39,,3,True
2555,DISARONNO INTERNATIONAL LLC,9767,2024-04-13,2024-04-26,2024-05-29,2024-04,1400,16208.67,87.53,16296.2,11.5776,0.0625,0.54,13,33,,12,True
6215,MOONLIGHT MEADERY,9777,2024-04-13,2024-04-26,2024-06-07,2024-04,72,649.68,3.44,653.12,9.0233,0.0478,0.5295,13,42,,7,True
90024,VINILANDIA USA,9783,2024-04-13,2024-04-26,2024-06-10,2024-04,618,5093.46,27.5,5120.96,8.2418,0.0445,0.5399,13,45,,206,True
1189,BULLY BOY DISTILLERS,9786,2024-04-14,2024-04-26,2024-06-07,2024-04,667,14364.91,74.7,14439.61,21.5366,0.112,0.52,12,42,,6,True
2242,DELICATO VINEYARDS INC,9789,2024-04-14,2024-04-26,2024-05-29,2024-04,2048,15868.5,73.0,15941.5,7.7483,0.0356,0.46,12,33,,96,True
1601,VRANKEN AMERICA,9799,2024-04-14,2024-04-26,2024-06-09,2024-04,90,1769.23,8.32,1777.55,19.6581,0.0924,0.4703,12,44,,21,True
90053,INCREDIBREW INC,9804,2024-04-15,2024-04-26,2024-06-12,2024-04,22,203.28,0.96,204.24,9.24,0.0436,0.4723,11,47,,4,True
9552,M S WALKER INC,9806,2024-04-15,2024-04-26,2024-05-31,2024-04,18525,141764.71,652.12,142416.83,7.6526,0.0352,0.46,11,35,,960,True
6785,PALM BAY INTERNATIONAL INC,9724,2024-04-10,2024-04-27,2024-06-02,2024-04,5231,37130.96,185.65,37316.61,7.0983,0.0355,0.5,17,36,,174,True
8004,SAZERAC CO INC,9729,2024-04-10,2024-04-27,2024-06-02,2024-04,20075,133873.24,736.3,134609.54,6.6687,0.0367,0.55,17,36,,138,True
7255,PSP WINES,9792,2024-04-14,2024-04-27,2024-05-31,2024-04,327,2728.85,12.83,2741.68,8.3451,0.0392,0.4702,13,34,,32,True
660,SAZERAC NORTH AMERICA INC.,9813,2024-04-15,2024-04-27,2024-05-26,2024-04,10126,74165.72,407.91,74573.63,7.3243,0.0403,0.55,12,29,,84,True
105,ALTAMAR BRANDS LLC,9719,2024-04-10,2024-04-28,2024-06-12,2024-04,12,428.52,2.31,430.83,35.71,0.1925,0.5391,18,45,,3,True
2876,CENTEUR IMPORTS LLC,9720,2024-04-10,2024-04-28,2024-06-02,2024-04,12,109.8,0.6,110.4,9.15,0.05,0.5464,18,35,,11,True
7239,REMY COINTREAU USA INC,9727,2024-04-10,2024-04-28,2024-06-08,2024-04,2569,61950.03,322.14,62272.17,24.1145,0.1254,0.52,18,41,,45,True
9819,TREASURY WINE ESTATES,9746,2024-04-11,2024-04-28,2024-06-04,2024-04,7702,38545.07,188.87,38733.94,5.0046,0.0245,0.49,17,37,,111,True
1392,CONSTELLATION BRANDS INC,9749,2024-04-12,2024-04-28,2024-05-26,2024-04,34773,225706.96,1196.25,226903.21,6.4909,0.0344,0.53,16,28,,481,True
3252,E & J GALLO WINERY,9751,2024-04-12,2024-04-28,2024-05-30,2024-04,27479,178492.84,856.77,179349.61,6.4956,0.0312,0.48,16,32,,527,True
6355,NICHE W & S,9778,2024-04-13,2024-04-28,2024-06-08,2024-04,59,870.66,4.53,875.19,14.7569,0.0768,0.5203,15,41,,8,True
8673,STE MICHELLE WINE ESTATES,9780,2024-04-13,2024-04-28,2024-06-10,2024-04,5379,37677.06,177.08,37854.14,7.0045,0.0329,0.47,15,43,,144,True
9622,WEIN BAUER INC,9784,2024-04-13,2024-04-28,2024-06-09,2024-04,24,457.92,2.34,460.26,19.08,0.0975,0.511,15,42,,6,True
98450,Serralles Usa LLC,9793,2024-04-14,2024-04-28,2024-06-03,2024-04,146,2061.34,11.13,2072.47,14.1188,0.0762,0.5399,14,36,,16,True
2000,SOUTHERN WINE & SPIRITS NE,9794,2024-04-14,2024-04-28,2024-05-29,2024-04,4882,44145.21,216.31,44361.52,9.0424,0.0443,0.49,14,31,,417,True
12331,STELLAR IMPORTING CO LLC,9815,2024-04-15,2024-04-28,2024-06-07,2024-04,24,199.92,1.1,201.02,8.33,0.0458,0.5502,13,40,,19,True
9625,WESTERN SPIRITS BEVERAGE CO,9817,2024-04-15,2024-04-28,2024-06-10,2024-04,290,4820.6,26.03,4846.63,16.6228,0.0898,0.54,13,43,,26,True
28750,SMOKY QUARTZ DISTILLERY LLC,9732,2024-04-10,2024-04-29,2024-06-06,2024-04,12,263.88,1.35,265.23,21.99,0.1125,0.5116,19,38,,4,True
8892,TRINCHERO FAMILY ESTATES,9734,2024-04-10,2024-04-29,2024-05-27,2024-04,5192,33331.61,169.99,33501.6,6.4198,0.0327,0.51,19,28,,153,True
516,BANFI PRODUCTS CORP,9739,2024-04-11,2024-04-29,2024-05-30,2024-04,2962,22653.42,101.94,22755.36,7.648,0.0344,0.45,18,31,,149,True
90011,FORTUNE WINE BROKERS LLC,9741,2024-04-11,2024-04-29,2024-06-01,2024-04,188,1842.2,9.03,1851.23,9.7989,0.048,0.4902,18,33,,62,True
9165,ULTRA BEVERAGE COMPANY LLP,9759,2024-04-12,2024-04-29,2024-06-03,2024-04,14316,172558.04,828.28,173386.32,12.0535,0.0579,0.48,17,35,,965,True
388,ATLANTIC IMPORTING COMPANY,9762,2024-04-13,2024-04-29,2024-06-06,2024-04,24,511.68,2.61,514.29,21.32,0.1087,0.5101,16,38,,3,True
3950,"HOOD RIVER DISTILLERS, Inc.",9771,2024-04-13,2024-04-29,2024-06-08,2024-04,12,258.96,1.17,260.13,21.58,0.0975,0.4518,16,40,,7,True
7153,PINE STATE TRADING CO,9791,2024-04-14,2024-04-29,2024-06-10,2024-04,7837,62251.82,305.03,62556.85,7.9433,0.0389,0.49,15,42,,480,True
4466,AMERICAN VINTAGE BEVERAGE,9800,2024-04-15,2024-04-29,2024-06-07,2024-04,275,2775.01,13.6,2788.61,10.0909,0.0495,0.4901,14,39,,3,True
1590,DIAGEO CHATEAU ESTATE WINES,9801,2024-04-15,2024-04-29,2024-06-09,2024-04,1358,9703.42,45.61,9749.03,7.1454,0.0336,0.47,14,41,,117,True
17032,JEWELL TOWNE VINEYARDS,9805,2024-04-15,2024-04-29,2024-05-28,2024-04,59,459.89,2.53,462.42,7.7947,0.0429,0.5501,14,29,,7,True
4425,MARTIGNETTI COMPANIES,9809,2024-04-15,2024-04-29,2024-05-26,2024-04,101,1410.35,6.91,1417.26,13.9639,0.0684,0.4899,14,27,,1639,True
8112,MOET HENNESSY USA INC,9810,2024-04-15,2024-04-29,2024-05-29,2024-04,6348,145177.66,798.48,145976.14,22.8698,0.1258,0.55,14,30,,129,True
1703,ALISA CARR BEVERAGES,9718,2024-04-10,2024-04-30,2024-06-10,2024-04,3,233.76,1.26,235.02,77.92,0.42,0.539,20,41,,32,True
10050,Russian Standard Vodka,9728,2024-04-10,2024-04-30,2024-05-30,2024-04,118,1504.76,7.22,1511.98,12.7522,0.0612,0.4798,20,30,,13,True
17033,SEA BREEZE CELLARS LLC,9730,2024-04-10,2024-04-30,2024-05-31,2024-04,12,94.68,0.46,95.14,7.89,0.0383,0.4858,20,31,,16,True
90017,THE IMPORTED GRAPE LLC,9733,2024-04-10,2024-04-30,2024-06-04,2024-04,12,125.4,0.69,126.09,10.45,0.0575,0.5502,20,35,,40,True
1587,VINEYARD BRANDS INC,9735,2024-04-10,2024-04-30,2024-05-28,2024-04,1790,15161.49,80.36,15241.85,8.4701,0.0449,0.53,20,28,,87,True
480,BACARDI USA INC,9738,2024-04-11,2024-04-30,2024-05-26,2024-04,21648,257338.55,1209.49,258548.04,11.8874,0.0559,0.47,19,26,Frank Delahunt,184,True
17037,Dunn Wine Brokers,9740,2024-04-11,2024-04-30,2024-06-12,2024-04,41,571.2,2.97,574.17,13.9317,0.0724,0.52,19,43,,35,True
90047,CRUSH WINES,9750,2024-04-12,2024-04-30,2024-06-04,2024-04,222,2497.88,12.99,2510.87,11.2517,0.0585,0.52,18,35,,165,True
1655,FABRIZIA SPIRITS LLC,9752,2024-04-12,2024-04-30,2024-06-03,2024-04,335,4292.7,22.32,4315.02,12.814,0.0666,0.52,18,34,,8,True
1273,CALEDONIA SPIRITS INC,9764,2024-04-13,2024-04-30,2024-05-27,2024-04,73,2169.98,11.72,2181.7,29.7258,0.1605,0.5401,17,27,,5,True
3924,HEAVEN HILL DISTILLERIES,9770,2024-04-13,2024-04-30,2024-06-09,2024-04,5917,53331.59,282.66,53614.25,9.0133,0.0478,0.53,17,40,,69,True
12546,JIM BEAM BRANDS COMPANY,9772,2024-04-13,2024-04-30,2024-06-12,2024-04,43915,375658.64,1728.03,377386.67,8.5542,0.0393,0.46,17,43,Frank Delahunt,415,True
8150,SEA HAGG DISTILLERY LLC,9779,2024-04-13,2024-04-30,2024-06-04,2024-04,152,1551.92,8.54,1560.46,10.21,0.0562,0.5503,17,35,,9,True
90037,THE PIERPONT GROUP LLC,9797,2024-04-14,2024-04-30,2024-06-06,2024-04,12,81.6,0.41,82.01,6.8,0.0342,0.5025,16,37,,13,True
5455,MARSALLE COMPANY,9807,2024-04-15,2024-04-30,2024-05-30,2024-04,176,4414.22,22.95,4437.17,25.0808,0.1304,0.5199,15,30,,10,True
3089,SIDNEY FRANK IMPORTING CO,9731,2024-04-10,2024-05-01,2024-06-05,2024-05,3058,27659.46,152.13,27811.59,9.045,0.0497,0.55,21,35,,13,True
6213,MHW LTD,9754,2024-04-12,2024-05-01,2024-06-04,2024-05,2520,30601.13,159.13,30760.26,12.1433,0.0631,0.52,19,34,,96,True
3960,DIAGEO NORTH AMERICA INC,9766,2024-04-13,2024-05-01,2024-06-02,2024-05,87795,768037.55,3532.97,771570.52,8.7481,0.0402,0.46,18,32,Frank Delahunt,449,True
90051,FULCHINO VINEYARD INC,9769,2024-04-13,2024-05-01,2024-05-28,2024-05,24,241.44,1.3,242.74,10.06,0.0542,0.5384,18,27,,2,True
1265,BLACK ROCK SPIRITS LLC,9785,2024-04-14,2024-05-01,2024-05-31,2024-05,15,210.75,0.97,211.72,14.05,0.0647,0.4603,17,30,,1,True
9744,FREDERICK WILDMAN & SONS,9790,2024-04-14,2024-05-01,2024-06-03,2024-05,1180,12022.41,61.31,12083.72,10.1885,0.052,0.51,17,33,,149,True
17035,PERNOD RICARD USA,9811,2024-04-15,2024-05-01,2024-05-28,2024-05,26260,360566.36,1694.66,362261.02,13.7306,0.0645,0.47,16,27,Frank Delahunt,277,True
7154,PREMIER DISTRIBUTORS,9812,2024-04-15,2024-05-01,2024-05-28,2024-05,151,2301.85,11.51,2313.36,15.244,0.0762,0.5,16,27,,7,True
653,STATE WINE & SPIRITS,9814,2024-04-15,2024-05-01,2024-06-02,2024-05,2959,39562.6,185.94,39748.54,13.3703,0.0628,0.47,16,32,,258,True
1650,Circa Wines,9721,2024-04-10,2024-05-02,2024-06-10,2024-05,137,1647.98,7.75,1655.73,12.0291,0.0566,0.4703,22,39,,74,True
5992,MCCORMICK DISTILLING CO,9723,2024-04-10,2024-05-02,2024-06-03,2024-05,435,4582.65,24.75,4607.4,10.5348,0.0569,0.5401,22,32,,35,True
4550,KLIN SPIRITS LLC,9753,2024-04-12,2024-05-02,2024-06-01,2024-05,123,1730.61,8.48,1739.09,14.07,0.0689,0.49,20,30,,4,True
10754,PERFECTA WINES,9755,2024-04-12,2024-05-02,2024-06-04,2024-05,7000,65397.16,294.29,65691.45,9.3425,0.042,0.45,20,33,,897,True
2450,DJINN SPIRITS LLC,9768,2024-04-13,2024-05-02,2024-05-28,2024-05,30,624.72,2.87,627.59,20.824,0.0957,0.4594,19,26,,6,True
4692,KOBRAND CORPORATION,9773,2024-04-13,2024-05-02,2024-06-04,2024-05,2384,21486.51,116.03,21602.54,9.0128,0.0487,0.54,19,33,,242,True
173357,TAMWORTH DISTILLING,9782,2024-04-13,2024-05-02,2024-06-04,2024-05,20,387.4,1.94,389.34,19.37,0.097,0.5008,19,33,,4,True
8920,TAKARA SAKE USA INC,9796,2024-04-14,2024-05-02,2024-06-11,2024-05,221,1047.28,5.13,1052.41,4.7388,0.0232,0.4898,18,40,,3,True
9260,TY KU LLC,9798,2024-04-14,2024-05-02,2024-06-02,2024-05,52,498.85,2.39,501.24,9.5933,0.046,0.4791,18,31,,7,True
2496,DUGGANS DISTILLED PRODUCTS,9802,2024-04-15,2024-05-02,2024-06-08,2024-05,123,2077.71,11.01,2088.72,16.892,0.0895,0.5299,17,37,,5,True
4425,MARTIGNETTI COMPANIES,9808,2024-04-15,2024-05-02,2024-06-10,2024-05,27965,311577.83,1589.05,313166.88,11.1417,0.0568,0.51,17,39,Frank Delahunt,1639,True
172662,SWEETWATER FARM,9816,2024-04-15,2024-05-02,2024-05-29,2024-05,60,1323.6,7.02,1330.62,22.06,0.117,0.5304,17,27,,5,True
2450,DJINN SPIRITS LLC,9821,2024-04-17,2024-05-02,2024-06-12,2024-05,24,399.84,2.16,402.0,16.66,0.09,0.5402,15,41,,6,True
90032,LABELLE VYDS AND WINERY,9823,2024-04-17,2024-05-02,2024-06-04,2024-05,107,1197.91,6.59,1204.5,11.1954,0.0616,0.5501,15,33,,10,True
7153,PINE STATE TRADING CO,9842,2024-04-18,2024-05-02,2024-06-04,2024-05,6391,50665.71,243.2,50908.91,7.9277,0.0381,0.48,14,33,,480,True
10050,Russian Standard Vodka,9845,2024-04-18,2024-05-02,2024-06-10,2024-05,60,864.06,4.06,868.12,14.401,0.0677,0.4699,14,39,,13,True
3089,SIDNEY FRANK IMPORTING CO,9861,2024-04-19,2024-05-02,2024-06-18,2024-05,5634,77837.4,396.97,78234.37,13.8157,0.0705,0.51,13,47,,13,True
1590,DIAGEO CHATEAU ESTATE WINES,9875,2024-04-20,2024-05-02,2024-06-15,2024-05,1541,10430.23,55.28,10485.51,6.7685,0.0359,0.53,12,44,,117,True
7245,PROXIMO SPIRITS INC.,9881,2024-04-20,2024-05-02,2024-06-09,2024-05,23943,230103.86,1196.54,231300.4,9.6105,0.05,0.52,12,38,,114,True
98450,Serralles Usa LLC,9882,2024-04-20,2024-05-02,2024-06-11,2024-05,165,2364.5,12.3,2376.8,14.3303,0.0745,0.5202,12,40,,16,True
8673,STE MICHELLE WINE ESTATES,9884,2024-04-20,2024-05-02,2024-06-08,2024-05,6510,44595.39,209.6,44804.99,6.8503,0.0322,0.47,12,37,,144,True
9751,VINEDREA WINES LLC,9899,2024-04-21,2024-05-02,2024-06-18,2024-05,6,136.32,0.64,136.96,22.72,0.1067,0.4695,11,47,,1,True
90027,POVERTY LANE ORCHARDS,9725,2024-04-10,2024-05-03,2024-06-11,2024-05,36,237.24,1.19,238.43,6.59,0.0331,0.5016,23,39,,8,True
90057,WALPOLE MTN VIEW WINERY,9736,2024-04-10,2024-05-03,2024-06-10,2024-05,36,391.32,2.0,393.32,10.87,0.0556,0.5111,23,38,,3,True
3664,WILLIAM GRANT & SONS INC,9747,2024-04-11,2024-05-03,2024-06-06,2024-05,4349,93246.56,456.91,93703.47,21.4409,0.1051,0.49,22,34,,85,True
90046,CANDIA VINEYARDS,9748,2024-04-12,2024-05-03,2024-06-02,2024-05,12,120.72,0.54,121.26,10.06,0.045,0.4473,21,30,,5,True
9206,PHILLIPS PRODUCTS CO.,9756,2024-04-12,2024-05-03,2024-06-09,2024-05,687,6872.48,37.8,6910.28,10.0036,0.055,0.55,21,37,,33,True
8320,SHAW ROSS INT L IMP LTD,9757,2024-04-12,2024-05-03,2024-05-28,2024-05,1124,10247.07,50.21,10297.28,9.1166,0.0447,0.49,21,25,,38,True
8664,"STOLI GROUP,(USA) LLC",9758,2024-04-12,2024-05-03,2024-06-06,2024-05,3562,55123.44,248.06,55371.5,15.4754,0.0696,0.45,21,34,,48,True
9815,WINE GROUP INC,9761,2024-04-12,2024-05-03,2024-05-26,2024-05,11724,76212.76,411.55,76624.31,6.5006,0.0351,0.54,21,23,,215,True
1128,BROWN-FORMAN CORP,9763,2024-04-13,2024-05-03,2024-06-09,2024-05,16090,199050.33,1035.06,200085.39,12.3711,0.0643,0.52,20,37,,142,True
4848,LAIRD & CO,9774,2024-04-13,2024-05-03,2024-06-06,2024-05,227,1632.61,7.35,1639.96,7.1921,0.0324,0.4502,20,34,,16,True
8352,LUXCO INC,9775,2024-04-13,2024-05-03,2024-06-10,2024-05,4772,34470.55,158.56,34629.11,7.2235,0.0332,0.46,20,38,,69,True
10000,MAJESTIC FINE WINES,9776,2024-04-13,2024-05-03,2024-06-09,2024-05,7228,54374.47,244.69,54619.16,7.5228,0.0339,0.45,20,37,,40,True
8735,SURVILLE ENTERPRISES CORP,9781,2024-04-13,2024-05-03,2024-05-31,2024-05,113,778.48,3.81,782.29,6.8892,0.0337,0.4894,20,28,,22,True
1485,CASTLE BRANDS CORP.,9788,2024-04-14,2024-05-03,2024-06-11,2024-05,1408,20470.25,110.54,20580.79,14.5385,0.0785,0.54,19,39,,29,True
90056,SWEET BABY VINEYARD,9795,2024-04-14,2024-05-03,2024-05-28,2024-05,198,1657.7,8.95,1666.65,8.3722,0.0452,0.5399,19,25,,4,True
2561,EDRINGTON AMERICAS,9803,2024-04-15,2024-05-03,2024-05-27,2024-05,1012,25661.06,133.44,25794.5,25.3568,0.1319,0.52,18,24,,33,True
90037,THE PIERPONT GROUP LLC,9830,2024-04-17,2024-05-03,2024-06-13,2024-05,8,114.2,0.56,114.76,14.275,0.07,0.4904,16,41,,13,True
5992,MCCORMICK DISTILLING CO,9839,2024-04-18,2024-05-03,2024-06-13,2024-05,1073,11867.76,54.59,11922.35,11.0604,0.0509,0.46,15,41,,35,True
90056,SWEET BABY VINEYARD,9863,2024-04-19,2024-05-03,2024-06-11,2024-05,166,1385.4,6.93,1392.33,8.3458,0.0417,0.5002,14,39,,4,True
9165,ULTRA BEVERAGE COMPANY LLP,9866,2024-04-19,2024-05-03,2024-06-05,2024-05,25433,264647.84,1296.77,265944.61,10.4057,0.051,0.49,14,33,Frank Delahunt,965,True
9622,WEIN BAUER INC,9869,2024-04-19,2024-05-03,2024-06-12,2024-05,60,738.6,3.47,742.07,12.31,0.0578,0.4698,14,40,,6,True
1655,FABRIZIA SPIRITS LLC,9876,2024-04-20,2024-05-03,2024-06-07,2024-05,2062,24547.02,127.64,24674.66,11.9045,0.0619,0.52,13,35,,8,True
1189,BULLY BOY DISTILLERS,9902,2024-04-22,2024-05-03,2024-06-16,2024-05,90,1992.18,8.96,2001.14,22.1353,0.0996,0.4498,11,44,,6,True
4380,CHARLES JACQUIN ET CIE INC,9903,2024-04-22,2024-05-03,2024-06-19,2024-05,447,4198.88,23.09,4221.97,9.3935,0.0517,0.5499,11,47,,15,True
3950,"HOOD RIVER DISTILLERS, Inc.",9906,2024-04-22,2024-05-03,2024-06-09,2024-05,6,129.48,0.6,130.08,21.58,0.1,0.4634,11,37,,7,True
6215,MOONLIGHT MEADERY,9824,2024-04-17,2024-05-04,2024-06-18,2024-05,120,1071.48,5.25,1076.73,8.929,0.0437,0.49,17,45,,7,True
8735,SURVILLE ENTERPRISES CORP,9828,2024-04-17,2024-05-04,2024-06-02,2024-05,66,552.72,2.6,555.32,8.3745,0.0394,0.4704,17,29,,22,True
9744,FREDERICK WILDMAN & SONS,9836,2024-04-18,2024-05-04,2024-06-12,2024-05,1129,11642.76,55.89,11698.65,10.3125,0.0495,0.48,16,39,,149,True
4425,MARTIGNETTI COMPANIES,9838,2024-04-18,2024-05-04,2024-06-08,2024-05,42259,430408.39,2367.25,432775.64,10.185,0.056,0.55,16,35,Frank Delahunt,1639,True
9206,PHILLIPS PRODUCTS CO.,9841,2024-04-18,2024-05-04,2024-06-05,2024-05,580,4063.01,21.13,4084.14,7.0052,0.0364,0.5201,16,32,,33,True
7154,PREMIER DISTRIBUTORS,9843,2024-04-18,2024-05-04,2024-06-04,2024-05,120,1740.38,8.01,1748.39,14.5032,0.0668,0.4602,16,31,,7,True
1128,BROWN-FORMAN CORP,9848,2024-04-19,2024-05-04,2024-06-07,2024-05,15193,220984.85,1127.02,222111.87,14.5452,0.0742,0.51,15,34,,142,True
17032,JEWELL TOWNE VINEYARDS,9856,2024-04-19,2024-05-04,2024-06-08,2024-05,96,788.52,3.86,792.38,8.2137,0.0402,0.4895,15,35,,7,True
8352,LUXCO INC,9858,2024-04-19,2024-05-04,2024-06-04,2024-05,4274,28606.11,143.03,28749.14,6.6931,0.0335,0.5,15,31,,69,True
3664,WILLIAM GRANT & SONS INC,9870,2024-04-19,2024-05-04,2024-06-17,2024-05,6539,148689.56,817.79,149507.35,22.7389,0.1251,0.55,15,44,,85,True
10754,PERFECTA WINES,9879,2024-04-20,2024-05-04,2024-06-03,2024-05,7665,74724.66,366.15,75090.81,9.7488,0.0478,0.49,14,30,,897,True
7240,"PREMIUM PORT WINES, INC.",9880,2024-04-20,2024-05-04,2024-06-19,2024-05,133,959.12,4.32,963.44,7.2114,0.0325,0.4504,14,46,,3,True
90010,VINEXTRA INC,9885,2024-04-20,2024-05-04,2024-06-15,2024-05,228,2117.28,9.53,2126.81,9.2863,0.0418,0.4501,14,42,,47,True
6355,NICHE W & S,9892,2024-04-21,2024-05-04,2024-06-06,2024-05,53,786.94,4.33,791.27,14.8479,0.0817,0.5502,13,33,,8,True
8664,"STOLI GROUP,(USA) LLC",9896,2024-04-21,2024-05-04,2024-06-07,2024-05,4722,82884.81,372.98,83257.79,17.5529,0.079,0.45,13,34,,48,True
12546,JIM BEAM BRANDS COMPANY,9907,2024-04-22,2024-05-04,2024-06-17,2024-05,49749,498593.97,2343.39,500937.36,10.0222,0.0471,0.47,12,44,Frank Delahunt,415,True
6785,PALM BAY INTERNATIONAL INC,9913,2024-04-22,2024-05-04,2024-06-15,2024-05,14208,86137.91,396.23,86534.14,6.0626,0.0279,0.46,12,42,,174,True
8150,SEA HAGG DISTILLERY LLC,9826,2024-04-17,2024-05-05,2024-06-04,2024-05,165,1756.65,8.43,1765.08,10.6464,0.0511,0.4799,18,30,,9,True
10000,MAJESTIC FINE WINES,9837,2024-04-18,2024-05-05,2024-06-02,2024-05,9997,76393.92,374.33,76768.25,7.6417,0.0374,0.49,17,28,,40,True
17035,PERNOD RICARD USA,9840,2024-04-18,2024-05-05,2024-06-06,2024-05,30722,436431.2,2356.73,438787.93,14.2058,0.0767,0.54,17,32,Frank Delahunt,277,True
7255,PSP WINES,9844,2024-04-18,2024-05-05,2024-06-08,2024-05,327,3254.61,14.65,3269.26,9.9529,0.0448,0.4501,17,34,,32,True
4950,LATITUDE BEVERAGE COMPANY,9857,2024-04-19,2024-05-05,2024-06-14,2024-05,553,3354.88,15.43,3370.31,6.0667,0.0279,0.4599,16,40,,45,True
8004,SAZERAC CO INC,9859,2024-04-19,2024-05-05,2024-06-08,2024-05,23128,178056.77,943.7,179000.47,7.6988,0.0408,0.53,16,34,,138,True
653,STATE WINE & SPIRITS,9883,2024-04-20,2024-05-05,2024-06-10,2024-05,2065,20514.58,110.78,20625.36,9.9344,0.0536,0.54,15,36,,258,True
1601,VRANKEN AMERICA,9900,2024-04-21,2024-05-05,2024-06-05,2024-05,238,3296.98,16.48,3313.46,13.8529,0.0692,0.4999,14,31,,21,True
4550,KLIN SPIRITS LLC,9908,2024-04-22,2024-05-05,2024-06-03,2024-05,79,1111.53,5.45,1116.98,14.07,0.069,0.4903,13,29,,4,True
5455,MARSALLE COMPANY,9911,2024-04-22,2024-05-05,2024-06-02,2024-05,62,1628.33,7.33,1635.66,26.2634,0.1182,0.4502,13,28,,10,True
90046,CANDIA VINEYARDS,9833,2024-04-18,2024-05-06,2024-06-06,2024-05,1,10.06,0.05,10.11,10.06,0.05,0.497,18,31,,5,True
2876,CENTEUR IMPORTS LLC,9834,2024-04-18,2024-05-06,2024-06-19,2024-05,6,48.3,0.22,48.52,8.05,0.0367,0.4555,18,44,,11,True
90052,HAUNTING WHISPER VYDS,9853,2024-04-19,2024-05-06,2024-06-13,2024-05,36,292.56,1.61,294.17,8.1267,0.0447,0.5503,17,38,,2,True
516,BANFI PRODUCTS CORP,9872,2024-04-20,2024-05-06,2024-06-18,2024-05,6762,54823.63,257.67,55081.3,8.1076,0.0381,0.47,16,43,,149,True
1485,CASTLE BRANDS CORP.,9873,2024-04-20,2024-05-06,2024-06-02,2024-05,3775,72656.12,399.61,73055.73,19.2467,0.1059,0.55,16,27,,29,True
2496,DUGGANS DISTILLED PRODUCTS,9888,2024-04-21,2024-05-06,2024-06-02,2024-05,113,1868.89,10.28,1879.17,16.5388,0.091,0.5501,15,27,,5,True
17037,Dunn Wine Brokers,9889,2024-04-21,2024-05-06,2024-06-10,2024-05,48,594.36,3.27,597.63,12.3825,0.0681,0.5502,15,35,,35,True
17033,SEA BREEZE CELLARS LLC,9895,2024-04-21,2024-05-06,2024-06-18,2024-05,47,409.35,1.96,411.31,8.7096,0.0417,0.4788,15,43,,16,True
8920,TAKARA SAKE USA INC,9897,2024-04-21,2024-05-06,2024-06-17,2024-05,82,396.02,2.18,398.2,4.8295,0.0266,0.5505,15,42,,3,True
90058,ZORVINO VINEYARDS,9901,2024-04-21,2024-05-06,2024-06-16,2024-05,291,2298.26,11.26,2309.52,7.8978,0.0387,0.4899,15,41,,6,True
4425,MARTIGNETTI COMPANIES,9912,2024-04-22,2024-05-06,2024-06-05,2024-05,107,1262.72,6.31,1269.03,11.8011,0.059,0.4997,14,30,,1639,True
173357,TAMWORTH DISTILLING,9914,2024-04-22,2024-05-06,2024-06-03,2024-05,18,345.18,1.62,346.8,19.1767,0.09,0.4693,14,28,,4,True
480,BACARDI USA INC,9847,2024-04-19,2024-05-07,2024-06-13,2024-05,23002,295393.87,1358.81,296752.68,12.8421,0.0591,0.46,18,37,Frank Delahunt,184,True
17031,FLAG HILL WINERY & VINEYARD,9852,2024-04-19,2024-05-07,2024-06-13,2024-05,295,4280.25,21.4,4301.65,14.5093,0.0725,0.5,18,37,,19,True
660,SAZERAC NORTH AMERICA INC.,9860,2024-04-19,2024-05-07,2024-06-05,2024-05,9281,68144.49,306.65,68451.14,7.3424,0.033,0.45,18,29,,84,True
9260,TY KU LLC,9865,2024-04-19,2024-05-07,2024-06-10,2024-05,135,2555.55,13.8,2569.35,18.93,0.1022,0.54,18,34,,7,True
90024,VINILANDIA USA,9867,2024-04-19,2024-05-07,2024-06-03,2024-05,833,8183.1,39.28,8222.38,9.8236,0.0472,0.48,18,27,,206,True
7239,REMY COINTREAU USA INC,9894,2024-04-21,2024-05-07,2024-06-11,2024-05,2215,47090.84,230.75,47321.59,21.26,0.1042,0.49,16,35,,45,True
3960,DIAGEO NORTH AMERICA INC,9904,2024-04-22,2024-05-07,2024-06-14,2024-05,112194,1041834.26,4792.44,1046626.7,9.286,0.0427,0.46,15,38,Frank Delahunt,449,True
4692,KOBRAND CORPORATION,9909,2024-04-22,2024-05-07,2024-06-16,2024-05,3006,31458.07,169.87,31627.94,10.4651,0.0565,0.54,15,40,,242,True
9819,TREASURY WINE ESTATES,9915,2024-04-22,2024-05-07,2024-06-05,2024-05,11942,68134.04,347.48,68481.52,5.7054,0.0291,0.51,15,29,,111,True
1587,VINEYARD BRANDS INC,9916,2024-04-22,2024-05-07,2024-06-12,2024-05,1572,12865.18,60.47,12925.65,8.184,0.0385,0.47,15,36,,87,True
2555,DISARONNO INTERNATIONAL LLC,9820,2024-04-17,2024-05-08,2024-06-08,2024-05,3818,53411.39,272.4,53683.79,13.9894,0.0713,0.51,21,31,,12,True
90011,FORTUNE WINE BROKERS LLC,9822,2024-04-17,2024-05-08,2024-06-17,2024-05,205,1805.1,8.48,1813.58,8.8054,0.0414,0.4698,21,40,,62,True
2242,DELICATO VINEYARDS INC,9835,2024-04-18,2024-05-08,2024-06-19,2024-05,1635,12727.28,66.18,12793.46,7.7843,0.0405,0.52,20,42,,96,True
2000,SOUTHERN WINE & SPIRITS NE,9862,2024-04-19,2024-05-08,2024-06-09,2024-05,10929,91229.37,465.27,91694.64,8.3475,0.0426,0.51,19,32,,417,True
90047,CRUSH WINES,9874,2024-04-20,2024-05-08,2024-06-15,2024-05,312,3150.49,16.38,3166.87,10.0977,0.0525,0.5199,18,38,,165,True
8112,MOET HENNESSY USA INC,9878,2024-04-20,2024-05-08,2024-06-03,2024-05,6920,186168.14,874.99,187043.13,26.9029,0.1264,0.47,18,26,,129,True
6359,OLE SMOKY DISTILLERY LLC,9893,2024-04-21,2024-05-08,2024-06-08,2024-05,413,5425.07,24.96,5450.03,13.1358,0.0604,0.4601,17,31,,18,True
4848,LAIRD & CO,9910,2024-04-22,2024-05-08,2024-06-14,2024-05,274,1280.9,6.4,1287.3,4.6748,0.0234,0.4996,16,37,,16,True
388,ATLANTIC IMPORTING COMPANY,9818,2024-04-17,2024-05-09,2024-06-04,2024-05,29,618.28,2.97,621.25,21.32,0.1024,0.4804,22,26,,3,True
1392,CONSTELLATION BRANDS INC,9819,2024-04-17,2024-05-09,2024-06-12,2024-05,52624,354588.2,1666.56,356254.76,6.7381,0.0317,0.47,22,34,Frank Delahunt,481,True
90027,POVERTY LANE ORCHARDS,9825,2024-04-17,2024-05-09,2024-06-06,2024-05,107,802.09,3.61,805.7,7.4962,0.0337,0.4501,22,28,,8,True
8320,SHAW ROSS INT L IMP LTD,9827,2024-04-17,2024-05-09,2024-06-10,2024-05,1180,9991.7,53.96,10045.66,8.4675,0.0457,0.54,22,32,,38,True
9625,WESTERN SPIRITS BEVERAGE CO,9831,2024-04-17,2024-05-09,2024-06-10,2024-05,244,4106.79,18.48,4125.27,16.8311,0.0757,0.45,22,32,,26,True
9815,WINE GROUP INC,9846,2024-04-18,2024-05-09,2024-06-18,2024-05,23289,127484.16,611.92,128096.08,5.474,0.0263,0.48,21,40,,215,True
1273,CALEDONIA SPIRITS INC,9849,2024-04-19,2024-05-09,2024-06-17,2024-05,110,3207.03,14.43,3221.46,29.1548,0.1312,0.4499,20,39,,5,True
1650,Circa Wines,9850,2024-04-19,2024-05-09,2024-06-05,2024-05,1,9.72,0.05,9.77,9.72,0.05,0.5144,20,27,,74,True
2561,EDRINGTON AMERICAS,9851,2024-04-19,2024-05-09,2024-06-13,2024-05,1009,36575.55,197.51,36773.06,36.2493,0.1957,0.54,20,35,,33,True
2,"IRA GOLDMAN AND WILLIAMS, LLP",9855,2024-04-19,2024-05-09,2024-06-08,2024-05,320,5440.0,26.11,5466.11,17.0,0.0816,0.48,20,30,,2,True
90057,WALPOLE MTN VIEW WINERY,9868,2024-04-19,2024-05-09,2024-06-15,2024-05,12,137.16,0.7,137.86,11.43,0.0583,0.5104,20,37,,3,True
4466,AMERICAN VINTAGE BEVERAGE,9886,2024-04-21,2024-05-09,2024-06-12,2024-05,312,3050.86,13.73,3064.59,9.7784,0.044,0.45,18,34,,3,True
6213,MHW LTD,9891,2024-04-21,2024-05-09,2024-06-07,2024-05,2396,23250.76,123.23,23373.99,9.704,0.0514,0.53,18,29,,96,True
3252,E & J GALLO WINERY,9905,2024-04-22,2024-05-09,2024-06-17,2024-05,47385,301415.42,1356.37,302771.79,6.361,0.0286,0.45,17,39,Frank Delahunt,527,True
6213,MHW LTD,9922,2024-04-24,2024-05-09,2024-06-17,2024-05,7275,37561.07,172.78,37733.85,5.163,0.0237,0.46,15,39,,96,True
8004,SAZERAC CO INC,9924,2024-04-24,2024-05-09,2024-06-19,2024-05,23554,175715.01,861.0,176576.01,7.4601,0.0366,0.49,15,41,,138,True
3089,SIDNEY FRANK IMPORTING CO,9926,2024-04-24,2024-05-09,2024-06-25,2024-05,3906,39017.2,187.28,39204.48,9.989,0.0479,0.48,15,47,,13,True
9744,FREDERICK WILDMAN & SONS,9935,2024-04-25,2024-05-09,2024-06-14,2024-05,1778,18405.95,92.03,18497.98,10.3521,0.0518,0.5,14,36,,149,True
6359,OLE SMOKY DISTILLERY LLC,9941,2024-04-25,2024-05-09,2024-06-15,2024-05,18445,30002.72,135.01,30137.73,1.6266,0.0073,0.45,14,37,,18,True
90047,CRUSH WINES,9956,2024-04-26,2024-05-09,2024-06-13,2024-05,376,3521.03,17.96,3538.99,9.3644,0.0478,0.5101,13,35,,165,True
17031,FLAG HILL WINERY & VINEYARD,9971,2024-04-27,2024-05-09,2024-06-13,2024-05,482,6749.18,35.77,6784.95,14.0024,0.0742,0.53,12,35,,19,True
7153,PINE STATE TRADING CO,9975,2024-04-27,2024-05-09,2024-06-24,2024-05,7386,57740.96,265.61,58006.57,7.8176,0.036,0.46,12,46,,480,True
516,BANFI PRODUCTS CORP,9985,2024-04-28,2024-05-09,2024-06-20,2024-05,6611,50969.7,259.95,51229.65,7.7098,0.0393,0.51,11,42,,149,True
2000,SOUTHERN WINE & SPIRITS NE,9993,2024-04-28,2024-05-09,2024-06-25,2024-05,8724,75028.11,375.14,75403.25,8.6002,0.043,0.5,11,47,,417,True
9260,TY KU LLC,9994,2024-04-28,2024-05-09,2024-06-21,2024-05,76,776.65,4.04,780.69,10.2191,0.0532,0.5202,11,43,,7,True
90024,VINILANDIA USA,9996,2024-04-28,2024-05-09,2024-06-11,2024-05,4485,37928.72,182.06,38110.78,8.4568,0.0406,0.48,11,33,,206,True
90032,LABELLE VYDS AND WINERY,10008,2024-04-29,2024-05-09,2024-06-20,2024-05,359,3880.55,20.95,3901.5,10.8093,0.0584,0.5399,10,42,,10,True
90058,ZORVINO VINEYARDS,10020,2024-04-29,2024-05-09,2024-06-19,2024-05,180,1495.56,6.73,1502.29,8.3087,0.0374,0.45,10,41,,6,True
28776,TALL SHIP DISTILLERY LLC,9829,2024-04-17,2024-05-10,2024-06-05,2024-05,24,502.2,2.66,504.86,20.925,0.1108,0.5297,23,26,,4,True
1703,ALISA CARR BEVERAGES,9832,2024-04-18,2024-05-10,2024-06-10,2024-05,2,155.84,0.72,156.56,77.92,0.36,0.462,22,31,,32,True
90053,INCREDIBREW INC,9854,2024-04-19,2024-05-10,2024-06-05,2024-05,36,319.2,1.53,320.73,8.8667,0.0425,0.4793,21,26,,4,True
90017,THE IMPORTED GRAPE LLC,9864,2024-04-19,2024-05-10,2024-06-14,2024-05,12,125.4,0.69,126.09,10.45,0.0575,0.5502,21,35,,40,True
105,ALTAMAR BRANDS LLC,9871,2024-04-20,2024-05-10,2024-06-10,2024-05,6,214.26,1.18,215.44,35.71,0.1967,0.5507,20,31,,3,True
9552,M S WALKER INC,9877,2024-04-20,2024-05-10,2024-06-07,2024-05,21416,169623.82,915.97,170539.79,7.9204,0.0428,0.54,20,28,,960,True
11567,CAMPARI AMERICA,9887,2024-04-21,2024-05-10,2024-06-19,2024-05,7990,68066.78,360.75,68427.53,8.519,0.0452,0.53,19,40,,74,True
3924,HEAVEN HILL DISTILLERIES,9890,2024-04-21,2024-05-10,2024-06-16,2024-05,5920,47650.67,262.08,47912.75,8.0491,0.0443,0.55,19,37,,69,True
8892,TRINCHERO FAMILY ESTATES,9898,2024-04-21,2024-05-10,2024-06-11,2024-05,5176,31129.9,161.88,31291.78,6.0143,0.0313,0.52,19,32,,153,True
3960,DIAGEO NORTH AMERICA INC,9919,2024-04-24,2024-05-10,2024-06-11,2024-05,98001,900613.12,4052.76,904665.88,9.1898,0.0414,0.45,16,32,Frank Delahunt,449,True
2555,DISARONNO INTERNATIONAL LLC,9920,2024-04-24,2024-05-10,2024-06-26,2024-05,2012,25236.88,113.57,25350.45,12.5432,0.0564,0.45,16,47,,12,True
9819,TREASURY WINE ESTATES,9928,2024-04-24,2024-05-10,2024-06-10,2024-05,10168,62028.82,310.14,62338.96,6.1004,0.0305,0.5,16,31,,111,True
2242,DELICATO VINEYARDS INC,9931,2024-04-25,2024-05-10,2024-06-18,2024-05,2487,18563.67,102.1,18665.77,7.4643,0.0411,0.55,15,39,,96,True
5612,MILTONS DISTRIBUTING CO,9940,2024-04-25,2024-05-10,2024-06-23,2024-05,12,104.4,0.51,104.91,8.7,0.0425,0.4885,15,44,,36,True
8920,TAKARA SAKE USA INC,9948,2024-04-25,2024-05-10,2024-06-21,2024-05,246,1201.84,5.65,1207.49,4.8855,0.023,0.4701,15,42,,3,True
9625,WESTERN SPIRITS BEVERAGE CO,9951,2024-04-25,2024-05-10,2024-06-17,2024-05,350,6103.83,31.13,6134.96,17.4395,0.0889,0.51,15,38,,26,True
90052,HAUNTING WHISPER VYDS,9959,2024-04-26,2024-05-10,2024-06-15,2024-05,24,193.32,1.01,194.33,8.055,0.0421,0.5224,14,36,,2,True
7239,REMY COINTREAU USA INC,9964,2024-04-26,2024-05-10,2024-06-09,2024-05,2871,59748.89,298.74,60047.63,20.8112,0.1041,0.5,14,30,,45,True
8664,"STOLI GROUP,(USA) LLC",9966,2024-04-26,2024-05-10,2024-06-21,2024-05,10195,92675.15,472.64,93147.79,9.0903,0.0464,0.51,14,42,,48,True
4848,LAIRD & CO,9972,2024-04-27,2024-05-10,2024-06-09,2024-05,1745,18846.64,88.58,18935.22,10.8004,0.0508,0.47,13,30,,16,True
90037,THE PIERPONT GROUP LLC,9982,2024-04-27,2024-05-10,2024-06-24,2024-05,24,153.0,0.73,153.73,6.375,0.0304,0.4771,13,45,,13,True
9815,WINE GROUP INC,9983,2024-04-27,2024-05-10,2024-06-20,2024-05,19205,113221.79,532.14,113753.93,5.8954,0.0277,0.47,13,41,,215,True
4950,LATITUDE BEVERAGE COMPANY,9989,2024-04-28,2024-05-10,2024-06-09,2024-05,403,2359.08,12.27,2371.35,5.8538,0.0304,0.5201,12,30,,45,True
1128,BROWN-FORMAN CORP,10001,2024-04-29,2024-05-10,2024-06-12,2024-05,16679,227776.44,1138.88,228915.32,13.6565,0.0683,0.5,11,33,,142,True
17035,PERNOD RICARD USA,10014,2024-04-29,2024-05-10,2024-06-10,2024-05,30005,413006.63,1982.43,414989.06,13.7646,0.0661,0.48,11,31,Frank Delahunt,277,True
10050,Russian Standard Vodka,10015,2024-04-29,2024-05-10,2024-06-23,2024-05,218,1675.51,9.22,1684.73,7.6858,0.0423,0.5503,11,44,,13,True
28776,TALL SHIP DISTILLERY LLC,9927,2024-04-24,2024-05-11,2024-06-15,2024-05,37,821.77,4.44,826.21,22.21,0.12,0.5403,17,35,,4,True
8150,SEA HAGG DISTILLERY LLC,9944,2024-04-25,2024-05-11,2024-06-19,2024-05,175,1858.75,8.92,1867.67,10.6214,0.051,0.4799,16,39,,9,True
1392,CONSTELLATION BRANDS INC,9955,2024-04-26,2024-05-11,2024-06-22,2024-05,41880,285808.66,1486.21,287294.87,6.8245,0.0355,0.52,15,42,Frank Delahunt,481,True
8352,LUXCO INC,9961,2024-04-26,2024-05-11,2024-06-21,2024-05,4513,34497.68,169.04,34666.72,7.6441,0.0375,0.49,15,41,,69,True
1703,ALISA CARR BEVERAGES,9968,2024-04-27,2024-05-11,2024-06-17,2024-05,3,233.76,1.17,234.93,77.92,0.39,0.5005,14,37,,32,True
388,ATLANTIC IMPORTING COMPANY,9969,2024-04-27,2024-05-11,2024-06-14,2024-05,17,362.44,1.96,364.4,21.32,0.1153,0.5408,14,34,,3,True
4425,MARTIGNETTI COMPANIES,9973,2024-04-27,2024-05-11,2024-06-24,2024-05,46545,459435.46,2251.23,461686.69,9.8708,0.0484,0.49,14,44,Frank Delahunt,1639,True
8673,STE MICHELLE WINE ESTATES,9979,2024-04-27,2024-05-11,2024-06-22,2024-05,6349,47127.99,212.08,47340.07,7.4229,0.0334,0.45,14,42,,144,True
1655,FABRIZIA SPIRITS LLC,9987,2024-04-28,2024-05-11,2024-06-18,2024-05,3119,42862.36,222.88,43085.24,13.7423,0.0715,0.52,13,38,,8,True
3664,WILLIAM GRANT & SONS INC,9998,2024-04-28,2024-05-11,2024-06-19,2024-05,5537,110082.62,539.4,110622.02,19.8813,0.0974,0.49,13,39,,85,True
6355,NICHE W & S,10012,2024-04-29,2024-05-11,2024-06-23,2024-05,35,514.5,2.62,517.12,14.7,0.0749,0.5092,12,43,,8,True
1485,CASTLE BRANDS CORP.,9930,2024-04-25,2024-05-12,2024-06-23,2024-05,2274,35269.65,176.35,35446.0,15.51,0.0776,0.5,17,42,,29,True
90056,SWEET BABY VINEYARD,9947,2024-04-25,2024-05-12,2024-06-12,2024-05,323,2700.04,13.77,2713.81,8.3593,0.0426,0.51,17,31,,4,True
1601,VRANKEN AMERICA,9949,2024-04-25,2024-05-12,2024-06-15,2024-05,135,2282.4,11.64,2294.04,16.9067,0.0862,0.51,17,34,,21,True
3252,E & J GALLO WINERY,9958,2024-04-26,2024-05-12,2024-06-20,2024-05,38524,253473.94,1343.41,254817.35,6.5796,0.0349,0.53,16,39,Frank Delahunt,527,True
4425,MARTIGNETTI COMPANIES,9962,2024-04-26,2024-05-12,2024-06-23,2024-05,140,1466.84,6.89,1473.73,10.4774,0.0492,0.4697,16,42,,1639,True
1590,DIAGEO CHATEAU ESTATE WINES,9970,2024-04-27,2024-05-12,2024-06-24,2024-05,1682,12660.36,62.04,12722.4,7.527,0.0369,0.49,15,43,,117,True
287,APPOLO VINEYARDS LLC,9984,2024-04-28,2024-05-12,2024-06-23,2024-05,24,250.44,1.23,251.67,10.435,0.0512,0.4911,14,42,,2,True
2876,CENTEUR IMPORTS LLC,10003,2024-04-29,2024-05-12,2024-06-14,2024-05,30,258.36,1.27,259.63,8.612,0.0423,0.4916,13,33,,11,True
2496,DUGGANS DISTILLED PRODUCTS,10004,2024-04-29,2024-05-12,2024-06-19,2024-05,175,2873.57,14.94,2888.51,16.4204,0.0854,0.5199,13,38,,5,True
12546,JIM BEAM BRANDS COMPANY,10007,2024-04-29,2024-05-12,2024-06-22,2024-05,45587,426994.13,1964.17,428958.3,9.3666,0.0431,0.46,13,41,Frank Delahunt,415,True
5455,MARSALLE COMPANY,10010,2024-04-29,2024-05-12,2024-06-23,2024-05,147,4039.98,20.6,4060.58,27.4829,0.1401,0.5099,13,42,,10,True
6785,PALM BAY INTERNATIONAL INC,10013,2024-04-29,2024-05-12,2024-06-26,2024-05,8469,61355.19,300.64,61655.83,7.2447,0.0355,0.49,13,45,,174,True
8320,SHAW ROSS INT L IMP LTD,10017,2024-04-29,2024-05-12,2024-06-11,2024-05,1286,10683.29,55.55,10738.84,8.3074,0.0432,0.52,13,30,,38,True
8892,TRINCHERO FAMILY ESTATES,10018,2024-04-29,2024-05-12,2024-06-13,2024-05,6506,39191.33,207.71,39399.04,6.0239,0.0319,0.53,13,32,,153,True
1587,VINEYARD BRANDS INC,10019,2024-04-29,2024-05-12,2024-06-23,2024-05,2639,22329.89,122.81,22452.7,8.4615,0.0465,0.55,13,42,,87,True
90051,FULCHINO VINEYARD INC,9921,2024-04-24,2024-05-13,2024-06-09,2024-05,48,570.0,2.91,572.91,11.875,0.0606,0.5105,19,27,,2,True
660,SAZERAC NORTH AMERICA INC.,9925,2024-04-24,2024-05-13,2024-06-14,2024-05,10491,78574.12,432.16,79006.28,7.4897,0.0412,0.55,19,32,,84,True
90011,FORTUNE WINE BROKERS LLC,9934,2024-04-25,2024-05-13,2024-06-12,2024-05,96,772.08,4.01,776.09,8.0425,0.0418,0.5194,18,30,,62,True
28750,SMOKY QUARTZ DISTILLERY LLC,9946,2024-04-25,2024-05-13,2024-06-12,2024-05,48,1014.24,4.56,1018.8,21.13,0.095,0.4496,18,30,,4,True
11567,CAMPARI AMERICA,9953,2024-04-26,2024-05-13,2024-06-25,2024-05,8542,86367.93,449.11,86817.04,10.111,0.0526,0.52,17,43,,74,True
3924,HEAVEN HILL DISTILLERIES,10006,2024-04-29,2024-05-13,2024-06-12,2024-05,6782,53202.67,287.29,53489.96,7.8447,0.0424,0.54,14,30,,69,True
17037,Dunn Wine Brokers,9957,2024-04-26,2024-05-14,2024-06-15,2024-05,66,1033.98,4.96,1038.94,15.6664,0.0752,0.4797,18,32,,35,True
90027,POVERTY LANE ORCHARDS,9963,2024-04-26,2024-05-14,2024-06-16,2024-05,36,261.96,1.31,263.27,7.2767,0.0364,0.5001,18,33,,8,True
7154,PREMIER DISTRIBUTORS,9976,2024-04-27,2024-05-14,2024-06-17,2024-05,180,2464.18,12.07,2476.25,13.6899,0.0671,0.4898,17,34,,7,True
4466,AMERICAN VINTAGE BEVERAGE,9999,2024-04-29,2024-05-14,2024-06-26,2024-05,310,3117.82,14.97,3132.79,10.0575,0.0483,0.4801,15,43,,3,True
17033,SEA BREEZE CELLARS LLC,10016,2024-04-29,2024-05-14,2024-06-17,2024-05,191,2176.86,10.88,2187.74,11.3972,0.057,0.4998,15,34,,16,True
4380,CHARLES JACQUIN ET CIE INC,9918,2024-04-24,2024-05-15,2024-06-15,2024-05,615,5831.68,27.99,5859.67,9.4824,0.0455,0.48,21,31,,15,True
90053,INCREDIBREW INC,9936,2024-04-25,2024-05-15,2024-06-09,2024-05,84,736.08,3.97,740.05,8.7629,0.0473,0.5393,20,25,,4,True
10754,PERFECTA WINES,9942,2024-04-25,2024-05-15,2024-06-16,2024-05,10342,104613.53,543.99,105157.52,10.1154,0.0526,0.52,20,32,,897,True
4692,KOBRAND CORPORATION,9960,2024-04-26,2024-05-15,2024-06-19,2024-05,2340,25381.36,114.22,25495.58,10.8467,0.0488,0.45,19,35,,242,True
653,STATE WINE & SPIRITS,9978,2024-04-27,2024-05-15,2024-06-23,2024-05,2733,26428.77,121.57,26550.34,9.6702,0.0445,0.46,18,39,,258,True
90017,THE IMPORTED GRAPE LLC,9981,2024-04-27,2024-05-15,2024-06-12,2024-05,60,344.4,1.79,346.19,5.74,0.0298,0.5197,18,28,,40,True
90046,CANDIA VINEYARDS,9986,2024-04-28,2024-05-15,2024-06-13,2024-05,71,823.49,4.12,827.61,11.5985,0.058,0.5003,17,29,,5,True
7240,"PREMIUM PORT WINES, INC.",9992,2024-04-28,2024-05-15,2024-06-14,2024-05,157,1208.27,6.52,1214.79,7.696,0.0415,0.5396,17,30,,3,True
90057,WALPOLE MTN VIEW WINERY,9997,2024-04-28,2024-05-15,2024-06-12,2024-05,36,420.36,2.1,422.46,11.6767,0.0583,0.4996,17,28,,3,True
5992,MCCORMICK DISTILLING CO,10011,2024-04-29,2024-05-15,2024-06-09,2024-05,548,5547.6,26.63,5574.23,10.1234,0.0486,0.48,16,25,,35,True
1273,CALEDONIA SPIRITS INC,9917,2024-04-24,2024-05-16,2024-06-24,2024-05,114,3028.44,13.93,3042.37,26.5653,0.1222,0.46,22,39,,5,True
480,BACARDI USA INC,9929,2024-04-25,2024-05-16,2024-06-20,2024-05,22553,298053.75,1341.24,299394.99,13.2157,0.0595,0.45,21,35,Frank Delahunt,184,True
17032,JEWELL TOWNE VINEYARDS,9937,2024-04-25,2024-05-16,2024-06-14,2024-05,143,1175.52,5.52,1181.04,8.2204,0.0386,0.4696,21,29,,7,True
4550,KLIN SPIRITS LLC,9938,2024-04-25,2024-05-16,2024-06-24,2024-05,177,2490.39,11.95,2502.34,14.07,0.0675,0.4798,21,39,,4,True
9552,M S WALKER INC,9939,2024-04-25,2024-05-16,2024-06-09,2024-05,25390,201226.95,1006.13,202233.08,7.9254,0.0396,0.5,21,24,,960,True
98450,Serralles Usa LLC,9945,2024-04-25,2024-05-16,2024-06-11,2024-05,242,3340.86,18.37,3359.23,13.8052,0.0759,0.5499,21,26,,16,True
9622,WEIN BAUER INC,9950,2024-04-25,2024-05-16,2024-06-26,2024-05,42,647.16,2.98,650.14,15.4086,0.071,0.4605,21,41,,6,True
105,ALTAMAR BRANDS LLC,9952,2024-04-26,2024-05-16,2024-06-25,2024-05,18,568.02,3.12,571.14,31.5567,0.1733,0.5493,20,40,,3,True
1650,Circa Wines,9954,2024-04-26,2024-05-16,2024-06-25,2024-05,73,785.88,3.69,789.57,10.7655,0.0505,0.4695,20,40,,74,True
12331,STELLAR IMPORTING CO LLC,9965,2024-04-26,2024-05-16,2024-06-09,2024-05,96,687.84,3.16,691.0,7.165,0.0329,0.4594,20,24,,19,True
90010,VINEXTRA INC,9967,2024-04-26,2024-05-16,2024-06-21,2024-05,405,4438.56,22.64,4461.2,10.9594,0.0559,0.5101,20,36,,47,True
9206,PHILLIPS PRODUCTS CO.,9974,2024-04-27,2024-05-16,2024-06-10,2024-05,836,7998.03,41.59,8039.62,9.567,0.0497,0.52,19,25,,33,True
8735,SURVILLE ENTERPRISES CORP,9980,2024-04-27,2024-05-16,2024-06-11,2024-05,228,1971.12,10.25,1981.37,8.6453,0.045,0.52,19,26,,22,True
8112,MOET HENNESSY USA INC,9990,2024-04-28,2024-05-16,2024-06-16,2024-05,7433,184974.54,943.37,185917.91,24.8856,0.1269,0.51,18,31,,129,True
6215,MOONLIGHT MEADERY,9991,2024-04-28,2024-05-16,2024-06-09,2024-05,120,1081.68,5.84,1087.52,9.014,0.0487,0.5399,18,24,,7,True
2396,BLACK PRINCE DISTILLERY INC,10000,2024-04-29,2024-05-16,2024-06-23,2024-05,12,52.08,0.26,52.34,4.34,0.0217,0.4992,17,38,,10,True
10000,MAJESTIC FINE WINES,10009,2024-04-29,2024-05-16,2024-06-23,2024-05,10797,80163.39,368.75,80532.14,7.4246,0.0342,0.46,17,38,,40,True
2555,DISARONNO INTERNATIONAL LLC,10037,2024-05-02,2024-05-16,2024-06-22,2024-05,1865,21456.52,113.72,21570.24,11.5048,0.061,0.53,14,37,,12,True
9744,FREDERICK WILDMAN & SONS,10039,2024-05-02,2024-05-16,2024-06-17,2024-05,1322,11211.84,57.18,11269.02,8.481,0.0433,0.51,14,32,,149,True
17032,JEWELL TOWNE VINEYARDS,10040,2024-05-02,2024-05-16,2024-06-27,2024-05,36,274.92,1.46,276.38,7.6367,0.0406,0.5311,14,42,,7,True
90058,ZORVINO VINEYARDS,10053,2024-05-02,2024-05-16,2024-06-22,2024-05,105,861.39,4.65,866.04,8.2037,0.0443,0.5398,14,37,,6,True
4425,MARTIGNETTI COMPANIES,10068,2024-05-04,2024-05-16,2024-06-16,2024-05,36518,349521.04,1747.61,351268.65,9.5712,0.0479,0.5,12,31,Frank Delahunt,1639,True
1273,CALEDONIA SPIRITS INC,10080,2024-05-05,2024-05-16,2024-06-25,2024-05,107,3392.73,17.3,3410.03,31.7078,0.1617,0.5099,11,40,,5,True
3252,E & J GALLO WINERY,10084,2024-05-05,2024-05-16,2024-06-29,2024-05,34271,218745.23,1028.1,219773.33,6.3828,0.03,0.47,11,44,,527,True
4466,AMERICAN VINTAGE BEVERAGE,10095,2024-05-06,2024-05-16,2024-06-27,2024-05,215,2123.01,11.46,2134.47,9.8745,0.0533,0.5398,10,42,,3,True
2561,EDRINGTON AMERICAS,10099,2024-05-06,2024-05-16,2024-06-19,2024-05,617,19998.97,97.99,20096.96,32.4132,0.1588,0.49,10,34,,33,True
1655,FABRIZIA SPIRITS LLC,10100,2024-05-06,2024-05-16,2024-06-21,2024-05,802,9596.1,46.06,9642.16,11.9652,0.0574,0.48,10,36,,8,True
90053,INCREDIBREW INC,10102,2024-05-06,2024-05-16,2024-06-19,2024-05,48,423.36,1.99,425.35,8.82,0.0415,0.47,10,34,,4,True
7255,PSP WINES,9923,2024-04-24,2024-05-17,2024-06-22,2024-05,404,3644.44,20.04,3664.48,9.0209,0.0496,0.5499,23,36,,32,True
2450,DJINN SPIRITS LLC,9932,2024-04-25,2024-05-17,2024-06-12,2024-05,42,824.64,4.12,828.76,19.6343,0.0981,0.4996,22,26,,6,True
90033,FANTASY FINE WINES CORP,9933,2024-04-25,2024-05-17,2024-06-10,2024-05,12,64.32,0.3,64.62,5.36,0.025,0.4664,22,24,,1,True
7749,R.P.IMPORTS INC,9943,2024-04-25,2024-05-17,2024-06-24,2024-05,26,386.44,1.78,388.22,14.8631,0.0685,0.4606,22,38,,75,True
7245,PROXIMO SPIRITS INC.,9977,2024-04-27,2024-05-17,2024-06-23,2024-05,17562,196965.48,965.13,197930.61,11.2154,0.055,0.49,20,37,,114,True
3950,"HOOD RIVER DISTILLERS, Inc.",9988,2024-04-28,2024-05-17,2024-06-18,2024-05,23,449.9,2.38,452.28,19.5609,0.1035,0.529,19,32,,7,True
9165,ULTRA BEVERAGE COMPANY LLP,9995,2024-04-28,2024-05-17,2024-06-12,2024-05,24011,264567.56,1402.21,265969.77,11.0186,0.0584,0.53,19,26,Frank Delahunt,965,True
1189,BULLY BOY DISTILLERS,10002,2024-04-29,2024-05-17,2024-06-24,2024-05,125,2775.93,14.43,2790.36,22.2074,0.1154,0.5198,18,38,,6,True
2561,EDRINGTON AMERICAS,10005,2024-04-29,2024-05-17,2024-06-20,2024-05,1190,31095.81,161.7,31257.51,26.1309,0.1359,0.52,18,34,,33,True
1590,DIAGEO CHATEAU ESTATE WINES,10036,2024-05-02,2024-05-17,2024-07-01,2024-05,1376,10172.36,52.9,10225.26,7.3927,0.0384,0.52,15,45,,117,True
5270,MANGO BOTTLING INC,10043,2024-05-02,2024-05-17,2024-06-17,2024-05,4521,32626.53,179.45,32805.98,7.2167,0.0397,0.55,15,31,,6,True
172662,SWEETWATER FARM,10050,2024-05-02,2024-05-17,2024-06-27,2024-05,63,1400.21,6.72,1406.93,22.2256,0.1067,0.4799,15,41,,5,True
1650,Circa Wines,10054,2024-05-03,2024-05-17,2024-06-18,2024-05,36,445.8,2.36,448.16,12.3833,0.0656,0.5294,14,32,,74,True
28750,SMOKY QUARTZ DISTILLERY LLC,10061,2024-05-03,2024-05-17,2024-06-27,2024-05,12,258.36,1.24,259.6,21.53,0.1033,0.48,14,41,,4,True
8920,TAKARA SAKE USA INC,10063,2024-05-03,2024-05-17,2024-06-27,2024-05,201,1064.19,5.0,1069.19,5.2945,0.0249,0.4698,14,41,,3,True
1485,CASTLE BRANDS CORP.,10081,2024-05-05,2024-05-17,2024-06-18,2024-05,1725,26578.9,127.58,26706.48,15.4081,0.074,0.48,12,32,,29,True
4380,CHARLES JACQUIN ET CIE INC,10082,2024-05-05,2024-05-17,2024-06-29,2024-05,617,4920.77,25.1,4945.87,7.9753,0.0407,0.5101,12,43,,15,True
8320,SHAW ROSS INT L IMP LTD,10090,2024-05-05,2024-05-17,2024-07-03,2024-05,870,8313.04,39.9,8352.94,9.5552,0.0459,0.48,12,47,,38,True
8112,MOET HENNESSY USA INC,10105,2024-05-06,2024-05-17,2024-06-24,2024-05,5356,112578.22,540.38,113118.6,21.0191,0.1009,0.48,11,38,,129,True
8892,TRINCHERO FAMILY ESTATES,10111,2024-05-06,2024-05-17,2024-06-19,2024-05,7212,45483.83,245.61,45729.44,6.3067,0.0341,0.54,11,33,,153,True
480,BACARDI USA INC,10022,2024-05-01,2024-05-18,2024-06-28,2024-05,21903,274587.75,1400.4,275988.15,12.5365,0.0639,0.51,17,41,Frank Delahunt,184,True
4848,LAIRD & CO,10024,2024-05-01,2024-05-18,2024-06-26,2024-05,708,7175.98,34.44,7210.42,10.1356,0.0486,0.4799,17,39,,16,True
5455,MARSALLE COMPANY,10027,2024-05-01,2024-05-18,2024-06-21,2024-05,167,4249.67,22.52,4272.19,25.4471,0.1349,0.5299,17,34,,10,True
90010,VINEXTRA INC,10031,2024-05-01,2024-05-18,2024-06-23,2024-05,186,2295.36,11.71,2307.07,12.3406,0.063,0.5102,17,36,,47,True
3664,WILLIAM GRANT & SONS INC,10032,2024-05-01,2024-05-18,2024-07-01,2024-05,3976,61942.99,278.74,62221.73,15.5792,0.0701,0.45,17,44,,85,True
2396,BLACK PRINCE DISTILLERY INC,10034,2024-05-02,2024-05-18,2024-06-18,2024-05,12,52.08,0.24,52.32,4.34,0.02,0.4608,16,31,,10,True
90011,FORTUNE WINE BROKERS LLC,10038,2024-05-02,2024-05-18,2024-06-20,2024-05,83,774.15,3.87,778.02,9.3271,0.0466,0.4999,16,33,,62,True
2000,SOUTHERN WINE & SPIRITS NE,10048,2024-05-02,2024-05-18,2024-06-16,2024-05,7983,70354.63,358.81,70713.44,8.8131,0.0449,0.51,16,29,,417,True
90024,VINILANDIA USA,10052,2024-05-02,2024-05-18,2024-06-17,2024-05,1196,11353.32,60.17,11413.49,9.4927,0.0503,0.53,16,30,,206,True
17037,Dunn Wine Brokers,10057,2024-05-03,2024-05-18,2024-06-23,2024-05,72,820.8,3.78,824.58,11.4,0.0525,0.4605,15,36,,35,True
8673,STE MICHELLE WINE ESTATES,10062,2024-05-03,2024-05-18,2024-07-03,2024-05,3559,26536.95,140.65,26677.6,7.4563,0.0395,0.53,15,46,,144,True
90032,LABELLE VYDS AND WINERY,10066,2024-05-04,2024-05-18,2024-07-03,2024-05,93,1015.22,4.97,1020.19,10.9163,0.0534,0.4895,14,46,,10,True
4950,LATITUDE BEVERAGE COMPANY,10067,2024-05-04,2024-05-18,2024-06-21,2024-05,544,3502.64,18.56,3521.2,6.4387,0.0341,0.5299,14,34,,45,True
7239,REMY COINTREAU USA INC,10072,2024-05-04,2024-05-18,2024-06-28,2024-05,1986,37437.59,198.42,37636.01,18.8508,0.0999,0.53,14,41,,45,True
9819,TREASURY WINE ESTATES,10078,2024-05-04,2024-05-18,2024-06-16,2024-05,7175,43551.11,200.34,43751.45,6.0698,0.0279,0.46,14,29,,111,True
8735,SURVILLE ENTERPRISES CORP,10091,2024-05-05,2024-05-18,2024-06-28,2024-05,114,851.04,4.17,855.21,7.4653,0.0366,0.49,13,41,,22,True
90027,POVERTY LANE ORCHARDS,10108,2024-05-06,2024-05-18,2024-06-24,2024-05,23,185.15,0.94,186.09,8.05,0.0409,0.5077,12,37,,8,True
1601,VRANKEN AMERICA,10113,2024-05-06,2024-05-18,2024-06-18,2024-05,136,1956.26,9.98,1966.24,14.3843,0.0734,0.5102,12,31,,21,True
3960,DIAGEO NORTH AMERICA INC,10023,2024-05-01,2024-05-19,2024-06-21,2024-05,94602,808671.72,3800.76,812472.48,8.5481,0.0402,0.47,18,33,Frank Delahunt,449,True
9552,M S WALKER INC,10026,2024-05-01,2024-05-19,2024-06-29,2024-05,19243,150382.46,706.8,151089.26,7.8149,0.0367,0.47,18,41,,960,True
7154,PREMIER DISTRIBUTORS,10028,2024-05-01,2024-05-19,2024-06-26,2024-05,107,1548.07,7.28,1555.35,14.4679,0.068,0.4703,18,38,,7,True
6215,MOONLIGHT MEADERY,10044,2024-05-02,2024-05-19,2024-07-03,2024-05,24,202.56,0.99,203.55,8.44,0.0413,0.4887,17,45,,7,True
7255,PSP WINES,10047,2024-05-02,2024-05-19,2024-06-19,2024-05,402,4208.34,18.94,4227.28,10.4685,0.0471,0.4501,17,31,,32,True
12546,JIM BEAM BRANDS COMPANY,10087,2024-05-05,2024-05-19,2024-06-21,2024-05,46661,404384.9,1819.73,406204.63,8.6664,0.039,0.45,14,33,Frank Delahunt,415,True
4692,KOBRAND CORPORATION,10042,2024-05-02,2024-05-20,2024-06-21,2024-05,1803,20811.23,104.06,20915.29,11.5426,0.0577,0.5,18,32,,242,True
12331,STELLAR IMPORTING CO LLC,10049,2024-05-02,2024-05-20,2024-06-27,2024-05,58,377.64,1.96,379.6,6.511,0.0338,0.519,18,38,,19,True
10000,MAJESTIC FINE WINES,10058,2024-05-03,2024-05-20,2024-07-02,2024-05,5887,41451.2,211.4,41662.6,7.0411,0.0359,0.51,17,43,,40,True
17035,PERNOD RICARD USA,10059,2024-05-03,2024-05-20,2024-07-02,2024-05,23522,324378.86,1589.46,325968.32,13.7904,0.0676,0.49,17,43,Frank Delahunt,277,True
1189,BULLY BOY DISTILLERS,10065,2024-05-04,2024-05-20,2024-06-18,2024-05,119,2641.63,12.42,2654.05,22.1986,0.1044,0.4702,16,29,,6,True
9625,WESTERN SPIRITS BEVERAGE CO,10079,2024-05-04,2024-05-20,2024-06-19,2024-05,283,4949.26,23.76,4973.02,17.4886,0.084,0.4801,16,30,,26,True
98450,Serralles Usa LLC,10089,2024-05-05,2024-05-20,2024-06-25,2024-05,164,2398.5,13.19,2411.69,14.625,0.0804,0.5499,15,36,,16,True
90056,SWEET BABY VINEYARD,10092,2024-05-05,2024-05-20,2024-06-20,2024-05,93,791.19,3.56,794.75,8.5074,0.0383,0.45,15,31,,4,True
9260,TY KU LLC,10093,2024-05-05,2024-05-20,2024-06-19,2024-05,63,1166.69,5.48,1172.17,18.5189,0.087,0.4697,15,30,,7,True
4425,MARTIGNETTI COMPANIES,10103,2024-05-06,2024-05-20,2024-06-23,2024-05,124,1854.52,8.9,1863.42,14.9558,0.0718,0.4799,14,34,,1639,True
6785,PALM BAY INTERNATIONAL INC,10106,2024-05-06,2024-05-20,2024-07-03,2024-05,11559,81036.5,429.49,81465.99,7.0107,0.0372,0.53,14,44,,174,True
2242,DELICATO VINEYARDS INC,10055,2024-05-03,2024-05-21,2024-06-20,2024-05,2237,19048.63,97.15,19145.78,8.5153,0.0434,0.51,18,30,,96,True
6355,NICHE W & S,10070,2024-05-04,2024-05-21,2024-06-27,2024-05,47,690.9,3.73,694.63,14.7,0.0794,0.5399,17,37,,8,True
8150,SEA HAGG DISTILLERY LLC,10075,2024-05-04,2024-05-21,2024-06-19,2024-05,114,1235.94,6.18,1242.12,10.8416,0.0542,0.5,17,29,,9,True
8664,"STOLI GROUP,(USA) LLC",10076,2024-05-04,2024-05-21,2024-07-02,2024-05,3802,54231.16,292.85,54524.01,14.2639,0.077,0.54,17,42,,48,True
3951,HIGHLAND WINE MERCHANTS LLC,10086,2024-05-05,2024-05-21,2024-06-22,2024-05,24,254.16,1.37,255.53,10.59,0.0571,0.539,16,32,,11,True
11567,CAMPARI AMERICA,10097,2024-05-06,2024-05-21,2024-06-22,2024-05,9126,68464.65,321.78,68786.43,7.5022,0.0353,0.47,15,32,,74,True
1392,CONSTELLATION BRANDS INC,10098,2024-05-06,2024-05-21,2024-07-02,2024-05,33544,220368.1,1013.69,221381.79,6.5695,0.0302,0.46,15,42,,481,True
5992,MCCORMICK DISTILLING CO,10104,2024-05-06,2024-05-21,2024-06-23,2024-05,322,3353.06,15.09,3368.15,10.4132,0.0469,0.45,15,33,,35,True
10754,PERFECTA WINES,10107,2024-05-06,2024-05-21,2024-06-20,2024-05,8037,82530.59,445.67,82976.26,10.2688,0.0555,0.54,15,30,,897,True
3089,SIDNEY FRANK IMPORTING CO,10110,2024-05-06,2024-05-21,2024-06-19,2024-05,2370,23340.77,114.37,23455.14,9.8484,0.0483,0.49,15,29,,13,True
1128,BROWN-FORMAN CORP,10035,2024-05-02,2024-05-22,2024-07-03,2024-05,16039,181190.81,978.43,182169.24,11.2969,0.061,0.54,20,42,,142,True
9206,PHILLIPS PRODUCTS CO.,10046,2024-05-02,2024-05-22,2024-06-23,2024-05,351,5187.52,28.01,5215.53,14.7793,0.0798,0.5399,20,32,,33,True
2496,DUGGANS DISTILLED PRODUCTS,10056,2024-05-03,2024-05-22,2024-06-27,2024-05,229,3784.41,18.92,3803.33,16.5258,0.0826,0.4999,19,36,,5,True
9815,WINE GROUP INC,10064,2024-05-03,2024-05-22,2024-06-25,2024-05,13655,81192.32,397.84,81590.16,5.946,0.0291,0.49,19,34,,215,True
6213,MHW LTD,10069,2024-05-04,2024-05-22,2024-06-18,2024-05,7449,41021.77,201.01,41222.78,5.507,0.027,0.49,18,27,,96,True
10050,Russian Standard Vodka,10073,2024-05-04,2024-05-22,2024-06-27,2024-05,75,998.7,5.39,1004.09,13.316,0.0719,0.5397,18,36,,13,True
660,SAZERAC NORTH AMERICA INC.,10074,2024-05-04,2024-05-22,2024-06-18,2024-05,9299,67821.17,339.11,68160.28,7.2934,0.0365,0.5,18,27,,84,True
28776,TALL SHIP DISTILLERY LLC,10077,2024-05-04,2024-05-22,2024-06-22,2024-05,24,515.64,2.42,518.06,21.485,0.1008,0.4693,18,31,,4,True
105,ALTAMAR BRANDS LLC,10021,2024-05-01,2024-05-23,2024-06-26,2024-05,3,107.13,0.57,107.7,35.71,0.19,0.5321,22,34,,3,True
653,STATE WINE & SPIRITS,10030,2024-05-01,2024-05-23,2024-07-02,2024-05,2396,22056.46,114.69,22171.15,9.2055,0.0479,0.52,22,40,,258,True
6359,OLE SMOKY DISTILLERY LLC,10045,2024-05-02,2024-05-23,2024-06-16,2024-05,112,1035.37,5.07,1040.44,9.2444,0.0453,0.4897,21,24,,18,True
9165,ULTRA BEVERAGE COMPANY LLP,10051,2024-05-02,2024-05-23,2024-06-23,2024-05,21242,233097.26,1118.87,234216.13,10.9734,0.0527,0.48,21,31,,965,True
7153,PINE STATE TRADING CO,10060,2024-05-03,2024-05-23,2024-06-17,2024-05,6576,44438.19,204.42,44642.61,6.7576,0.0311,0.46,20,25,,480,True
90047,CRUSH WINES,10083,2024-05-05,2024-05-23,2024-06-18,2024-05,315,4094.7,18.43,4113.13,12.999,0.0585,0.4501,18,26,,165,True
7240,"PREMIUM PORT WINES, INC.",10088,2024-05-05,2024-05-23,2024-06-29,2024-05,139,997.04,4.99,1002.03,7.1729,0.0359,0.5005,18,37,,3,True
516,BANFI PRODUCTS CORP,10096,2024-05-06,2024-05-23,2024-06-17,2024-05,4615,36438.43,167.62,36606.05,7.8957,0.0363,0.46,17,25,,149,True
3924,HEAVEN HILL DISTILLERIES,10101,2024-05-06,2024-05-23,2024-06-20,2024-05,9208,101443.64,507.22,101950.86,11.0169,0.0551,0.5,17,28,,69,True
8004,SAZERAC CO INC,10109,2024-05-06,2024-05-23,2024-06-25,2024-05,22410,169401.23,779.25,170180.48,7.5592,0.0348,0.46,17,33,,138,True
1587,VINEYARD BRANDS INC,10112,2024-05-06,2024-05-23,2024-06-22,2024-05,1688,12342.55,55.54,12398.09,7.3119,0.0329,0.45,17,30,,87,True
12546,JIM BEAM BRANDS COMPANY,10132,2024-05-09,2024-05-23,2024-07-09,2024-05,43700,377097.44,1696.94,378794.38,8.6292,0.0388,0.45,14,47,Frank Delahunt,415,True
4848,LAIRD & CO,10158,2024-05-10,2024-05-23,2024-07-05,2024-05,315,2121.37,10.82,2132.19,6.7345,0.0343,0.51,13,43,,16,True
17037,Dunn Wine Brokers,10174,2024-05-11,2024-05-23,2024-06-26,2024-05,135,2156.02,11.43,2167.45,15.9705,0.0847,0.5301,12,34,,35,True
60,ADAMBA IMPORTS INTL INC,10186,2024-05-12,2024-05-23,2024-07-07,2024-05,204,3319.08,14.94,3334.02,16.27,0.0732,0.4501,11,45,,3,True
12331,STELLAR IMPORTING CO LLC,10216,2024-05-13,2024-05-23,2024-06-23,2024-05,179,1321.7,6.08,1327.78,7.3838,0.034,0.46,10,31,,19,True
8352,LUXCO INC,10025,2024-05-01,2024-05-24,2024-06-27,2024-05,4277,34488.69,186.24,34674.93,8.0638,0.0435,0.54,23,34,,69,True
17033,SEA BREEZE CELLARS LLC,10029,2024-05-01,2024-05-24,2024-06-22,2024-05,249,2982.82,15.51,2998.33,11.9792,0.0623,0.52,23,29,,16,True
388,ATLANTIC IMPORTING COMPANY,10033,2024-05-02,2024-05-24,2024-06-16,2024-05,18,383.76,1.88,385.64,21.32,0.1044,0.4899,22,23,,3,True
4550,KLIN SPIRITS LLC,10041,2024-05-02,2024-05-24,2024-06-19,2024-05,74,1041.18,4.69,1045.87,14.07,0.0634,0.4505,22,26,,4,True
7245,PROXIMO SPIRITS INC.,10071,2024-05-04,2024-05-24,2024-06-20,2024-05,14246,160224.42,881.23,161105.65,11.247,0.0619,0.55,20,27,,114,True
17031,FLAG HILL WINERY & VINEYARD,10085,2024-05-05,2024-05-24,2024-07-01,2024-05,159,2265.87,11.56,2277.43,14.2508,0.0727,0.5102,19,38,,19,True
1703,ALISA CARR BEVERAGES,10094,2024-05-06,2024-05-24,2024-06-28,2024-05,42,2030.7,10.56,2041.26,48.35,0.2514,0.52,18,35,,32,True
9622,WEIN BAUER INC,10114,2024-05-06,2024-05-24,2024-06-23,2024-05,33,629.64,3.46,633.1,19.08,0.1048,0.5495,18,30,,6,True
90024,VINILANDIA USA,10125,2024-05-08,2024-05-24,2024-07-08,2024-05,955,8039.65,38.59,8078.24,8.4185,0.0404,0.48,16,45,,206,True
1655,FABRIZIA SPIRITS LLC,10128,2024-05-09,2024-05-24,2024-07-09,2024-05,136,1636.35,8.18,1644.53,12.032,0.0601,0.4999,15,46,,8,True
90032,LABELLE VYDS AND WINERY,10134,2024-05-09,2024-05-24,2024-06-26,2024-05,51,556.54,2.95,559.49,10.9125,0.0578,0.5301,15,33,,10,True
7240,"PREMIUM PORT WINES, INC.",10163,2024-05-10,2024-05-24,2024-07-02,2024-05,145,1050.35,5.67,1056.02,7.2438,0.0391,0.5398,14,39,,3,True
8004,SAZERAC CO INC,10181,2024-05-11,2024-05-24,2024-07-08,2024-05,19594,132961.14,731.29,133692.43,6.7858,0.0373,0.55,13,45,,138,True
1128,BROWN-FORMAN CORP,10201,2024-05-13,2024-05-24,2024-07-08,2024-05,14647,179195.54,985.58,180181.12,12.2343,0.0673,0.55,11,45,,142,True
2450,DJINN SPIRITS LLC,10202,2024-05-13,2024-05-24,2024-07-10,2024-05,14,303.26,1.36,304.62,21.6614,0.0971,0.4485,11,47,,6,True
9552,M S WALKER INC,10206,2024-05-13,2024-05-24,2024-06-23,2024-05,19429,162055.76,794.07,162849.83,8.3409,0.0409,0.49,11,30,,960,True
5455,MARSALLE COMPANY,10208,2024-05-13,2024-05-24,2024-06-24,2024-05,184,4570.24,25.14,4595.38,24.8383,0.1366,0.5501,11,31,,10,True
7245,PROXIMO SPIRITS INC.,10213,2024-05-13,2024-05-24,2024-07-06,2024-05,11824,124533.05,660.03,125193.08,10.5322,0.0558,0.53,11,43,,114,True
8735,SURVILLE ENTERPRISES CORP,10123,2024-05-08,2024-05-25,2024-06-26,2024-05,139,1172.44,5.39,1177.83,8.4348,0.0388,0.4597,17,32,,22,True
516,BANFI PRODUCTS CORP,10149,2024-05-10,2024-05-25,2024-06-24,2024-05,4172,29548.14,135.92,29684.06,7.0825,0.0326,0.46,15,30,,149,True
6830,PARK STREET IMPORTS LLC,10161,2024-05-10,2024-05-25,2024-07-03,2024-05,18,398.34,1.99,400.33,22.13,0.1106,0.4996,15,39,,12,True
2000,SOUTHERN WINE & SPIRITS NE,10164,2024-05-10,2024-05-25,2024-07-03,2024-05,8338,94472.93,500.71,94973.64,11.3304,0.0601,0.53,15,39,,417,True
1273,CALEDONIA SPIRITS INC,10170,2024-05-11,2024-05-25,2024-06-28,2024-05,165,5074.58,22.84,5097.42,30.755,0.1384,0.4501,14,34,,5,True
1590,DIAGEO CHATEAU ESTATE WINES,10172,2024-05-11,2024-05-25,2024-06-27,2024-05,1552,11654.98,64.1,11719.08,7.5097,0.0413,0.55,14,33,,117,True
10050,Russian Standard Vodka,10195,2024-05-12,2024-05-25,2024-07-01,2024-05,59,744.48,3.65,748.13,12.6183,0.0619,0.4903,13,37,,13,True
8320,SHAW ROSS INT L IMP LTD,10196,2024-05-12,2024-05-25,2024-06-29,2024-05,1282,11350.79,62.43,11413.22,8.854,0.0487,0.55,13,35,,38,True
653,STATE WINE & SPIRITS,10197,2024-05-12,2024-05-25,2024-06-28,2024-05,1976,21486.09,109.58,21595.67,10.8735,0.0555,0.51,13,34,,258,True
9165,ULTRA BEVERAGE COMPANY LLP,10219,2024-05-13,2024-05-25,2024-07-10,2024-05,16000,228600.79,1257.3,229858.09,14.2875,0.0786,0.55,12,46,,965,True
9815,WINE GROUP INC,10221,2024-05-13,2024-05-25,2024-07-07,2024-05,14543,86976.61,417.49,87394.1,5.9807,0.0287,0.48,12,43,,215,True
3252,E & J GALLO WINERY,10118,2024-05-08,2024-05-26,2024-06-28,2024-05,31536,204359.35,980.92,205340.27,6.4802,0.0311,0.48,18,33,,527,True
9206,PHILLIPS PRODUCTS CO.,10121,2024-05-08,2024-05-26,2024-07-03,2024-05,457,5457.01,26.74,5483.75,11.9409,0.0585,0.49,18,38,,33,True
8920,TAKARA SAKE USA INC,10124,2024-05-08,2024-05-26,2024-07-07,2024-05,171,913.77,4.84,918.61,5.3437,0.0283,0.5297,18,42,,3,True
2561,EDRINGTON AMERICAS,10127,2024-05-09,2024-05-26,2024-06-27,2024-05,725,23433.74,107.8,23541.54,32.3224,0.1487,0.46,17,32,,33,True
4692,KOBRAND CORPORATION,10133,2024-05-09,2024-05-26,2024-07-05,2024-05,1925,24596.22,115.6,24711.82,12.7773,0.0601,0.47,17,40,,242,True
8150,SEA HAGG DISTILLERY LLC,10141,2024-05-09,2024-05-26,2024-07-05,2024-05,301,3096.53,14.55,3111.08,10.2875,0.0483,0.4699,17,40,,9,True
7154,PREMIER DISTRIBUTORS,10162,2024-05-10,2024-05-26,2024-06-27,2024-05,89,1301.45,6.9,1308.35,14.623,0.0775,0.5302,16,32,,7,True
98450,Serralles Usa LLC,10183,2024-05-11,2024-05-26,2024-06-24,2024-05,151,2045.32,9.2,2054.52,13.5452,0.0609,0.4498,15,29,,16,True
8664,"STOLI GROUP,(USA) LLC",10198,2024-05-12,2024-05-26,2024-07-05,2024-05,4616,62563.59,344.1,62907.69,13.5536,0.0745,0.55,14,40,,48,True
5992,MCCORMICK DISTILLING CO,10209,2024-05-13,2024-05-26,2024-07-04,2024-05,630,5564.65,27.27,5591.92,8.8328,0.0433,0.4901,13,39,,35,True
3089,SIDNEY FRANK IMPORTING CO,10215,2024-05-13,2024-05-26,2024-07-09,2024-05,2960,22107.11,103.9,22211.01,7.4686,0.0351,0.47,13,44,,13,True
90047,CRUSH WINES,10117,2024-05-08,2024-05-27,2024-06-26,2024-05,419,4763.06,26.2,4789.26,11.3677,0.0625,0.5501,19,30,,165,True
7239,REMY COINTREAU USA INC,10122,2024-05-08,2024-05-27,2024-06-24,2024-05,2609,61824.26,302.94,62127.2,23.6965,0.1161,0.49,19,28,,45,True
17032,JEWELL TOWNE VINEYARDS,10131,2024-05-09,2024-05-27,2024-07-04,2024-05,31,276.7,1.36,278.06,8.9258,0.0439,0.4915,18,38,,7,True
7749,R.P.IMPORTS INC,10140,2024-05-09,2024-05-27,2024-06-29,2024-05,22,1787.05,9.29,1796.34,81.2295,0.4223,0.5199,18,33,,75,True
9819,TREASURY WINE ESTATES,10144,2024-05-09,2024-05-27,2024-06-25,2024-05,7075,42505.33,229.53,42734.86,6.0078,0.0324,0.54,18,29,,111,True
2396,BLACK PRINCE DISTILLERY INC,10150,2024-05-10,2024-05-27,2024-07-04,2024-05,36,156.24,0.81,157.05,4.34,0.0225,0.5184,17,38,,10,True
90046,CANDIA VINEYARDS,10154,2024-05-10,2024-05-27,2024-07-01,2024-05,21,257.23,1.41,258.64,12.249,0.0671,0.5481,17,35,,5,True
2555,DISARONNO INTERNATIONAL LLC,10173,2024-05-11,2024-05-27,2024-07-10,2024-05,1418,13630.8,65.43,13696.23,9.6127,0.0461,0.48,16,44,,12,True
10000,MAJESTIC FINE WINES,10177,2024-05-11,2024-05-27,2024-07-03,2024-05,6203,45757.69,233.36,45991.05,7.3767,0.0376,0.51,16,37,,40,True
1392,CONSTELLATION BRANDS INC,10190,2024-05-12,2024-05-27,2024-06-26,2024-05,30467,202578.16,1114.18,203692.34,6.6491,0.0366,0.55,15,30,,481,True
2,"IRA GOLDMAN AND WILLIAMS, LLP",10192,2024-05-12,2024-05-27,2024-06-23,2024-05,2,47.72,0.24,47.96,23.86,0.12,0.5029,15,27,,2,True
8112,MOET HENNESSY USA INC,10210,2024-05-13,2024-05-27,2024-07-03,2024-05,5573,122298.18,599.26,122897.44,21.9448,0.1075,0.49,14,37,,129,True
90052,HAUNTING WHISPER VYDS,10120,2024-05-08,2024-05-28,2024-06-29,2024-05,16,131.46,0.71,132.17,8.2163,0.0444,0.5401,20,32,,2,True
17031,FLAG HILL WINERY & VINEYARD,10129,2024-05-09,2024-05-28,2024-06-25,2024-05,58,786.59,4.01,790.6,13.5619,0.0691,0.5098,19,28,,19,True
90011,FORTUNE WINE BROKERS LLC,10130,2024-05-09,2024-05-28,2024-07-07,2024-05,207,1765.46,9.0,1774.46,8.5288,0.0435,0.5098,19,40,,62,True
90056,SWEET BABY VINEYARD,10143,2024-05-09,2024-05-28,2024-07-02,2024-05,8,68.4,0.34,68.74,8.55,0.0425,0.4971,19,35,,4,True
1587,VINEYARD BRANDS INC,10145,2024-05-09,2024-05-28,2024-06-26,2024-05,1883,13331.22,67.99,13399.21,7.0798,0.0361,0.51,19,29,,87,True
1601,VRANKEN AMERICA,10146,2024-05-09,2024-05-28,2024-07-10,2024-05,152,2501.77,11.26,2513.03,16.459,0.0741,0.4501,19,43,,21,True
4550,KLIN SPIRITS LLC,10157,2024-05-10,2024-05-28,2024-06-26,2024-05,126,1772.82,9.22,1782.04,14.07,0.0732,0.5201,18,29,,4,True
6213,MHW LTD,10159,2024-05-10,2024-05-28,2024-06-27,2024-05,2983,31475.61,154.23,31629.84,10.5517,0.0517,0.49,18,30,,96,True
6359,OLE SMOKY DISTILLERY LLC,10160,2024-05-10,2024-05-28,2024-07-02,2024-05,523,6827.15,33.45,6860.6,13.0538,0.064,0.49,18,35,,18,True
8673,STE MICHELLE WINE ESTATES,10165,2024-05-10,2024-05-28,2024-06-25,2024-05,3746,28025.06,134.52,28159.58,7.4813,0.0359,0.48,18,28,,144,True
4466,AMERICAN VINTAGE BEVERAGE,10169,2024-05-11,2024-05-28,2024-07-04,2024-05,327,3298.55,15.83,3314.38,10.0873,0.0484,0.4799,17,37,,3,True
90051,FULCHINO VINEYARD INC,10175,2024-05-11,2024-05-28,2024-06-23,2024-05,12,131.61,0.62,132.23,10.9675,0.0517,0.4711,17,26,,2,True
17035,PERNOD RICARD USA,10179,2024-05-11,2024-05-28,2024-06-30,2024-05,25715,367331.89,1726.46,369058.35,14.2847,0.0671,0.47,17,33,Frank Delahunt,277,True
7153,PINE STATE TRADING CO,10180,2024-05-11,2024-05-28,2024-07-09,2024-05,5971,47375.73,246.35,47622.08,7.9343,0.0413,0.52,17,42,,480,True
90037,THE PIERPONT GROUP LLC,10184,2024-05-11,2024-05-28,2024-06-26,2024-05,24,170.76,0.91,171.67,7.115,0.0379,0.5329,17,29,,13,True
660,SAZERAC NORTH AMERICA INC.,10214,2024-05-13,2024-05-28,2024-06-30,2024-05,9795,71782.71,380.45,72163.16,7.3285,0.0388,0.53,15,33,,84,True
90010,VINEXTRA INC,10220,2024-05-13,2024-05-28,2024-07-03,2024-05,116,1539.79,7.24,1547.03,13.2741,0.0624,0.4702,15,36,,47,True
9744,FREDERICK WILDMAN & SONS,10119,2024-05-08,2024-05-29,2024-06-26,2024-05,1200,12872.2,60.5,12932.7,10.7268,0.0504,0.47,21,28,,149,True
5612,MILTONS DISTRIBUTING CO,10136,2024-05-09,2024-05-29,2024-06-23,2024-05,24,176.4,0.92,177.32,7.35,0.0383,0.5215,20,25,,36,True
7255,PSP WINES,10139,2024-05-09,2024-05-29,2024-06-26,2024-05,645,4486.65,24.68,4511.33,6.956,0.0383,0.5501,20,28,,32,True
90057,WALPOLE MTN VIEW WINERY,10147,2024-05-09,2024-05-29,2024-06-24,2024-05,5,57.05,0.26,57.31,11.41,0.052,0.4557,20,26,,3,True
9625,WESTERN SPIRITS BEVERAGE CO,10148,2024-05-09,2024-05-29,2024-07-08,2024-05,247,4021.75,18.5,4040.25,16.2824,0.0749,0.46,20,40,,26,True
1265,BLACK ROCK SPIRITS LLC,10151,2024-05-10,2024-05-29,2024-06-27,2024-05,6,84.3,0.39,84.69,14.05,0.065,0.4626,19,29,,1,True
11567,CAMPARI AMERICA,10153,2024-05-10,2024-05-29,2024-06-24,2024-05,8675,83103.14,398.9,83502.04,9.5796,0.046,0.48,19,26,,74,True
4380,CHARLES JACQUIN ET CIE INC,10155,2024-05-10,2024-05-29,2024-07-10,2024-05,673,5740.42,25.83,5766.25,8.5296,0.0384,0.45,19,42,,15,True
3924,HEAVEN HILL DISTILLERIES,10176,2024-05-11,2024-05-29,2024-07-08,2024-05,6301,57451.92,264.28,57716.2,9.1179,0.0419,0.46,18,40,,69,True
9260,TY KU LLC,10185,2024-05-11,2024-05-29,2024-07-06,2024-05,254,4684.26,25.3,4709.56,18.442,0.0996,0.5401,18,38,,7,True
2242,DELICATO VINEYARDS INC,10191,2024-05-12,2024-05-29,2024-07-10,2024-05,2385,20366.31,109.98,20476.29,8.5393,0.0461,0.54,17,42,,96,True
4425,MARTIGNETTI COMPANIES,10193,2024-05-12,2024-05-29,2024-07-09,2024-05,38207,386950.89,1973.45,388924.34,10.1277,0.0517,0.51,17,41,Frank Delahunt,1639,True
3950,"HOOD RIVER DISTILLERS, Inc.",10204,2024-05-13,2024-05-29,2024-07-07,2024-05,18,311.4,1.53,312.93,17.3,0.085,0.4913,16,39,,7,True
8352,LUXCO INC,10205,2024-05-13,2024-05-29,2024-06-24,2024-05,4314,31768.74,152.49,31921.23,7.3641,0.0353,0.48,16,26,,69,True
6785,PALM BAY INTERNATIONAL INC,10211,2024-05-13,2024-05-29,2024-07-03,2024-05,9517,76108.23,410.98,76519.21,7.9971,0.0432,0.54,16,35,,174,True
90027,POVERTY LANE ORCHARDS,10212,2024-05-13,2024-05-29,2024-06-23,2024-05,48,377.51,1.96,379.47,7.8648,0.0408,0.5192,16,25,,8,True
4950,LATITUDE BEVERAGE COMPANY,10135,2024-05-09,2024-05-30,2024-07-02,2024-05,371,2248.62,11.02,2259.64,6.061,0.0297,0.4901,21,33,,45,True
6355,NICHE W & S,10137,2024-05-09,2024-05-30,2024-06-30,2024-05,69,1017.66,5.6,1023.26,14.7487,0.0812,0.5503,21,31,,8,True
10754,PERFECTA WINES,10138,2024-05-09,2024-05-30,2024-07-07,2024-05,7389,88770.38,408.34,89178.72,12.0139,0.0553,0.46,21,38,,897,True
1189,BULLY BOY DISTILLERS,10152,2024-05-10,2024-05-30,2024-07-03,2024-05,111,2456.51,13.51,2470.02,22.1307,0.1217,0.55,20,34,,6,True
90053,INCREDIBREW INC,10156,2024-05-10,2024-05-30,2024-06-27,2024-05,1,9.24,0.05,9.29,9.24,0.05,0.5411,20,28,,4,True
90058,ZORVINO VINEYARDS,10168,2024-05-10,2024-05-30,2024-06-28,2024-05,19,169.4,0.83,170.23,8.9158,0.0437,0.49,20,29,,6,True
480,BACARDI USA INC,10187,2024-05-12,2024-05-30,2024-07-07,2024-05,21871,271328.78,1410.91,272739.69,12.4059,0.0645,0.52,18,38,Frank Delahunt,184,True
1485,CASTLE BRANDS CORP.,10188,2024-05-12,2024-05-30,2024-07-03,2024-05,1550,24129.13,130.3,24259.43,15.5672,0.0841,0.54,18,34,,29,True
4425,MARTIGNETTI COMPANIES,10194,2024-05-12,2024-05-30,2024-07-10,2024-05,89,1328.56,6.91,1335.47,14.9276,0.0776,0.5201,18,41,,1639,True
8892,TRINCHERO FAMILY ESTATES,10199,2024-05-12,2024-05-30,2024-06-25,2024-05,5833,36406.54,196.6,36603.14,6.2415,0.0337,0.54,18,26,,153,True
3664,WILLIAM GRANT & SONS INC,10200,2024-05-12,2024-05-30,2024-07-04,2024-05,5196,100321.87,531.71,100853.58,19.3075,0.1023,0.53,18,35,,85,True
90017,THE IMPORTED GRAPE LLC,10218,2024-05-13,2024-05-30,2024-06-25,2024-05,20,193.32,0.91,194.23,9.666,0.0455,0.4707,17,26,,40,True
8320,SHAW ROSS INT L IMP LTD,10234,2024-05-15,2024-05-30,2024-07-01,2024-05,1296,11239.88,52.83,11292.71,8.6727,0.0408,0.47,15,32,,38,True
1650,Circa Wines,10241,2024-05-16,2024-05-30,2024-07-14,2024-05,144,1347.24,7.41,1354.65,9.3558,0.0515,0.55,14,45,,74,True
2561,EDRINGTON AMERICAS,10242,2024-05-16,2024-05-30,2024-07-15,2024-05,718,21925.38,107.43,22032.81,30.5367,0.1496,0.49,14,46,,33,True
3924,HEAVEN HILL DISTILLERIES,10243,2024-05-16,2024-05-30,2024-07-15,2024-05,6527,48025.57,220.92,48246.49,7.358,0.0338,0.46,14,46,,69,True
8892,TRINCHERO FAMILY ESTATES,10255,2024-05-16,2024-05-30,2024-07-15,2024-05,11197,77813.14,404.63,78217.77,6.9495,0.0361,0.52,14,46,,153,True
2555,DISARONNO INTERNATIONAL LLC,10261,2024-05-17,2024-05-30,2024-07-06,2024-05,1570,19897.28,93.52,19990.8,12.6734,0.0596,0.47,13,37,,12,True
4425,MARTIGNETTI COMPANIES,10265,2024-05-17,2024-05-30,2024-07-01,2024-05,110,1504.76,7.22,1511.98,13.6796,0.0656,0.4798,13,32,,1639,True
1003,BRONCO WINE COMPANY,10275,2024-05-18,2024-05-30,2024-07-02,2024-05,6,35.7,0.2,35.9,5.95,0.0333,0.5602,12,33,,8,True
4950,LATITUDE BEVERAGE COMPANY,10281,2024-05-18,2024-05-30,2024-07-08,2024-05,4407,25577.52,135.56,25713.08,5.8038,0.0308,0.53,12,39,,45,True
8352,LUXCO INC,10298,2024-05-19,2024-05-30,2024-07-16,2024-05,4986,35162.76,161.75,35324.51,7.0523,0.0324,0.46,11,47,,69,True
8920,TAKARA SAKE USA INC,10307,2024-05-19,2024-05-30,2024-07-03,2024-05,129,708.27,3.61,711.88,5.4905,0.028,0.5097,11,34,,3,True
1703,ALISA CARR BEVERAGES,10115,2024-05-08,2024-05-31,2024-07-10,2024-05,40,2638.88,12.14,2651.02,65.972,0.3035,0.46,23,40,,32,True
388,ATLANTIC IMPORTING COMPANY,10116,2024-05-08,2024-05-31,2024-07-05,2024-05,30,906.24,4.17,910.41,30.208,0.139,0.4601,23,35,,3,True
3960,DIAGEO NORTH AMERICA INC,10126,2024-05-09,2024-05-31,2024-07-04,2024-05,86153,771864.94,3473.39,775338.33,8.9592,0.0403,0.45,22,34,Frank Delahunt,449,True
28750,SMOKY QUARTZ DISTILLERY LLC,10142,2024-05-09,2024-05-31,2024-06-26,2024-05,5,105.71,0.57,106.28,21.142,0.114,0.5392,22,26,,4,True
28776,TALL SHIP DISTILLERY LLC,10166,2024-05-10,2024-05-31,2024-07-08,2024-05,14,298.88,1.64,300.52,21.3486,0.1171,0.5487,21,38,,4,True
9622,WEIN BAUER INC,10167,2024-05-10,2024-05-31,2024-07-08,2024-05,44,839.52,4.28,843.8,19.08,0.0973,0.5098,21,38,,6,True
1650,Circa Wines,10171,2024-05-11,2024-05-31,2024-07-04,2024-05,25,350.13,1.89,352.02,14.0052,0.0756,0.5398,20,34,,74,True
6215,MOONLIGHT MEADERY,10178,2024-05-11,2024-05-31,2024-07-03,2024-05,39,357.27,1.64,358.91,9.1608,0.0421,0.459,20,33,,7,True
17033,SEA BREEZE CELLARS LLC,10182,2024-05-11,2024-05-31,2024-07-02,2024-05,315,4074.73,21.6,4096.33,12.9357,0.0686,0.5301,20,32,,16,True
2876,CENTEUR IMPORTS LLC,10189,2024-05-12,2024-05-31,2024-07-08,2024-05,6,48.24,0.26,48.5,8.04,0.0433,0.539,19,38,,11,True
2496,DUGGANS DISTILLED PRODUCTS,10203,2024-05-13,2024-05-31,2024-07-04,2024-05,124,2060.84,9.27,2070.11,16.6197,0.0748,0.4498,18,34,,5,True
5270,MANGO BOTTLING INC,10207,2024-05-13,2024-05-31,2024-06-29,2024-05,1774,12783.49,60.08,12843.57,7.206,0.0339,0.47,18,29,,6,True
173357,TAMWORTH DISTILLING,10217,2024-05-13,2024-05-31,2024-06-27,2024-05,1,19.37,0.09,19.46,19.37,0.09,0.4646,18,27,,4,True
2450,DJINN SPIRITS LLC,10227,2024-05-15,2024-05-31,2024-07-01,2024-05,108,2239.92,11.2,2251.12,20.74,0.1037,0.5,16,31,,6,True
17037,Dunn Wine Brokers,10228,2024-05-15,2024-05-31,2024-07-09,2024-05,258,2960.16,13.91,2974.07,11.4735,0.0539,0.4699,16,39,,35,True
6830,PARK STREET IMPORTS LLC,10231,2024-05-15,2024-05-31,2024-07-10,2024-05,12,229.32,1.03,230.35,19.11,0.0858,0.4492,16,40,,12,True
480,BACARDI USA INC,10240,2024-05-16,2024-05-31,2024-07-16,2024-05,32991,485190.9,2620.03,487810.93,14.7068,0.0794,0.54,15,46,Frank Delahunt,184,True
7255,PSP WINES,10249,2024-05-16,2024-05-31,2024-07-01,2024-05,367,2886.85,14.43,2901.28,7.8661,0.0393,0.4999,15,31,,32,True
8150,SEA HAGG DISTILLERY LLC,10250,2024-05-16,2024-05-31,2024-07-13,2024-05,192,2032.32,9.35,2041.67,10.585,0.0487,0.4601,15,43,,9,True
90056,SWEET BABY VINEYARD,10253,2024-05-16,2024-05-31,2024-07-07,2024-05,502,4211.51,20.64,4232.15,8.3895,0.0411,0.4901,15,37,,4,True
90047,CRUSH WINES,10259,2024-05-17,2024-05-31,2024-07-14,2024-05,446,4294.02,19.75,4313.77,9.6278,0.0443,0.4599,14,44,,165,True
9260,TY KU LLC,10271,2024-05-17,2024-05-31,2024-06-30,2024-05,23,197.8,1.09,198.89,8.6,0.0474,0.5511,14,30,,7,True
1703,ALISA CARR BEVERAGES,10272,2024-05-18,2024-05-31,2024-07-13,2024-05,6,470.52,2.59,473.11,78.42,0.4317,0.5505,13,43,,32,True
90053,INCREDIBREW INC,10280,2024-05-18,2024-05-31,2024-07-01,2024-05,106,919.16,4.5,923.66,8.6713,0.0425,0.4896,13,31,,4,True
5992,MCCORMICK DISTILLING CO,10282,2024-05-18,2024-05-31,2024-07-05,2024-05,618,6030.63,32.57,6063.2,9.7583,0.0527,0.5401,13,35,,35,True
90027,POVERTY LANE ORCHARDS,10285,2024-05-18,2024-05-31,2024-07-14,2024-05,96,772.8,3.48,776.28,8.05,0.0362,0.4503,13,44,,8,True
1587,VINEYARD BRANDS INC,10287,2024-05-18,2024-05-31,2024-07-03,2024-05,5917,38626.55,181.54,38808.09,6.5281,0.0307,0.47,13,33,,87,True
10000,MAJESTIC FINE WINES,10299,2024-05-19,2024-05-31,2024-07-17,2024-05,10381,74114.0,377.98,74491.98,7.1394,0.0364,0.51,12,47,,40,True
1485,CASTLE BRANDS CORP.,10312,2024-05-20,2024-05-31,2024-07-07,2024-05,1803,26639.61,127.87,26767.48,14.7752,0.0709,0.48,11,37,,29,True
1590,DIAGEO CHATEAU ESTATE WINES,10313,2024-05-20,2024-05-31,2024-06-30,2024-05,8837,67673.82,311.3,67985.12,7.658,0.0352,0.46,11,30,,117,True
6355,NICHE W & S,10230,2024-05-15,2024-06-01,2024-07-17,2024-06,32,475.44,2.61,478.05,14.8575,0.0816,0.549,17,46,,8,True
173357,TAMWORTH DISTILLING,10270,2024-05-17,2024-06-01,2024-07-13,2024-06,36,697.32,3.49,700.81,19.37,0.0969,0.5005,15,42,,4,True
1392,CONSTELLATION BRANDS INC,10291,2024-05-19,2024-06-01,2024-07-12,2024-06,64829,472866.46,2364.33,475230.79,7.2941,0.0365,0.5,13,41,Frank Delahunt,481,True
4692,KOBRAND CORPORATION,10296,2024-05-19,2024-06-01,2024-07-16,2024-06,2543,25507.27,137.74,25645.01,10.0304,0.0542,0.54,13,45,,242,True
6213,MHW LTD,10300,2024-05-19,2024-06-01,2024-07-15,2024-06,3313,38953.29,183.08,39136.37,11.7577,0.0553,0.47,13,44,,96,True
9819,TREASURY WINE ESTATES,10308,2024-05-19,2024-06-01,2024-07-10,2024-06,18502,112325.16,505.46,112830.62,6.071,0.0273,0.45,13,39,,111,True
9622,WEIN BAUER INC,10310,2024-05-19,2024-06-01,2024-07-08,2024-06,30,572.4,2.58,574.98,19.08,0.086,0.4507,13,37,,6,True
90011,FORTUNE WINE BROKERS LLC,10314,2024-05-20,2024-06-01,2024-07-11,2024-06,105,1280.58,5.76,1286.34,12.196,0.0549,0.4498,12,40,,62,True
660,SAZERAC NORTH AMERICA INC.,10318,2024-05-20,2024-06-01,2024-07-10,2024-06,9822,73464.79,337.94,73802.73,7.4796,0.0344,0.46,12,39,,84,True
5270,MANGO BOTTLING INC,10246,2024-05-16,2024-06-02,2024-07-17,2024-06,1136,8141.14,44.78,8185.92,7.1665,0.0394,0.55,17,45,,6,True
7245,PROXIMO SPIRITS INC.,10267,2024-05-17,2024-06-02,2024-07-17,2024-06,16451,191931.88,978.85,192910.73,11.6669,0.0595,0.51,16,45,,114,True
28776,TALL SHIP DISTILLERY LLC,10269,2024-05-17,2024-06-02,2024-07-16,2024-06,48,1013.88,5.07,1018.95,21.1225,0.1056,0.5001,16,44,,4,True
9744,FREDERICK WILDMAN & SONS,10315,2024-05-20,2024-06-02,2024-07-01,2024-06,2091,17972.42,97.05,18069.47,8.5951,0.0464,0.54,13,29,,149,True
17031,FLAG HILL WINERY & VINEYARD,10262,2024-05-17,2024-06-03,2024-07-06,2024-06,642,7142.83,35.71,7178.54,11.1259,0.0556,0.4999,17,33,,19,True
2242,DELICATO VINEYARDS INC,10292,2024-05-19,2024-06-03,2024-07-16,2024-06,2581,22430.79,118.88,22549.67,8.6907,0.0461,0.53,15,43,,96,True
6359,OLE SMOKY DISTILLERY LLC,10302,2024-05-19,2024-06-03,2024-07-14,2024-06,281,3385.74,17.94,3403.68,12.0489,0.0638,0.5299,15,41,,18,True
7153,PINE STATE TRADING CO,10303,2024-05-19,2024-06-03,2024-06-30,2024-06,10424,64330.08,315.22,64645.3,6.1713,0.0302,0.49,15,27,,480,True
9625,WESTERN SPIRITS BEVERAGE CO,10311,2024-05-19,2024-06-03,2024-07-05,2024-06,364,5653.37,28.83,5682.2,15.5312,0.0792,0.51,15,32,,26,True
105,ALTAMAR BRANDS LLC,10222,2024-05-15,2024-06-04,2024-07-05,2024-06,2,71.42,0.39,71.81,35.71,0.195,0.5461,20,31,,3,True
1265,BLACK ROCK SPIRITS LLC,10223,2024-05-15,2024-06-04,2024-07-09,2024-06,1,14.05,0.08,14.13,14.05,0.08,0.5694,20,35,,1,True
3089,SIDNEY FRANK IMPORTING CO,10235,2024-05-15,2024-06-04,2024-06-30,2024-06,3641,31395.25,156.98,31552.23,8.6227,0.0431,0.5,20,26,,13,True
90032,LABELLE VYDS AND WINERY,10245,2024-05-16,2024-06-04,2024-07-07,2024-06,651,7145.77,37.16,7182.93,10.9766,0.0571,0.52,19,33,,10,True
8735,SURVILLE ENTERPRISES CORP,10252,2024-05-16,2024-06-04,2024-07-09,2024-06,90,614.4,3.32,617.72,6.8267,0.0369,0.5404,19,35,,22,True
4466,AMERICAN VINTAGE BEVERAGE,10257,2024-05-17,2024-06-04,2024-07-08,2024-06,376,3708.18,20.39,3728.57,9.8622,0.0542,0.5499,18,34,,3,True
5455,MARSALLE COMPANY,10264,2024-05-17,2024-06-04,2024-07-17,2024-06,178,4609.94,23.05,4632.99,25.8985,0.1295,0.5,18,43,,10,True
7240,"PREMIUM PORT WINES, INC.",10266,2024-05-17,2024-06-04,2024-07-15,2024-06,110,829.72,4.4,834.12,7.5429,0.04,0.5303,18,41,,3,True
2496,DUGGANS DISTILLED PRODUCTS,10277,2024-05-18,2024-06-04,2024-07-06,2024-06,121,2008.49,9.64,2018.13,16.5991,0.0797,0.48,17,32,,5,True
9206,PHILLIPS PRODUCTS CO.,10284,2024-05-18,2024-06-04,2024-07-04,2024-06,833,9025.93,40.62,9066.55,10.8355,0.0488,0.45,17,30,,33,True
90051,FULCHINO VINEYARD INC,10294,2024-05-19,2024-06-04,2024-07-08,2024-06,24,285.0,1.28,286.28,11.875,0.0533,0.4491,16,34,,2,True
3664,WILLIAM GRANT & SONS INC,10324,2024-05-20,2024-06-04,2024-07-10,2024-06,8995,164015.43,738.07,164753.5,18.2341,0.0821,0.45,15,36,,85,True
1128,BROWN-FORMAN CORP,10224,2024-05-15,2024-06-05,2024-07-14,2024-06,20007,283650.31,1560.08,285210.39,14.1776,0.078,0.55,21,39,Frank Delahunt,142,True
90046,CANDIA VINEYARDS,10226,2024-05-15,2024-06-05,2024-07-13,2024-06,48,702.0,3.58,705.58,14.625,0.0746,0.51,21,38,,5,True
9552,M S WALKER INC,10229,2024-05-15,2024-06-05,2024-07-08,2024-06,33293,249142.22,1195.88,250338.1,7.4833,0.0359,0.48,21,33,,960,True
7239,REMY COINTREAU USA INC,10233,2024-05-15,2024-06-05,2024-07-02,2024-06,6282,144517.47,722.59,145240.06,23.005,0.115,0.5,21,27,,45,True
12331,STELLAR IMPORTING CO LLC,10236,2024-05-15,2024-06-05,2024-07-02,2024-06,48,477.6,2.15,479.75,9.95,0.0448,0.4502,21,27,,19,True
90024,VINILANDIA USA,10237,2024-05-15,2024-06-05,2024-07-16,2024-06,871,8184.76,42.56,8227.32,9.397,0.0489,0.52,21,41,,206,True
90057,WALPOLE MTN VIEW WINERY,10238,2024-05-15,2024-06-05,2024-07-11,2024-06,60,655.56,3.41,658.97,10.926,0.0568,0.5202,21,36,,3,True
60,ADAMBA IMPORTS INTL INC,10239,2024-05-16,2024-06-05,2024-07-07,2024-06,46,748.42,3.82,752.24,16.27,0.083,0.5104,20,32,,3,True
90017,THE IMPORTED GRAPE LLC,10254,2024-05-16,2024-06-05,2024-07-02,2024-06,12,153.0,0.75,153.75,12.75,0.0625,0.4902,20,27,,40,True
9815,WINE GROUP INC,10256,2024-05-16,2024-06-05,2024-07-12,2024-06,20396,114719.7,630.96,115350.66,5.6246,0.0309,0.55,20,37,,215,True
4380,CHARLES JACQUIN ET CIE INC,10258,2024-05-17,2024-06-05,2024-07-17,2024-06,633,5422.35,25.49,5447.84,8.5661,0.0403,0.4701,19,42,,15,True
516,BANFI PRODUCTS CORP,10274,2024-05-18,2024-06-05,2024-07-09,2024-06,4076,29317.46,155.38,29472.84,7.1927,0.0381,0.53,18,34,,149,True
6785,PALM BAY INTERNATIONAL INC,10283,2024-05-18,2024-06-05,2024-07-01,2024-06,9775,74420.03,372.1,74792.13,7.6133,0.0381,0.5,18,26,,174,True
90058,ZORVINO VINEYARDS,10289,2024-05-18,2024-06-05,2024-06-30,2024-06,569,4589.71,22.49,4612.2,8.0663,0.0395,0.49,18,25,,6,True
8112,MOET HENNESSY USA INC,10301,2024-05-19,2024-06-05,2024-07-14,2024-06,6798,143212.24,759.02,143971.26,21.0668,0.1117,0.53,17,39,,129,True
7154,PREMIER DISTRIBUTORS,10304,2024-05-19,2024-06-05,2024-07-13,2024-06,82,1300.06,5.85,1305.91,15.8544,0.0713,0.45,17,38,,7,True
8673,STE MICHELLE WINE ESTATES,10320,2024-05-20,2024-06-05,2024-07-04,2024-06,13677,93041.57,427.99,93469.56,6.8028,0.0313,0.46,16,29,,144,True
90010,VINEXTRA INC,10323,2024-05-20,2024-06-05,2024-07-04,2024-06,130,1647.43,7.41,1654.84,12.6725,0.057,0.4498,16,29,,47,True
10754,PERFECTA WINES,10232,2024-05-15,2024-06-06,2024-06-30,2024-06,9806,99923.79,459.65,100383.44,10.1901,0.0469,0.46,22,24,,897,True
17035,PERNOD RICARD USA,10248,2024-05-16,2024-06-06,2024-07-02,2024-06,34404,582958.74,3206.27,586165.01,16.9445,0.0932,0.55,21,26,Frank Delahunt,277,True
2000,SOUTHERN WINE & SPIRITS NE,10251,2024-05-16,2024-06-06,2024-07-05,2024-06,14830,126932.71,621.97,127554.68,8.5592,0.0419,0.49,21,29,,417,True
3960,DIAGEO NORTH AMERICA INC,10260,2024-05-17,2024-06-06,2024-07-14,2024-06,117416,1219948.49,6709.72,1226658.21,10.39,0.0571,0.55,20,38,Frank Delahunt,449,True
4550,KLIN SPIRITS LLC,10263,2024-05-17,2024-06-06,2024-07-13,2024-06,127,1786.89,9.83,1796.72,14.07,0.0774,0.5501,20,37,,4,True
8004,SAZERAC CO INC,10268,2024-05-17,2024-06-06,2024-07-05,2024-06,27876,177391.46,904.7,178296.16,6.3636,0.0325,0.51,20,29,,138,True
11567,CAMPARI AMERICA,10276,2024-05-18,2024-06-06,2024-07-03,2024-06,14807,156000.43,764.4,156764.83,10.5356,0.0516,0.49,19,27,,74,True
1655,FABRIZIA SPIRITS LLC,10278,2024-05-18,2024-06-06,2024-07-11,2024-06,1713,21904.85,109.52,22014.37,12.7874,0.0639,0.5,19,35,,8,True
3252,E & J GALLO WINERY,10293,2024-05-19,2024-06-06,2024-07-11,2024-06,47050,295574.83,1507.43,297082.26,6.2821,0.032,0.51,18,35,Frank Delahunt,527,True
12546,JIM BEAM BRANDS COMPANY,10295,2024-05-19,2024-06-06,2024-07-16,2024-06,47442,456745.83,2375.08,459120.91,9.6275,0.0501,0.52,18,40,Frank Delahunt,415,True
4848,LAIRD & CO,10297,2024-05-19,2024-06-06,2024-07-13,2024-06,1417,14106.33,73.35,14179.68,9.9551,0.0518,0.52,18,37,,16,True
653,STATE WINE & SPIRITS,10306,2024-05-19,2024-06-06,2024-07-11,2024-06,6019,59408.06,326.74,59734.8,9.8701,0.0543,0.55,18,35,,258,True
98450,Serralles Usa LLC,10319,2024-05-20,2024-06-06,2024-07-14,2024-06,184,2426.48,12.86,2439.34,13.1874,0.0699,0.53,17,38,,16,True
8664,"STOLI GROUP,(USA) LLC",10321,2024-05-20,2024-06-06,2024-07-15,2024-06,5916,82072.03,451.4,82523.43,13.8729,0.0763,0.55,17,39,,48,True
516,BANFI PRODUCTS CORP,10326,2024-05-22,2024-06-06,2024-07-19,2024-06,4053,27953.23,145.36,28098.59,6.8969,0.0359,0.52,15,43,,149,True
8004,SAZERAC CO INC,10337,2024-05-22,2024-06-06,2024-07-15,2024-06,44015,195303.95,1035.11,196339.06,4.4372,0.0235,0.53,15,39,,138,True
17033,SEA BREEZE CELLARS LLC,10355,2024-05-23,2024-06-06,2024-07-12,2024-06,124,1440.12,7.34,1447.46,11.6139,0.0592,0.5097,14,36,,16,True
17032,JEWELL TOWNE VINEYARDS,10361,2024-05-24,2024-06-06,2024-07-16,2024-06,212,1752.19,7.88,1760.07,8.265,0.0372,0.4497,13,40,,7,True
7240,"PREMIUM PORT WINES, INC.",10388,2024-05-25,2024-06-06,2024-07-09,2024-06,107,757.75,3.64,761.39,7.0818,0.034,0.4804,12,33,,3,True
8150,SEA HAGG DISTILLERY LLC,10402,2024-05-26,2024-06-06,2024-07-17,2024-06,204,2334.84,12.14,2346.98,11.4453,0.0595,0.5199,11,41,,9,True
1273,CALEDONIA SPIRITS INC,10225,2024-05-15,2024-06-07,2024-07-17,2024-06,106,3161.11,15.17,3176.28,29.8218,0.1431,0.4799,23,40,,5,True
17032,JEWELL TOWNE VINEYARDS,10244,2024-05-16,2024-06-07,2024-07-05,2024-06,421,3732.5,19.41,3751.91,8.8658,0.0461,0.52,22,28,,7,True
4425,MARTIGNETTI COMPANIES,10247,2024-05-16,2024-06-07,2024-07-05,2024-06,80310,826621.86,4546.42,831168.28,10.2929,0.0566,0.55,22,28,Frank Delahunt,1639,True
388,ATLANTIC IMPORTING COMPANY,10273,2024-05-18,2024-06-07,2024-07-09,2024-06,11,234.52,1.22,235.74,21.32,0.1109,0.5202,20,32,,3,True
90052,HAUNTING WHISPER VYDS,10279,2024-05-18,2024-06-07,2024-07-13,2024-06,36,297.72,1.34,299.06,8.27,0.0372,0.4501,20,36,,2,True
17033,SEA BREEZE CELLARS LLC,10286,2024-05-18,2024-06-07,2024-07-07,2024-06,72,683.64,3.28,686.92,9.495,0.0456,0.4798,20,30,,16,True
1601,VRANKEN AMERICA,10288,2024-05-18,2024-06-07,2024-07-17,2024-06,247,4598.01,22.07,4620.08,18.6154,0.0894,0.48,20,40,,21,True
1189,BULLY BOY DISTILLERS,10290,2024-05-19,2024-06-07,2024-07-17,2024-06,165,3678.29,19.13,3697.42,22.2927,0.1159,0.5201,19,40,,6,True
28750,SMOKY QUARTZ DISTILLERY LLC,10305,2024-05-19,2024-06-07,2024-07-10,2024-06,48,1044.48,5.01,1049.49,21.76,0.1044,0.4797,19,33,,4,True
9165,ULTRA BEVERAGE COMPANY LLP,10309,2024-05-19,2024-06-07,2024-07-05,2024-06,25416,303032.33,1484.86,304517.19,11.9229,0.0584,0.49,19,28,Frank Delahunt,965,True
6215,MOONLIGHT MEADERY,10316,2024-05-20,2024-06-07,2024-07-01,2024-06,143,1283.2,6.8,1290.0,8.9734,0.0476,0.5299,18,24,,7,True
10050,Russian Standard Vodka,10317,2024-05-20,2024-06-07,2024-07-11,2024-06,127,1615.64,8.89,1624.53,12.7216,0.07,0.5502,18,34,,13,True
172662,SWEETWATER FARM,10322,2024-05-20,2024-06-07,2024-07-13,2024-06,53,1155.61,6.12,1161.73,21.804,0.1155,0.5296,18,36,,5,True
90047,CRUSH WINES,10328,2024-05-22,2024-06-07,2024-07-22,2024-06,356,3375.66,15.53,3391.19,9.4822,0.0436,0.4601,16,45,,165,True
90052,HAUNTING WHISPER VYDS,10330,2024-05-22,2024-06-07,2024-07-07,2024-06,12,94.08,0.46,94.54,7.84,0.0383,0.4889,16,30,,2,True
2000,SOUTHERN WINE & SPIRITS NE,10339,2024-05-22,2024-06-07,2024-07-19,2024-06,11805,100853.98,514.36,101368.34,8.5433,0.0436,0.51,16,42,,417,True
6213,MHW LTD,10352,2024-05-23,2024-06-07,2024-07-08,2024-06,3741,38355.62,207.12,38562.74,10.2528,0.0554,0.54,15,31,,96,True
2242,DELICATO VINEYARDS INC,10381,2024-05-25,2024-06-07,2024-07-17,2024-06,2761,23965.3,131.81,24097.11,8.6799,0.0477,0.55,13,40,,96,True
4425,MARTIGNETTI COMPANIES,10384,2024-05-25,2024-06-07,2024-07-13,2024-06,56393,573709.39,2811.18,576520.57,10.1734,0.0498,0.49,13,36,Frank Delahunt,1639,True
10000,MAJESTIC FINE WINES,10399,2024-05-26,2024-06-07,2024-07-22,2024-06,11139,80735.78,371.38,81107.16,7.248,0.0333,0.46,12,45,,40,True
90053,INCREDIBREW INC,10331,2024-05-22,2024-06-08,2024-07-15,2024-06,72,625.92,3.38,629.3,8.6933,0.0469,0.54,17,37,,4,True
4692,KOBRAND CORPORATION,10333,2024-05-22,2024-06-08,2024-07-14,2024-06,2769,31810.58,159.05,31969.63,11.4881,0.0574,0.5,17,36,,242,True
1590,DIAGEO CHATEAU ESTATE WINES,10349,2024-05-23,2024-06-08,2024-07-17,2024-06,3626,27435.26,123.46,27558.72,7.5663,0.034,0.45,16,39,,117,True
5270,MANGO BOTTLING INC,10351,2024-05-23,2024-06-08,2024-07-08,2024-06,1164,8385.04,44.44,8429.48,7.2036,0.0382,0.53,16,30,,6,True
90057,WALPOLE MTN VIEW WINERY,10374,2024-05-24,2024-06-08,2024-07-18,2024-06,12,156.12,0.84,156.96,13.01,0.07,0.538,15,40,,3,True
9819,TREASURY WINE ESTATES,10408,2024-05-26,2024-06-08,2024-07-17,2024-06,10105,61506.82,282.93,61789.75,6.0868,0.028,0.46,13,39,,111,True
90010,VINEXTRA INC,10409,2024-05-26,2024-06-08,2024-07-17,2024-06,120,1464.13,7.03,1471.16,12.2011,0.0586,0.4801,13,39,,47,True
90058,ZORVINO VINEYARDS,10411,2024-05-26,2024-06-08,2024-07-12,2024-06,291,2416.09,12.56,2428.65,8.3027,0.0432,0.5198,13,34,,6,True
90051,FULCHINO VINEYARD INC,10418,2024-05-27,2024-06-08,2024-07-08,2024-06,12,164.28,0.89,165.17,13.69,0.0742,0.5418,12,30,,2,True
8892,TRINCHERO FAMILY ESTATES,10424,2024-05-27,2024-06-08,2024-07-10,2024-06,7147,44174.89,234.13,44409.02,6.1809,0.0328,0.53,12,32,,153,True
12546,JIM BEAM BRANDS COMPANY,10332,2024-05-22,2024-06-09,2024-07-08,2024-06,49777,496937.24,2584.07,499521.31,9.9833,0.0519,0.52,18,29,Frank Delahunt,415,True
8112,MOET HENNESSY USA INC,10335,2024-05-22,2024-06-09,2024-07-10,2024-06,6591,140623.21,689.05,141312.26,21.3356,0.1045,0.49,18,31,,129,True
28776,TALL SHIP DISTILLERY LLC,10358,2024-05-23,2024-06-09,2024-07-20,2024-06,12,255.84,1.28,257.12,21.32,0.1067,0.5003,17,41,,4,True
9744,FREDERICK WILDMAN & SONS,10360,2024-05-24,2024-06-09,2024-07-11,2024-06,2136,21925.86,100.86,22026.72,10.2649,0.0472,0.46,16,32,,149,True
5992,MCCORMICK DISTILLING CO,10365,2024-05-24,2024-06-09,2024-07-14,2024-06,398,3739.06,17.57,3756.63,9.3946,0.0441,0.4699,16,35,,35,True
9815,WINE GROUP INC,10376,2024-05-24,2024-06-09,2024-07-11,2024-06,18627,109241.2,513.43,109754.63,5.8647,0.0276,0.47,16,32,,215,True
1392,CONSTELLATION BRANDS INC,10394,2024-05-26,2024-06-09,2024-07-20,2024-06,51647,330086.3,1518.4,331604.7,6.3912,0.0294,0.46,14,41,Frank Delahunt,481,True
60,ADAMBA IMPORTS INTL INC,10412,2024-05-27,2024-06-09,2024-07-18,2024-06,62,1008.74,4.74,1013.48,16.27,0.0765,0.4699,13,39,,3,True
3960,DIAGEO NORTH AMERICA INC,10415,2024-05-27,2024-06-09,2024-07-13,2024-06,104451,1013433.92,4560.45,1017994.37,9.7025,0.0437,0.45,13,34,Frank Delahunt,449,True
6785,PALM BAY INTERNATIONAL INC,10421,2024-05-27,2024-06-09,2024-07-22,2024-06,6884,50155.13,270.84,50425.97,7.2858,0.0393,0.54,13,43,,174,True
7255,PSP WINES,10336,2024-05-22,2024-06-10,2024-07-24,2024-06,351,2400.17,11.04,2411.21,6.8381,0.0315,0.46,19,44,,32,True
8320,SHAW ROSS INT L IMP LTD,10357,2024-05-23,2024-06-10,2024-07-10,2024-06,1321,12116.28,54.52,12170.8,9.1721,0.0413,0.45,18,30,,38,True
9552,M S WALKER INC,10383,2024-05-25,2024-06-10,2024-07-16,2024-06,23832,183148.33,934.06,184082.39,7.685,0.0392,0.51,16,36,,960,True
9260,TY KU LLC,10390,2024-05-25,2024-06-10,2024-07-14,2024-06,24,206.4,1.11,207.51,8.6,0.0463,0.5378,16,34,,7,True
90024,VINILANDIA USA,10391,2024-05-25,2024-06-10,2024-07-07,2024-06,1196,11221.3,51.62,11272.92,9.3824,0.0432,0.46,16,27,,206,True
287,APPOLO VINEYARDS LLC,10392,2024-05-26,2024-06-10,2024-07-23,2024-06,12,125.64,0.68,126.32,10.47,0.0567,0.5412,15,43,,2,True
3252,E & J GALLO WINERY,10396,2024-05-26,2024-06-10,2024-07-10,2024-06,44507,264264.7,1294.9,265559.6,5.9376,0.0291,0.49,15,30,Frank Delahunt,527,True
4380,CHARLES JACQUIN ET CIE INC,10414,2024-05-27,2024-06-10,2024-07-18,2024-06,740,5661.53,28.87,5690.4,7.6507,0.039,0.5099,14,38,,15,True
3924,HEAVEN HILL DISTILLERIES,10419,2024-05-27,2024-06-10,2024-07-17,2024-06,7689,67813.56,366.19,68179.75,8.8196,0.0476,0.54,14,37,,69,True
1273,CALEDONIA SPIRITS INC,10327,2024-05-22,2024-06-11,2024-07-20,2024-06,361,14024.21,77.13,14101.34,38.8482,0.2137,0.55,20,39,,5,True
2561,EDRINGTON AMERICAS,10329,2024-05-22,2024-06-11,2024-07-07,2024-06,900,26516.99,119.33,26636.32,29.4633,0.1326,0.45,20,26,,33,True
3089,SIDNEY FRANK IMPORTING CO,10338,2024-05-22,2024-06-11,2024-07-14,2024-06,2730,32500.96,152.75,32653.71,11.9051,0.056,0.47,20,33,,13,True
173357,TAMWORTH DISTILLING,10343,2024-05-22,2024-06-11,2024-07-21,2024-06,48,929.76,4.37,934.13,19.37,0.091,0.47,20,40,,4,True
9625,WESTERN SPIRITS BEVERAGE CO,10345,2024-05-22,2024-06-11,2024-07-23,2024-06,297,5107.95,26.05,5134.0,17.1985,0.0877,0.51,20,42,,26,True
1485,CASTLE BRANDS CORP.,10348,2024-05-23,2024-06-11,2024-07-12,2024-06,2336,35469.05,180.89,35649.94,15.1837,0.0774,0.51,19,31,,29,True
90011,FORTUNE WINE BROKERS LLC,10359,2024-05-24,2024-06-11,2024-07-12,2024-06,95,768.27,3.84,772.11,8.0871,0.0404,0.4998,18,31,,62,True
4550,KLIN SPIRITS LLC,10362,2024-05-24,2024-06-11,2024-07-24,2024-06,121,1702.47,8.51,1710.98,14.07,0.0703,0.4999,18,43,,4,True
4848,LAIRD & CO,10363,2024-05-24,2024-06-11,2024-07-23,2024-06,376,3588.98,19.38,3608.36,9.5452,0.0515,0.54,18,42,,16,True
6215,MOONLIGHT MEADERY,10366,2024-05-24,2024-06-11,2024-07-07,2024-06,153,1341.13,7.24,1348.37,8.7656,0.0473,0.5398,18,26,,7,True
7154,PREMIER DISTRIBUTORS,10369,2024-05-24,2024-06-11,2024-07-21,2024-06,82,1204.64,5.9,1210.54,14.6907,0.072,0.4898,18,40,,7,True
1128,BROWN-FORMAN CORP,10378,2024-05-25,2024-06-11,2024-07-23,2024-06,20745,297968.12,1430.25,299398.37,14.3634,0.0689,0.48,17,42,Frank Delahunt,142,True
1189,BULLY BOY DISTILLERS,10393,2024-05-26,2024-06-11,2024-07-07,2024-06,17,380.97,1.87,382.84,22.41,0.11,0.4909,16,26,,6,True
2450,DJINN SPIRITS LLC,10395,2024-05-26,2024-06-11,2024-07-21,2024-06,54,988.2,4.45,992.65,18.3,0.0824,0.4503,16,40,,6,True
4425,MARTIGNETTI COMPANIES,10400,2024-05-26,2024-06-11,2024-07-10,2024-06,114,1479.84,6.66,1486.5,12.9811,0.0584,0.45,16,29,,1639,True
653,STATE WINE & SPIRITS,10404,2024-05-26,2024-06-11,2024-07-17,2024-06,2962,26376.34,139.79,26516.13,8.9049,0.0472,0.53,16,36,,258,True
8664,"STOLI GROUP,(USA) LLC",10405,2024-05-26,2024-06-11,2024-07-08,2024-06,5427,88894.62,408.92,89303.54,16.3801,0.0753,0.46,16,27,,48,True
8920,TAKARA SAKE USA INC,10406,2024-05-26,2024-06-11,2024-07-19,2024-06,102,461.82,2.26,464.08,4.5276,0.0222,0.4894,16,38,,3,True
90017,THE IMPORTED GRAPE LLC,10407,2024-05-26,2024-06-11,2024-07-16,2024-06,24,150.84,0.69,151.53,6.285,0.0287,0.4574,16,35,,40,True
17031,FLAG HILL WINERY & VINEYARD,10417,2024-05-27,2024-06-11,2024-07-15,2024-06,412,5424.59,26.58,5451.17,13.1665,0.0645,0.49,15,34,,19,True
10754,PERFECTA WINES,10422,2024-05-27,2024-06-11,2024-07-07,2024-06,6900,64476.98,328.83,64805.81,9.3445,0.0477,0.51,15,26,,897,True
480,BACARDI USA INC,10325,2024-05-22,2024-06-12,2024-07-13,2024-06,45168,622937.67,3114.69,626052.36,13.7916,0.069,0.5,21,31,Frank Delahunt,184,True
9165,ULTRA BEVERAGE COMPANY LLP,10344,2024-05-22,2024-06-12,2024-07-23,2024-06,23832,281979.98,1268.91,283248.89,11.832,0.0532,0.45,21,41,Frank Delahunt,965,True
4466,AMERICAN VINTAGE BEVERAGE,10346,2024-05-23,2024-06-12,2024-07-20,2024-06,640,6458.38,29.71,6488.09,10.0912,0.0464,0.46,20,38,,3,True
17035,PERNOD RICARD USA,10353,2024-05-23,2024-06-12,2024-07-23,2024-06,35742,496030.34,2579.36,498609.7,13.8781,0.0722,0.52,20,41,Frank Delahunt,277,True
4950,LATITUDE BEVERAGE COMPANY,10364,2024-05-24,2024-06-12,2024-07-11,2024-06,2465,14347.42,64.56,14411.98,5.8205,0.0262,0.45,19,29,,45,True
8735,SURVILLE ENTERPRISES CORP,10371,2024-05-24,2024-06-12,2024-07-16,2024-06,101,751.44,3.83,755.27,7.44,0.0379,0.5097,19,34,,22,True
105,ALTAMAR BRANDS LLC,10377,2024-05-25,2024-06-12,2024-07-19,2024-06,6,214.26,1.16,215.42,35.71,0.1933,0.5414,18,37,,3,True
11567,CAMPARI AMERICA,10379,2024-05-25,2024-06-12,2024-07-23,2024-06,11274,114537.35,629.96,115167.31,10.1594,0.0559,0.55,18,41,,74,True
17037,Dunn Wine Brokers,10382,2024-05-25,2024-06-12,2024-07-19,2024-06,84,976.56,5.08,981.64,11.6257,0.0605,0.5202,18,37,,35,True
9206,PHILLIPS PRODUCTS CO.,10386,2024-05-25,2024-06-12,2024-07-15,2024-06,636,7386.85,33.98,7420.83,11.6145,0.0534,0.46,18,33,,33,True
7153,PINE STATE TRADING CO,10387,2024-05-25,2024-06-12,2024-07-08,2024-06,9833,63061.02,283.77,63344.79,6.4132,0.0289,0.45,18,26,,480,True
7245,PROXIMO SPIRITS INC.,10389,2024-05-25,2024-06-12,2024-07-24,2024-06,17511,194205.33,1048.71,195254.04,11.0905,0.0599,0.54,18,42,,114,True
90032,LABELLE VYDS AND WINERY,10334,2024-05-22,2024-06-13,2024-07-09,2024-06,294,3103.95,15.83,3119.78,10.5577,0.0538,0.51,22,26,,10,True
8673,STE MICHELLE WINE ESTATES,10340,2024-05-22,2024-06-13,2024-07-10,2024-06,8198,60841.5,279.87,61121.37,7.4215,0.0341,0.46,22,27,,144,True
90056,SWEET BABY VINEYARD,10342,2024-05-22,2024-06-13,2024-07-21,2024-06,206,1726.97,8.98,1735.95,8.3833,0.0436,0.52,22,38,,4,True
388,ATLANTIC IMPORTING COMPANY,10347,2024-05-23,2024-06-13,2024-07-21,2024-06,18,383.76,2.0,385.76,21.32,0.1111,0.5212,21,38,,3,True
6355,NICHE W & S,10367,2024-05-24,2024-06-13,2024-07-16,2024-06,77,1144.22,5.26,1149.48,14.86,0.0683,0.4597,20,33,,8,True
90027,POVERTY LANE ORCHARDS,10368,2024-05-24,2024-06-13,2024-07-12,2024-06,59,449.17,2.38,451.55,7.6131,0.0403,0.5299,20,29,,8,True
7239,REMY COINTREAU USA INC,10370,2024-05-24,2024-06-13,2024-07-08,2024-06,3451,80471.96,418.45,80890.41,23.3184,0.1213,0.52,20,25,,45,True
1601,VRANKEN AMERICA,10373,2024-05-24,2024-06-13,2024-07-13,2024-06,100,1774.3,8.87,1783.17,17.743,0.0887,0.4999,20,30,,21,True
660,SAZERAC NORTH AMERICA INC.,10401,2024-05-26,2024-06-13,2024-07-10,2024-06,10287,75338.61,361.63,75700.24,7.3237,0.0352,0.48,18,27,,84,True
1587,VINEYARD BRANDS INC,10410,2024-05-26,2024-06-13,2024-07-11,2024-06,3077,21831.45,117.89,21949.34,7.095,0.0383,0.54,18,28,,87,True
2396,BLACK PRINCE DISTILLERY INC,10413,2024-05-27,2024-06-13,2024-07-08,2024-06,12,52.08,0.29,52.37,4.34,0.0242,0.5568,17,25,,10,True
2496,DUGGANS DISTILLED PRODUCTS,10416,2024-05-27,2024-06-13,2024-07-09,2024-06,159,2602.95,11.97,2614.92,16.3708,0.0753,0.4599,17,26,,5,True
28750,SMOKY QUARTZ DISTILLERY LLC,10423,2024-05-27,2024-06-13,2024-07-23,2024-06,133,2929.61,14.06,2943.67,22.0271,0.1057,0.4799,17,40,,4,True
90047,CRUSH WINES,10431,2024-05-29,2024-06-13,2024-07-16,2024-06,501,5058.81,26.81,5085.62,10.0974,0.0535,0.53,15,33,,165,True
4848,LAIRD & CO,10437,2024-05-29,2024-06-13,2024-07-22,2024-06,314,2710.4,14.64,2725.04,8.6318,0.0466,0.5401,15,39,,16,True
1392,CONSTELLATION BRANDS INC,10448,2024-05-30,2024-06-13,2024-07-27,2024-06,49320,342020.62,1539.09,343559.71,6.9347,0.0312,0.45,14,44,Frank Delahunt,481,True
6359,OLE SMOKY DISTILLERY LLC,10455,2024-05-30,2024-06-13,2024-07-30,2024-06,1043,4399.24,20.24,4419.48,4.2179,0.0194,0.4601,14,47,,18,True
90011,FORTUNE WINE BROKERS LLC,10483,2024-06-01,2024-06-13,2024-07-27,2024-06,74,606.57,2.97,609.54,8.1969,0.0401,0.4896,12,44,,62,True
90052,HAUNTING WHISPER VYDS,10484,2024-06-01,2024-06-13,2024-07-21,2024-06,24,193.32,1.06,194.38,8.055,0.0442,0.5483,12,38,,2,True
6355,NICHE W & S,10489,2024-06-01,2024-06-13,2024-07-25,2024-06,65,955.5,4.87,960.37,14.7,0.0749,0.5097,12,42,,8,True
6213,MHW LTD,10502,2024-06-02,2024-06-13,2024-07-16,2024-06,3223,34555.08,169.32,34724.4,10.7214,0.0525,0.49,11,33,,96,True
7240,"PREMIUM PORT WINES, INC.",10507,2024-06-02,2024-06-13,2024-07-31,2024-06,130,957.26,4.31,961.57,7.3635,0.0332,0.4502,11,48,,3,True
4950,LATITUDE BEVERAGE COMPANY,10520,2024-06-03,2024-06-13,2024-07-20,2024-06,2065,12251.4,60.03,12311.43,5.9329,0.0291,0.49,10,37,,45,True
12331,STELLAR IMPORTING CO LLC,10341,2024-05-22,2024-06-14,2024-07-08,2024-06,60,467.28,2.52,469.8,7.788,0.042,0.5393,23,24,,19,True
2555,DISARONNO INTERNATIONAL LLC,10350,2024-05-23,2024-06-14,2024-07-10,2024-06,2173,24137.18,130.34,24267.52,11.1078,0.06,0.54,22,26,,12,True
10050,Russian Standard Vodka,10354,2024-05-23,2024-06-14,2024-07-11,2024-06,99,1456.38,7.86,1464.24,14.7109,0.0794,0.5397,22,27,,13,True
98450,Serralles Usa LLC,10356,2024-05-23,2024-06-14,2024-07-07,2024-06,344,4820.94,22.66,4843.6,14.0144,0.0659,0.47,22,23,,16,True
172662,SWEETWATER FARM,10372,2024-05-24,2024-06-14,2024-07-12,2024-06,25,566.98,2.95,569.93,22.6792,0.118,0.5203,21,28,,5,True
3664,WILLIAM GRANT & SONS INC,10375,2024-05-24,2024-06-14,2024-07-24,2024-06,6812,136915.95,753.04,137668.99,20.0992,0.1105,0.55,21,40,,85,True
90046,CANDIA VINEYARDS,10380,2024-05-25,2024-06-14,2024-07-08,2024-06,71,913.95,4.94,918.89,12.8725,0.0696,0.5405,20,24,,5,True
6359,OLE SMOKY DISTILLERY LLC,10385,2024-05-25,2024-06-14,2024-07-21,2024-06,245,2649.54,11.92,2661.46,10.8144,0.0487,0.4499,20,37,,18,True
1655,FABRIZIA SPIRITS LLC,10397,2024-05-26,2024-06-14,2024-07-08,2024-06,333,3899.67,17.94,3917.61,11.7107,0.0539,0.46,19,24,,8,True
8352,LUXCO INC,10398,2024-05-26,2024-06-14,2024-07-20,2024-06,6373,62550.05,287.73,62837.78,9.8149,0.0451,0.46,19,36,,69,True
8663,STAR INDUSTRIES INC.,10403,2024-05-26,2024-06-14,2024-07-24,2024-06,12,196.92,0.95,197.87,16.41,0.0792,0.4824,19,40,,6,True
5455,MARSALLE COMPANY,10420,2024-05-27,2024-06-14,2024-07-16,2024-06,117,3110.45,16.17,3126.62,26.585,0.1382,0.5199,18,32,,10,True
9622,WEIN BAUER INC,10425,2024-05-27,2024-06-14,2024-07-14,2024-06,41,628.08,3.39,631.47,15.319,0.0827,0.5397,18,30,,6,True
9744,FREDERICK WILDMAN & SONS,10435,2024-05-29,2024-06-14,2024-07-18,2024-06,2836,23509.71,110.5,23620.21,8.2897,0.039,0.47,16,34,,149,True
6785,PALM BAY INTERNATIONAL INC,10439,2024-05-29,2024-06-14,2024-07-27,2024-06,4631,34957.81,178.28,35136.09,7.5487,0.0385,0.51,16,43,,174,True
9751,VINEDREA WINES LLC,10461,2024-05-30,2024-06-14,2024-07-27,2024-06,12,272.64,1.5,274.14,22.72,0.125,0.5502,15,43,,1,True
2555,DISARONNO INTERNATIONAL LLC,10469,2024-05-31,2024-06-14,2024-07-31,2024-06,1149,13212.65,64.74,13277.39,11.4993,0.0563,0.49,14,47,,12,True
90053,INCREDIBREW INC,10485,2024-06-01,2024-06-14,2024-07-25,2024-06,72,632.4,2.91,635.31,8.7833,0.0404,0.4602,13,41,,4,True
8892,TRINCHERO FAMILY ESTATES,10493,2024-06-01,2024-06-14,2024-07-14,2024-06,6748,43251.79,198.96,43450.75,6.4096,0.0295,0.46,13,30,,153,True
9625,WESTERN SPIRITS BEVERAGE CO,10495,2024-06-01,2024-06-14,2024-07-31,2024-06,375,5664.57,26.62,5691.19,15.1055,0.071,0.4699,13,47,,26,True
480,BACARDI USA INC,10497,2024-06-02,2024-06-14,2024-07-28,2024-06,38503,546728.8,3007.01,549735.81,14.1996,0.0781,0.55,12,44,Frank Delahunt,184,True
8352,LUXCO INC,10501,2024-06-02,2024-06-14,2024-07-19,2024-06,4324,35504.04,163.32,35667.36,8.2109,0.0378,0.46,12,35,,69,True
9206,PHILLIPS PRODUCTS CO.,10504,2024-06-02,2024-06-14,2024-07-26,2024-06,1090,14568.39,75.76,14644.15,13.3655,0.0695,0.52,12,42,,33,True
12331,STELLAR IMPORTING CO LLC,10510,2024-06-02,2024-06-14,2024-07-31,2024-06,48,334.8,1.84,336.64,6.975,0.0383,0.5496,12,47,,19,True
1703,ALISA CARR BEVERAGES,10515,2024-06-03,2024-06-14,2024-07-22,2024-06,82,6311.57,30.93,6342.5,76.9704,0.3772,0.4901,11,38,,32,True
5992,MCCORMICK DISTILLING CO,10522,2024-06-03,2024-06-14,2024-07-20,2024-06,429,4277.99,19.68,4297.67,9.972,0.0459,0.46,11,36,,35,True
6215,MOONLIGHT MEADERY,10523,2024-06-03,2024-06-14,2024-07-27,2024-06,1096,9742.28,44.81,9787.09,8.8889,0.0409,0.46,11,43,,7,True
10754,PERFECTA WINES,10524,2024-06-03,2024-06-14,2024-07-29,2024-06,11607,131237.72,643.06,131880.78,11.3068,0.0554,0.49,11,45,,897,True
17037,Dunn Wine Brokers,10434,2024-05-29,2024-06-15,2024-07-18,2024-06,66,1052.94,5.69,1058.63,15.9536,0.0862,0.5404,17,33,,35,True
8320,SHAW ROSS INT L IMP LTD,10457,2024-05-30,2024-06-15,2024-07-19,2024-06,1372,12791.73,69.08,12860.81,9.3234,0.0503,0.54,16,34,,38,True
516,BANFI PRODUCTS CORP,10466,2024-05-31,2024-06-15,2024-07-21,2024-06,3504,24810.26,111.65,24921.91,7.0806,0.0319,0.45,15,36,,149,True
3960,DIAGEO NORTH AMERICA INC,10468,2024-05-31,2024-06-15,2024-07-24,2024-06,108170,1117060.84,5473.6,1122534.44,10.3269,0.0506,0.49,15,39,Frank Delahunt,449,True
4425,MARTIGNETTI COMPANIES,10470,2024-05-31,2024-06-15,2024-07-31,2024-06,188,2527.66,12.13,2539.79,13.445,0.0645,0.4799,15,46,,1639,True
90057,WALPOLE MTN VIEW WINERY,10477,2024-05-31,2024-06-15,2024-07-16,2024-06,36,420.36,1.89,422.25,11.6767,0.0525,0.4496,15,31,,3,True
388,ATLANTIC IMPORTING COMPANY,10478,2024-06-01,2024-06-15,2024-07-30,2024-06,30,639.6,3.45,643.05,21.32,0.115,0.5394,14,45,,3,True
8920,TAKARA SAKE USA INC,10512,2024-06-02,2024-06-15,2024-07-17,2024-06,242,1207.86,6.04,1213.9,4.9912,0.025,0.5001,13,32,,3,True
28776,TALL SHIP DISTILLERY LLC,10530,2024-06-03,2024-06-15,2024-07-24,2024-06,66,1406.94,7.46,1414.4,21.3173,0.113,0.5302,12,39,,4,True
660,SAZERAC NORTH AMERICA INC.,10491,2024-06-01,2024-06-16,2024-07-18,2024-06,10110,72567.71,370.1,72937.81,7.1778,0.0366,0.51,15,32,,84,True
1590,DIAGEO CHATEAU ESTATE WINES,10498,2024-06-02,2024-06-16,2024-07-31,2024-06,4129,35072.08,185.88,35257.96,8.4941,0.045,0.53,14,45,,117,True
3252,E & J GALLO WINERY,10500,2024-06-02,2024-06-16,2024-07-30,2024-06,39214,257634.72,1262.41,258897.13,6.57,0.0322,0.49,14,44,Frank Delahunt,527,True
17035,PERNOD RICARD USA,10503,2024-06-02,2024-06-16,2024-07-25,2024-06,30187,466135.53,2470.52,468606.05,15.4416,0.0818,0.53,14,39,Frank Delahunt,277,True
7245,PROXIMO SPIRITS INC.,10525,2024-06-03,2024-06-16,2024-07-15,2024-06,15674,171894.69,790.72,172685.41,10.9669,0.0504,0.46,13,29,,114,True
3089,SIDNEY FRANK IMPORTING CO,10527,2024-06-03,2024-06-16,2024-07-31,2024-06,3414,29112.52,131.01,29243.53,8.5274,0.0384,0.45,13,45,,13,True
1485,CASTLE BRANDS CORP.,10428,2024-05-29,2024-06-17,2024-07-28,2024-06,1760,27543.42,143.23,27686.65,15.6497,0.0814,0.52,19,41,,29,True
2496,DUGGANS DISTILLED PRODUCTS,10433,2024-05-29,2024-06-17,2024-07-14,2024-06,113,1834.57,9.17,1843.74,16.2351,0.0812,0.4998,19,27,,5,True
4425,MARTIGNETTI COMPANIES,10438,2024-05-29,2024-06-17,2024-07-31,2024-06,59863,624768.7,3061.37,627830.07,10.4366,0.0511,0.49,19,44,Frank Delahunt,1639,True
4466,AMERICAN VINTAGE BEVERAGE,10445,2024-05-30,2024-06-17,2024-07-19,2024-06,288,2937.56,15.86,2953.42,10.1999,0.0551,0.5399,18,32,,3,True
8112,MOET HENNESSY USA INC,10454,2024-05-30,2024-06-17,2024-07-22,2024-06,5810,130175.27,650.88,130826.15,22.4054,0.112,0.5,18,35,,129,True
8673,STE MICHELLE WINE ESTATES,10459,2024-05-30,2024-06-17,2024-07-19,2024-06,10802,78034.91,421.39,78456.3,7.2241,0.039,0.54,18,32,,144,True
90058,ZORVINO VINEYARDS,10464,2024-05-30,2024-06-17,2024-07-26,2024-06,263,2185.05,11.8,2196.85,8.3082,0.0449,0.54,18,39,,6,True
90056,SWEET BABY VINEYARD,10472,2024-05-31,2024-06-17,2024-07-28,2024-06,1283,10663.92,55.45,10719.37,8.3117,0.0432,0.52,17,41,,4,True
1265,BLACK ROCK SPIRITS LLC,10479,2024-06-01,2024-06-17,2024-07-17,2024-06,6,84.3,0.43,84.73,14.05,0.0717,0.5101,16,30,,1,True
8663,STAR INDUSTRIES INC.,10492,2024-06-01,2024-06-17,2024-07-18,2024-06,12,196.92,1.08,198.0,16.41,0.09,0.5484,16,31,,6,True
2450,DJINN SPIRITS LLC,10499,2024-06-02,2024-06-17,2024-07-25,2024-06,34,806.44,4.27,810.71,23.7188,0.1256,0.5295,15,38,,6,True
90027,POVERTY LANE ORCHARDS,10506,2024-06-02,2024-06-17,2024-07-27,2024-06,88,738.1,3.47,741.57,8.3875,0.0394,0.4701,15,40,,8,True
653,STATE WINE & SPIRITS,10509,2024-06-02,2024-06-17,2024-07-28,2024-06,4077,38571.89,177.43,38749.32,9.4609,0.0435,0.46,15,41,,258,True
8735,SURVILLE ENTERPRISES CORP,10511,2024-06-02,2024-06-17,2024-07-29,2024-06,167,1151.56,5.3,1156.86,6.8956,0.0317,0.4602,15,42,,22,True
60,ADAMBA IMPORTS INTL INC,10514,2024-06-03,2024-06-17,2024-07-27,2024-06,115,1871.05,10.29,1881.34,16.27,0.0895,0.55,14,40,,3,True
90032,LABELLE VYDS AND WINERY,10519,2024-06-03,2024-06-17,2024-07-29,2024-06,316,3406.04,18.73,3424.77,10.7786,0.0593,0.5499,14,42,,10,True
1601,VRANKEN AMERICA,10531,2024-06-03,2024-06-17,2024-07-27,2024-06,277,3888.04,20.61,3908.65,14.0362,0.0744,0.5301,14,40,,21,True
287,APPOLO VINEYARDS LLC,10426,2024-05-29,2024-06-18,2024-07-16,2024-06,24,250.44,1.13,251.57,10.435,0.0471,0.4512,20,28,,2,True
11567,CAMPARI AMERICA,10427,2024-05-29,2024-06-18,2024-07-31,2024-06,10219,94879.7,455.42,95335.12,9.2846,0.0446,0.48,20,43,,74,True
90051,FULCHINO VINEYARD INC,10436,2024-05-29,2024-06-18,2024-07-26,2024-06,36,405.72,2.03,407.75,11.27,0.0564,0.5003,20,38,,2,True
7154,PREMIER DISTRIBUTORS,10440,2024-05-29,2024-06-18,2024-07-20,2024-06,120,1349.04,7.28,1356.32,11.242,0.0607,0.5396,20,32,,7,True
90037,THE PIERPONT GROUP LLC,10443,2024-05-29,2024-06-18,2024-07-22,2024-06,20,194.96,0.88,195.84,9.748,0.044,0.4514,20,34,,13,True
98450,Serralles Usa LLC,10456,2024-05-30,2024-06-18,2024-07-28,2024-06,224,3134.87,14.73,3149.6,13.995,0.0658,0.4699,19,40,,16,True
8664,"STOLI GROUP,(USA) LLC",10460,2024-05-30,2024-06-18,2024-07-16,2024-06,5084,75439.06,362.11,75801.17,14.8385,0.0712,0.48,19,28,,48,True
8150,SEA HAGG DISTILLERY LLC,10471,2024-05-31,2024-06-18,2024-07-14,2024-06,265,2741.65,12.89,2754.54,10.3458,0.0486,0.4702,18,26,,9,True
1128,BROWN-FORMAN CORP,10480,2024-06-01,2024-06-18,2024-07-28,2024-06,27324,481113.96,2357.46,483471.42,17.6077,0.0863,0.49,17,40,Frank Delahunt,142,True
1189,BULLY BOY DISTILLERS,10481,2024-06-01,2024-06-18,2024-07-28,2024-06,112,2485.96,11.68,2497.64,22.1961,0.1043,0.4698,17,40,,6,True
1655,FABRIZIA SPIRITS LLC,10482,2024-06-01,2024-06-18,2024-07-21,2024-06,508,5740.73,31.0,5771.73,11.3006,0.061,0.54,17,33,,8,True
4692,KOBRAND CORPORATION,10487,2024-06-01,2024-06-18,2024-07-26,2024-06,2752,32619.88,176.15,32796.03,11.8532,0.064,0.54,17,38,,242,True
3664,WILLIAM GRANT & SONS INC,10496,2024-06-01,2024-06-18,2024-07-25,2024-06,6079,109990.0,560.95,110550.95,18.0934,0.0923,0.51,17,37,,85,True
7153,PINE STATE TRADING CO,10505,2024-06-02,2024-06-18,2024-07-31,2024-06,9638,71073.32,348.26,71421.58,7.3743,0.0361,0.49,16,43,,480,True
17033,SEA BREEZE CELLARS LLC,10508,2024-06-02,2024-06-18,2024-07-17,2024-06,189,1792.95,8.25,1801.2,9.4865,0.0437,0.4601,16,29,,16,True
90017,THE IMPORTED GRAPE LLC,10513,2024-06-02,2024-06-18,2024-07-15,2024-06,72,405.12,2.19,407.31,5.6267,0.0304,0.5406,16,27,,40,True
28750,SMOKY QUARTZ DISTILLERY LLC,10528,2024-06-03,2024-06-18,2024-07-18,2024-06,384,8419.08,41.25,8460.33,21.9247,0.1074,0.49,15,30,,4,True
17031,FLAG HILL WINERY & VINEYARD,10449,2024-05-30,2024-06-19,2024-07-25,2024-06,450,6077.81,33.43,6111.24,13.5062,0.0743,0.55,20,36,,19,True
10000,MAJESTIC FINE WINES,10452,2024-05-30,2024-06-19,2024-07-17,2024-06,11569,85954.77,464.16,86418.93,7.4297,0.0401,0.54,20,28,,40,True
2000,SOUTHERN WINE & SPIRITS NE,10458,2024-05-30,2024-06-19,2024-07-28,2024-06,9603,97468.39,458.1,97926.49,10.1498,0.0477,0.47,20,39,,417,True
1587,VINEYARD BRANDS INC,10476,2024-05-31,2024-06-19,2024-07-26,2024-06,3997,28931.61,130.19,29061.8,7.2383,0.0326,0.45,19,37,,87,True
2561,EDRINGTON AMERICAS,10516,2024-06-03,2024-06-19,2024-07-16,2024-06,1058,35825.0,179.12,36004.12,33.8611,0.1693,0.5,16,27,,33,True
3950,"HOOD RIVER DISTILLERS, Inc.",10517,2024-06-03,2024-06-19,2024-07-28,2024-06,5,107.9,0.59,108.49,21.58,0.118,0.5468,16,39,,7,True
172662,SWEETWATER FARM,10529,2024-06-03,2024-06-19,2024-07-23,2024-06,184,3984.15,20.72,4004.87,21.653,0.1126,0.5201,16,34,,5,True
9815,WINE GROUP INC,10532,2024-06-03,2024-06-19,2024-07-16,2024-06,18528,111335.15,512.14,111847.29,6.009,0.0276,0.46,16,27,,215,True
1650,Circa Wines,10430,2024-05-29,2024-06-20,2024-07-18,2024-06,24,528.0,2.75,530.75,22.0,0.1146,0.5208,22,28,,74,True
8004,SAZERAC CO INC,10442,2024-05-29,2024-06-20,2024-07-26,2024-06,35873,179298.9,932.35,180231.25,4.9982,0.026,0.52,22,36,,138,True
9165,ULTRA BEVERAGE COMPANY LLP,10444,2024-05-29,2024-06-20,2024-07-18,2024-06,33671,377451.45,2038.24,379489.69,11.21,0.0605,0.54,22,28,Frank Delahunt,965,True
12546,JIM BEAM BRANDS COMPANY,10451,2024-05-30,2024-06-20,2024-07-14,2024-06,47535,478746.09,2489.48,481235.57,10.0714,0.0524,0.52,21,24,Frank Delahunt,415,True
90010,VINEXTRA INC,10462,2024-05-30,2024-06-20,2024-07-18,2024-06,160,1872.08,9.92,1882.0,11.7005,0.062,0.5299,21,28,,47,True
9819,TREASURY WINE ESTATES,10474,2024-05-31,2024-06-20,2024-07-25,2024-06,11202,67109.67,362.39,67472.06,5.9909,0.0324,0.54,20,35,,111,True
9260,TY KU LLC,10475,2024-05-31,2024-06-20,2024-07-18,2024-06,92,805.66,4.03,809.69,8.7572,0.0438,0.5002,20,28,,7,True
9552,M S WALKER INC,10488,2024-06-01,2024-06-20,2024-07-20,2024-06,24261,189969.58,892.86,190862.44,7.8302,0.0368,0.47,19,30,,960,True
90024,VINILANDIA USA,10494,2024-06-01,2024-06-20,2024-07-25,2024-06,1437,13833.27,69.17,13902.44,9.6265,0.0481,0.5,19,35,,206,True
5455,MARSALLE COMPANY,10521,2024-06-03,2024-06-20,2024-07-20,2024-06,114,3053.6,14.96,3068.56,26.786,0.1312,0.4899,17,30,,10,True
1655,FABRIZIA SPIRITS LLC,10537,2024-06-05,2024-06-20,2024-08-02,2024-06,553,7231.04,36.16,7267.2,13.076,0.0654,0.5001,15,43,,8,True
98450,Serralles Usa LLC,10543,2024-06-05,2024-06-20,2024-07-29,2024-06,191,2836.94,15.04,2851.98,14.8531,0.0787,0.5301,15,39,,16,True
9625,WESTERN SPIRITS BEVERAGE CO,10549,2024-06-05,2024-06-20,2024-07-25,2024-06,709,10396.97,54.06,10451.03,14.6643,0.0762,0.52,15,35,,26,True
660,SAZERAC NORTH AMERICA INC.,10558,2024-06-06,2024-06-20,2024-08-04,2024-06,9945,71590.49,357.95,71948.44,7.1986,0.036,0.5,14,45,,84,True
9165,ULTRA BEVERAGE COMPANY LLP,10562,2024-06-06,2024-06-20,2024-08-02,2024-06,15867,201369.32,906.16,202275.48,12.6911,0.0571,0.45,14,43,,965,True
3960,DIAGEO NORTH AMERICA INC,10566,2024-06-07,2024-06-20,2024-08-04,2024-06,109575,931123.74,5028.07,936151.81,8.4976,0.0459,0.54,13,45,Frank Delahunt,449,True
90032,LABELLE VYDS AND WINERY,10570,2024-06-07,2024-06-20,2024-08-06,2024-06,156,1709.04,7.86,1716.9,10.9554,0.0504,0.4599,13,47,,10,True
5992,MCCORMICK DISTILLING CO,10574,2024-06-07,2024-06-20,2024-07-21,2024-06,439,4626.87,21.28,4648.15,10.5396,0.0485,0.4599,13,31,,35,True
1650,Circa Wines,10582,2024-06-08,2024-06-20,2024-07-28,2024-06,159,1791.96,8.06,1800.02,11.2702,0.0507,0.4498,12,38,,74,True
2555,DISARONNO INTERNATIONAL LLC,10584,2024-06-08,2024-06-20,2024-07-27,2024-06,1467,14348.83,67.44,14416.27,9.7811,0.046,0.47,12,37,,12,True
7240,"PREMIUM PORT WINES, INC.",10594,2024-06-08,2024-06-20,2024-08-03,2024-06,188,1334.65,7.07,1341.72,7.0992,0.0376,0.5297,12,44,,3,True
9206,PHILLIPS PRODUCTS CO.,10607,2024-06-09,2024-06-20,2024-08-04,2024-06,605,7480.58,41.14,7521.72,12.3646,0.068,0.55,11,45,,33,True
8150,SEA HAGG DISTILLERY LLC,10608,2024-06-09,2024-06-20,2024-08-01,2024-06,696,9124.01,48.36,9172.37,13.1092,0.0695,0.53,11,42,,9,True
4950,LATITUDE BEVERAGE COMPANY,10620,2024-06-10,2024-06-20,2024-07-31,2024-06,1347,7893.17,43.41,7936.58,5.8598,0.0322,0.55,10,41,,45,True
3089,SIDNEY FRANK IMPORTING CO,10627,2024-06-10,2024-06-20,2024-08-07,2024-06,3771,33123.84,172.24,33296.08,8.7838,0.0457,0.52,10,48,,13,True
4380,CHARLES JACQUIN ET CIE INC,10429,2024-05-29,2024-06-21,2024-07-26,2024-06,580,5222.42,25.59,5248.01,9.0042,0.0441,0.49,23,35,,15,True
2242,DELICATO VINEYARDS INC,10432,2024-05-29,2024-06-21,2024-07-19,2024-06,4141,31392.33,166.38,31558.71,7.5809,0.0402,0.53,23,28,,96,True
7255,PSP WINES,10441,2024-05-29,2024-06-21,2024-07-19,2024-06,428,3390.96,17.97,3408.93,7.9228,0.042,0.5299,23,28,,32,True
90046,CANDIA VINEYARDS,10446,2024-05-30,2024-06-21,2024-07-22,2024-06,59,805.01,4.11,809.12,13.6442,0.0697,0.5106,22,31,,5,True
2876,CENTEUR IMPORTS LLC,10447,2024-05-30,2024-06-21,2024-07-17,2024-06,34,290.32,1.31,291.63,8.5388,0.0385,0.4512,22,26,,11,True
3924,HEAVEN HILL DISTILLERIES,10450,2024-05-30,2024-06-21,2024-07-28,2024-06,11902,72495.26,333.48,72828.74,6.091,0.028,0.46,22,37,,69,True
5270,MANGO BOTTLING INC,10453,2024-05-30,2024-06-21,2024-07-28,2024-06,1177,8431.01,43.84,8474.85,7.1631,0.0372,0.52,22,37,,6,True
9622,WEIN BAUER INC,10463,2024-05-30,2024-06-21,2024-07-14,2024-06,54,876.12,3.94,880.06,16.2244,0.073,0.4497,22,23,,6,True
105,ALTAMAR BRANDS LLC,10465,2024-05-31,2024-06-21,2024-07-16,2024-06,12,428.52,2.36,430.88,35.71,0.1967,0.5507,21,25,,3,True
1273,CALEDONIA SPIRITS INC,10467,2024-05-31,2024-06-21,2024-07-23,2024-06,364,12714.89,66.12,12781.01,34.931,0.1816,0.52,21,32,,5,True
173357,TAMWORTH DISTILLING,10473,2024-05-31,2024-06-21,2024-07-31,2024-06,24,464.88,2.56,467.44,19.37,0.1067,0.5507,21,40,,4,True
17032,JEWELL TOWNE VINEYARDS,10486,2024-06-01,2024-06-21,2024-07-25,2024-06,168,1348.68,7.15,1355.83,8.0279,0.0426,0.5301,20,34,,7,True
10050,Russian Standard Vodka,10490,2024-06-01,2024-06-21,2024-07-24,2024-06,105,1391.7,7.65,1399.35,13.2543,0.0729,0.5497,20,33,,13,True
4550,KLIN SPIRITS LLC,10518,2024-06-03,2024-06-21,2024-07-26,2024-06,161,2265.27,11.1,2276.37,14.07,0.0689,0.49,18,35,,4,True
7239,REMY COINTREAU USA INC,10526,2024-06-03,2024-06-21,2024-07-19,2024-06,3192,74055.66,385.09,74440.75,23.2004,0.1206,0.52,18,28,,45,True
2561,EDRINGTON AMERICAS,10536,2024-06-05,2024-06-21,2024-07-24,2024-06,861,25654.75,141.1,25795.85,29.7965,0.1639,0.55,16,33,,33,True
6785,PALM BAY INTERNATIONAL INC,10554,2024-06-06,2024-06-21,2024-07-24,2024-06,4159,30269.07,142.26,30411.33,7.278,0.0342,0.47,15,33,,174,True
7255,PSP WINES,10556,2024-06-06,2024-06-21,2024-07-30,2024-06,242,1574.83,7.09,1581.92,6.5076,0.0293,0.4502,15,39,,32,True
388,ATLANTIC IMPORTING COMPANY,10579,2024-06-08,2024-06-21,2024-07-30,2024-06,18,383.76,1.84,385.6,21.32,0.1022,0.4795,13,39,,3,True
4692,KOBRAND CORPORATION,10589,2024-06-08,2024-06-21,2024-07-30,2024-06,2184,28914.02,150.35,29064.37,13.239,0.0688,0.52,13,39,,242,True
7153,PINE STATE TRADING CO,10592,2024-06-08,2024-06-21,2024-07-31,2024-06,6506,47609.6,233.29,47842.89,7.3178,0.0359,0.49,13,40,,480,True
90046,CANDIA VINEYARDS,10601,2024-06-09,2024-06-21,2024-08-03,2024-06,24,345.84,1.87,347.71,14.41,0.0779,0.5407,12,43,,5,True
2242,DELICATO VINEYARDS INC,10602,2024-06-09,2024-06-21,2024-07-29,2024-06,3449,26298.12,123.6,26421.72,7.6249,0.0358,0.47,12,38,,96,True
9819,TREASURY WINE ESTATES,10611,2024-06-09,2024-06-21,2024-07-29,2024-06,10486,60973.59,286.58,61260.17,5.8148,0.0273,0.47,12,38,,111,True
2496,DUGGANS DISTILLED PRODUCTS,10616,2024-06-10,2024-06-21,2024-07-28,2024-06,97,1626.87,8.46,1635.33,16.7719,0.0872,0.52,11,37,,5,True
8320,SHAW ROSS INT L IMP LTD,10626,2024-06-10,2024-06-21,2024-07-28,2024-06,1257,10415.75,52.08,10467.83,8.2862,0.0414,0.5,11,37,,38,True
9744,FREDERICK WILDMAN & SONS,10538,2024-06-05,2024-06-22,2024-08-06,2024-06,1302,14568.21,80.13,14648.34,11.1891,0.0615,0.55,17,45,,149,True
5270,MANGO BOTTLING INC,10540,2024-06-05,2024-06-22,2024-07-22,2024-06,1257,9035.87,42.47,9078.34,7.1884,0.0338,0.47,17,30,,6,True
17033,SEA BREEZE CELLARS LLC,10542,2024-06-05,2024-06-22,2024-08-04,2024-06,86,1115.91,5.24,1121.15,12.9757,0.0609,0.4696,17,43,,16,True
1392,CONSTELLATION BRANDS INC,10552,2024-06-06,2024-06-22,2024-07-27,2024-06,44485,316914.75,1426.12,318340.87,7.1241,0.0321,0.45,16,35,Frank Delahunt,481,True
653,STATE WINE & SPIRITS,10559,2024-06-06,2024-06-22,2024-07-26,2024-06,3511,32748.12,150.64,32898.76,9.3273,0.0429,0.46,16,34,,258,True
1590,DIAGEO CHATEAU ESTATE WINES,10565,2024-06-07,2024-06-22,2024-07-30,2024-06,3144,24201.29,121.01,24322.3,7.6976,0.0385,0.5,15,38,,117,True
2450,DJINN SPIRITS LLC,10567,2024-06-07,2024-06-22,2024-07-26,2024-06,24,399.84,2.16,402.0,16.66,0.09,0.5402,15,34,,6,True
172662,SWEETWATER FARM,10575,2024-06-07,2024-06-22,2024-07-30,2024-06,12,257.64,1.24,258.88,21.47,0.1033,0.4813,15,38,,5,True
9815,WINE GROUP INC,10577,2024-06-07,2024-06-22,2024-07-23,2024-06,16576,99078.33,535.02,99613.35,5.9772,0.0323,0.54,15,31,,215,True
10050,Russian Standard Vodka,10595,2024-06-08,2024-06-22,2024-08-06,2024-06,115,1396.0,6.56,1402.56,12.1391,0.057,0.4699,14,45,,13,True
4466,AMERICAN VINTAGE BEVERAGE,10600,2024-06-09,2024-06-22,2024-08-01,2024-06,308,3213.28,17.03,3230.31,10.4327,0.0553,0.53,13,40,,3,True
1703,ALISA CARR BEVERAGES,10533,2024-06-05,2024-06-23,2024-07-27,2024-06,10,618.61,3.34,621.95,61.861,0.334,0.5399,18,34,,32,True
1273,CALEDONIA SPIRITS INC,10535,2024-06-05,2024-06-23,2024-07-27,2024-06,259,7939.39,37.32,7976.71,30.654,0.1441,0.4701,18,34,,5,True
2000,SOUTHERN WINE & SPIRITS NE,10545,2024-06-05,2024-06-23,2024-08-05,2024-06,8979,76536.38,344.41,76880.79,8.5239,0.0384,0.45,18,43,,417,True
17037,Dunn Wine Brokers,10568,2024-06-07,2024-06-23,2024-08-07,2024-06,70,1041.6,4.79,1046.39,14.88,0.0684,0.4599,16,45,,35,True
90052,HAUNTING WHISPER VYDS,10569,2024-06-07,2024-06-23,2024-07-31,2024-06,24,188.16,0.88,189.04,7.84,0.0367,0.4677,16,38,,2,True
90011,FORTUNE WINE BROKERS LLC,10585,2024-06-08,2024-06-23,2024-07-31,2024-06,54,605.02,3.03,608.05,11.2041,0.0561,0.5008,15,38,,62,True
1601,VRANKEN AMERICA,10630,2024-06-10,2024-06-23,2024-07-21,2024-06,167,2482.31,11.17,2493.48,14.8641,0.0669,0.45,13,28,,21,True
8352,LUXCO INC,10539,2024-06-05,2024-06-24,2024-07-24,2024-06,4107,35383.05,183.99,35567.04,8.6153,0.0448,0.52,19,30,,69,True
28750,SMOKY QUARTZ DISTILLERY LLC,10544,2024-06-05,2024-06-24,2024-08-04,2024-06,26,569.11,2.56,571.67,21.8888,0.0985,0.4498,19,41,,4,True
7245,PROXIMO SPIRITS INC.,10555,2024-06-06,2024-06-24,2024-07-28,2024-06,13350,141632.96,764.82,142397.78,10.6092,0.0573,0.54,18,34,,114,True
8920,TAKARA SAKE USA INC,10561,2024-06-06,2024-06-24,2024-08-05,2024-06,117,517.95,2.75,520.7,4.4269,0.0235,0.5309,18,42,,3,True
3664,WILLIAM GRANT & SONS INC,10563,2024-06-06,2024-06-24,2024-08-07,2024-06,4717,90087.23,495.48,90582.71,19.0984,0.105,0.55,18,44,,85,True
2396,BLACK PRINCE DISTILLERY INC,10580,2024-06-08,2024-06-24,2024-07-27,2024-06,12,52.08,0.27,52.35,4.34,0.0225,0.5184,16,33,,10,True
10754,PERFECTA WINES,10591,2024-06-08,2024-06-24,2024-08-04,2024-06,6474,62828.09,307.86,63135.95,9.7047,0.0476,0.49,16,41,,897,True
6213,MHW LTD,10604,2024-06-09,2024-06-24,2024-07-22,2024-06,2682,34966.9,178.33,35145.23,13.0376,0.0665,0.51,15,28,,96,True
17035,PERNOD RICARD USA,10606,2024-06-09,2024-06-24,2024-07-31,2024-06,31195,441508.33,2119.24,443627.57,14.1532,0.0679,0.48,15,37,Frank Delahunt,277,True
3252,E & J GALLO WINERY,10617,2024-06-10,2024-06-24,2024-08-01,2024-06,32053,213856.59,1133.44,214990.03,6.672,0.0354,0.53,14,38,,527,True
4425,MARTIGNETTI COMPANIES,10622,2024-06-10,2024-06-24,2024-07-28,2024-06,156,2330.91,11.89,2342.8,14.9417,0.0762,0.5101,14,34,,1639,True
6355,NICHE W & S,10623,2024-06-10,2024-06-24,2024-08-01,2024-06,24,352.8,1.62,354.42,14.7,0.0675,0.4592,14,38,,8,True
6359,OLE SMOKY DISTILLERY LLC,10624,2024-06-10,2024-06-24,2024-07-22,2024-06,180,2502.63,12.51,2515.14,13.9035,0.0695,0.4999,14,28,,18,True
9260,TY KU LLC,10628,2024-06-10,2024-06-24,2024-07-26,2024-06,54,681.78,3.07,684.85,12.6256,0.0569,0.4503,14,32,,7,True
90058,ZORVINO VINEYARDS,10631,2024-06-10,2024-06-24,2024-07-26,2024-06,129,1015.35,4.87,1020.22,7.8709,0.0378,0.4796,14,32,,6,True
11567,CAMPARI AMERICA,10564,2024-06-07,2024-06-25,2024-07-24,2024-06,8492,77262.86,347.68,77610.54,9.0983,0.0409,0.45,18,29,,74,True
90053,INCREDIBREW INC,10587,2024-06-08,2024-06-25,2024-07-31,2024-06,53,473.62,2.32,475.94,8.9362,0.0438,0.4898,17,36,,4,True
8892,TRINCHERO FAMILY ESTATES,10598,2024-06-08,2024-06-25,2024-07-25,2024-06,6009,37060.83,185.3,37246.13,6.1676,0.0308,0.5,17,30,,153,True
1485,CASTLE BRANDS CORP.,10615,2024-06-10,2024-06-25,2024-07-26,2024-06,1901,28397.31,139.15,28536.46,14.9381,0.0732,0.49,15,31,,29,True
1128,BROWN-FORMAN CORP,10534,2024-06-05,2024-06-26,2024-07-24,2024-06,20783,306451.12,1501.61,307952.73,14.7453,0.0723,0.49,21,28,Frank Delahunt,142,True
7239,REMY COINTREAU USA INC,10541,2024-06-05,2024-06-26,2024-07-29,2024-06,2365,48944.81,225.15,49169.96,20.6955,0.0952,0.46,21,33,,45,True
9622,WEIN BAUER INC,10548,2024-06-05,2024-06-26,2024-08-06,2024-06,5,95.4,0.46,95.86,19.08,0.092,0.4822,21,41,,6,True
8004,SAZERAC CO INC,10557,2024-06-06,2024-06-26,2024-07-27,2024-06,31566,184311.59,939.99,185251.58,5.8389,0.0298,0.51,20,31,,138,True
90056,SWEET BABY VINEYARD,10560,2024-06-06,2024-06-26,2024-08-01,2024-06,246,2042.99,10.42,2053.41,8.3048,0.0424,0.51,20,36,,4,True
4425,MARTIGNETTI COMPANIES,10573,2024-06-07,2024-06-26,2024-07-28,2024-06,50935,522338.7,2663.93,525002.63,10.255,0.0523,0.51,19,32,Frank Delahunt,1639,True
1189,BULLY BOY DISTILLERS,10581,2024-06-08,2024-06-26,2024-07-21,2024-06,100,2198.28,10.55,2208.83,21.9828,0.1055,0.4799,18,25,,6,True
3924,HEAVEN HILL DISTILLERIES,10586,2024-06-08,2024-06-26,2024-08-03,2024-06,8940,61578.62,277.1,61855.72,6.888,0.031,0.45,18,38,,69,True
4550,KLIN SPIRITS LLC,10588,2024-06-08,2024-06-26,2024-08-01,2024-06,93,1308.51,6.54,1315.05,14.07,0.0703,0.4998,18,36,,4,True
90017,THE IMPORTED GRAPE LLC,10597,2024-06-08,2024-06-26,2024-07-29,2024-06,24,276.36,1.3,277.66,11.515,0.0542,0.4704,18,33,,40,True
12546,JIM BEAM BRANDS COMPANY,10603,2024-06-09,2024-06-26,2024-08-03,2024-06,45402,419439.65,2306.92,421746.57,9.2384,0.0508,0.55,17,38,Frank Delahunt,415,True
8673,STE MICHELLE WINE ESTATES,10609,2024-06-09,2024-06-26,2024-07-29,2024-06,8909,64666.79,291.0,64957.79,7.2586,0.0327,0.45,17,33,,144,True
90010,VINEXTRA INC,10612,2024-06-09,2024-06-26,2024-07-29,2024-06,118,1249.23,6.12,1255.35,10.5867,0.0519,0.4899,17,33,,47,True
60,ADAMBA IMPORTS INTL INC,10613,2024-06-10,2024-06-26,2024-08-03,2024-06,128,2082.56,9.58,2092.14,16.27,0.0748,0.46,16,38,,3,True
516,BANFI PRODUCTS CORP,10614,2024-06-10,2024-06-26,2024-07-27,2024-06,2527,17344.0,79.78,17423.78,6.8635,0.0316,0.46,16,31,,149,True
17031,FLAG HILL WINERY & VINEYARD,10618,2024-06-10,2024-06-26,2024-07-30,2024-06,300,3985.7,19.93,4005.63,13.2857,0.0664,0.5,16,34,,19,True
17032,JEWELL TOWNE VINEYARDS,10619,2024-06-10,2024-06-26,2024-08-01,2024-06,72,543.24,2.77,546.01,7.545,0.0385,0.5099,16,36,,7,True
10000,MAJESTIC FINE WINES,10621,2024-06-10,2024-06-26,2024-08-01,2024-06,9241,70476.22,338.29,70814.51,7.6265,0.0366,0.48,16,36,,40,True
480,BACARDI USA INC,10550,2024-06-06,2024-06-27,2024-08-05,2024-06,33594,435940.79,2048.92,437989.71,12.9767,0.061,0.47,21,39,Frank Delahunt,184,True
4380,CHARLES JACQUIN ET CIE INC,10551,2024-06-06,2024-06-27,2024-07-26,2024-06,537,4501.71,22.06,4523.77,8.3831,0.0411,0.49,21,29,,15,True
9552,M S WALKER INC,10572,2024-06-07,2024-06-27,2024-07-26,2024-06,23911,205208.05,1087.6,206295.65,8.5822,0.0455,0.53,20,29,,960,True
90057,WALPOLE MTN VIEW WINERY,10576,2024-06-07,2024-06-27,2024-07-22,2024-06,12,156.12,0.84,156.96,13.01,0.07,0.538,20,25,,3,True
90047,CRUSH WINES,10583,2024-06-08,2024-06-27,2024-08-05,2024-06,325,3147.85,15.42,3163.27,9.6857,0.0474,0.4899,19,39,,165,True
8112,MOET HENNESSY USA INC,10590,2024-06-08,2024-06-27,2024-08-02,2024-06,5965,130666.33,666.4,131332.73,21.9055,0.1117,0.51,19,36,,129,True
90024,VINILANDIA USA,10599,2024-06-08,2024-06-27,2024-08-06,2024-06,874,8231.95,40.34,8272.29,9.4187,0.0462,0.49,19,40,,206,True
6215,MOONLIGHT MEADERY,10605,2024-06-09,2024-06-27,2024-08-06,2024-06,467,4230.79,23.27,4254.06,9.0595,0.0498,0.55,18,40,,7,True
7154,PREMIER DISTRIBUTORS,10625,2024-06-10,2024-06-27,2024-07-31,2024-06,59,921.99,4.89,926.88,15.6269,0.0829,0.5304,17,34,,7,True
1587,VINEYARD BRANDS INC,10629,2024-06-10,2024-06-27,2024-07-30,2024-06,2357,17769.21,88.85,17858.06,7.5389,0.0377,0.5,17,33,,87,True
8664,"STOLI GROUP,(USA) LLC",10640,2024-06-12,2024-06-27,2024-07-28,2024-06,4598,66834.93,300.76,67135.69,14.5357,0.0654,0.45,15,31,,48,True
11567,CAMPARI AMERICA,10648,2024-06-13,2024-06-27,2024-08-10,2024-06,9812,88052.5,405.04,88457.54,8.974,0.0413,0.46,14,44,,74,True
90010,VINEXTRA INC,10663,2024-06-13,2024-06-27,2024-07-31,2024-06,275,2988.56,14.94,3003.5,10.8675,0.0543,0.4999,14,34,,47,True
1601,VRANKEN AMERICA,10664,2024-06-13,2024-06-27,2024-08-03,2024-06,202,2705.92,14.34,2720.26,13.3956,0.071,0.5299,14,37,,21,True
1590,DIAGEO CHATEAU ESTATE WINES,10668,2024-06-14,2024-06-27,2024-07-28,2024-06,2599,18705.3,101.01,18806.31,7.1971,0.0389,0.54,13,31,,117,True
17035,PERNOD RICARD USA,10672,2024-06-14,2024-06-27,2024-08-10,2024-06,36026,486813.18,2385.38,489198.56,13.5128,0.0662,0.49,13,44,Frank Delahunt,277,True
4380,CHARLES JACQUIN ET CIE INC,10698,2024-06-16,2024-06-27,2024-08-12,2024-06,565,4683.5,25.29,4708.79,8.2894,0.0448,0.54,11,46,,15,True
2555,DISARONNO INTERNATIONAL LLC,10701,2024-06-16,2024-06-27,2024-07-30,2024-06,1524,18520.2,83.34,18603.54,12.1524,0.0547,0.45,11,33,,12,True
6785,PALM BAY INTERNATIONAL INC,10707,2024-06-16,2024-06-27,2024-07-28,2024-06,4344,30798.55,157.07,30955.62,7.0899,0.0362,0.51,11,31,,174,True
1650,Circa Wines,10716,2024-06-17,2024-06-27,2024-08-07,2024-06,12,100.56,0.54,101.1,8.38,0.045,0.537,10,41,,74,True
12331,STELLAR IMPORTING CO LLC,10546,2024-06-05,2024-06-28,2024-08-05,2024-06,24,199.92,1.0,200.92,8.33,0.0417,0.5002,23,38,,19,True
8664,"STOLI GROUP,(USA) LLC",10547,2024-06-05,2024-06-28,2024-07-23,2024-06,4595,72305.91,339.84,72645.75,15.7358,0.074,0.47,23,25,,48,True
5455,MARSALLE COMPANY,10553,2024-06-06,2024-06-28,2024-08-05,2024-06,231,5814.47,26.17,5840.64,25.1709,0.1133,0.4501,22,38,,10,True
4848,LAIRD & CO,10571,2024-06-07,2024-06-28,2024-07-25,2024-06,230,1542.88,7.41,1550.29,6.7082,0.0322,0.4803,21,27,,16,True
105,ALTAMAR BRANDS LLC,10578,2024-06-08,2024-06-28,2024-08-02,2024-06,6,214.26,1.16,215.42,35.71,0.1933,0.5414,20,35,,3,True
90027,POVERTY LANE ORCHARDS,10593,2024-06-08,2024-06-28,2024-07-24,2024-06,78,626.94,2.95,629.89,8.0377,0.0378,0.4705,20,26,,8,True
8735,SURVILLE ENTERPRISES CORP,10596,2024-06-08,2024-06-28,2024-07-25,2024-06,60,582.54,2.74,585.28,9.709,0.0457,0.4704,20,27,,22,True
28776,TALL SHIP DISTILLERY LLC,10610,2024-06-09,2024-06-28,2024-07-31,2024-06,36,750.12,4.05,754.17,20.8367,0.1125,0.5399,19,33,,4,True
9165,ULTRA BEVERAGE COMPANY LLP,10641,2024-06-12,2024-06-28,2024-08-03,2024-06,22813,243162.66,1191.5,244354.16,10.659,0.0522,0.49,16,36,,965,True
90052,HAUNTING WHISPER VYDS,10653,2024-06-13,2024-06-28,2024-08-03,2024-06,14,111.05,0.52,111.57,7.9321,0.0371,0.4683,15,36,,2,True
90024,VINILANDIA USA,10679,2024-06-14,2024-06-28,2024-08-03,2024-06,1171,10952.4,55.86,11008.26,9.353,0.0477,0.51,14,36,,206,True
1392,CONSTELLATION BRANDS INC,10681,2024-06-15,2024-06-28,2024-08-08,2024-06,47360,323156.01,1648.1,324804.11,6.8234,0.0348,0.51,13,41,Frank Delahunt,481,True
8352,LUXCO INC,10685,2024-06-15,2024-06-28,2024-08-02,2024-06,4899,42615.12,200.29,42815.41,8.6987,0.0409,0.47,13,35,,69,True
90056,SWEET BABY VINEYARD,10690,2024-06-15,2024-06-28,2024-08-06,2024-06,435,3642.55,18.94,3661.49,8.3737,0.0435,0.52,13,39,,4,True
173357,TAMWORTH DISTILLING,10711,2024-06-16,2024-06-28,2024-08-10,2024-06,11,206.69,1.03,207.72,18.79,0.0936,0.4983,12,43,,4,True
6359,OLE SMOKY DISTILLERY LLC,10722,2024-06-17,2024-06-28,2024-08-04,2024-06,142,2032.22,9.75,2041.97,14.3114,0.0687,0.4798,11,37,,18,True
98450,Serralles Usa LLC,10729,2024-06-17,2024-06-28,2024-08-13,2024-06,250,3721.35,18.61,3739.96,14.8854,0.0744,0.5001,11,46,,16,True
105,ALTAMAR BRANDS LLC,10632,2024-06-12,2024-06-29,2024-08-12,2024-06,12,428.52,2.31,430.83,35.71,0.1925,0.5391,17,44,,3,True
4848,LAIRD & CO,10635,2024-06-12,2024-06-29,2024-07-29,2024-06,328,2184.22,12.01,2196.23,6.6592,0.0366,0.5499,17,30,,16,True
653,STATE WINE & SPIRITS,10639,2024-06-12,2024-06-29,2024-08-12,2024-06,3114,28975.47,147.77,29123.24,9.3049,0.0475,0.51,17,44,,258,True
1265,BLACK ROCK SPIRITS LLC,10647,2024-06-13,2024-06-29,2024-08-12,2024-06,6,84.3,0.45,84.75,14.05,0.075,0.5338,16,44,,1,True
5270,MANGO BOTTLING INC,10656,2024-06-13,2024-06-29,2024-08-08,2024-06,1277,9115.89,41.93,9157.82,7.1385,0.0328,0.46,16,40,,6,True
6215,MOONLIGHT MEADERY,10658,2024-06-13,2024-06-29,2024-08-01,2024-06,248,2262.69,10.86,2273.55,9.1237,0.0438,0.48,16,33,,7,True
2561,EDRINGTON AMERICAS,10670,2024-06-14,2024-06-29,2024-08-14,2024-06,1039,32460.87,172.04,32632.91,31.2424,0.1656,0.53,15,46,,33,True
9819,TREASURY WINE ESTATES,10678,2024-06-14,2024-06-29,2024-08-14,2024-06,11650,71033.85,340.96,71374.81,6.0973,0.0293,0.48,15,46,,111,True
3924,HEAVEN HILL DISTILLERIES,10683,2024-06-15,2024-06-29,2024-08-06,2024-06,8608,63520.25,292.19,63812.44,7.3792,0.0339,0.46,14,38,,69,True
8735,SURVILLE ENTERPRISES CORP,10689,2024-06-15,2024-06-29,2024-08-14,2024-06,53,472.95,2.13,475.08,8.9236,0.0402,0.4504,14,46,,22,True
4466,AMERICAN VINTAGE BEVERAGE,10695,2024-06-16,2024-06-29,2024-08-12,2024-06,143,1585.75,8.09,1593.84,11.0892,0.0566,0.5102,13,44,,3,True
1189,BULLY BOY DISTILLERS,10696,2024-06-16,2024-06-29,2024-08-03,2024-06,73,1605.33,8.67,1614.0,21.9908,0.1188,0.5401,13,35,,6,True
90047,CRUSH WINES,10699,2024-06-16,2024-06-29,2024-08-02,2024-06,789,10809.35,58.37,10867.72,13.7001,0.074,0.54,13,34,,165,True
3960,DIAGEO NORTH AMERICA INC,10700,2024-06-16,2024-06-29,2024-08-09,2024-06,99841,982423.13,4420.9,986844.03,9.8399,0.0443,0.45,13,41,Frank Delahunt,449,True
2496,DUGGANS DISTILLED PRODUCTS,10702,2024-06-16,2024-06-29,2024-08-02,2024-06,5394,5908.82,28.95,5937.77,1.0954,0.0054,0.4899,13,34,,5,True
10754,PERFECTA WINES,10708,2024-06-16,2024-06-29,2024-08-07,2024-06,6832,81312.2,447.22,81759.42,11.9017,0.0655,0.55,13,39,,897,True
1273,CALEDONIA SPIRITS INC,10714,2024-06-17,2024-06-29,2024-08-04,2024-06,195,5866.65,26.99,5893.64,30.0854,0.1384,0.4601,12,36,,5,True
5992,MCCORMICK DISTILLING CO,10721,2024-06-17,2024-06-29,2024-08-08,2024-06,645,6086.64,30.43,6117.07,9.4367,0.0472,0.4999,12,40,,35,True
7255,PSP WINES,10725,2024-06-17,2024-06-29,2024-07-30,2024-06,153,975.7,4.39,980.09,6.3771,0.0287,0.4499,12,31,,32,True
8004,SAZERAC CO INC,10727,2024-06-17,2024-06-29,2024-08-04,2024-06,30717,173476.9,815.34,174292.24,5.6476,0.0265,0.47,12,36,,138,True
90046,CANDIA VINEYARDS,10667,2024-06-14,2024-06-30,2024-07-29,2024-06,60,917.52,4.86,922.38,15.292,0.081,0.5297,16,29,,5,True
9552,M S WALKER INC,10686,2024-06-15,2024-06-30,2024-08-13,2024-06,23974,190713.94,1048.93,191762.87,7.955,0.0438,0.55,15,44,,960,True
8112,MOET HENNESSY USA INC,10687,2024-06-15,2024-06-30,2024-08-12,2024-06,6763,133064.68,652.02,133716.7,19.6754,0.0964,0.49,15,43,,129,True
6830,PARK STREET IMPORTS LLC,10688,2024-06-15,2024-06-30,2024-08-01,2024-06,12,198.36,1.09,199.45,16.53,0.0908,0.5495,15,32,,12,True
90017,THE IMPORTED GRAPE LLC,10692,2024-06-15,2024-06-30,2024-08-13,2024-06,24,174.0,0.8,174.8,7.25,0.0333,0.4598,15,44,,40,True
9622,WEIN BAUER INC,10693,2024-06-15,2024-06-30,2024-08-02,2024-06,37,551.76,3.03,554.79,14.9124,0.0819,0.5492,15,33,,6,True
5455,MARSALLE COMPANY,10719,2024-06-17,2024-06-30,2024-08-06,2024-06,153,4039.93,20.2,4060.13,26.4048,0.132,0.5,13,37,,10,True
10050,Russian Standard Vodka,10726,2024-06-17,2024-06-30,2024-08-12,2024-06,172,2236.64,10.96,2247.6,13.0037,0.0637,0.49,13,43,,13,True
1587,VINEYARD BRANDS INC,10642,2024-06-12,2024-07-01,2024-08-09,2024-07,3003,25093.36,130.49,25223.85,8.3561,0.0435,0.52,19,39,,87,True
516,BANFI PRODUCTS CORP,10646,2024-06-13,2024-07-01,2024-07-30,2024-07,2849,20651.94,113.59,20765.53,7.2488,0.0399,0.55,18,29,,149,True
17031,FLAG HILL WINERY & VINEYARD,10651,2024-06-13,2024-07-01,2024-08-10,2024-07,443,6014.1,31.87,6045.97,13.5758,0.0719,0.5299,18,40,,19,True
4425,MARTIGNETTI COMPANIES,10657,2024-06-13,2024-07-01,2024-08-11,2024-07,85,972.19,4.86,977.05,11.4375,0.0572,0.4999,18,41,,1639,True
90053,INCREDIBREW INC,10671,2024-06-14,2024-07-01,2024-08-05,2024-07,81,716.48,3.37,719.85,8.8454,0.0416,0.4704,17,35,,4,True
172662,SWEETWATER FARM,10676,2024-06-14,2024-07-01,2024-08-08,2024-07,6,116.4,0.64,117.04,19.4,0.1067,0.5498,17,38,,5,True
60,ADAMBA IMPORTS INTL INC,10680,2024-06-15,2024-07-01,2024-08-06,2024-07,138,2245.26,10.78,2256.04,16.27,0.0781,0.4801,16,36,,3,True
9815,WINE GROUP INC,10694,2024-06-15,2024-07-01,2024-08-10,2024-07,16916,101026.7,505.13,101531.83,5.9723,0.0299,0.5,16,40,,215,True
2876,CENTEUR IMPORTS LLC,10697,2024-06-16,2024-07-01,2024-08-14,2024-07,24,206.04,0.93,206.97,8.585,0.0387,0.4514,15,44,,11,True
9744,FREDERICK WILDMAN & SONS,10703,2024-06-16,2024-07-01,2024-07-30,2024-07,1145,10469.53,48.16,10517.69,9.1437,0.0421,0.46,15,29,,149,True
4550,KLIN SPIRITS LLC,10704,2024-06-16,2024-07-01,2024-07-31,2024-07,119,1664.46,9.15,1673.61,13.9871,0.0769,0.5497,15,30,,4,True
90032,LABELLE VYDS AND WINERY,10705,2024-06-16,2024-07-01,2024-08-14,2024-07,258,2794.3,14.81,2809.11,10.8306,0.0574,0.53,15,44,,10,True
4425,MARTIGNETTI COMPANIES,10720,2024-06-17,2024-07-01,2024-07-30,2024-07,57590,628047.63,3014.63,631062.26,10.9055,0.0523,0.48,14,29,Frank Delahunt,1639,True
9206,PHILLIPS PRODUCTS CO.,10723,2024-06-17,2024-07-01,2024-08-02,2024-07,885,11659.74,62.96,11722.7,13.1748,0.0711,0.54,14,32,,33,True
17033,SEA BREEZE CELLARS LLC,10728,2024-06-17,2024-07-01,2024-08-13,2024-07,35,377.76,1.7,379.46,10.7931,0.0486,0.45,14,43,,16,True
4692,KOBRAND CORPORATION,10634,2024-06-12,2024-07-02,2024-08-04,2024-07,1977,27104.77,138.23,27243.0,13.7101,0.0699,0.51,20,33,,242,True
1655,FABRIZIA SPIRITS LLC,10650,2024-06-13,2024-07-02,2024-08-09,2024-07,530,6439.69,28.98,6468.67,12.1504,0.0547,0.45,19,38,,8,True
8320,SHAW ROSS INT L IMP LTD,10709,2024-06-16,2024-07-02,2024-08-10,2024-07,1579,13007.52,67.64,13075.16,8.2378,0.0428,0.52,16,39,,38,True
9625,WESTERN SPIRITS BEVERAGE CO,10713,2024-06-16,2024-07-02,2024-08-02,2024-07,6263,9758.8,49.77,9808.57,1.5582,0.0079,0.51,16,31,,26,True
10000,MAJESTIC FINE WINES,10718,2024-06-17,2024-07-02,2024-08-14,2024-07,9904,75959.38,394.99,76354.37,7.6696,0.0399,0.52,15,43,,40,True
7153,PINE STATE TRADING CO,10724,2024-06-17,2024-07-02,2024-07-29,2024-07,7378,56701.71,300.52,57002.23,7.6852,0.0407,0.53,15,27,,480,True
90057,WALPOLE MTN VIEW WINERY,10732,2024-06-17,2024-07-02,2024-08-08,2024-07,24,264.24,1.37,265.61,11.01,0.0571,0.5185,15,37,,3,True
3252,E & J GALLO WINERY,10633,2024-06-12,2024-07-03,2024-08-08,2024-07,31303,210502.49,1115.66,211618.15,6.7247,0.0356,0.53,21,36,,527,True
6355,NICHE W & S,10636,2024-06-12,2024-07-03,2024-08-11,2024-07,50,735.0,3.38,738.38,14.7,0.0676,0.4599,21,39,,8,True
3664,WILLIAM GRANT & SONS INC,10643,2024-06-12,2024-07-03,2024-08-14,2024-07,5473,112165.57,504.75,112670.32,20.4943,0.0922,0.45,21,42,,85,True
17037,Dunn Wine Brokers,10649,2024-06-13,2024-07-03,2024-07-28,2024-07,48,594.36,2.67,597.03,12.3825,0.0556,0.4492,20,25,,35,True
4950,LATITUDE BEVERAGE COMPANY,10655,2024-06-13,2024-07-03,2024-08-11,2024-07,1376,7981.89,43.1,8024.99,5.8008,0.0313,0.54,20,39,,45,True
7240,"PREMIUM PORT WINES, INC.",10660,2024-06-13,2024-07-03,2024-08-09,2024-07,93,686.94,3.23,690.17,7.3865,0.0347,0.4702,20,37,,3,True
8920,TAKARA SAKE USA INC,10677,2024-06-14,2024-07-03,2024-08-05,2024-07,198,1031.34,5.26,1036.6,5.2088,0.0266,0.51,19,33,,3,True
28776,TALL SHIP DISTILLERY LLC,10691,2024-06-15,2024-07-03,2024-08-14,2024-07,30,620.82,3.29,624.11,20.694,0.1097,0.5299,18,42,,4,True
8892,TRINCHERO FAMILY ESTATES,10712,2024-06-16,2024-07-03,2024-08-06,2024-07,6054,40446.61,218.41,40665.02,6.681,0.0361,0.54,17,34,,153,True
28750,SMOKY QUARTZ DISTILLERY LLC,10730,2024-06-17,2024-07-03,2024-08-02,2024-07,71,1562.44,7.97,1570.41,22.0062,0.1123,0.5101,16,30,,4,True
3089,SIDNEY FRANK IMPORTING CO,10638,2024-06-12,2024-07-04,2024-08-04,2024-07,3397,32205.2,161.03,32366.23,9.4805,0.0474,0.5,22,31,,13,True
388,ATLANTIC IMPORTING COMPANY,10645,2024-06-13,2024-07-04,2024-08-05,2024-07,11,234.52,1.29,235.81,21.32,0.1173,0.5501,21,32,,3,True
90011,FORTUNE WINE BROKERS LLC,10652,2024-06-13,2024-07-04,2024-07-29,2024-07,12,101.88,0.46,102.34,8.49,0.0383,0.4515,21,25,,62,True
12546,JIM BEAM BRANDS COMPANY,10654,2024-06-13,2024-07-04,2024-08-04,2024-07,48870,461195.66,2490.46,463686.12,9.4372,0.051,0.54,21,31,Frank Delahunt,415,True
7154,PREMIER DISTRIBUTORS,10659,2024-06-13,2024-07-04,2024-08-10,2024-07,90,1332.88,6.8,1339.68,14.8098,0.0756,0.5102,21,37,,7,True
7239,REMY COINTREAU USA INC,10661,2024-06-13,2024-07-04,2024-08-12,2024-07,3112,69035.16,379.69,69414.85,22.1835,0.122,0.55,21,39,,45,True
480,BACARDI USA INC,10665,2024-06-14,2024-07-04,2024-08-12,2024-07,49452,400799.37,1923.84,402723.21,8.1048,0.0389,0.48,20,39,Frank Delahunt,184,True
1128,BROWN-FORMAN CORP,10666,2024-06-14,2024-07-04,2024-08-08,2024-07,19012,265744.08,1222.42,266966.5,13.9777,0.0643,0.46,20,35,Frank Delahunt,142,True
2450,DJINN SPIRITS LLC,10669,2024-06-14,2024-07-04,2024-08-13,2024-07,21,394.14,2.17,396.31,18.7686,0.1033,0.5506,20,40,,6,True
8150,SEA HAGG DISTILLERY LLC,10674,2024-06-14,2024-07-04,2024-08-11,2024-07,295,3108.81,16.17,3124.98,10.5383,0.0548,0.5201,20,38,,9,True
2242,DELICATO VINEYARDS INC,10682,2024-06-15,2024-07-04,2024-08-01,2024-07,3795,31292.72,153.33,31446.05,8.2458,0.0404,0.49,19,28,,96,True
17032,JEWELL TOWNE VINEYARDS,10684,2024-06-15,2024-07-04,2024-07-30,2024-07,80,626.81,3.2,630.01,7.8351,0.04,0.5105,19,26,,7,True
6213,MHW LTD,10706,2024-06-16,2024-07-04,2024-08-10,2024-07,3157,35388.19,191.1,35579.29,11.2094,0.0605,0.54,18,37,,96,True
12331,STELLAR IMPORTING CO LLC,10710,2024-06-16,2024-07-04,2024-07-30,2024-07,48,353.04,1.66,354.7,7.355,0.0346,0.4702,18,26,,19,True
8673,STE MICHELLE WINE ESTATES,10731,2024-06-17,2024-07-04,2024-08-12,2024-07,8868,62021.53,322.51,62344.04,6.9939,0.0364,0.52,17,39,,144,True
5270,MANGO BOTTLING INC,10742,2024-06-19,2024-07-04,2024-08-18,2024-07,1194,8594.59,41.25,8635.84,7.1981,0.0345,0.48,15,45,,6,True
6359,OLE SMOKY DISTILLERY LLC,10743,2024-06-19,2024-07-04,2024-08-04,2024-07,147,2080.9,11.03,2091.93,14.1558,0.075,0.5301,15,31,,18,True
7245,PROXIMO SPIRITS INC.,10745,2024-06-19,2024-07-04,2024-08-21,2024-07,11991,132833.39,704.02,133537.41,11.0778,0.0587,0.53,15,48,,114,True
90056,SWEET BABY VINEYARD,10748,2024-06-19,2024-07-04,2024-08-16,2024-07,297,2482.0,13.65,2495.65,8.3569,0.046,0.55,15,43,,4,True
8892,TRINCHERO FAMILY ESTATES,10750,2024-06-19,2024-07-04,2024-08-12,2024-07,6461,49458.19,267.07,49725.26,7.6549,0.0413,0.54,15,39,,153,True
17032,JEWELL TOWNE VINEYARDS,10756,2024-06-20,2024-07-04,2024-08-18,2024-07,93,808.1,4.12,812.22,8.6892,0.0443,0.5098,14,45,,7,True
9552,M S WALKER INC,10769,2024-06-21,2024-07-04,2024-08-14,2024-07,24220,181569.2,817.06,182386.26,7.4967,0.0337,0.45,13,41,,960,True
8112,MOET HENNESSY USA INC,10771,2024-06-21,2024-07-04,2024-08-20,2024-07,8609,168398.34,909.35,169307.69,19.5607,0.1056,0.54,13,47,,129,True
7239,REMY COINTREAU USA INC,10773,2024-06-21,2024-07-04,2024-08-20,2024-07,2700,61909.18,321.93,62231.11,22.9293,0.1192,0.52,13,47,,45,True
7153,PINE STATE TRADING CO,10788,2024-06-22,2024-07-04,2024-08-16,2024-07,7480,51185.39,271.28,51456.67,6.843,0.0363,0.53,12,43,,480,True
8320,SHAW ROSS INT L IMP LTD,10791,2024-06-22,2024-07-04,2024-08-09,2024-07,1201,11167.55,56.95,11224.5,9.2985,0.0474,0.51,12,36,,38,True
28750,SMOKY QUARTZ DISTILLERY LLC,10793,2024-06-22,2024-07-04,2024-08-21,2024-07,40,834.44,4.59,839.03,20.861,0.1147,0.5501,12,48,,4,True
4425,MARTIGNETTI COMPANIES,10801,2024-06-23,2024-07-04,2024-08-17,2024-07,91,1698.2,9.17,1707.37,18.6615,0.1008,0.54,11,44,,1639,True
2000,SOUTHERN WINE & SPIRITS NE,10808,2024-06-23,2024-07-04,2024-08-20,2024-07,8220,67797.32,352.55,68149.87,8.2478,0.0429,0.52,11,47,,417,True
28776,TALL SHIP DISTILLERY LLC,10810,2024-06-23,2024-07-04,2024-08-21,2024-07,12,249.12,1.37,250.49,20.76,0.1142,0.5499,11,48,,4,True
1189,BULLY BOY DISTILLERS,10812,2024-06-24,2024-07-04,2024-08-19,2024-07,46,1021.78,5.11,1026.89,22.2126,0.1111,0.5001,10,46,,6,True
1650,Circa Wines,10814,2024-06-24,2024-07-04,2024-08-18,2024-07,12,152.88,0.78,153.66,12.74,0.065,0.5102,10,45,,74,True
1587,VINEYARD BRANDS INC,10830,2024-06-24,2024-07-04,2024-08-08,2024-07,3070,19384.79,94.99,19479.78,6.3143,0.0309,0.49,10,35,,87,True
1485,CASTLE BRANDS CORP.,10844,2024-06-25,2024-07-04,2024-08-14,2024-07,429,8928.66,42.86,8971.52,20.8127,0.0999,0.48,9,41,,29,True
4380,CHARLES JACQUIN ET CIE INC,10845,2024-06-25,2024-07-04,2024-08-09,2024-07,138,1111.37,5.22,1116.59,8.0534,0.0378,0.4697,9,36,,15,True
2561,EDRINGTON AMERICAS,10857,2024-06-25,2024-07-04,2024-08-16,2024-07,331,9796.34,44.08,9840.42,29.5962,0.1332,0.45,9,43,,33,True
9552,M S WALKER INC,10871,2024-06-25,2024-07-04,2024-08-12,2024-07,7499,59918.13,323.56,60241.69,7.9901,0.0431,0.54,9,39,,960,True
6355,NICHE W & S,10880,2024-06-25,2024-07-04,2024-08-13,2024-07,12,176.4,0.85,177.25,14.7,0.0708,0.4819,9,40,,8,True
7154,PREMIER DISTRIBUTORS,10888,2024-06-25,2024-07-04,2024-08-13,2024-07,18,199.62,1.06,200.68,11.09,0.0589,0.531,9,40,,7,True
653,STATE WINE & SPIRITS,10902,2024-06-25,2024-07-04,2024-08-10,2024-07,696,7722.04,41.7,7763.74,11.0949,0.0599,0.54,9,37,,258,True
90056,SWEET BABY VINEYARD,10906,2024-06-25,2024-07-04,2024-08-21,2024-07,50,417.62,2.13,419.75,8.3524,0.0426,0.51,9,48,,4,True
1601,VRANKEN AMERICA,10915,2024-06-25,2024-07-04,2024-08-05,2024-07,34,384.22,2.04,386.26,11.3006,0.06,0.5309,9,32,,21,True
9815,WINE GROUP INC,10918,2024-06-25,2024-07-04,2024-08-04,2024-07,4592,26421.03,137.39,26558.42,5.7537,0.0299,0.52,9,31,,215,True
7245,PROXIMO SPIRITS INC.,10637,2024-06-12,2024-07-05,2024-08-09,2024-07,14210,157665.9,709.5,158375.4,11.0954,0.0499,0.45,23,35,,114,True
90058,ZORVINO VINEYARDS,10644,2024-06-12,2024-07-05,2024-08-05,2024-07,322,2585.96,12.67,2598.63,8.0309,0.0393,0.49,23,31,,6,True
9260,TY KU LLC,10662,2024-06-13,2024-07-05,2024-08-05,2024-07,24,206.4,1.09,207.49,8.6,0.0454,0.5281,22,31,,7,True
660,SAZERAC NORTH AMERICA INC.,10673,2024-06-14,2024-07-05,2024-08-06,2024-07,10254,72846.56,335.09,73181.65,7.1042,0.0327,0.46,21,32,,84,True
2000,SOUTHERN WINE & SPIRITS NE,10675,2024-06-14,2024-07-05,2024-08-12,2024-07,8927,79776.63,398.88,80175.51,8.9366,0.0447,0.5,21,38,,417,True
1485,CASTLE BRANDS CORP.,10715,2024-06-17,2024-07-05,2024-08-06,2024-07,1766,27531.69,129.4,27661.09,15.5899,0.0733,0.47,18,32,,29,True
90051,FULCHINO VINEYARD INC,10717,2024-06-17,2024-07-05,2024-08-13,2024-07,36,405.72,1.87,407.59,11.27,0.0519,0.4609,18,39,,2,True
90052,HAUNTING WHISPER VYDS,10740,2024-06-19,2024-07-05,2024-08-12,2024-07,14,111.05,0.61,111.66,7.9321,0.0436,0.5493,16,38,,2,True
2396,BLACK PRINCE DISTILLERY INC,10752,2024-06-20,2024-07-05,2024-08-05,2024-07,12,52.08,0.26,52.34,4.34,0.0217,0.4992,15,31,,10,True
9815,WINE GROUP INC,10763,2024-06-20,2024-07-05,2024-08-14,2024-07,15498,88551.68,407.34,88959.02,5.7137,0.0263,0.46,15,40,,215,True
9751,VINEDREA WINES LLC,10774,2024-06-21,2024-07-05,2024-08-21,2024-07,1,22.72,0.12,22.84,22.72,0.12,0.5282,14,47,,1,True
4692,KOBRAND CORPORATION,10785,2024-06-22,2024-07-05,2024-08-05,2024-07,1929,24375.48,119.44,24494.92,12.6363,0.0619,0.49,13,31,,242,True
90046,CANDIA VINEYARDS,10813,2024-06-24,2024-07-05,2024-08-11,2024-07,12,123.24,0.68,123.92,10.27,0.0567,0.5518,11,37,,5,True
2555,DISARONNO INTERNATIONAL LLC,10817,2024-06-24,2024-07-05,2024-08-04,2024-07,1009,13421.47,65.77,13487.24,13.3018,0.0652,0.49,11,30,,12,True
9625,WESTERN SPIRITS BEVERAGE CO,10831,2024-06-24,2024-07-05,2024-08-12,2024-07,2303,5825.3,27.96,5853.26,2.5294,0.0121,0.48,11,38,,26,True
480,BACARDI USA INC,10837,2024-06-25,2024-07-05,2024-08-12,2024-07,6718,94479.04,434.6,94913.64,14.0636,0.0647,0.46,10,38,,184,True
1392,CONSTELLATION BRANDS INC,10847,2024-06-25,2024-07-05,2024-08-16,2024-07,12037,83617.29,409.72,84027.01,6.9467,0.034,0.49,10,42,,481,True
2242,DELICATO VINEYARDS INC,10849,2024-06-25,2024-07-05,2024-08-12,2024-07,844,5850.91,26.91,5877.82,6.9324,0.0319,0.4599,10,38,,96,True
17037,Dunn Wine Brokers,10855,2024-06-25,2024-07-05,2024-08-05,2024-07,12,136.8,0.73,137.53,11.4,0.0608,0.5336,10,31,,35,True
12546,JIM BEAM BRANDS COMPANY,10864,2024-06-25,2024-07-05,2024-08-15,2024-07,9402,87604.93,464.31,88069.24,9.3177,0.0494,0.53,10,41,,415,True
4692,KOBRAND CORPORATION,10866,2024-06-25,2024-07-05,2024-08-06,2024-07,503,5846.39,30.99,5877.38,11.623,0.0616,0.5301,10,32,,242,True
90032,LABELLE VYDS AND WINERY,10867,2024-06-25,2024-07-05,2024-08-04,2024-07,35,347.5,1.91,349.41,9.9286,0.0546,0.5496,10,30,,10,True
4950,LATITUDE BEVERAGE COMPANY,10869,2024-06-25,2024-07-05,2024-08-06,2024-07,157,932.71,4.85,937.56,5.9408,0.0309,0.52,10,32,,45,True
8352,LUXCO INC,10870,2024-06-25,2024-07-05,2024-08-13,2024-07,1038,8092.34,36.42,8128.76,7.7961,0.0351,0.4501,10,39,,69,True
5455,MARSALLE COMPANY,10874,2024-06-25,2024-07-05,2024-08-12,2024-07,12,333.6,1.73,335.33,27.8,0.1442,0.5186,10,38,,10,True
5992,MCCORMICK DISTILLING CO,10876,2024-06-25,2024-07-05,2024-08-07,2024-07,51,575.48,3.17,578.65,11.2839,0.0622,0.5508,10,33,,35,True
9206,PHILLIPS PRODUCTS CO.,10886,2024-06-25,2024-07-05,2024-08-15,2024-07,157,2037.78,11.21,2048.99,12.9795,0.0714,0.5501,10,41,,33,True
90010,VINEXTRA INC,10912,2024-06-25,2024-07-05,2024-08-04,2024-07,24,187.92,0.88,188.8,7.83,0.0367,0.4683,10,30,,47,True
9744,FREDERICK WILDMAN & SONS,10738,2024-06-19,2024-07-06,2024-08-07,2024-07,1709,16281.22,89.55,16370.77,9.5268,0.0524,0.55,17,32,,149,True
90051,FULCHINO VINEYARD INC,10739,2024-06-19,2024-07-06,2024-08-15,2024-07,12,164.28,0.82,165.1,13.69,0.0683,0.4991,17,40,,2,True
5992,MCCORMICK DISTILLING CO,10758,2024-06-20,2024-07-06,2024-08-04,2024-07,380,3399.95,18.7,3418.65,8.9472,0.0492,0.55,16,29,,35,True
6785,PALM BAY INTERNATIONAL INC,10759,2024-06-20,2024-07-06,2024-08-10,2024-07,5184,36372.01,163.67,36535.68,7.0162,0.0316,0.45,16,35,,174,True
90053,INCREDIBREW INC,10783,2024-06-22,2024-07-06,2024-08-10,2024-07,12,110.88,0.6,111.48,9.24,0.05,0.5411,14,35,,4,True
90024,VINILANDIA USA,10795,2024-06-22,2024-07-06,2024-08-19,2024-07,800,7018.8,34.39,7053.19,8.7735,0.043,0.49,14,44,,206,True
98450,Serralles Usa LLC,10807,2024-06-23,2024-07-06,2024-08-10,2024-07,140,2007.04,9.83,2016.87,14.336,0.0702,0.4898,13,35,,16,True
2561,EDRINGTON AMERICAS,10818,2024-06-24,2024-07-06,2024-08-05,2024-07,865,23644.07,106.4,23750.47,27.3342,0.123,0.45,12,30,,33,True
653,STATE WINE & SPIRITS,10826,2024-06-24,2024-07-06,2024-08-07,2024-07,2409,24757.83,121.31,24879.14,10.2772,0.0504,0.49,12,32,,258,True
7240,"PREMIUM PORT WINES, INC.",10889,2024-06-25,2024-07-06,2024-08-18,2024-07,82,645.35,3.03,648.38,7.8701,0.037,0.4695,11,43,,3,True
7245,PROXIMO SPIRITS INC.,10890,2024-06-25,2024-07-06,2024-08-07,2024-07,3054,34357.85,178.66,34536.51,11.2501,0.0585,0.52,11,32,,114,True
8004,SAZERAC CO INC,10893,2024-06-25,2024-07-06,2024-08-11,2024-07,5810,38769.25,189.97,38959.22,6.6728,0.0327,0.49,11,36,,138,True
8150,SEA HAGG DISTILLERY LLC,10896,2024-06-25,2024-07-06,2024-08-10,2024-07,63,643.23,2.89,646.12,10.21,0.0459,0.4493,11,35,,9,True
8320,SHAW ROSS INT L IMP LTD,10898,2024-06-25,2024-07-06,2024-08-14,2024-07,387,4207.65,19.36,4227.01,10.8725,0.05,0.4601,11,39,,38,True
8664,"STOLI GROUP,(USA) LLC",10905,2024-06-25,2024-07-06,2024-08-12,2024-07,983,14550.88,65.48,14616.36,14.8025,0.0666,0.45,11,37,,48,True
90032,LABELLE VYDS AND WINERY,10741,2024-06-19,2024-07-07,2024-08-21,2024-07,115,1265.86,6.08,1271.94,11.0075,0.0529,0.4803,18,45,,10,True
4425,MARTIGNETTI COMPANIES,10757,2024-06-20,2024-07-07,2024-08-21,2024-07,53691,528132.6,2640.66,530773.26,9.8365,0.0492,0.5,17,45,Frank Delahunt,1639,True
17035,PERNOD RICARD USA,10772,2024-06-21,2024-07-07,2024-08-20,2024-07,25931,374181.16,1945.74,376126.9,14.4299,0.075,0.52,16,44,Frank Delahunt,277,True
1273,CALEDONIA SPIRITS INC,10779,2024-06-22,2024-07-07,2024-08-16,2024-07,136,4197.41,22.25,4219.66,30.8633,0.1636,0.5301,15,40,,5,True
11567,CAMPARI AMERICA,10780,2024-06-22,2024-07-07,2024-08-14,2024-07,8167,74223.42,371.12,74594.54,9.0882,0.0454,0.5,15,38,,74,True
3252,E & J GALLO WINERY,10781,2024-06-22,2024-07-07,2024-08-08,2024-07,28492,192578.02,962.89,193540.91,6.759,0.0338,0.5,15,32,,527,True
10000,MAJESTIC FINE WINES,10787,2024-06-22,2024-07-07,2024-08-04,2024-07,10158,79793.71,383.01,80176.72,7.8553,0.0377,0.48,15,28,,40,True
173357,TAMWORTH DISTILLING,10794,2024-06-22,2024-07-07,2024-08-12,2024-07,19,361.65,1.74,363.39,19.0342,0.0916,0.4811,15,36,,4,True
9622,WEIN BAUER INC,10796,2024-06-22,2024-07-07,2024-08-15,2024-07,18,343.44,1.58,345.02,19.08,0.0878,0.4601,15,39,,6,True
105,ALTAMAR BRANDS LLC,10797,2024-06-23,2024-07-07,2024-08-14,2024-07,6,214.26,1.05,215.31,35.71,0.175,0.4901,14,38,,3,True
17031,FLAG HILL WINERY & VINEYARD,10799,2024-06-23,2024-07-07,2024-08-07,2024-07,214,2957.17,15.08,2972.25,13.8186,0.0705,0.5099,14,31,,19,True
6213,MHW LTD,10821,2024-06-24,2024-07-07,2024-08-14,2024-07,2682,37328.14,179.18,37507.32,13.918,0.0668,0.48,13,38,,96,True
60,ADAMBA IMPORTS INTL INC,10834,2024-06-25,2024-07-07,2024-08-07,2024-07,14,227.78,1.25,229.03,16.27,0.0893,0.5488,12,31,,3,True
1655,FABRIZIA SPIRITS LLC,10858,2024-06-25,2024-07-07,2024-08-12,2024-07,162,1834.83,8.44,1843.27,11.3261,0.0521,0.46,12,36,,8,True
90053,INCREDIBREW INC,10862,2024-06-25,2024-07-07,2024-08-10,2024-07,12,104.64,0.52,105.16,8.72,0.0433,0.4969,12,34,,4,True
4425,MARTIGNETTI COMPANIES,10875,2024-06-25,2024-07-07,2024-08-17,2024-07,16571,165980.89,896.3,166877.19,10.0163,0.0541,0.54,12,41,,1639,True
6785,PALM BAY INTERNATIONAL INC,10882,2024-06-25,2024-07-07,2024-08-09,2024-07,1275,9317.92,47.52,9365.44,7.3082,0.0373,0.51,12,33,,174,True
1587,VINEYARD BRANDS INC,10913,2024-06-25,2024-07-07,2024-08-18,2024-07,1199,7441.54,33.49,7475.03,6.2065,0.0279,0.45,12,42,,87,True
3664,WILLIAM GRANT & SONS INC,10917,2024-06-25,2024-07-07,2024-08-11,2024-07,986,17209.84,91.21,17301.05,17.4542,0.0925,0.53,12,35,,85,True
1392,CONSTELLATION BRANDS INC,10736,2024-06-19,2024-07-08,2024-08-20,2024-07,42828,305980.41,1407.51,307387.92,7.1444,0.0329,0.46,19,43,Frank Delahunt,481,True
17037,Dunn Wine Brokers,10737,2024-06-19,2024-07-08,2024-08-18,2024-07,69,897.48,4.85,902.33,13.007,0.0703,0.5404,19,41,,35,True
90037,THE PIERPONT GROUP LLC,10749,2024-06-19,2024-07-08,2024-08-06,2024-07,12,81.6,0.44,82.04,6.8,0.0367,0.5392,19,29,,13,True
12331,STELLAR IMPORTING CO LLC,10760,2024-06-20,2024-07-08,2024-08-08,2024-07,36,337.08,1.85,338.93,9.3633,0.0514,0.5488,18,31,,19,True
7240,"PREMIUM PORT WINES, INC.",10789,2024-06-22,2024-07-08,2024-08-04,2024-07,87,619.95,2.79,622.74,7.1259,0.0321,0.45,16,27,,3,True
8150,SEA HAGG DISTILLERY LLC,10790,2024-06-22,2024-07-08,2024-08-18,2024-07,117,1237.17,6.8,1243.97,10.5741,0.0581,0.5496,16,41,,9,True
7749,R.P.IMPORTS INC,10804,2024-06-23,2024-07-08,2024-08-08,2024-07,12,642.48,3.34,645.82,53.54,0.2783,0.5199,15,31,,75,True
90047,CRUSH WINES,10815,2024-06-24,2024-07-08,2024-08-12,2024-07,252,2155.78,9.7,2165.48,8.5547,0.0385,0.45,14,35,,165,True
1590,DIAGEO CHATEAU ESTATE WINES,10816,2024-06-24,2024-07-08,2024-08-20,2024-07,2521,18773.3,99.5,18872.8,7.4468,0.0395,0.53,14,43,,117,True
8673,STE MICHELLE WINE ESTATES,10827,2024-06-24,2024-07-08,2024-08-08,2024-07,9340,61991.23,334.75,62325.98,6.6372,0.0358,0.54,14,31,,144,True
90010,VINEXTRA INC,10829,2024-06-24,2024-07-08,2024-08-20,2024-07,101,1248.88,6.24,1255.12,12.3651,0.0618,0.4996,14,43,,47,True
105,ALTAMAR BRANDS LLC,10835,2024-06-25,2024-07-08,2024-08-05,2024-07,2,71.42,0.36,71.78,35.71,0.18,0.5041,13,28,,3,True
4466,AMERICAN VINTAGE BEVERAGE,10836,2024-06-25,2024-07-08,2024-08-14,2024-07,8,85.96,0.43,86.39,10.745,0.0537,0.5002,13,37,,3,True
90046,CANDIA VINEYARDS,10843,2024-06-25,2024-07-08,2024-08-06,2024-07,12,225.48,1.01,226.49,18.79,0.0842,0.4479,13,29,,5,True
1590,DIAGEO CHATEAU ESTATE WINES,10850,2024-06-25,2024-07-08,2024-08-07,2024-07,577,4094.74,21.29,4116.03,7.0966,0.0369,0.5199,13,30,,117,True
2555,DISARONNO INTERNATIONAL LLC,10852,2024-06-25,2024-07-08,2024-08-21,2024-07,346,3816.0,20.61,3836.61,11.0289,0.0596,0.5401,13,44,,12,True
3252,E & J GALLO WINERY,10856,2024-06-25,2024-07-08,2024-08-18,2024-07,7159,50584.0,252.92,50836.92,7.0658,0.0353,0.5,13,41,,527,True
3924,HEAVEN HILL DISTILLERIES,10861,2024-06-25,2024-07-08,2024-08-19,2024-07,1738,14322.53,74.48,14397.01,8.2408,0.0429,0.52,13,42,,69,True
17032,JEWELL TOWNE VINEYARDS,10863,2024-06-25,2024-07-08,2024-08-09,2024-07,24,195.44,0.92,196.36,8.1433,0.0383,0.4707,13,32,,7,True
6215,MOONLIGHT MEADERY,10879,2024-06-25,2024-07-08,2024-08-04,2024-07,47,424.71,2.08,426.79,9.0364,0.0443,0.4897,13,27,,7,True
6359,OLE SMOKY DISTILLERY LLC,10881,2024-06-25,2024-07-08,2024-08-10,2024-07,22,312.99,1.63,314.62,14.2268,0.0741,0.5208,13,33,,18,True
17035,PERNOD RICARD USA,10885,2024-06-25,2024-07-08,2024-08-11,2024-07,5636,85185.11,460.0,85645.11,15.1145,0.0816,0.54,13,34,,277,True
7153,PINE STATE TRADING CO,10887,2024-06-25,2024-07-08,2024-08-06,2024-07,2313,15832.77,76.0,15908.77,6.8451,0.0329,0.48,13,29,,480,True
660,SAZERAC NORTH AMERICA INC.,10894,2024-06-25,2024-07-08,2024-08-12,2024-07,2536,18146.78,87.1,18233.88,7.1557,0.0343,0.48,13,35,,84,True
98450,Serralles Usa LLC,10897,2024-06-25,2024-07-08,2024-08-14,2024-07,39,587.88,2.82,590.7,15.0738,0.0723,0.4797,13,37,,16,True
2000,SOUTHERN WINE & SPIRITS NE,10901,2024-06-25,2024-07-08,2024-08-11,2024-07,2765,21841.8,98.29,21940.09,7.8994,0.0355,0.45,13,34,,417,True
8920,TAKARA SAKE USA INC,10907,2024-06-25,2024-07-08,2024-08-10,2024-07,36,165.24,0.91,166.15,4.59,0.0253,0.5507,13,33,,3,True
90024,VINILANDIA USA,10914,2024-06-25,2024-07-08,2024-08-19,2024-07,310,2607.58,13.3,2620.88,8.4115,0.0429,0.5101,13,42,,206,True
516,BANFI PRODUCTS CORP,10733,2024-06-19,2024-07-09,2024-08-10,2024-07,2742,22151.33,115.19,22266.52,8.0785,0.042,0.52,20,32,,149,True
1485,CASTLE BRANDS CORP.,10734,2024-06-19,2024-07-09,2024-08-16,2024-07,1985,29857.78,164.22,30022.0,15.0417,0.0827,0.55,20,38,,29,True
90011,FORTUNE WINE BROKERS LLC,10755,2024-06-20,2024-07-09,2024-08-05,2024-07,12,112.68,0.59,113.27,9.39,0.0492,0.5236,19,27,,62,True
2496,DUGGANS DISTILLED PRODUCTS,10766,2024-06-21,2024-07-09,2024-08-13,2024-07,794,1847.7,9.05,1856.75,2.3271,0.0114,0.4898,18,35,,5,True
60,ADAMBA IMPORTS INTL INC,10776,2024-06-22,2024-07-09,2024-08-15,2024-07,74,1203.98,5.9,1209.88,16.27,0.0797,0.49,17,37,,3,True
4466,AMERICAN VINTAGE BEVERAGE,10777,2024-06-22,2024-07-09,2024-08-15,2024-07,18,179.88,0.99,180.87,9.9933,0.055,0.5504,17,37,,3,True
480,BACARDI USA INC,10778,2024-06-22,2024-07-09,2024-08-04,2024-07,28926,395672.81,1899.23,397572.04,13.6788,0.0657,0.48,17,26,Frank Delahunt,184,True
2242,DELICATO VINEYARDS INC,10798,2024-06-23,2024-07-09,2024-08-20,2024-07,3112,24297.34,133.64,24430.98,7.8076,0.0429,0.55,16,42,,96,True
10050,Russian Standard Vodka,10805,2024-06-23,2024-07-09,2024-08-11,2024-07,95,1264.35,6.95,1271.3,13.3089,0.0732,0.5497,16,33,,13,True
90017,THE IMPORTED GRAPE LLC,10811,2024-06-23,2024-07-09,2024-08-11,2024-07,12,110.88,0.59,111.47,9.24,0.0492,0.5321,16,33,,40,True
9206,PHILLIPS PRODUCTS CO.,10824,2024-06-24,2024-07-09,2024-08-08,2024-07,808,9472.17,48.31,9520.48,11.723,0.0598,0.51,15,30,,33,True
3664,WILLIAM GRANT & SONS INC,10832,2024-06-24,2024-07-09,2024-08-09,2024-07,4298,82807.27,455.44,83262.71,19.2665,0.106,0.55,15,31,,85,True
2450,DJINN SPIRITS LLC,10853,2024-06-25,2024-07-09,2024-08-19,2024-07,12,295.32,1.45,296.77,24.61,0.1208,0.491,14,41,,6,True
17031,FLAG HILL WINERY & VINEYARD,10859,2024-06-25,2024-07-09,2024-08-18,2024-07,83,997.17,5.48,1002.65,12.0141,0.066,0.5496,14,40,,19,True
8112,MOET HENNESSY USA INC,10878,2024-06-25,2024-07-09,2024-08-11,2024-07,3343,63070.78,283.82,63354.6,18.8665,0.0849,0.45,14,33,,129,True
10754,PERFECTA WINES,10884,2024-06-25,2024-07-09,2024-08-10,2024-07,3026,20794.41,99.81,20894.22,6.8719,0.033,0.48,14,32,,897,True
7255,PSP WINES,10891,2024-06-25,2024-07-09,2024-08-19,2024-07,30,177.54,0.92,178.46,5.918,0.0307,0.5182,14,41,,32,True
3089,SIDNEY FRANK IMPORTING CO,10899,2024-06-25,2024-07-09,2024-08-11,2024-07,500,6043.94,32.64,6076.58,12.0879,0.0653,0.54,14,33,,13,True
8892,TRINCHERO FAMILY ESTATES,10910,2024-06-25,2024-07-09,2024-08-18,2024-07,1508,9261.8,48.16,9309.96,6.1418,0.0319,0.52,14,40,,153,True
9625,WESTERN SPIRITS BEVERAGE CO,10916,2024-06-25,2024-07-09,2024-08-08,2024-07,252,1109.96,5.33,1115.29,4.4046,0.0212,0.4802,14,30,,26,True
8664,"STOLI GROUP,(USA) LLC",10747,2024-06-19,2024-07-10,2024-08-12,2024-07,4906,77412.17,410.28,77822.45,15.7791,0.0836,0.53,21,33,,48,True
3960,DIAGEO NORTH AMERICA INC,10754,2024-06-20,2024-07-10,2024-08-20,2024-07,82971,892942.31,4643.3,897585.61,10.7621,0.056,0.52,20,41,Frank Delahunt,449,True
4848,LAIRD & CO,10767,2024-06-21,2024-07-10,2024-08-14,2024-07,300,2713.66,14.11,2727.77,9.0455,0.047,0.52,19,35,,16,True
4950,LATITUDE BEVERAGE COMPANY,10768,2024-06-21,2024-07-10,2024-08-09,2024-07,857,5015.53,26.08,5041.61,5.8524,0.0304,0.52,19,30,,45,True
5455,MARSALLE COMPANY,10770,2024-06-21,2024-07-10,2024-08-16,2024-07,104,2787.77,13.1,2800.87,26.8055,0.126,0.4699,19,37,,10,True
90058,ZORVINO VINEYARDS,10775,2024-06-21,2024-07-10,2024-08-05,2024-07,63,472.0,2.36,474.36,7.4921,0.0375,0.5,19,26,,6,True
1655,FABRIZIA SPIRITS LLC,10782,2024-06-22,2024-07-10,2024-08-19,2024-07,761,10482.25,54.51,10536.76,13.7743,0.0716,0.52,18,40,,8,True
4550,KLIN SPIRITS LLC,10784,2024-06-22,2024-07-10,2024-08-13,2024-07,190,3352.3,17.77,3370.07,17.6437,0.0935,0.5301,18,34,,4,True
8352,LUXCO INC,10786,2024-06-22,2024-07-10,2024-08-19,2024-07,3904,32457.45,162.29,32619.74,8.3139,0.0416,0.5,18,40,,69,True
6355,NICHE W & S,10802,2024-06-23,2024-07-10,2024-08-06,2024-07,11,161.7,0.73,162.43,14.7,0.0664,0.4515,17,27,,8,True
12546,JIM BEAM BRANDS COMPANY,10820,2024-06-24,2024-07-10,2024-08-07,2024-07,39291,374045.35,1795.42,375840.77,9.5199,0.0457,0.48,16,28,Frank Delahunt,415,True
6215,MOONLIGHT MEADERY,10822,2024-06-24,2024-07-10,2024-08-05,2024-07,127,1147.77,5.28,1153.05,9.0376,0.0416,0.46,16,26,,7,True
10754,PERFECTA WINES,10823,2024-06-24,2024-07-10,2024-08-05,2024-07,9357,78272.13,414.84,78686.97,8.3651,0.0443,0.53,16,26,,897,True
17033,SEA BREEZE CELLARS LLC,10825,2024-06-24,2024-07-10,2024-08-06,2024-07,58,573.18,3.15,576.33,9.8824,0.0543,0.5496,16,27,,16,True
9819,TREASURY WINE ESTATES,10828,2024-06-24,2024-07-10,2024-08-14,2024-07,9460,56479.66,271.1,56750.76,5.9704,0.0287,0.48,16,35,,111,True
1189,BULLY BOY DISTILLERS,10840,2024-06-25,2024-07-10,2024-08-17,2024-07,48,1054.08,5.06,1059.14,21.96,0.1054,0.48,15,38,,6,True
1650,Circa Wines,10846,2024-06-25,2024-07-10,2024-08-16,2024-07,12,297.96,1.37,299.33,24.83,0.1142,0.4598,15,37,,74,True
10000,MAJESTIC FINE WINES,10872,2024-06-25,2024-07-10,2024-08-10,2024-07,3530,31974.56,172.66,32147.22,9.0579,0.0489,0.54,15,31,,40,True
9165,ULTRA BEVERAGE COMPANY LLP,10911,2024-06-25,2024-07-10,2024-08-20,2024-07,7437,80783.22,411.99,81195.21,10.8623,0.0554,0.51,15,41,,965,True
4380,CHARLES JACQUIN ET CIE INC,10735,2024-06-19,2024-07-11,2024-08-14,2024-07,398,3312.01,16.89,3328.9,8.3216,0.0424,0.51,22,34,,15,True
7154,PREMIER DISTRIBUTORS,10744,2024-06-19,2024-07-11,2024-08-11,2024-07,70,1058.55,5.61,1064.16,15.1221,0.0801,0.53,22,31,,7,True
8004,SAZERAC CO INC,10746,2024-06-19,2024-07-11,2024-08-08,2024-07,27034,152281.69,807.09,153088.78,5.633,0.0299,0.53,22,28,,138,True
9165,ULTRA BEVERAGE COMPANY LLP,10751,2024-06-19,2024-07-11,2024-08-18,2024-07,21059,249611.36,1123.25,250734.61,11.853,0.0533,0.45,22,38,,965,True
388,ATLANTIC IMPORTING COMPANY,10764,2024-06-21,2024-07-11,2024-08-09,2024-07,12,255.84,1.3,257.14,21.32,0.1083,0.5081,20,29,,3,True
3089,SIDNEY FRANK IMPORTING CO,10792,2024-06-22,2024-07-11,2024-08-13,2024-07,3754,34237.07,154.07,34391.14,9.1202,0.041,0.45,19,33,,13,True
3924,HEAVEN HILL DISTILLERIES,10800,2024-06-23,2024-07-11,2024-08-14,2024-07,6112,46459.24,223.0,46682.24,7.6013,0.0365,0.48,18,34,,69,True
7255,PSP WINES,10803,2024-06-23,2024-07-11,2024-08-20,2024-07,144,953.4,4.77,958.17,6.6208,0.0331,0.5003,18,40,,32,True
660,SAZERAC NORTH AMERICA INC.,10806,2024-06-23,2024-07-11,2024-08-20,2024-07,7800,55713.49,278.57,55992.06,7.1428,0.0357,0.5,18,40,,84,True
8920,TAKARA SAKE USA INC,10809,2024-06-23,2024-07-11,2024-08-05,2024-07,135,594.21,3.15,597.36,4.4016,0.0233,0.5301,18,25,,3,True
3950,"HOOD RIVER DISTILLERS, Inc.",10819,2024-06-24,2024-07-11,2024-08-04,2024-07,15,323.7,1.78,325.48,21.58,0.1187,0.5499,17,24,,7,True
516,BANFI PRODUCTS CORP,10838,2024-06-25,2024-07-11,2024-08-10,2024-07,505,3171.31,17.44,3188.75,6.2798,0.0345,0.5499,16,30,,149,True
1128,BROWN-FORMAN CORP,10839,2024-06-25,2024-07-11,2024-08-21,2024-07,2524,38148.64,190.74,38339.38,15.1144,0.0756,0.5,16,41,,142,True
1273,CALEDONIA SPIRITS INC,10841,2024-06-25,2024-07-11,2024-08-06,2024-07,39,1198.44,5.99,1204.43,30.7292,0.1536,0.4998,16,26,,5,True
90047,CRUSH WINES,10848,2024-06-25,2024-07-11,2024-08-20,2024-07,95,917.69,4.5,922.19,9.6599,0.0474,0.4904,16,40,,165,True
2496,DUGGANS DISTILLED PRODUCTS,10854,2024-06-25,2024-07-11,2024-08-10,2024-07,36,559.56,2.57,562.13,15.5433,0.0714,0.4593,16,30,,5,True
4550,KLIN SPIRITS LLC,10865,2024-06-25,2024-07-11,2024-08-10,2024-07,106,2088.94,10.03,2098.97,19.707,0.0946,0.4801,16,30,,4,True
4848,LAIRD & CO,10868,2024-06-25,2024-07-11,2024-08-06,2024-07,28,161.82,0.73,162.55,5.7793,0.0261,0.4511,16,26,,16,True
6830,PARK STREET IMPORTS LLC,10883,2024-06-25,2024-07-11,2024-08-16,2024-07,10,124.0,0.6,124.6,12.4,0.06,0.4839,16,36,,12,True
8673,STE MICHELLE WINE ESTATES,10903,2024-06-25,2024-07-11,2024-08-10,2024-07,3063,20194.3,96.93,20291.23,6.593,0.0316,0.48,16,30,,144,True
9819,TREASURY WINE ESTATES,10909,2024-06-25,2024-07-11,2024-08-08,2024-07,2794,15312.01,76.56,15388.57,5.4803,0.0274,0.5,16,28,,111,True
90058,ZORVINO VINEYARDS,10919,2024-06-25,2024-07-11,2024-08-19,2024-07,60,450.84,2.39,453.23,7.514,0.0398,0.5301,16,39,,6,True
8004,SAZERAC CO INC,10946,2024-06-27,2024-07-11,2024-08-13,2024-07,41266,282898.79,1386.2,284284.99,6.8555,0.0336,0.49,14,33,Frank Delahunt,138,True
9751,VINEDREA WINES LLC,10948,2024-06-27,2024-07-11,2024-08-28,2024-07,4,90.88,0.48,91.36,22.72,0.12,0.5282,14,48,,1,True
4466,AMERICAN VINTAGE BEVERAGE,10969,2024-06-29,2024-07-11,2024-08-18,2024-07,94,993.12,5.06,998.18,10.5651,0.0538,0.5095,12,38,,3,True
388,ATLANTIC IMPORTING COMPANY,10970,2024-06-29,2024-07-11,2024-08-17,2024-07,30,639.6,3.33,642.93,21.32,0.111,0.5206,12,37,,3,True
1128,BROWN-FORMAN CORP,10971,2024-06-29,2024-07-11,2024-08-11,2024-07,24220,360832.0,1768.08,362600.08,14.8981,0.073,0.49,12,31,Frank Delahunt,142,True
10754,PERFECTA WINES,10991,2024-06-30,2024-07-11,2024-08-26,2024-07,9574,90643.32,407.89,91051.21,9.4677,0.0426,0.45,11,46,,897,True
10050,Russian Standard Vodka,10992,2024-06-30,2024-07-11,2024-08-28,2024-07,114,1525.89,8.24,1534.13,13.385,0.0723,0.54,11,48,,13,True
28750,SMOKY QUARTZ DISTILLERY LLC,10993,2024-06-30,2024-07-11,2024-08-24,2024-07,60,1306.08,6.4,1312.48,21.768,0.1067,0.49,11,44,,4,True
9622,WEIN BAUER INC,10997,2024-06-30,2024-07-11,2024-08-26,2024-07,96,1831.68,8.98,1840.66,19.08,0.0935,0.4903,11,46,,6,True
105,ALTAMAR BRANDS LLC,10998,2024-07-01,2024-07-11,2024-08-12,2024-07,11,392.81,1.92,394.73,35.71,0.1745,0.4888,10,32,,3,True
17037,Dunn Wine Brokers,11006,2024-07-01,2024-07-11,2024-08-27,2024-07,70,845.16,3.89,849.05,12.0737,0.0556,0.4603,10,47,,35,True
90053,INCREDIBREW INC,11009,2024-07-01,2024-07-11,2024-08-26,2024-07,36,319.2,1.53,320.73,8.8667,0.0425,0.4793,10,46,,4,True
6213,MHW LTD,11012,2024-07-01,2024-07-11,2024-08-22,2024-07,4758,51320.04,230.94,51550.98,10.7861,0.0485,0.45,10,42,,96,True
1128,BROWN-FORMAN CORP,10753,2024-06-20,2024-07-12,2024-08-08,2024-07,15812,209653.2,964.4,210617.6,13.2591,0.061,0.46,22,27,,142,True
8735,SURVILLE ENTERPRISES CORP,10761,2024-06-20,2024-07-12,2024-08-05,2024-07,91,773.03,3.48,776.51,8.4948,0.0382,0.4502,22,24,,22,True
1601,VRANKEN AMERICA,10762,2024-06-20,2024-07-12,2024-08-07,2024-07,163,2276.4,10.7,2287.1,13.9656,0.0656,0.47,22,26,,21,True
2876,CENTEUR IMPORTS LLC,10765,2024-06-21,2024-07-12,2024-08-15,2024-07,5,47.6,0.24,47.84,9.52,0.048,0.5042,21,34,,11,True
11567,CAMPARI AMERICA,10842,2024-06-25,2024-07-12,2024-08-14,2024-07,2386,18472.16,92.36,18564.52,7.7419,0.0387,0.5,17,33,,74,True
3960,DIAGEO NORTH AMERICA INC,10851,2024-06-25,2024-07-12,2024-08-16,2024-07,18886,209960.92,1049.8,211010.72,11.1173,0.0556,0.5,17,35,,449,True
9744,FREDERICK WILDMAN & SONS,10860,2024-06-25,2024-07-12,2024-08-16,2024-07,177,1748.58,8.04,1756.62,9.879,0.0454,0.4598,17,35,,149,True
5270,MANGO BOTTLING INC,10873,2024-06-25,2024-07-12,2024-08-15,2024-07,208,1468.67,7.05,1475.72,7.0609,0.0339,0.48,17,34,,6,True
6213,MHW LTD,10877,2024-06-25,2024-07-12,2024-08-15,2024-07,721,7524.75,34.61,7559.36,10.4365,0.048,0.4599,17,34,,96,True
7239,REMY COINTREAU USA INC,10892,2024-06-25,2024-07-12,2024-08-15,2024-07,643,13850.43,70.64,13921.07,21.5403,0.1099,0.51,17,34,,45,True
17033,SEA BREEZE CELLARS LLC,10895,2024-06-25,2024-07-12,2024-08-09,2024-07,16,381.44,1.75,383.19,23.84,0.1094,0.4588,17,28,,16,True
28750,SMOKY QUARTZ DISTILLERY LLC,10900,2024-06-25,2024-07-12,2024-08-21,2024-07,12,264.48,1.4,265.88,22.04,0.1167,0.5293,17,40,,4,True
12331,STELLAR IMPORTING CO LLC,10904,2024-06-25,2024-07-12,2024-08-19,2024-07,36,248.88,1.17,250.05,6.9133,0.0325,0.4701,17,38,,19,True
173357,TAMWORTH DISTILLING,10908,2024-06-25,2024-07-12,2024-08-19,2024-07,42,813.54,4.23,817.77,19.37,0.1007,0.5199,17,38,,4,True
10000,MAJESTIC FINE WINES,10940,2024-06-27,2024-07-12,2024-08-14,2024-07,18165,139567.55,642.01,140209.56,7.6833,0.0353,0.46,15,33,,40,True
5455,MARSALLE COMPANY,10942,2024-06-27,2024-07-12,2024-08-24,2024-07,98,2804.8,14.3,2819.1,28.6204,0.1459,0.5098,15,43,,10,True
2561,EDRINGTON AMERICAS,10954,2024-06-28,2024-07-12,2024-08-23,2024-07,1548,41937.27,226.46,42163.73,27.0913,0.1463,0.54,14,42,,33,True
4848,LAIRD & CO,10955,2024-06-28,2024-07-12,2024-08-21,2024-07,336,2854.28,14.27,2868.55,8.4949,0.0425,0.5,14,40,,16,True
7153,PINE STATE TRADING CO,10959,2024-06-28,2024-07-12,2024-08-16,2024-07,11113,80153.2,360.69,80513.89,7.2126,0.0325,0.45,14,35,,480,True
2000,SOUTHERN WINE & SPIRITS NE,10962,2024-06-28,2024-07-12,2024-08-21,2024-07,11054,97273.18,525.28,97798.46,8.7998,0.0475,0.54,14,40,,417,True
8673,STE MICHELLE WINE ESTATES,10963,2024-06-28,2024-07-12,2024-08-18,2024-07,12223,85624.61,385.31,86009.92,7.0052,0.0315,0.45,14,37,,144,True
172662,SWEETWATER FARM,10965,2024-06-28,2024-07-12,2024-08-16,2024-07,54,1178.4,5.54,1183.94,21.8222,0.1026,0.4701,14,35,,5,True
17035,PERNOD RICARD USA,10973,2024-06-29,2024-07-12,2024-08-26,2024-07,46622,682199.09,3274.56,685473.65,14.6326,0.0702,0.48,13,45,Frank Delahunt,277,True
7749,R.P.IMPORTS INC,10975,2024-06-29,2024-07-12,2024-08-12,2024-07,6,584.25,2.63,586.88,97.375,0.4383,0.4501,13,31,,75,True
6215,MOONLIGHT MEADERY,10990,2024-06-30,2024-07-12,2024-08-11,2024-07,168,1495.68,7.78,1503.46,8.9029,0.0463,0.5202,12,30,,7,True
3950,"HOOD RIVER DISTILLERS, Inc.",11008,2024-07-01,2024-07-12,2024-08-20,2024-07,3,64.74,0.36,65.1,21.58,0.12,0.5561,11,39,,7,True
17032,JEWELL TOWNE VINEYARDS,11010,2024-07-01,2024-07-12,2024-08-14,2024-07,143,1123.73,5.39,1129.12,7.8583,0.0377,0.4797,11,33,,7,True
4692,KOBRAND CORPORATION,11011,2024-07-01,2024-07-12,2024-08-23,2024-07,2845,37708.17,184.77,37892.94,13.2542,0.0649,0.49,11,42,,242,True
7245,PROXIMO SPIRITS INC.,11016,2024-07-01,2024-07-12,2024-08-21,2024-07,21696,258531.06,1318.51,259849.57,11.9161,0.0608,0.51,11,40,Frank Delahunt,114,True
7255,PSP WINES,11017,2024-07-01,2024-07-12,2024-08-26,2024-07,473,3666.42,16.87,3683.29,7.7514,0.0357,0.4601,11,45,,32,True
1587,VINEYARD BRANDS INC,11023,2024-07-01,2024-07-12,2024-08-19,2024-07,3964,29361.4,143.87,29505.27,7.407,0.0363,0.49,11,38,,87,True
90051,FULCHINO VINEYARD INC,10925,2024-06-26,2024-07-13,2024-08-23,2024-07,12,120.72,0.59,121.31,10.06,0.0492,0.4887,17,41,,2,True
6830,PARK STREET IMPORTS LLC,10928,2024-06-26,2024-07-13,2024-08-11,2024-07,57,706.8,3.18,709.98,12.4,0.0558,0.4499,17,29,,12,True
9819,TREASURY WINE ESTATES,10932,2024-06-26,2024-07-13,2024-08-17,2024-07,15972,92580.15,509.19,93089.34,5.7964,0.0319,0.55,17,35,,111,True
1601,VRANKEN AMERICA,10934,2024-06-26,2024-07-13,2024-08-13,2024-07,225,2852.27,13.98,2866.25,12.6768,0.0621,0.4901,17,31,,21,True
12546,JIM BEAM BRANDS COMPANY,10938,2024-06-27,2024-07-13,2024-08-16,2024-07,62299,598228.67,3170.61,601399.28,9.6025,0.0509,0.53,16,34,Frank Delahunt,415,True
5270,MANGO BOTTLING INC,10941,2024-06-27,2024-07-13,2024-08-24,2024-07,1645,11780.05,64.79,11844.84,7.1611,0.0394,0.55,16,42,,6,True
4425,MARTIGNETTI COMPANIES,10943,2024-06-27,2024-07-13,2024-08-28,2024-07,73861,804864.5,4024.32,808888.82,10.897,0.0545,0.5,16,46,Frank Delahunt,1639,True
9206,PHILLIPS PRODUCTS CO.,10945,2024-06-27,2024-07-13,2024-08-18,2024-07,1155,13203.44,64.7,13268.14,11.4315,0.056,0.49,16,36,,33,True
3252,E & J GALLO WINERY,10953,2024-06-28,2024-07-13,2024-08-14,2024-07,41235,286221.28,1373.86,287595.14,6.9412,0.0333,0.48,15,32,Frank Delahunt,527,True
8664,"STOLI GROUP,(USA) LLC",10964,2024-06-28,2024-07-13,2024-08-13,2024-07,6674,118173.58,555.42,118729.0,17.7066,0.0832,0.47,15,31,,48,True
9552,M S WALKER INC,10972,2024-06-29,2024-07-13,2024-08-21,2024-07,30355,242891.28,1238.75,244130.03,8.0017,0.0408,0.51,14,39,,960,True
516,BANFI PRODUCTS CORP,11000,2024-07-01,2024-07-13,2024-08-23,2024-07,3792,26817.92,147.5,26965.42,7.0722,0.0389,0.55,12,41,,149,True
1485,CASTLE BRANDS CORP.,11001,2024-07-01,2024-07-13,2024-08-28,2024-07,2951,45032.39,207.15,45239.54,15.26,0.0702,0.46,12,46,,29,True
1590,DIAGEO CHATEAU ESTATE WINES,11003,2024-07-01,2024-07-13,2024-08-11,2024-07,3308,23930.32,131.62,24061.94,7.2341,0.0398,0.55,12,29,,117,True
4380,CHARLES JACQUIN ET CIE INC,10920,2024-06-26,2024-07-14,2024-08-19,2024-07,1162,8116.18,44.64,8160.82,6.9847,0.0384,0.55,18,36,,15,True
660,SAZERAC NORTH AMERICA INC.,10929,2024-06-26,2024-07-14,2024-08-27,2024-07,11972,86004.91,404.22,86409.13,7.1838,0.0338,0.47,18,44,,84,True
9165,ULTRA BEVERAGE COMPANY LLP,10947,2024-06-27,2024-07-14,2024-08-26,2024-07,24822,315420.35,1640.19,317060.54,12.7073,0.0661,0.52,17,43,Frank Delahunt,965,True
9625,WESTERN SPIRITS BEVERAGE CO,10949,2024-06-27,2024-07-14,2024-08-27,2024-07,2415,9368.03,45.9,9413.93,3.8791,0.019,0.49,17,44,,26,True
8112,MOET HENNESSY USA INC,10957,2024-06-28,2024-07-14,2024-08-14,2024-07,11702,232358.51,1115.32,233473.83,19.8563,0.0953,0.48,16,31,,129,True
90017,THE IMPORTED GRAPE LLC,10979,2024-06-29,2024-07-14,2024-08-14,2024-07,84,589.2,3.12,592.32,7.0143,0.0371,0.5295,15,31,,40,True
12331,STELLAR IMPORTING CO LLC,10995,2024-06-30,2024-07-14,2024-08-11,2024-07,24,153.12,0.69,153.81,6.38,0.0287,0.4506,14,28,,19,True
8735,SURVILLE ENTERPRISES CORP,10996,2024-06-30,2024-07-14,2024-08-28,2024-07,129,919.88,4.88,924.76,7.1309,0.0378,0.5305,14,45,,22,True
480,BACARDI USA INC,10999,2024-07-01,2024-07-14,2024-08-18,2024-07,45585,614734.81,3012.2,617747.01,13.4855,0.0661,0.49,13,35,Frank Delahunt,184,True
2555,DISARONNO INTERNATIONAL LLC,11004,2024-07-01,2024-07-14,2024-08-18,2024-07,2376,25618.8,122.97,25741.77,10.7823,0.0518,0.48,13,35,,12,True
1650,Circa Wines,10921,2024-06-26,2024-07-15,2024-08-23,2024-07,60,637.2,3.5,640.7,10.62,0.0583,0.5493,19,39,,74,True
90047,CRUSH WINES,10922,2024-06-26,2024-07-15,2024-08-17,2024-07,442,3770.11,18.85,3788.96,8.5297,0.0426,0.5,19,33,,165,True
9744,FREDERICK WILDMAN & SONS,10924,2024-06-26,2024-07-15,2024-08-20,2024-07,1029,11784.85,54.21,11839.06,11.4527,0.0527,0.46,19,36,,149,True
4550,KLIN SPIRITS LLC,10926,2024-06-26,2024-07-15,2024-08-12,2024-07,231,3786.58,17.8,3804.38,16.3921,0.0771,0.4701,19,28,,4,True
90032,LABELLE VYDS AND WINERY,10927,2024-06-26,2024-07-15,2024-08-14,2024-07,168,1819.08,9.46,1828.54,10.8279,0.0563,0.52,19,30,,10,True
7154,PREMIER DISTRIBUTORS,10960,2024-06-28,2024-07-15,2024-08-27,2024-07,91,1386.05,6.38,1392.43,15.2313,0.0701,0.4603,17,43,,7,True
90037,THE PIERPONT GROUP LLC,10980,2024-06-29,2024-07-15,2024-08-24,2024-07,15,105.15,0.49,105.64,7.01,0.0327,0.466,16,40,,13,True
3664,WILLIAM GRANT & SONS INC,10981,2024-06-29,2024-07-15,2024-08-13,2024-07,7519,153256.77,766.28,154023.05,20.3826,0.1019,0.5,16,29,,85,True
653,STATE WINE & SPIRITS,10994,2024-06-30,2024-07-15,2024-08-25,2024-07,4284,46283.04,254.56,46537.6,10.8037,0.0594,0.55,15,41,,258,True
90011,FORTUNE WINE BROKERS LLC,11007,2024-07-01,2024-07-15,2024-08-18,2024-07,70,624.18,2.93,627.11,8.9169,0.0419,0.4694,14,34,,62,True
6785,PALM BAY INTERNATIONAL INC,11014,2024-07-01,2024-07-15,2024-08-21,2024-07,6980,49256.66,241.36,49498.02,7.0568,0.0346,0.49,14,37,,174,True
173357,TAMWORTH DISTILLING,10931,2024-06-26,2024-07-16,2024-08-12,2024-07,56,1084.72,5.75,1090.47,19.37,0.1027,0.5301,20,27,,4,True
3960,DIAGEO NORTH AMERICA INC,10936,2024-06-27,2024-07-16,2024-08-13,2024-07,131712,1377224.55,7574.74,1384799.29,10.4563,0.0575,0.55,19,28,Frank Delahunt,449,True
90027,POVERTY LANE ORCHARDS,10974,2024-06-29,2024-07-16,2024-08-12,2024-07,12,96.6,0.5,97.1,8.05,0.0417,0.5176,17,27,,8,True
7239,REMY COINTREAU USA INC,10976,2024-06-29,2024-07-16,2024-08-26,2024-07,4155,99347.73,476.87,99824.6,23.9104,0.1148,0.48,17,41,,45,True
1273,CALEDONIA SPIRITS INC,10984,2024-06-30,2024-07-16,2024-08-18,2024-07,185,5458.3,28.93,5487.23,29.5043,0.1564,0.53,16,33,,5,True
2242,DELICATO VINEYARDS INC,10987,2024-06-30,2024-07-16,2024-08-19,2024-07,5484,40809.87,204.05,41013.92,7.4416,0.0372,0.5,16,34,,96,True
2496,DUGGANS DISTILLED PRODUCTS,10988,2024-06-30,2024-07-16,2024-08-14,2024-07,221,2768.11,13.01,2781.12,12.5254,0.0589,0.47,16,29,,5,True
17031,FLAG HILL WINERY & VINEYARD,10989,2024-06-30,2024-07-16,2024-08-24,2024-07,496,6614.45,31.75,6646.2,13.3356,0.064,0.48,16,39,,19,True
2450,DJINN SPIRITS LLC,11005,2024-07-01,2024-07-16,2024-08-24,2024-07,47,1004.81,5.12,1009.93,21.3789,0.1089,0.5095,15,39,,6,True
7240,"PREMIUM PORT WINES, INC.",11015,2024-07-01,2024-07-16,2024-08-17,2024-07,75,542.4,2.6,545.0,7.232,0.0347,0.4794,15,32,,3,True
8320,SHAW ROSS INT L IMP LTD,10930,2024-06-26,2024-07-17,2024-08-13,2024-07,1923,18589.14,91.09,18680.23,9.6667,0.0474,0.49,21,27,,38,True
90046,CANDIA VINEYARDS,10952,2024-06-28,2024-07-17,2024-08-14,2024-07,24,353.28,1.91,355.19,14.72,0.0796,0.5406,19,28,,5,True
90056,SWEET BABY VINEYARD,10977,2024-06-29,2024-07-17,2024-08-12,2024-07,407,3385.63,15.24,3400.87,8.3185,0.0374,0.4501,18,26,,4,True
28776,TALL SHIP DISTILLERY LLC,10978,2024-06-29,2024-07-17,2024-08-20,2024-07,30,632.7,3.04,635.74,21.09,0.1013,0.4805,18,34,,4,True
11567,CAMPARI AMERICA,10985,2024-06-30,2024-07-17,2024-08-18,2024-07,12280,135131.85,635.12,135766.97,11.0042,0.0517,0.47,17,32,,74,True
1392,CONSTELLATION BRANDS INC,10986,2024-06-30,2024-07-17,2024-08-27,2024-07,64024,454689.36,2455.32,457144.68,7.1019,0.0383,0.54,17,41,Frank Delahunt,481,True
17033,SEA BREEZE CELLARS LLC,11018,2024-07-01,2024-07-17,2024-08-20,2024-07,140,1915.14,10.53,1925.67,13.6796,0.0752,0.5498,16,34,,16,True
98450,Serralles Usa LLC,11019,2024-07-01,2024-07-17,2024-08-20,2024-07,300,4266.99,21.76,4288.75,14.2233,0.0725,0.51,16,34,,16,True
90010,VINEXTRA INC,11022,2024-07-01,2024-07-17,2024-08-28,2024-07,215,3006.78,15.94,3022.72,13.985,0.0741,0.5301,16,42,,47,True
8892,TRINCHERO FAMILY ESTATES,10933,2024-06-26,2024-07-18,2024-08-22,2024-07,7480,48448.25,232.55,48680.8,6.477,0.0311,0.48,22,35,,153,True
5992,MCCORMICK DISTILLING CO,10944,2024-06-27,2024-07-18,2024-08-11,2024-07,907,8648.95,38.92,8687.87,9.5358,0.0429,0.45,21,24,,35,True
6355,NICHE W & S,10958,2024-06-28,2024-07-18,2024-08-18,2024-07,78,1146.6,6.08,1152.68,14.7,0.0779,0.5303,20,31,,8,True
60,ADAMBA IMPORTS INTL INC,10968,2024-06-29,2024-07-18,2024-08-28,2024-07,128,2082.56,10.62,2093.18,16.27,0.083,0.5099,19,41,,3,True
1703,ALISA CARR BEVERAGES,10982,2024-06-30,2024-07-18,2024-08-14,2024-07,2,155.84,0.79,156.63,77.92,0.395,0.5069,18,27,,32,True
1189,BULLY BOY DISTILLERS,10983,2024-06-30,2024-07-18,2024-08-13,2024-07,168,3758.16,19.92,3778.08,22.37,0.1186,0.53,18,26,,6,True
2876,CENTEUR IMPORTS LLC,11002,2024-07-01,2024-07-18,2024-08-19,2024-07,6,57.12,0.3,57.42,9.52,0.05,0.5252,17,32,,11,True
6359,OLE SMOKY DISTILLERY LLC,11013,2024-07-01,2024-07-18,2024-08-15,2024-07,204,2953.04,13.88,2966.92,14.4757,0.068,0.47,17,28,,18,True
90047,CRUSH WINES,11026,2024-07-03,2024-07-18,2024-08-24,2024-07,559,6072.83,32.79,6105.62,10.8637,0.0587,0.5399,15,37,,165,True
2561,EDRINGTON AMERICAS,11029,2024-07-03,2024-07-18,2024-08-27,2024-07,1388,36400.78,167.44,36568.22,26.2253,0.1206,0.46,15,40,,33,True
7240,"PREMIUM PORT WINES, INC.",11036,2024-07-03,2024-07-18,2024-08-25,2024-07,135,991.71,5.06,996.77,7.346,0.0375,0.5102,15,38,,3,True
6355,NICHE W & S,11055,2024-07-04,2024-07-18,2024-08-25,2024-07,41,602.7,2.95,605.65,14.7,0.072,0.4895,14,38,,8,True
1392,CONSTELLATION BRANDS INC,11071,2024-07-05,2024-07-18,2024-09-03,2024-07,44771,321493.98,1543.17,323037.15,7.1809,0.0345,0.48,13,47,Frank Delahunt,481,True
1590,DIAGEO CHATEAU ESTATE WINES,11072,2024-07-05,2024-07-18,2024-08-23,2024-07,2114,14605.6,78.87,14684.47,6.909,0.0373,0.54,13,36,,117,True
3252,E & J GALLO WINERY,11074,2024-07-05,2024-07-18,2024-09-03,2024-07,29595,207994.92,998.38,208993.3,7.028,0.0337,0.48,13,47,,527,True
653,STATE WINE & SPIRITS,11082,2024-07-05,2024-07-18,2024-09-02,2024-07,2695,24837.74,129.16,24966.9,9.2162,0.0479,0.52,13,46,,258,True
90051,FULCHINO VINEYARD INC,11097,2024-07-07,2024-07-18,2024-08-30,2024-07,12,120.72,0.65,121.37,10.06,0.0542,0.5384,11,43,,2,True
1650,Circa Wines,11111,2024-07-08,2024-07-18,2024-08-31,2024-07,20,252.92,1.37,254.29,12.646,0.0685,0.5417,10,44,,74,True
2496,DUGGANS DISTILLED PRODUCTS,11112,2024-07-08,2024-07-18,2024-08-21,2024-07,154,2650.12,12.99,2663.11,17.2086,0.0844,0.4902,10,34,,5,True
9625,WESTERN SPIRITS BEVERAGE CO,11122,2024-07-08,2024-07-18,2024-08-21,2024-07,1392,6048.21,29.03,6077.24,4.345,0.0209,0.48,10,34,,26,True
1655,FABRIZIA SPIRITS LLC,10923,2024-06-26,2024-07-19,2024-08-21,2024-07,824,11445.3,59.52,11504.82,13.8899,0.0722,0.52,23,33,,8,True
90058,ZORVINO VINEYARDS,10935,2024-06-26,2024-07-19,2024-08-20,2024-07,166,1337.6,6.02,1343.62,8.0578,0.0363,0.4501,23,32,,6,True
3924,HEAVEN HILL DISTILLERIES,10937,2024-06-27,2024-07-19,2024-08-22,2024-07,9659,83282.45,399.76,83682.21,8.6223,0.0414,0.48,22,34,,69,True
8352,LUXCO INC,10939,2024-06-27,2024-07-19,2024-08-13,2024-07,5981,48170.54,226.4,48396.94,8.0539,0.0379,0.47,22,25,,69,True
9815,WINE GROUP INC,10950,2024-06-27,2024-07-19,2024-08-18,2024-07,22903,129304.48,607.73,129912.21,5.6457,0.0265,0.47,22,30,,215,True
200,AMERICAN SPIRITS EXCHANGE,10951,2024-06-28,2024-07-19,2024-08-23,2024-07,12,116.76,0.55,117.31,9.73,0.0458,0.4711,21,35,,3,True
4950,LATITUDE BEVERAGE COMPANY,10956,2024-06-28,2024-07-19,2024-08-18,2024-07,1050,6284.56,28.91,6313.47,5.9853,0.0275,0.46,21,30,,45,True
8150,SEA HAGG DISTILLERY LLC,10961,2024-06-28,2024-07-19,2024-08-18,2024-07,161,1729.01,7.95,1736.96,10.7392,0.0494,0.4598,21,30,,9,True
9260,TY KU LLC,10966,2024-06-28,2024-07-19,2024-08-23,2024-07,82,818.83,3.93,822.76,9.9857,0.0479,0.48,21,35,,7,True
90024,VINILANDIA USA,10967,2024-06-28,2024-07-19,2024-08-15,2024-07,1504,12630.64,65.68,12696.32,8.398,0.0437,0.52,21,27,,206,True
3089,SIDNEY FRANK IMPORTING CO,11020,2024-07-01,2024-07-19,2024-08-16,2024-07,4071,42308.52,207.31,42515.83,10.3927,0.0509,0.49,18,28,,13,True
8920,TAKARA SAKE USA INC,11021,2024-07-01,2024-07-19,2024-08-11,2024-07,225,1187.63,6.53,1194.16,5.2784,0.029,0.5498,18,23,,3,True
9744,FREDERICK WILDMAN & SONS,11030,2024-07-03,2024-07-19,2024-09-01,2024-07,954,10194.4,49.95,10244.35,10.686,0.0524,0.49,16,44,,149,True
173357,TAMWORTH DISTILLING,11043,2024-07-03,2024-07-19,2024-09-04,2024-07,45,871.65,4.1,875.75,19.37,0.0911,0.4704,16,47,,4,True
90011,FORTUNE WINE BROKERS LLC,11049,2024-07-04,2024-07-19,2024-09-03,2024-07,154,1273.62,5.99,1279.61,8.2703,0.0389,0.4703,15,46,,62,True
3950,"HOOD RIVER DISTILLERS, Inc.",11076,2024-07-05,2024-07-19,2024-08-25,2024-07,12,212.52,1.06,213.58,17.71,0.0883,0.4988,14,37,,7,True
4466,AMERICAN VINTAGE BEVERAGE,11085,2024-07-06,2024-07-19,2024-09-04,2024-07,601,5883.09,31.18,5914.27,9.7888,0.0519,0.53,13,47,,3,True
12546,JIM BEAM BRANDS COMPANY,11099,2024-07-07,2024-07-19,2024-08-31,2024-07,62128,535530.63,2731.21,538261.84,8.6198,0.044,0.51,12,43,Frank Delahunt,415,True
6830,PARK STREET IMPORTS LLC,11102,2024-07-07,2024-07-19,2024-08-20,2024-07,31,384.4,2.11,386.51,12.4,0.0681,0.5489,12,32,,12,True
7255,PSP WINES,11104,2024-07-07,2024-07-19,2024-08-21,2024-07,524,3819.66,20.63,3840.29,7.2894,0.0394,0.5401,12,33,,32,True
3664,WILLIAM GRANT & SONS INC,11107,2024-07-07,2024-07-19,2024-08-24,2024-07,7372,124021.75,632.51,124654.26,16.8234,0.0858,0.51,12,36,,85,True
2242,DELICATO VINEYARDS INC,11027,2024-07-03,2024-07-20,2024-08-28,2024-07,2367,19242.38,101.98,19344.36,8.1294,0.0431,0.53,17,39,,96,True
1601,VRANKEN AMERICA,11045,2024-07-03,2024-07-20,2024-08-22,2024-07,256,2612.92,12.28,2625.2,10.2067,0.048,0.47,17,33,,21,True
2000,SOUTHERN WINE & SPIRITS NE,11060,2024-07-04,2024-07-20,2024-08-29,2024-07,7350,62816.14,301.52,63117.66,8.5464,0.041,0.48,16,40,,417,True
516,BANFI PRODUCTS CORP,11068,2024-07-05,2024-07-20,2024-08-19,2024-07,3989,26786.41,141.97,26928.38,6.7151,0.0356,0.53,15,30,,149,True
17037,Dunn Wine Brokers,11073,2024-07-05,2024-07-20,2024-09-03,2024-07,47,554.76,2.5,557.26,11.8034,0.0532,0.4506,15,45,,35,True
3089,SIDNEY FRANK IMPORTING CO,11081,2024-07-05,2024-07-20,2024-08-21,2024-07,2457,25991.72,129.96,26121.68,10.5786,0.0529,0.5,15,32,,13,True
12331,STELLAR IMPORTING CO LLC,11083,2024-07-05,2024-07-20,2024-08-27,2024-07,72,422.88,2.03,424.91,5.8733,0.0282,0.48,15,38,,19,True
8664,"STOLI GROUP,(USA) LLC",11084,2024-07-05,2024-07-20,2024-08-19,2024-07,13265,88793.21,479.48,89272.69,6.6938,0.0361,0.54,15,30,,48,True
287,APPOLO VINEYARDS LLC,11093,2024-07-07,2024-07-20,2024-09-02,2024-07,24,251.28,1.33,252.61,10.47,0.0554,0.5293,13,44,,2,True
60,ADAMBA IMPORTS INTL INC,11108,2024-07-08,2024-07-20,2024-08-22,2024-07,105,1650.39,7.92,1658.31,15.718,0.0754,0.4799,12,33,,3,True
90046,CANDIA VINEYARDS,11110,2024-07-08,2024-07-20,2024-08-22,2024-07,36,474.0,2.37,476.37,13.1667,0.0658,0.5,12,33,,5,True
8150,SEA HAGG DISTILLERY LLC,11117,2024-07-08,2024-07-20,2024-08-21,2024-07,703,7550.38,37.0,7587.38,10.7402,0.0526,0.49,12,32,,9,True
90024,VINILANDIA USA,11121,2024-07-08,2024-07-20,2024-08-25,2024-07,1431,12727.34,70.0,12797.34,8.894,0.0489,0.55,12,36,,206,True
8735,SURVILLE ENTERPRISES CORP,11041,2024-07-03,2024-07-21,2024-08-21,2024-07,100,1078.78,5.83,1084.61,10.7878,0.0583,0.5404,18,31,,22,True
7153,PINE STATE TRADING CO,11058,2024-07-04,2024-07-21,2024-08-20,2024-07,7928,56224.45,275.5,56499.95,7.0919,0.0348,0.49,17,30,,480,True
98450,Serralles Usa LLC,11080,2024-07-05,2024-07-21,2024-08-19,2024-07,129,1972.9,10.46,1983.36,15.2938,0.0811,0.5302,16,29,,16,True
4692,KOBRAND CORPORATION,11087,2024-07-06,2024-07-21,2024-08-22,2024-07,2011,22084.7,108.22,22192.92,10.9819,0.0538,0.49,15,32,,242,True
90057,WALPOLE MTN VIEW WINERY,11092,2024-07-06,2024-07-21,2024-08-31,2024-07,12,127.08,0.64,127.72,10.59,0.0533,0.5036,15,41,,3,True
8112,MOET HENNESSY USA INC,11101,2024-07-07,2024-07-21,2024-08-29,2024-07,9265,215145.84,1054.21,216200.05,23.2214,0.1138,0.49,14,39,,129,True
90010,VINEXTRA INC,11105,2024-07-07,2024-07-21,2024-08-19,2024-07,196,2050.92,9.84,2060.76,10.4639,0.0502,0.4798,14,29,,47,True
9206,PHILLIPS PRODUCTS CO.,11116,2024-07-08,2024-07-21,2024-08-29,2024-07,675,8423.52,44.64,8468.16,12.4793,0.0661,0.5299,13,39,,33,True
4848,LAIRD & CO,11033,2024-07-03,2024-07-22,2024-09-01,2024-07,234,1850.69,9.25,1859.94,7.9089,0.0395,0.4998,19,41,,16,True
6213,MHW LTD,11034,2024-07-03,2024-07-22,2024-08-27,2024-07,4243,43667.5,209.6,43877.1,10.2917,0.0494,0.48,19,36,,96,True
10754,PERFECTA WINES,11035,2024-07-03,2024-07-22,2024-08-18,2024-07,8602,76370.42,366.58,76737.0,8.8782,0.0426,0.48,19,27,,897,True
10050,Russian Standard Vodka,11037,2024-07-03,2024-07-22,2024-08-23,2024-07,89,1334.56,7.34,1341.9,14.9951,0.0825,0.55,19,32,,13,True
8352,LUXCO INC,11051,2024-07-04,2024-07-22,2024-08-18,2024-07,10544,57427.18,304.36,57731.54,5.4464,0.0289,0.53,18,27,,69,True
6785,PALM BAY INTERNATIONAL INC,11057,2024-07-04,2024-07-22,2024-08-27,2024-07,6997,51599.53,263.16,51862.69,7.3745,0.0376,0.51,18,36,,174,True
4380,CHARLES JACQUIN ET CIE INC,11070,2024-07-05,2024-07-22,2024-08-27,2024-07,1283,8088.02,42.06,8130.08,6.304,0.0328,0.52,17,36,,15,True
3924,HEAVEN HILL DISTILLERIES,11086,2024-07-06,2024-07-22,2024-09-03,2024-07,7283,64135.72,352.75,64488.47,8.8062,0.0484,0.55,16,43,,69,True
7245,PROXIMO SPIRITS INC.,11088,2024-07-06,2024-07-22,2024-08-27,2024-07,14386,159552.53,717.99,160270.52,11.0908,0.0499,0.45,16,36,,114,True
17035,PERNOD RICARD USA,11103,2024-07-07,2024-07-22,2024-08-27,2024-07,36696,537701.76,2742.28,540444.04,14.6529,0.0747,0.51,15,36,Frank Delahunt,277,True
9622,WEIN BAUER INC,11106,2024-07-07,2024-07-22,2024-08-26,2024-07,41,782.28,3.91,786.19,19.08,0.0954,0.4998,15,35,,6,True
1128,BROWN-FORMAN CORP,11109,2024-07-08,2024-07-22,2024-09-01,2024-07,20354,320836.08,1540.01,322376.09,15.7628,0.0757,0.48,14,41,Frank Delahunt,142,True
9552,M S WALKER INC,11114,2024-07-08,2024-07-22,2024-08-29,2024-07,26334,210638.01,1116.38,211754.39,7.9987,0.0424,0.53,14,38,,960,True
9819,TREASURY WINE ESTATES,11118,2024-07-08,2024-07-22,2024-08-22,2024-07,9082,51622.89,283.93,51906.82,5.6841,0.0313,0.55,14,31,,111,True
17032,JEWELL TOWNE VINEYARDS,11031,2024-07-03,2024-07-23,2024-08-22,2024-07,104,805.7,4.11,809.81,7.7471,0.0395,0.5101,20,30,,7,True
8673,STE MICHELLE WINE ESTATES,11040,2024-07-03,2024-07-23,2024-08-20,2024-07,8184,58835.9,311.83,59147.73,7.1891,0.0381,0.53,20,28,,144,True
1273,CALEDONIA SPIRITS INC,11046,2024-07-04,2024-07-23,2024-08-22,2024-07,136,4019.66,20.9,4040.56,29.5563,0.1537,0.5199,19,30,,5,True
1655,FABRIZIA SPIRITS LLC,11048,2024-07-04,2024-07-23,2024-08-21,2024-07,537,7384.02,33.23,7417.25,13.7505,0.0619,0.45,19,29,,8,True
4950,LATITUDE BEVERAGE COMPANY,11050,2024-07-04,2024-07-23,2024-08-18,2024-07,551,3391.64,18.31,3409.95,6.1554,0.0332,0.5399,19,26,,45,True
5992,MCCORMICK DISTILLING CO,11054,2024-07-04,2024-07-23,2024-08-30,2024-07,538,8295.51,39.82,8335.33,15.4192,0.074,0.48,19,38,,35,True
6359,OLE SMOKY DISTILLERY LLC,11056,2024-07-04,2024-07-23,2024-08-24,2024-07,221,3181.44,15.27,3196.71,14.3957,0.0691,0.48,19,32,,18,True
7154,PREMIER DISTRIBUTORS,11059,2024-07-04,2024-07-23,2024-08-18,2024-07,53,794.29,3.65,797.94,14.9866,0.0689,0.4595,19,26,,7,True
9260,TY KU LLC,11064,2024-07-04,2024-07-23,2024-08-31,2024-07,12,227.16,1.16,228.32,18.93,0.0967,0.5107,19,39,,7,True
5270,MANGO BOTTLING INC,11077,2024-07-05,2024-07-23,2024-09-03,2024-07,193,1494.84,6.73,1501.57,7.7453,0.0349,0.4502,18,42,,6,True
7239,REMY COINTREAU USA INC,11078,2024-07-05,2024-07-23,2024-08-21,2024-07,3877,91228.09,437.89,91665.98,23.5306,0.1129,0.48,18,29,,45,True
1587,VINEYARD BRANDS INC,11120,2024-07-08,2024-07-23,2024-08-27,2024-07,3810,27273.42,130.91,27404.33,7.1584,0.0344,0.48,15,35,,87,True
4550,KLIN SPIRITS LLC,11032,2024-07-03,2024-07-24,2024-08-22,2024-07,77,1259.93,6.55,1266.48,16.3627,0.0851,0.5199,21,29,,4,True
1485,CASTLE BRANDS CORP.,11047,2024-07-04,2024-07-24,2024-09-03,2024-07,2077,32202.12,177.11,32379.23,15.5042,0.0853,0.55,20,41,,29,True
90058,ZORVINO VINEYARDS,11066,2024-07-04,2024-07-24,2024-08-24,2024-07,234,1958.71,10.77,1969.48,8.3706,0.046,0.5499,20,31,,6,True
480,BACARDI USA INC,11067,2024-07-05,2024-07-24,2024-08-24,2024-07,48407,653537.89,3071.63,656609.52,13.5009,0.0635,0.47,19,31,Frank Delahunt,184,True
660,SAZERAC NORTH AMERICA INC.,11079,2024-07-05,2024-07-24,2024-08-30,2024-07,8810,65212.54,358.67,65571.21,7.4021,0.0407,0.55,19,37,,84,True
17033,SEA BREEZE CELLARS LLC,11089,2024-07-06,2024-07-24,2024-08-31,2024-07,94,780.18,3.51,783.69,8.2998,0.0373,0.4499,18,38,,16,True
1189,BULLY BOY DISTILLERS,11094,2024-07-07,2024-07-24,2024-08-28,2024-07,109,2378.13,12.6,2390.73,21.8177,0.1156,0.5298,17,35,,6,True
2555,DISARONNO INTERNATIONAL LLC,11095,2024-07-07,2024-07-24,2024-09-01,2024-07,1432,16230.78,84.4,16315.18,11.3343,0.0589,0.52,17,39,,12,True
8892,TRINCHERO FAMILY ESTATES,11119,2024-07-08,2024-07-24,2024-09-04,2024-07,5849,38085.47,198.04,38283.51,6.5114,0.0339,0.52,16,42,,153,True
388,ATLANTIC IMPORTING COMPANY,11024,2024-07-03,2024-07-25,2024-08-20,2024-07,183,3901.56,18.34,3919.9,21.32,0.1002,0.4701,22,26,,3,True
8004,SAZERAC CO INC,11038,2024-07-03,2024-07-25,2024-09-03,2024-07,26674,194193.14,932.13,195125.27,7.2802,0.0349,0.48,22,40,,138,True
28750,SMOKY QUARTZ DISTILLERY LLC,11039,2024-07-03,2024-07-25,2024-08-29,2024-07,48,1057.32,5.82,1063.14,22.0275,0.1213,0.5504,22,35,,4,True
8920,TAKARA SAKE USA INC,11042,2024-07-03,2024-07-25,2024-08-20,2024-07,88,397.56,2.15,399.71,4.5177,0.0244,0.5408,22,26,,3,True
9165,ULTRA BEVERAGE COMPANY LLP,11044,2024-07-03,2024-07-25,2024-08-22,2024-07,19967,243271.98,1167.71,244439.69,12.1837,0.0585,0.48,22,28,,965,True
4425,MARTIGNETTI COMPANIES,11053,2024-07-04,2024-07-25,2024-08-22,2024-07,49694,510295.52,2806.63,513102.15,10.2688,0.0565,0.55,21,28,Frank Delahunt,1639,True
90056,SWEET BABY VINEYARD,11061,2024-07-04,2024-07-25,2024-09-04,2024-07,560,4723.73,22.67,4746.4,8.4352,0.0405,0.4799,21,41,,4,True
90017,THE IMPORTED GRAPE LLC,11063,2024-07-04,2024-07-25,2024-08-27,2024-07,63,428.19,2.1,430.29,6.7967,0.0333,0.4904,21,33,,40,True
9815,WINE GROUP INC,11065,2024-07-04,2024-07-25,2024-09-02,2024-07,16237,93843.14,441.06,94284.2,5.7796,0.0272,0.47,21,39,,215,True
17031,FLAG HILL WINERY & VINEYARD,11075,2024-07-05,2024-07-25,2024-08-21,2024-07,296,3570.15,17.14,3587.29,12.0613,0.0579,0.4801,20,27,,19,True
8320,SHAW ROSS INT L IMP LTD,11090,2024-07-06,2024-07-25,2024-08-18,2024-07,1172,10420.53,48.98,10469.51,8.8912,0.0418,0.47,19,24,,38,True
172662,SWEETWATER FARM,11091,2024-07-06,2024-07-25,2024-08-31,2024-07,18,375.36,1.91,377.27,20.8533,0.1061,0.5088,19,37,,5,True
2450,DJINN SPIRITS LLC,11096,2024-07-07,2024-07-25,2024-08-31,2024-07,23,478.58,2.25,480.83,20.8078,0.0978,0.4701,18,37,,6,True
90053,INCREDIBREW INC,11098,2024-07-07,2024-07-25,2024-08-20,2024-07,36,312.48,1.5,313.98,8.68,0.0417,0.48,18,26,,4,True
5455,MARSALLE COMPANY,11100,2024-07-07,2024-07-25,2024-08-31,2024-07,48,1443.34,7.65,1450.99,30.0696,0.1594,0.53,18,37,,10,True
1265,BLACK ROCK SPIRITS LLC,11123,2024-07-10,2024-07-25,2024-09-10,2024-07,6,84.3,0.44,84.74,14.05,0.0733,0.5219,15,47,,1,True
5455,MARSALLE COMPANY,11131,2024-07-10,2024-07-25,2024-09-04,2024-07,153,3968.04,20.24,3988.28,25.9349,0.1323,0.5101,15,41,,10,True
7153,PINE STATE TRADING CO,11147,2024-07-11,2024-07-25,2024-08-31,2024-07,8064,58949.66,318.33,59267.99,7.3102,0.0395,0.54,14,37,,480,True
17033,SEA BREEZE CELLARS LLC,11148,2024-07-11,2024-07-25,2024-09-10,2024-07,276,10825.89,49.8,10875.69,39.2242,0.1804,0.46,14,47,,16,True
1392,CONSTELLATION BRANDS INC,11156,2024-07-12,2024-07-25,2024-09-04,2024-07,42268,298100.24,1490.5,299590.74,7.0526,0.0353,0.5,13,41,Frank Delahunt,481,True
3950,"HOOD RIVER DISTILLERS, Inc.",11161,2024-07-12,2024-07-25,2024-08-30,2024-07,35,677.93,3.66,681.59,19.3694,0.1046,0.5399,13,36,,7,True
388,ATLANTIC IMPORTING COMPANY,11171,2024-07-13,2024-07-25,2024-09-05,2024-07,19,405.08,1.86,406.94,21.32,0.0979,0.4592,12,42,,3,True
8735,SURVILLE ENTERPRISES CORP,11182,2024-07-13,2024-07-25,2024-08-27,2024-07,255,2242.68,11.66,2254.34,8.7948,0.0457,0.5199,12,33,,22,True
11567,CAMPARI AMERICA,11190,2024-07-14,2024-07-25,2024-08-25,2024-07,13069,94410.55,490.93,94901.48,7.224,0.0376,0.52,11,31,,74,True
9625,WESTERN SPIRITS BEVERAGE CO,11207,2024-07-14,2024-07-25,2024-08-26,2024-07,1194,5749.24,28.17,5777.41,4.8151,0.0236,0.49,11,32,,26,True
12546,JIM BEAM BRANDS COMPANY,11211,2024-07-15,2024-07-25,2024-08-26,2024-07,65963,577661.34,2657.24,580318.58,8.7574,0.0403,0.46,10,32,Frank Delahunt,415,True
172662,SWEETWATER FARM,11222,2024-07-15,2024-07-25,2024-09-02,2024-07,34,757.59,3.56,761.15,22.2821,0.1047,0.4699,10,39,,5,True
2396,BLACK PRINCE DISTILLERY INC,11025,2024-07-03,2024-07-26,2024-09-03,2024-07,12,52.08,0.26,52.34,4.34,0.0217,0.4992,23,39,,10,True
3960,DIAGEO NORTH AMERICA INC,11028,2024-07-03,2024-07-26,2024-08-18,2024-07,131032,1160975.84,6269.27,1167245.11,8.8602,0.0478,0.54,23,23,Frank Delahunt,449,True
10000,MAJESTIC FINE WINES,11052,2024-07-04,2024-07-26,2024-08-25,2024-07,9612,73808.21,383.8,74192.01,7.6788,0.0399,0.52,22,30,,40,True
28776,TALL SHIP DISTILLERY LLC,11062,2024-07-04,2024-07-26,2024-08-25,2024-07,35,747.63,4.11,751.74,21.3609,0.1174,0.5497,22,30,,4,True
11567,CAMPARI AMERICA,11069,2024-07-05,2024-07-26,2024-09-02,2024-07,12445,80381.5,369.75,80751.25,6.4589,0.0297,0.46,21,38,,74,True
90032,LABELLE VYDS AND WINERY,11113,2024-07-08,2024-07-26,2024-09-03,2024-07,185,1991.07,10.75,2001.82,10.7625,0.0581,0.5399,18,39,,10,True
6215,MOONLIGHT MEADERY,11115,2024-07-08,2024-07-26,2024-08-25,2024-07,143,1271.2,5.97,1277.17,8.8895,0.0417,0.4696,18,30,,7,True
17037,Dunn Wine Brokers,11127,2024-07-10,2024-07-26,2024-08-25,2024-07,36,457.56,2.2,459.76,12.71,0.0611,0.4808,16,30,,35,True
2496,DUGGANS DISTILLED PRODUCTS,11141,2024-07-11,2024-07-26,2024-08-27,2024-07,101,1662.35,7.48,1669.83,16.4589,0.0741,0.45,15,32,,5,True
9744,FREDERICK WILDMAN & SONS,11142,2024-07-11,2024-07-26,2024-08-28,2024-07,832,9209.65,50.65,9260.3,11.0693,0.0609,0.55,15,33,,149,True
1485,CASTLE BRANDS CORP.,11155,2024-07-12,2024-07-26,2024-09-04,2024-07,2091,29854.29,158.23,30012.52,14.2775,0.0757,0.53,14,40,,29,True
2242,DELICATO VINEYARDS INC,11158,2024-07-12,2024-07-26,2024-09-11,2024-07,2578,20591.87,109.14,20701.01,7.9875,0.0423,0.53,14,47,,96,True
10000,MAJESTIC FINE WINES,11165,2024-07-12,2024-07-26,2024-08-28,2024-07,10116,77389.32,363.73,77753.05,7.6502,0.036,0.47,14,33,,40,True
6359,OLE SMOKY DISTILLERY LLC,11175,2024-07-13,2024-07-26,2024-08-29,2024-07,15233,26093.01,117.42,26210.43,1.7129,0.0077,0.45,13,34,,18,True
2000,SOUTHERN WINE & SPIRITS NE,11181,2024-07-13,2024-07-26,2024-08-26,2024-07,7310,63895.57,293.92,64189.49,8.7408,0.0402,0.46,13,31,,417,True
4466,AMERICAN VINTAGE BEVERAGE,11187,2024-07-14,2024-07-26,2024-08-26,2024-07,1535,15406.69,77.03,15483.72,10.0369,0.0502,0.5,12,31,,3,True
653,STATE WINE & SPIRITS,11202,2024-07-14,2024-07-26,2024-08-30,2024-07,2525,25550.9,125.2,25676.1,10.1192,0.0496,0.49,12,35,,258,True
8352,LUXCO INC,11130,2024-07-10,2024-07-27,2024-08-26,2024-07,5124,54370.86,282.73,54653.59,10.611,0.0552,0.52,17,30,,69,True
1601,VRANKEN AMERICA,11137,2024-07-10,2024-07-27,2024-09-11,2024-07,127,1660.6,7.97,1668.57,13.0756,0.0628,0.4799,17,46,,21,True
9815,WINE GROUP INC,11138,2024-07-10,2024-07-27,2024-09-04,2024-07,16399,96522.11,530.87,97052.98,5.8859,0.0324,0.55,17,39,,215,True
2396,BLACK PRINCE DISTILLERY INC,11139,2024-07-11,2024-07-27,2024-08-29,2024-07,12,52.08,0.23,52.31,4.34,0.0192,0.4416,16,33,,10,True
90047,CRUSH WINES,11157,2024-07-12,2024-07-27,2024-09-10,2024-07,465,5100.53,28.05,5128.58,10.9689,0.0603,0.5499,15,45,,165,True
4550,KLIN SPIRITS LLC,11162,2024-07-12,2024-07-27,2024-08-28,2024-07,234,3530.03,18.36,3548.39,15.0856,0.0785,0.5201,15,32,,4,True
90032,LABELLE VYDS AND WINERY,11163,2024-07-12,2024-07-27,2024-08-30,2024-07,153,1717.2,9.27,1726.47,11.2235,0.0606,0.5398,15,34,,10,True
7255,PSP WINES,11178,2024-07-13,2024-07-27,2024-09-07,2024-07,222,1677.03,8.72,1685.75,7.5542,0.0393,0.52,14,42,,32,True
9819,TREASURY WINE ESTATES,11183,2024-07-13,2024-07-27,2024-08-27,2024-07,10784,58177.57,261.8,58439.37,5.3948,0.0243,0.45,14,31,,111,True
1655,FABRIZIA SPIRITS LLC,11194,2024-07-14,2024-07-27,2024-08-30,2024-07,373,5330.49,25.59,5356.08,14.2909,0.0686,0.4801,13,34,,8,True
28776,TALL SHIP DISTILLERY LLC,11203,2024-07-14,2024-07-27,2024-09-01,2024-07,456,10159.08,54.86,10213.94,22.2787,0.1203,0.54,13,36,,4,True
8004,SAZERAC CO INC,11218,2024-07-15,2024-07-27,2024-09-10,2024-07,30632,224134.2,1075.84,225210.04,7.317,0.0351,0.48,12,45,,138,True
8150,SEA HAGG DISTILLERY LLC,11219,2024-07-15,2024-07-27,2024-09-11,2024-07,595,9474.84,45.48,9520.32,15.9241,0.0764,0.48,12,46,,9,True
2876,CENTEUR IMPORTS LLC,11140,2024-07-11,2024-07-28,2024-09-09,2024-07,6,52.68,0.28,52.96,8.78,0.0467,0.5315,17,43,,11,True
90056,SWEET BABY VINEYARD,11152,2024-07-11,2024-07-28,2024-08-31,2024-07,351,2938.76,14.4,2953.16,8.3725,0.041,0.49,17,34,,4,True
3664,WILLIAM GRANT & SONS INC,11153,2024-07-11,2024-07-28,2024-09-10,2024-07,8512,151872.49,835.3,152707.79,17.8422,0.0981,0.55,17,44,,85,True
90052,HAUNTING WHISPER VYDS,11160,2024-07-12,2024-07-28,2024-09-02,2024-07,12,99.24,0.48,99.72,8.27,0.04,0.4837,16,36,,2,True
60,ADAMBA IMPORTS INTL INC,11169,2024-07-13,2024-07-28,2024-09-02,2024-07,161,2619.47,11.79,2631.26,16.27,0.0732,0.4501,15,36,,3,True
7154,PREMIER DISTRIBUTORS,11177,2024-07-13,2024-07-28,2024-09-11,2024-07,92,1356.0,7.46,1363.46,14.7391,0.0811,0.5501,15,45,,7,True
90010,VINEXTRA INC,11186,2024-07-13,2024-07-28,2024-09-06,2024-07,194,2028.77,10.14,2038.91,10.4576,0.0523,0.4998,15,40,,47,True
2555,DISARONNO INTERNATIONAL LLC,11192,2024-07-14,2024-07-28,2024-08-28,2024-07,1719,22720.62,115.88,22836.5,13.2173,0.0674,0.51,14,31,,12,True
2450,DJINN SPIRITS LLC,11193,2024-07-14,2024-07-28,2024-09-09,2024-07,18,424.8,2.0,426.8,23.6,0.1111,0.4708,14,43,,6,True
4692,KOBRAND CORPORATION,11196,2024-07-14,2024-07-28,2024-08-31,2024-07,2214,25950.99,121.97,26072.96,11.7213,0.0551,0.47,14,34,,242,True
90057,WALPOLE MTN VIEW WINERY,11206,2024-07-14,2024-07-28,2024-08-31,2024-07,36,410.28,1.89,412.17,11.3967,0.0525,0.4607,14,34,,3,True
12331,STELLAR IMPORTING CO LLC,11221,2024-07-15,2024-07-28,2024-09-04,2024-07,36,220.56,1.12,221.68,6.1267,0.0311,0.5078,13,38,,19,True
9622,WEIN BAUER INC,11225,2024-07-15,2024-07-28,2024-08-28,2024-07,49,934.92,4.96,939.88,19.08,0.1012,0.5305,13,31,,6,True
4950,LATITUDE BEVERAGE COMPANY,11129,2024-07-10,2024-07-29,2024-09-05,2024-07,727,4400.44,21.12,4421.56,6.0529,0.0291,0.48,19,38,,45,True
9552,M S WALKER INC,11145,2024-07-11,2024-07-29,2024-09-09,2024-07,28481,252879.8,1188.54,254068.34,8.8789,0.0417,0.47,18,42,Frank Delahunt,960,True
8320,SHAW ROSS INT L IMP LTD,11149,2024-07-11,2024-07-29,2024-09-07,2024-07,1537,13651.94,66.89,13718.83,8.8822,0.0435,0.49,18,40,,38,True
8664,"STOLI GROUP,(USA) LLC",11151,2024-07-11,2024-07-29,2024-08-25,2024-07,19790,97707.68,498.31,98205.99,4.9372,0.0252,0.51,18,27,,48,True
4848,LAIRD & CO,11164,2024-07-12,2024-07-29,2024-08-26,2024-07,314,2176.35,9.79,2186.14,6.9311,0.0312,0.4498,17,28,,16,True
4425,MARTIGNETTI COMPANIES,11166,2024-07-12,2024-07-29,2024-09-10,2024-07,57397,668569.28,3677.13,672246.41,11.6482,0.0641,0.55,17,43,Frank Delahunt,1639,True
105,ALTAMAR BRANDS LLC,11170,2024-07-13,2024-07-29,2024-08-27,2024-07,6,214.26,1.05,215.31,35.71,0.175,0.4901,16,29,,3,True
6785,PALM BAY INTERNATIONAL INC,11199,2024-07-14,2024-07-29,2024-08-26,2024-07,7007,50368.54,271.99,50640.53,7.1883,0.0388,0.54,15,28,,174,True
5992,MCCORMICK DISTILLING CO,11213,2024-07-15,2024-07-29,2024-09-09,2024-07,794,7135.19,34.96,7170.15,8.9864,0.044,0.49,14,42,,35,True
10754,PERFECTA WINES,11214,2024-07-15,2024-07-29,2024-09-07,2024-07,10015,114631.82,538.77,115170.59,11.446,0.0538,0.47,14,40,,897,True
90024,VINILANDIA USA,11224,2024-07-15,2024-07-29,2024-08-25,2024-07,1491,13237.18,67.51,13304.69,8.8781,0.0453,0.51,14,27,,206,True
4380,CHARLES JACQUIN ET CIE INC,11125,2024-07-10,2024-07-30,2024-09-07,2024-07,2022,6500.99,31.2,6532.19,3.2151,0.0154,0.4799,20,39,,15,True
1650,Circa Wines,11126,2024-07-10,2024-07-30,2024-09-03,2024-07,111,1160.91,5.69,1166.6,10.4586,0.0513,0.4901,20,35,,74,True
8920,TAKARA SAKE USA INC,11134,2024-07-10,2024-07-30,2024-08-29,2024-07,218,1104.06,5.19,1109.25,5.0645,0.0238,0.4701,20,30,,3,True
90017,THE IMPORTED GRAPE LLC,11135,2024-07-10,2024-07-30,2024-09-10,2024-07,60,357.72,1.97,359.69,5.962,0.0328,0.5507,20,42,,40,True
9165,ULTRA BEVERAGE COMPANY LLP,11185,2024-07-13,2024-07-30,2024-08-30,2024-07,19189,242463.37,1285.06,243748.43,12.6355,0.067,0.53,17,31,,965,True
6215,MOONLIGHT MEADERY,11198,2024-07-14,2024-07-30,2024-09-10,2024-07,84,764.88,3.59,768.47,9.1057,0.0427,0.4694,16,42,,7,True
17035,PERNOD RICARD USA,11200,2024-07-14,2024-07-30,2024-08-26,2024-07,45664,713452.81,3781.3,717234.11,15.624,0.0828,0.53,16,27,Frank Delahunt,277,True
7240,"PREMIUM PORT WINES, INC.",11215,2024-07-15,2024-07-30,2024-08-27,2024-07,129,909.33,4.64,913.97,7.0491,0.036,0.5103,15,28,,3,True
1587,VINEYARD BRANDS INC,11223,2024-07-15,2024-07-30,2024-08-29,2024-07,4465,29692.26,145.49,29837.75,6.65,0.0326,0.49,15,30,,87,True
3252,E & J GALLO WINERY,11128,2024-07-10,2024-07-31,2024-08-29,2024-07,32713,245491.6,1227.46,246719.06,7.5044,0.0375,0.5,21,29,,527,True
9260,TY KU LLC,11136,2024-07-10,2024-07-31,2024-09-02,2024-07,18,216.78,1.19,217.97,12.0433,0.0661,0.5489,21,33,,7,True
90053,INCREDIBREW INC,11143,2024-07-11,2024-07-31,2024-08-29,2024-07,48,436.56,2.4,438.96,9.095,0.05,0.5498,20,29,,4,True
1590,DIAGEO CHATEAU ESTATE WINES,11159,2024-07-12,2024-07-31,2024-08-30,2024-07,2382,17576.07,80.85,17656.92,7.3787,0.0339,0.46,19,30,,117,True
6355,NICHE W & S,11167,2024-07-12,2024-07-31,2024-09-06,2024-07,86,1264.2,5.69,1269.89,14.7,0.0662,0.4501,19,37,,8,True
5612,MILTONS DISTRIBUTING CO,11174,2024-07-13,2024-07-31,2024-09-09,2024-07,12,69.6,0.35,69.95,5.8,0.0292,0.5029,18,40,,36,True
3089,SIDNEY FRANK IMPORTING CO,11180,2024-07-13,2024-07-31,2024-08-28,2024-07,4159,31152.64,161.99,31314.63,7.4904,0.0389,0.52,18,28,,13,True
8892,TRINCHERO FAMILY ESTATES,11184,2024-07-13,2024-07-31,2024-09-04,2024-07,5741,37798.2,170.09,37968.29,6.5839,0.0296,0.45,18,35,,153,True
1273,CALEDONIA SPIRITS INC,11189,2024-07-14,2024-07-31,2024-09-06,2024-07,187,5623.82,29.24,5653.06,30.0739,0.1564,0.5199,17,37,,5,True
173357,TAMWORTH DISTILLING,11204,2024-07-14,2024-07-31,2024-09-02,2024-07,60,1155.24,5.2,1160.44,19.254,0.0867,0.4501,17,33,,4,True
1189,BULLY BOY DISTILLERS,11209,2024-07-15,2024-07-31,2024-08-29,2024-07,73,1632.69,7.35,1640.04,22.3656,0.1007,0.4502,16,29,,6,True
90011,FORTUNE WINE BROKERS LLC,11210,2024-07-15,2024-07-31,2024-09-08,2024-07,45,400.41,2.2,402.61,8.898,0.0489,0.5494,16,39,,62,True
5270,MANGO BOTTLING INC,11212,2024-07-15,2024-07-31,2024-09-09,2024-07,304,2340.61,12.64,2353.25,7.6994,0.0416,0.54,16,40,,6,True
7239,REMY COINTREAU USA INC,11217,2024-07-15,2024-07-31,2024-09-10,2024-07,3868,98523.37,492.62,99015.99,25.4714,0.1274,0.5,16,41,,45,True
28750,SMOKY QUARTZ DISTILLERY LLC,11220,2024-07-15,2024-07-31,2024-08-27,2024-07,61,1337.07,6.42,1343.49,21.9192,0.1052,0.4802,16,27,,4,True
90046,CANDIA VINEYARDS,11124,2024-07-10,2024-08-01,2024-08-26,2024-08,60,803.28,3.94,807.22,13.388,0.0657,0.4905,22,25,,5,True
6213,MHW LTD,11146,2024-07-11,2024-08-01,2024-09-11,2024-08,4207,53623.6,284.21,53907.81,12.7463,0.0676,0.53,21,41,,96,True
516,BANFI PRODUCTS CORP,11154,2024-07-12,2024-08-01,2024-09-10,2024-08,3275,23549.71,110.68,23660.39,7.1908,0.0338,0.47,20,40,,149,True
90058,ZORVINO VINEYARDS,11168,2024-07-12,2024-08-01,2024-08-27,2024-08,118,936.42,4.49,940.91,7.9358,0.0381,0.4795,20,26,,6,True
2561,EDRINGTON AMERICAS,11172,2024-07-13,2024-08-01,2024-09-02,2024-08,2494,78409.74,368.53,78778.27,31.4394,0.1478,0.47,19,32,,33,True
480,BACARDI USA INC,11188,2024-07-14,2024-08-01,2024-09-09,2024-08,58643,792646.81,3804.7,796451.51,13.5165,0.0649,0.48,18,39,Frank Delahunt,184,True
3960,DIAGEO NORTH AMERICA INC,11191,2024-07-14,2024-08-01,2024-09-07,2024-08,128861,1354087.31,7041.25,1361128.56,10.5081,0.0546,0.52,18,37,Frank Delahunt,449,True
3924,HEAVEN HILL DISTILLERIES,11195,2024-07-14,2024-08-01,2024-08-26,2024-08,8288,58685.05,269.95,58955.0,7.0807,0.0326,0.46,18,25,,69,True
8112,MOET HENNESSY USA INC,11197,2024-07-14,2024-08-01,2024-09-07,2024-08,11477,287964.7,1497.42,289462.12,25.0906,0.1305,0.52,18,37,Frank Delahunt,129,True
90037,THE PIERPONT GROUP LLC,11205,2024-07-14,2024-08-01,2024-09-06,2024-08,12,81.6,0.37,81.97,6.8,0.0308,0.4534,18,36,,13,True
12546,JIM BEAM BRANDS COMPANY,11227,2024-07-17,2024-08-01,2024-09-17,2024-08,56110,583377.57,3208.58,586586.15,10.397,0.0572,0.55,15,47,Frank Delahunt,415,True
8920,TAKARA SAKE USA INC,11242,2024-07-17,2024-08-01,2024-09-10,2024-08,126,565.62,3.05,568.67,4.489,0.0242,0.5392,15,40,,3,True
9165,ULTRA BEVERAGE COMPANY LLP,11256,2024-07-18,2024-08-01,2024-09-11,2024-08,27921,337361.83,1855.49,339217.32,12.0827,0.0665,0.55,14,41,Frank Delahunt,965,True
9625,WESTERN SPIRITS BEVERAGE CO,11258,2024-07-18,2024-08-01,2024-09-05,2024-08,1599,6917.12,35.97,6953.09,4.3259,0.0225,0.52,14,35,,26,True
1273,CALEDONIA SPIRITS INC,11265,2024-07-19,2024-08-01,2024-09-16,2024-08,194,5999.14,31.2,6030.34,30.9234,0.1608,0.5201,13,46,,5,True
1655,FABRIZIA SPIRITS LLC,11266,2024-07-19,2024-08-01,2024-09-08,2024-08,475,6524.53,29.36,6553.89,13.7359,0.0618,0.45,13,38,,8,True
9260,TY KU LLC,11275,2024-07-19,2024-08-01,2024-09-06,2024-08,42,370.62,1.7,372.32,8.8243,0.0405,0.4587,13,36,,7,True
17032,JEWELL TOWNE VINEYARDS,11286,2024-07-20,2024-08-01,2024-09-09,2024-08,120,932.04,5.13,937.17,7.767,0.0427,0.5504,12,39,,7,True
8320,SHAW ROSS INT L IMP LTD,11292,2024-07-20,2024-08-01,2024-09-12,2024-08,1265,12146.51,61.95,12208.46,9.602,0.049,0.51,12,42,,38,True
3089,SIDNEY FRANK IMPORTING CO,11306,2024-07-21,2024-08-01,2024-09-09,2024-08,3986,45672.38,219.23,45891.61,11.4582,0.055,0.48,11,39,,13,True
1128,BROWN-FORMAN CORP,11311,2024-07-22,2024-08-01,2024-09-08,2024-08,20014,305408.27,1527.04,306935.31,15.2597,0.0763,0.5,10,38,Frank Delahunt,142,True
1650,Circa Wines,11314,2024-07-22,2024-08-01,2024-09-16,2024-08,36,295.68,1.54,297.22,8.2133,0.0428,0.5208,10,46,,74,True
2496,DUGGANS DISTILLED PRODUCTS,11317,2024-07-22,2024-08-01,2024-09-16,2024-08,1263,14343.09,78.89,14421.98,11.3564,0.0625,0.55,10,46,,5,True
90057,WALPOLE MTN VIEW WINERY,11324,2024-07-22,2024-08-01,2024-09-12,2024-08,12,137.16,0.71,137.87,11.43,0.0592,0.5176,10,42,,3,True
10050,Russian Standard Vodka,11132,2024-07-10,2024-08-02,2024-09-09,2024-08,389,7666.3,42.16,7708.46,19.7077,0.1084,0.5499,23,38,,13,True
660,SAZERAC NORTH AMERICA INC.,11133,2024-07-10,2024-08-02,2024-08-29,2024-08,11314,81918.47,368.63,82287.1,7.2405,0.0326,0.45,23,27,,84,True
17032,JEWELL TOWNE VINEYARDS,11144,2024-07-11,2024-08-02,2024-09-07,2024-08,104,839.72,4.53,844.25,8.0742,0.0436,0.5395,22,36,,7,True
8673,STE MICHELLE WINE ESTATES,11150,2024-07-11,2024-08-02,2024-08-26,2024-08,7558,57104.57,314.08,57418.65,7.5555,0.0416,0.55,22,24,,144,True
17031,FLAG HILL WINERY & VINEYARD,11173,2024-07-13,2024-08-02,2024-08-27,2024-08,352,4771.75,21.95,4793.7,13.5561,0.0624,0.46,20,25,,19,True
6830,PARK STREET IMPORTS LLC,11176,2024-07-13,2024-08-02,2024-08-31,2024-08,17,210.8,1.1,211.9,12.4,0.0647,0.5218,20,29,,12,True
98450,Serralles Usa LLC,11179,2024-07-13,2024-08-02,2024-09-02,2024-08,223,3052.64,15.57,3068.21,13.689,0.0698,0.5101,20,31,,16,True
9206,PHILLIPS PRODUCTS CO.,11201,2024-07-14,2024-08-02,2024-08-25,2024-08,793,10420.46,47.93,10468.39,13.1406,0.0604,0.46,19,23,,33,True
1128,BROWN-FORMAN CORP,11208,2024-07-15,2024-08-02,2024-09-09,2024-08,21238,352950.75,1870.64,354821.39,16.6188,0.0881,0.53,18,38,Frank Delahunt,142,True
7245,PROXIMO SPIRITS INC.,11216,2024-07-15,2024-08-02,2024-08-29,2024-08,15751,182980.16,951.5,183931.66,11.6171,0.0604,0.52,18,27,,114,True
3924,HEAVEN HILL DISTILLERIES,11226,2024-07-17,2024-08-02,2024-09-03,2024-08,8641,69945.07,321.75,70266.82,8.0946,0.0372,0.46,16,32,,69,True
8352,LUXCO INC,11230,2024-07-17,2024-08-02,2024-09-05,2024-08,5185,53897.91,258.71,54156.62,10.395,0.0499,0.48,16,34,,69,True
653,STATE WINE & SPIRITS,11238,2024-07-17,2024-08-02,2024-09-13,2024-08,4133,38277.47,210.53,38488.0,9.2614,0.0509,0.55,16,42,,258,True
480,BACARDI USA INC,11262,2024-07-19,2024-08-02,2024-09-17,2024-08,49827,722550.39,3612.75,726163.14,14.5012,0.0725,0.5,14,46,Frank Delahunt,184,True
6215,MOONLIGHT MEADERY,11270,2024-07-19,2024-08-02,2024-09-05,2024-08,176,1559.5,8.27,1567.77,8.8608,0.047,0.5303,14,34,,7,True
9819,TREASURY WINE ESTATES,11295,2024-07-20,2024-08-02,2024-09-08,2024-08,22446,93562.17,449.1,94011.27,4.1683,0.02,0.48,13,37,,111,True
4425,MARTIGNETTI COMPANIES,11303,2024-07-21,2024-08-02,2024-09-18,2024-08,81428,799059.71,3755.58,802815.29,9.8131,0.0461,0.47,12,47,Frank Delahunt,1639,True
90046,CANDIA VINEYARDS,11312,2024-07-22,2024-08-02,2024-09-17,2024-08,36,367.2,2.02,369.22,10.2,0.0561,0.5501,11,46,,5,True
4550,KLIN SPIRITS LLC,11228,2024-07-17,2024-08-03,2024-09-16,2024-08,128,2031.82,10.97,2042.79,15.8736,0.0857,0.5399,17,44,,4,True
10000,MAJESTIC FINE WINES,11231,2024-07-17,2024-08-03,2024-09-15,2024-08,13061,95378.52,438.74,95817.26,7.3025,0.0336,0.46,17,43,,40,True
4466,AMERICAN VINTAGE BEVERAGE,11244,2024-07-18,2024-08-03,2024-09-04,2024-08,266,2888.22,15.31,2903.53,10.858,0.0576,0.5301,16,32,,3,True
28776,TALL SHIP DISTILLERY LLC,11255,2024-07-18,2024-08-03,2024-09-10,2024-08,60,1279.8,6.78,1286.58,21.33,0.113,0.5298,16,38,,4,True
9622,WEIN BAUER INC,11257,2024-07-18,2024-08-03,2024-09-17,2024-08,42,801.36,4.25,805.61,19.08,0.1012,0.5303,16,45,,6,True
3664,WILLIAM GRANT & SONS INC,11259,2024-07-18,2024-08-03,2024-09-05,2024-08,8201,158713.01,730.08,159443.09,19.3529,0.089,0.46,16,33,,85,True
6785,PALM BAY INTERNATIONAL INC,11271,2024-07-19,2024-08-03,2024-09-06,2024-08,10968,79500.55,389.55,79890.1,7.2484,0.0355,0.49,15,34,,174,True
17031,FLAG HILL WINERY & VINEYARD,11284,2024-07-20,2024-08-03,2024-09-04,2024-08,325,4066.13,22.36,4088.49,12.5112,0.0688,0.5499,14,32,,19,True
9552,M S WALKER INC,11287,2024-07-20,2024-08-03,2024-09-16,2024-08,33583,269547.07,1266.87,270813.94,8.0263,0.0377,0.47,14,44,Frank Delahunt,960,True
3960,DIAGEO NORTH AMERICA INC,11300,2024-07-21,2024-08-03,2024-09-14,2024-08,114609,1225680.18,6373.54,1232053.72,10.6944,0.0556,0.52,13,42,Frank Delahunt,449,True
2242,DELICATO VINEYARDS INC,11315,2024-07-22,2024-08-03,2024-09-04,2024-08,2678,22009.32,121.05,22130.37,8.2186,0.0452,0.55,12,32,,96,True
8004,SAZERAC CO INC,11320,2024-07-22,2024-08-03,2024-09-03,2024-08,28846,247726.52,1114.77,248841.29,8.5879,0.0386,0.45,12,31,,138,True
660,SAZERAC NORTH AMERICA INC.,11321,2024-07-22,2024-08-03,2024-09-16,2024-08,12028,87882.99,395.47,88278.46,7.3065,0.0329,0.45,12,44,,84,True
10754,PERFECTA WINES,11235,2024-07-17,2024-08-04,2024-09-09,2024-08,15829,140492.64,646.27,141138.91,8.8756,0.0408,0.46,18,36,,897,True
516,BANFI PRODUCTS CORP,11278,2024-07-20,2024-08-04,2024-09-13,2024-08,4115,28192.9,155.06,28347.96,6.8513,0.0377,0.55,15,40,,149,True
9744,FREDERICK WILDMAN & SONS,11285,2024-07-20,2024-08-04,2024-09-16,2024-08,865,10721.36,54.68,10776.04,12.3946,0.0632,0.51,15,43,,149,True
1003,BRONCO WINE COMPANY,11297,2024-07-21,2024-08-04,2024-09-16,2024-08,6,35.7,0.19,35.89,5.95,0.0317,0.5322,14,43,,8,True
105,ALTAMAR BRANDS LLC,11310,2024-07-22,2024-08-04,2024-09-14,2024-08,12,428.52,2.1,430.62,35.71,0.175,0.4901,13,41,,3,True
90024,VINILANDIA USA,11323,2024-07-22,2024-08-04,2024-09-05,2024-08,1121,10623.36,49.93,10673.29,9.4767,0.0445,0.47,13,32,,206,True
1265,BLACK ROCK SPIRITS LLC,11245,2024-07-18,2024-08-05,2024-09-15,2024-08,1,14.05,0.07,14.12,14.05,0.07,0.4982,18,41,,1,True
17037,Dunn Wine Brokers,11247,2024-07-18,2024-08-05,2024-09-10,2024-08,69,786.6,3.85,790.45,11.4,0.0558,0.4894,18,36,,35,True
7255,PSP WINES,11252,2024-07-18,2024-08-05,2024-09-17,2024-08,273,1995.27,10.77,2006.04,7.3087,0.0395,0.5398,18,43,,32,True
1189,BULLY BOY DISTILLERS,11264,2024-07-19,2024-08-05,2024-09-17,2024-08,63,1379.11,6.21,1385.32,21.8906,0.0986,0.4503,17,43,,6,True
7240,"PREMIUM PORT WINES, INC.",11273,2024-07-19,2024-08-05,2024-09-11,2024-08,140,1046.68,5.76,1052.44,7.4763,0.0411,0.5503,17,37,,3,True
90011,FORTUNE WINE BROKERS LLC,11318,2024-07-22,2024-08-05,2024-09-04,2024-08,106,949.62,4.56,954.18,8.9587,0.043,0.4802,14,30,,62,True
6830,PARK STREET IMPORTS LLC,11234,2024-07-17,2024-08-06,2024-09-09,2024-08,19,235.6,1.11,236.71,12.4,0.0584,0.4711,20,34,,12,True
7153,PINE STATE TRADING CO,11251,2024-07-18,2024-08-06,2024-09-16,2024-08,11235,72147.47,360.74,72508.21,6.4217,0.0321,0.5,19,41,,480,True
4692,KOBRAND CORPORATION,11268,2024-07-19,2024-08-06,2024-09-02,2024-08,3017,32342.89,152.01,32494.9,10.7202,0.0504,0.47,18,27,,242,True
90010,VINEXTRA INC,11276,2024-07-19,2024-08-06,2024-09-12,2024-08,130,1437.92,7.76,1445.68,11.0609,0.0597,0.5397,18,37,,47,True
1485,CASTLE BRANDS CORP.,11298,2024-07-21,2024-08-06,2024-09-10,2024-08,2907,44578.96,205.06,44784.02,15.335,0.0705,0.46,16,35,,29,True
4380,CHARLES JACQUIN ET CIE INC,11313,2024-07-22,2024-08-06,2024-09-03,2024-08,1733,6087.05,29.83,6116.88,3.5124,0.0172,0.4901,15,28,,15,True
5270,MANGO BOTTLING INC,11232,2024-07-17,2024-08-07,2024-09-08,2024-08,390,3031.0,13.64,3044.64,7.7718,0.035,0.45,21,32,,6,True
6213,MHW LTD,11233,2024-07-17,2024-08-07,2024-09-17,2024-08,3702,42887.86,214.44,43102.3,11.5851,0.0579,0.5,21,41,,96,True
17033,SEA BREEZE CELLARS LLC,11236,2024-07-17,2024-08-07,2024-09-17,2024-08,71,756.54,3.63,760.17,10.6555,0.0511,0.4798,21,41,,16,True
8735,SURVILLE ENTERPRISES CORP,11240,2024-07-17,2024-08-07,2024-09-07,2024-08,77,600.17,3.06,603.23,7.7944,0.0397,0.5099,21,31,,22,True
60,ADAMBA IMPORTS INTL INC,11260,2024-07-19,2024-08-07,2024-09-13,2024-08,152,2473.04,13.35,2486.39,16.27,0.0878,0.5398,19,37,,3,True
388,ATLANTIC IMPORTING COMPANY,11261,2024-07-19,2024-08-07,2024-09-15,2024-08,22,469.04,2.49,471.53,21.32,0.1132,0.5309,19,39,,3,True
5992,MCCORMICK DISTILLING CO,11269,2024-07-19,2024-08-07,2024-09-01,2024-08,486,4799.89,24.96,4824.85,9.8763,0.0514,0.52,19,25,,35,True
8112,MOET HENNESSY USA INC,11289,2024-07-20,2024-08-07,2024-09-15,2024-08,13895,359665.99,1870.26,361536.25,25.8846,0.1346,0.52,18,39,Frank Delahunt,129,True
7245,PROXIMO SPIRITS INC.,11291,2024-07-20,2024-08-07,2024-09-08,2024-08,15337,188391.57,904.28,189295.85,12.2835,0.059,0.48,18,32,,114,True
28750,SMOKY QUARTZ DISTILLERY LLC,11293,2024-07-20,2024-08-07,2024-09-12,2024-08,90,1976.93,10.87,1987.8,21.9659,0.1208,0.5498,18,36,,4,True
4848,LAIRD & CO,11302,2024-07-21,2024-08-07,2024-09-15,2024-08,316,2628.23,13.14,2641.37,8.3172,0.0416,0.5,17,39,,16,True
6355,NICHE W & S,11304,2024-07-21,2024-08-07,2024-09-06,2024-08,65,955.5,4.68,960.18,14.7,0.072,0.4898,17,30,,8,True
8150,SEA HAGG DISTILLERY LLC,11305,2024-07-21,2024-08-07,2024-09-06,2024-08,330,4068.57,22.38,4090.95,12.329,0.0678,0.5501,17,30,,9,True
2450,DJINN SPIRITS LLC,11316,2024-07-22,2024-08-07,2024-09-10,2024-08,30,529.32,2.75,532.07,17.644,0.0917,0.5195,16,34,,6,True
8673,STE MICHELLE WINE ESTATES,11239,2024-07-17,2024-08-08,2024-09-13,2024-08,8833,63199.79,309.68,63509.47,7.155,0.0351,0.49,22,36,,144,True
90056,SWEET BABY VINEYARD,11241,2024-07-17,2024-08-08,2024-09-11,2024-08,467,3918.8,19.99,3938.79,8.3914,0.0428,0.5101,22,34,,4,True
9815,WINE GROUP INC,11243,2024-07-17,2024-08-08,2024-09-06,2024-08,21622,120703.03,615.59,121318.62,5.5824,0.0285,0.51,22,29,,215,True
1392,CONSTELLATION BRANDS INC,11246,2024-07-18,2024-08-08,2024-09-09,2024-08,58073,383324.02,2031.62,385355.64,6.6007,0.035,0.53,21,32,Frank Delahunt,481,True
17035,PERNOD RICARD USA,11250,2024-07-18,2024-08-08,2024-09-08,2024-08,37347,568253.17,3125.39,571378.56,15.2155,0.0837,0.55,21,31,Frank Delahunt,277,True
7239,REMY COINTREAU USA INC,11253,2024-07-18,2024-08-08,2024-09-10,2024-08,5320,132868.29,677.63,133545.92,24.9752,0.1274,0.51,21,33,,45,True
2396,BLACK PRINCE DISTILLERY INC,11263,2024-07-19,2024-08-08,2024-09-04,2024-08,12,52.08,0.26,52.34,4.34,0.0217,0.4992,20,27,,10,True
90053,INCREDIBREW INC,11267,2024-07-19,2024-08-08,2024-09-03,2024-08,64,555.56,2.56,558.12,8.6806,0.04,0.4608,20,26,,4,True
9206,PHILLIPS PRODUCTS CO.,11272,2024-07-19,2024-08-08,2024-09-16,2024-08,643,8503.21,45.07,8548.28,13.2243,0.0701,0.53,20,39,,33,True
1590,DIAGEO CHATEAU ESTATE WINES,11281,2024-07-20,2024-08-08,2024-09-08,2024-08,2138,14722.69,76.56,14799.25,6.8862,0.0358,0.52,19,31,,117,True
2561,EDRINGTON AMERICAS,11283,2024-07-20,2024-08-08,2024-09-07,2024-08,2622,82471.77,428.85,82900.62,31.4538,0.1636,0.52,19,30,,33,True
5455,MARSALLE COMPANY,11288,2024-07-20,2024-08-08,2024-09-15,2024-08,112,3474.82,15.64,3490.46,31.0252,0.1396,0.4501,19,38,,10,True
6359,OLE SMOKY DISTILLERY LLC,11290,2024-07-20,2024-08-08,2024-09-06,2024-08,3261,7588.29,40.98,7629.27,2.327,0.0126,0.54,19,29,,18,True
12331,STELLAR IMPORTING CO LLC,11294,2024-07-20,2024-08-08,2024-09-13,2024-08,60,420.48,2.23,422.71,7.008,0.0372,0.5303,19,36,,19,True
1587,VINEYARD BRANDS INC,11296,2024-07-20,2024-08-08,2024-09-16,2024-08,9054,51682.95,242.91,51925.86,5.7083,0.0268,0.47,19,39,,87,True
90047,CRUSH WINES,11299,2024-07-21,2024-08-08,2024-09-01,2024-08,311,2678.49,13.12,2691.61,8.6125,0.0422,0.4898,18,24,,165,True
90052,HAUNTING WHISPER VYDS,11301,2024-07-21,2024-08-08,2024-09-06,2024-08,24,193.32,0.95,194.27,8.055,0.0396,0.4914,18,29,,2,True
2000,SOUTHERN WINE & SPIRITS NE,11307,2024-07-21,2024-08-08,2024-09-12,2024-08,12978,101077.94,555.93,101633.87,7.7884,0.0428,0.55,18,35,,417,True
7154,PREMIER DISTRIBUTORS,11319,2024-07-22,2024-08-08,2024-09-03,2024-08,95,1287.15,6.18,1293.33,13.5489,0.0651,0.4801,17,26,,7,True
90017,THE IMPORTED GRAPE LLC,11322,2024-07-22,2024-08-08,2024-09-09,2024-08,43,196.73,1.08,197.81,4.5751,0.0251,0.549,17,32,,40,True
90058,ZORVINO VINEYARDS,11325,2024-07-22,2024-08-08,2024-09-02,2024-08,208,1715.08,8.23,1723.31,8.2456,0.0396,0.4799,17,25,,6,True
1590,DIAGEO CHATEAU ESTATE WINES,11328,2024-07-24,2024-08-08,2024-09-14,2024-08,1192,8603.27,44.74,8648.01,7.2175,0.0375,0.52,15,37,,117,True
98450,Serralles Usa LLC,11335,2024-07-24,2024-08-08,2024-09-11,2024-08,253,3573.08,18.58,3591.66,14.1228,0.0734,0.52,15,34,,16,True
173357,TAMWORTH DISTILLING,11337,2024-07-24,2024-08-08,2024-09-09,2024-08,23,445.51,2.32,447.83,19.37,0.1009,0.5208,15,32,,4,True
2561,EDRINGTON AMERICAS,11347,2024-07-25,2024-08-08,2024-09-24,2024-08,1804,48956.45,264.36,49220.81,27.1377,0.1465,0.54,14,47,,33,True
7255,PSP WINES,11355,2024-07-25,2024-08-08,2024-09-19,2024-08,215,1601.83,8.01,1609.84,7.4504,0.0373,0.5001,14,42,,32,True
9260,TY KU LLC,11360,2024-07-25,2024-08-08,2024-09-24,2024-08,60,489.72,2.5,492.22,8.162,0.0417,0.5105,14,47,,7,True
6359,OLE SMOKY DISTILLERY LLC,11369,2024-07-26,2024-08-08,2024-09-18,2024-08,3374,7346.36,37.47,7383.83,2.1773,0.0111,0.51,13,41,,18,True
90056,SWEET BABY VINEYARD,11375,2024-07-26,2024-08-08,2024-09-25,2024-08,394,3298.71,18.14,3316.85,8.3724,0.046,0.5499,13,48,,4,True
1128,BROWN-FORMAN CORP,11382,2024-07-27,2024-08-08,2024-09-23,2024-08,17843,239908.07,1127.57,241035.64,13.4455,0.0632,0.47,12,46,,142,True
388,ATLANTIC IMPORTING COMPANY,11411,2024-07-29,2024-08-08,2024-09-18,2024-08,23,490.36,2.3,492.66,21.32,0.1,0.469,10,41,,3,True
3252,E & J GALLO WINERY,11413,2024-07-29,2024-08-08,2024-09-21,2024-08,34659,228928.01,1098.85,230026.86,6.6052,0.0317,0.48,10,44,,527,True
90032,LABELLE VYDS AND WINERY,11229,2024-07-17,2024-08-09,2024-09-06,2024-08,202,2189.03,9.85,2198.88,10.8368,0.0488,0.45,23,28,,10,True
98450,Serralles Usa LLC,11237,2024-07-17,2024-08-09,2024-09-07,2024-08,206,3072.73,14.44,3087.17,14.9162,0.0701,0.4699,23,29,,16,True
3252,E & J GALLO WINERY,11248,2024-07-18,2024-08-09,2024-09-01,2024-08,42690,287860.22,1295.37,289155.59,6.743,0.0303,0.45,22,23,Frank Delahunt,527,True
4950,LATITUDE BEVERAGE COMPANY,11249,2024-07-18,2024-08-09,2024-09-02,2024-08,765,4740.07,23.23,4763.3,6.1962,0.0304,0.4901,22,24,,45,True
8664,"STOLI GROUP,(USA) LLC",11254,2024-07-18,2024-08-09,2024-09-01,2024-08,21755,121360.16,546.12,121906.28,5.5785,0.0251,0.45,22,23,,48,True
10050,Russian Standard Vodka,11274,2024-07-19,2024-08-09,2024-09-04,2024-08,131,1747.42,8.04,1755.46,13.3391,0.0614,0.4601,21,26,,13,True
1601,VRANKEN AMERICA,11277,2024-07-19,2024-08-09,2024-09-12,2024-08,195,1973.66,10.86,1984.52,10.1213,0.0557,0.5502,21,34,,21,True
11567,CAMPARI AMERICA,11279,2024-07-20,2024-08-09,2024-09-01,2024-08,9074,85817.62,420.51,86238.13,9.4575,0.0463,0.49,20,23,,74,True
2876,CENTEUR IMPORTS LLC,11280,2024-07-20,2024-08-09,2024-09-07,2024-08,12,100.26,0.47,100.73,8.355,0.0392,0.4688,20,29,,11,True
2555,DISARONNO INTERNATIONAL LLC,11282,2024-07-20,2024-08-09,2024-09-18,2024-08,1817,24350.69,116.88,24467.57,13.4016,0.0643,0.48,20,40,,12,True
173357,TAMWORTH DISTILLING,11308,2024-07-21,2024-08-09,2024-09-01,2024-08,101,1953.47,10.55,1964.02,19.3413,0.1045,0.5401,19,23,,4,True
8892,TRINCHERO FAMILY ESTATES,11309,2024-07-21,2024-08-09,2024-09-17,2024-08,7529,53088.71,244.21,53332.92,7.0512,0.0324,0.46,19,39,,153,True
1392,CONSTELLATION BRANDS INC,11327,2024-07-24,2024-08-09,2024-09-17,2024-08,44101,292162.56,1431.6,293594.16,6.6249,0.0325,0.49,16,39,Frank Delahunt,481,True
6213,MHW LTD,11333,2024-07-24,2024-08-09,2024-09-09,2024-08,2840,31012.34,145.76,31158.1,10.9198,0.0513,0.47,16,31,,96,True
2876,CENTEUR IMPORTS LLC,11343,2024-07-25,2024-08-09,2024-09-09,2024-08,6,48.3,0.25,48.55,8.05,0.0417,0.5176,15,31,,11,True
2496,DUGGANS DISTILLED PRODUCTS,11346,2024-07-25,2024-08-09,2024-09-18,2024-08,1434,15834.45,87.09,15921.54,11.0422,0.0607,0.55,15,40,,5,True
3089,SIDNEY FRANK IMPORTING CO,11358,2024-07-25,2024-08-09,2024-09-16,2024-08,3479,31795.94,146.26,31942.2,9.1394,0.042,0.46,15,38,,13,True
4950,LATITUDE BEVERAGE COMPANY,11387,2024-07-27,2024-08-09,2024-09-21,2024-08,775,4695.52,23.48,4719.0,6.0587,0.0303,0.5001,13,43,,45,True
7245,PROXIMO SPIRITS INC.,11389,2024-07-27,2024-08-09,2024-09-15,2024-08,15481,180851.13,976.6,181827.73,11.6821,0.0631,0.54,13,37,,114,True
11567,CAMPARI AMERICA,11394,2024-07-28,2024-08-09,2024-09-10,2024-08,10130,82682.67,405.15,83087.82,8.1622,0.04,0.49,12,32,,74,True
6355,NICHE W & S,11399,2024-07-28,2024-08-09,2024-09-12,2024-08,53,779.1,3.66,782.76,14.7,0.0691,0.4698,12,34,,8,True
9206,PHILLIPS PRODUCTS CO.,11400,2024-07-28,2024-08-09,2024-09-18,2024-08,534,7127.26,37.06,7164.32,13.3469,0.0694,0.52,12,40,,33,True
287,APPOLO VINEYARDS LLC,11410,2024-07-29,2024-08-09,2024-09-25,2024-08,12,124.8,0.6,125.4,10.4,0.05,0.4808,11,47,,2,True
90017,THE IMPORTED GRAPE LLC,11424,2024-07-29,2024-08-09,2024-09-17,2024-08,84,548.4,2.69,551.09,6.5286,0.032,0.4905,11,39,,40,True
5270,MANGO BOTTLING INC,11332,2024-07-24,2024-08-10,2024-09-17,2024-08,41,319.8,1.57,321.37,7.8,0.0383,0.4909,17,38,,6,True
2242,DELICATO VINEYARDS INC,11365,2024-07-26,2024-08-10,2024-09-10,2024-08,3308,26925.77,142.71,27068.48,8.1396,0.0431,0.53,15,31,,96,True
105,ALTAMAR BRANDS LLC,11381,2024-07-27,2024-08-10,2024-09-21,2024-08,11,392.81,2.0,394.81,35.71,0.1818,0.5092,14,42,,3,True
5992,MCCORMICK DISTILLING CO,11418,2024-07-29,2024-08-10,2024-09-22,2024-08,335,3886.54,20.21,3906.75,11.6016,0.0603,0.52,12,43,,35,True
480,BACARDI USA INC,11341,2024-07-25,2024-08-11,2024-09-15,2024-08,25877,345721.85,1590.32,347312.17,13.3602,0.0615,0.46,17,35,Frank Delahunt,184,True
1650,Circa Wines,11344,2024-07-25,2024-08-11,2024-09-10,2024-08,84,837.36,3.94,841.3,9.9686,0.0469,0.4705,17,30,,74,True
4466,AMERICAN VINTAGE BEVERAGE,11362,2024-07-26,2024-08-11,2024-09-24,2024-08,206,2171.64,11.08,2182.72,10.5419,0.0538,0.5102,16,44,,3,True
1273,CALEDONIA SPIRITS INC,11363,2024-07-26,2024-08-11,2024-09-15,2024-08,325,10279.45,56.54,10335.99,31.6291,0.174,0.55,16,35,,5,True
2000,SOUTHERN WINE & SPIRITS NE,11373,2024-07-26,2024-08-11,2024-09-15,2024-08,10422,82212.71,369.96,82582.67,7.8884,0.0355,0.45,16,35,,417,True
8892,TRINCHERO FAMILY ESTATES,11377,2024-07-26,2024-08-11,2024-09-10,2024-08,7028,44679.3,227.86,44907.16,6.3573,0.0324,0.51,16,30,,153,True
90057,WALPOLE MTN VIEW WINERY,11379,2024-07-26,2024-08-11,2024-09-23,2024-08,12,156.12,0.86,156.98,13.01,0.0717,0.5509,16,43,,3,True
8735,SURVILLE ENTERPRISES CORP,11393,2024-07-27,2024-08-11,2024-09-15,2024-08,123,827.36,3.81,831.17,6.7265,0.031,0.4605,15,35,,22,True
90051,FULCHINO VINEYARD INC,11414,2024-07-29,2024-08-11,2024-09-18,2024-08,33,419.1,1.97,421.07,12.7,0.0597,0.4701,13,38,,2,True
8920,TAKARA SAKE USA INC,11423,2024-07-29,2024-08-11,2024-09-16,2024-08,196,1003.08,4.81,1007.89,5.1178,0.0245,0.4795,13,36,,3,True
4380,CHARLES JACQUIN ET CIE INC,11326,2024-07-24,2024-08-12,2024-09-15,2024-08,1342,6524.01,32.62,6556.63,4.8614,0.0243,0.5,19,34,,15,True
8112,MOET HENNESSY USA INC,11334,2024-07-24,2024-08-12,2024-09-16,2024-08,9614,185054.01,943.78,185997.79,19.2484,0.0982,0.51,19,35,,129,True
1587,VINEYARD BRANDS INC,11338,2024-07-24,2024-08-12,2024-09-17,2024-08,6195,37981.65,197.5,38179.15,6.131,0.0319,0.52,19,36,,87,True
9744,FREDERICK WILDMAN & SONS,11348,2024-07-25,2024-08-12,2024-09-08,2024-08,1018,10709.17,49.26,10758.43,10.5198,0.0484,0.46,18,27,,149,True
17032,JEWELL TOWNE VINEYARDS,11350,2024-07-25,2024-08-12,2024-09-11,2024-08,84,664.92,3.19,668.11,7.9157,0.038,0.4798,18,30,,7,True
5455,MARSALLE COMPANY,11352,2024-07-25,2024-08-12,2024-09-19,2024-08,205,6457.39,29.7,6487.09,31.4995,0.1449,0.4599,18,38,,10,True
17033,SEA BREEZE CELLARS LLC,11357,2024-07-25,2024-08-12,2024-09-17,2024-08,114,1174.78,5.29,1180.07,10.3051,0.0464,0.4503,18,36,,16,True
6785,PALM BAY INTERNATIONAL INC,11370,2024-07-26,2024-08-12,2024-09-15,2024-08,9603,71478.74,343.1,71821.84,7.4434,0.0357,0.48,17,34,,174,True
17035,PERNOD RICARD USA,11372,2024-07-26,2024-08-12,2024-09-12,2024-08,33291,448082.39,2464.45,450546.84,13.4596,0.074,0.55,17,31,Frank Delahunt,277,True
7154,PREMIER DISTRIBUTORS,11420,2024-07-29,2024-08-12,2024-09-16,2024-08,89,1307.17,6.67,1313.84,14.6873,0.0749,0.5103,14,35,,7,True
1655,FABRIZIA SPIRITS LLC,11331,2024-07-24,2024-08-13,2024-09-16,2024-08,374,5087.63,24.42,5112.05,13.6033,0.0653,0.48,20,34,,8,True
4692,KOBRAND CORPORATION,11351,2024-07-25,2024-08-13,2024-09-20,2024-08,2109,24742.39,131.13,24873.52,11.7318,0.0622,0.53,19,38,,242,True
28776,TALL SHIP DISTILLERY LLC,11359,2024-07-25,2024-08-13,2024-09-22,2024-08,42,905.82,4.8,910.62,21.5671,0.1143,0.5299,19,40,,4,True
9552,M S WALKER INC,11367,2024-07-26,2024-08-13,2024-09-19,2024-08,27206,222493.13,1223.71,223716.84,8.1781,0.045,0.55,18,37,,960,True
9819,TREASURY WINE ESTATES,11376,2024-07-26,2024-08-13,2024-09-21,2024-08,11135,57167.03,280.12,57447.15,5.134,0.0252,0.49,18,39,,111,True
17037,Dunn Wine Brokers,11384,2024-07-27,2024-08-13,2024-09-25,2024-08,60,739.92,3.33,743.25,12.332,0.0555,0.45,17,43,,35,True
3950,"HOOD RIVER DISTILLERS, Inc.",11385,2024-07-27,2024-08-13,2024-09-08,2024-08,12,207.72,1.1,208.82,17.31,0.0917,0.5296,17,26,,7,True
8004,SAZERAC CO INC,11390,2024-07-27,2024-08-13,2024-09-09,2024-08,27047,206596.0,991.66,207587.66,7.6384,0.0367,0.48,17,27,,138,True
90011,FORTUNE WINE BROKERS LLC,11397,2024-07-28,2024-08-13,2024-09-18,2024-08,177,1556.13,7.63,1563.76,8.7917,0.0431,0.4903,16,36,,62,True
7153,PINE STATE TRADING CO,11401,2024-07-28,2024-08-13,2024-09-09,2024-08,8773,59095.99,265.93,59361.92,6.7361,0.0303,0.45,16,27,,480,True
660,SAZERAC NORTH AMERICA INC.,11403,2024-07-28,2024-08-13,2024-09-14,2024-08,10429,75112.81,405.61,75518.42,7.2023,0.0389,0.54,16,32,,84,True
90010,VINEXTRA INC,11405,2024-07-28,2024-08-13,2024-09-21,2024-08,117,1148.73,6.09,1154.82,9.8182,0.0521,0.5302,16,39,,47,True
1485,CASTLE BRANDS CORP.,11412,2024-07-29,2024-08-13,2024-09-24,2024-08,2230,31334.3,150.4,31484.7,14.0513,0.0674,0.48,15,42,,29,True
90024,VINILANDIA USA,11361,2024-07-25,2024-08-14,2024-09-18,2024-08,1660,14084.68,69.01,14153.69,8.4847,0.0416,0.49,20,35,,206,True
10754,PERFECTA WINES,11371,2024-07-26,2024-08-14,2024-09-10,2024-08,11881,105877.05,582.32,106459.37,8.9115,0.049,0.55,19,27,,897,True
60,ADAMBA IMPORTS INTL INC,11380,2024-07-27,2024-08-14,2024-09-25,2024-08,155,2521.85,12.1,2533.95,16.27,0.0781,0.4798,18,42,,3,True
4550,KLIN SPIRITS LLC,11386,2024-07-27,2024-08-14,2024-09-08,2024-08,98,1473.92,6.93,1480.85,15.04,0.0707,0.4702,18,25,,4,True
7239,REMY COINTREAU USA INC,11402,2024-07-28,2024-08-14,2024-09-22,2024-08,3025,80145.66,408.74,80554.4,26.4944,0.1351,0.51,17,39,,45,True
3664,WILLIAM GRANT & SONS INC,11408,2024-07-28,2024-08-14,2024-09-15,2024-08,5992,114615.21,607.46,115222.67,19.128,0.1014,0.53,17,32,,85,True
90058,ZORVINO VINEYARDS,11409,2024-07-28,2024-08-14,2024-09-24,2024-08,58,473.82,2.56,476.38,8.1693,0.0441,0.5403,17,41,,6,True
2555,DISARONNO INTERNATIONAL LLC,11330,2024-07-24,2024-08-15,2024-09-15,2024-08,1785,17881.63,84.04,17965.67,10.0177,0.0471,0.47,22,31,,12,True
8320,SHAW ROSS INT L IMP LTD,11336,2024-07-24,2024-08-15,2024-09-19,2024-08,1996,18659.38,98.89,18758.27,9.3484,0.0495,0.53,22,35,,38,True
9815,WINE GROUP INC,11339,2024-07-24,2024-08-15,2024-09-25,2024-08,17104,99995.96,529.98,100525.94,5.8463,0.031,0.53,22,41,,215,True
2450,DJINN SPIRITS LLC,11345,2024-07-25,2024-08-15,2024-09-12,2024-08,12,199.92,0.96,200.88,16.66,0.08,0.4802,21,28,,6,True
7240,"PREMIUM PORT WINES, INC.",11354,2024-07-25,2024-08-15,2024-09-10,2024-08,152,1088.32,5.88,1094.2,7.16,0.0387,0.5403,21,26,,3,True
10050,Russian Standard Vodka,11356,2024-07-25,2024-08-15,2024-09-10,2024-08,177,2339.94,10.53,2350.47,13.22,0.0595,0.45,21,26,,13,True
8352,LUXCO INC,11388,2024-07-27,2024-08-15,2024-09-22,2024-08,4737,44099.29,198.45,44297.74,9.3095,0.0419,0.45,19,38,,69,True
8150,SEA HAGG DISTILLERY LLC,11391,2024-07-27,2024-08-15,2024-09-18,2024-08,243,3058.09,16.21,3074.3,12.5847,0.0667,0.5301,19,34,,9,True
90046,CANDIA VINEYARDS,11395,2024-07-28,2024-08-15,2024-09-25,2024-08,12,230.04,1.15,231.19,19.17,0.0958,0.4999,18,41,,5,True
17031,FLAG HILL WINERY & VINEYARD,11396,2024-07-28,2024-08-15,2024-09-13,2024-08,308,4722.86,23.61,4746.47,15.334,0.0767,0.4999,18,29,,19,True
90032,LABELLE VYDS AND WINERY,11398,2024-07-28,2024-08-15,2024-09-24,2024-08,177,1913.59,8.99,1922.58,10.8112,0.0508,0.4698,18,40,,10,True
12331,STELLAR IMPORTING CO LLC,11404,2024-07-28,2024-08-15,2024-09-16,2024-08,25,178.5,0.96,179.46,7.14,0.0384,0.5378,18,32,,19,True
9625,WESTERN SPIRITS BEVERAGE CO,11407,2024-07-28,2024-08-15,2024-09-18,2024-08,1105,5899.29,31.27,5930.56,5.3387,0.0283,0.5301,18,34,,26,True
90053,INCREDIBREW INC,11415,2024-07-29,2024-08-15,2024-09-09,2024-08,24,208.32,0.98,209.3,8.68,0.0408,0.4704,17,25,,4,True
6830,PARK STREET IMPORTS LLC,11419,2024-07-29,2024-08-15,2024-09-24,2024-08,23,285.2,1.28,286.48,12.4,0.0557,0.4488,17,40,,12,True
28750,SMOKY QUARTZ DISTILLERY LLC,11421,2024-07-29,2024-08-15,2024-09-13,2024-08,35,755.08,3.93,759.01,21.5737,0.1123,0.5205,17,29,,4,True
8664,"STOLI GROUP,(USA) LLC",11422,2024-07-29,2024-08-15,2024-09-18,2024-08,8884,73025.66,350.52,73376.18,8.2199,0.0395,0.48,17,34,,48,True
388,ATLANTIC IMPORTING COMPANY,11427,2024-07-31,2024-08-15,2024-09-20,2024-08,18,383.76,2.11,385.87,21.32,0.1172,0.5498,15,36,,3,True
3924,HEAVEN HILL DISTILLERIES,11432,2024-07-31,2024-08-15,2024-09-21,2024-08,6752,46392.45,231.96,46624.41,6.8709,0.0344,0.5,15,37,,69,True
516,BANFI PRODUCTS CORP,11457,2024-08-02,2024-08-15,2024-09-27,2024-08,4459,29808.83,152.03,29960.86,6.6851,0.0341,0.51,13,43,,149,True
8352,LUXCO INC,11465,2024-08-02,2024-08-15,2024-09-18,2024-08,4372,38406.97,211.24,38618.21,8.7848,0.0483,0.55,13,34,,69,True
2496,DUGGANS DISTILLED PRODUCTS,11477,2024-08-03,2024-08-15,2024-09-23,2024-08,211,3196.85,15.03,3211.88,15.1509,0.0712,0.4702,12,39,,5,True
28750,SMOKY QUARTZ DISTILLERY LLC,11516,2024-08-05,2024-08-15,2024-09-30,2024-08,79,1733.34,8.49,1741.83,21.941,0.1075,0.4898,10,46,,4,True
3960,DIAGEO NORTH AMERICA INC,11329,2024-07-24,2024-08-16,2024-09-14,2024-08,106690,930623.99,4187.81,934811.8,8.7227,0.0393,0.45,23,29,Frank Delahunt,449,True
200,AMERICAN SPIRITS EXCHANGE,11340,2024-07-25,2024-08-16,2024-09-21,2024-08,12,116.76,0.63,117.39,9.73,0.0525,0.5396,22,36,,3,True
516,BANFI PRODUCTS CORP,11342,2024-07-25,2024-08-16,2024-09-10,2024-08,4861,33091.2,175.38,33266.58,6.8075,0.0361,0.53,22,25,,149,True
3924,HEAVEN HILL DISTILLERIES,11349,2024-07-25,2024-08-16,2024-09-11,2024-08,9324,75847.74,417.16,76264.9,8.1347,0.0447,0.55,22,26,,69,True
6215,MOONLIGHT MEADERY,11353,2024-07-25,2024-08-16,2024-09-25,2024-08,117,1039.52,5.72,1045.24,8.8848,0.0489,0.5503,22,40,,7,True
90047,CRUSH WINES,11364,2024-07-26,2024-08-16,2024-09-18,2024-08,366,3234.96,16.82,3251.78,8.8387,0.046,0.5199,21,33,,165,True
4848,LAIRD & CO,11366,2024-07-26,2024-08-16,2024-09-23,2024-08,243,2206.7,11.25,2217.95,9.0811,0.0463,0.5098,21,38,,16,True
4425,MARTIGNETTI COMPANIES,11368,2024-07-26,2024-08-16,2024-09-10,2024-08,55785,596274.78,2921.75,599196.53,10.6888,0.0524,0.49,21,25,Frank Delahunt,1639,True
8673,STE MICHELLE WINE ESTATES,11374,2024-07-26,2024-08-16,2024-09-13,2024-08,9186,67633.94,338.17,67972.11,7.3627,0.0368,0.5,21,28,,144,True
9165,ULTRA BEVERAGE COMPANY LLP,11378,2024-07-26,2024-08-16,2024-09-25,2024-08,19885,241458.92,1134.86,242593.78,12.1428,0.0571,0.47,21,40,,965,True
1189,BULLY BOY DISTILLERS,11383,2024-07-27,2024-08-16,2024-09-08,2024-08,88,1968.72,9.84,1978.56,22.3718,0.1118,0.4998,20,23,,6,True
653,STATE WINE & SPIRITS,11392,2024-07-27,2024-08-16,2024-09-11,2024-08,3697,37158.46,193.22,37351.68,10.051,0.0523,0.52,20,26,,258,True
9622,WEIN BAUER INC,11406,2024-07-28,2024-08-16,2024-09-22,2024-08,35,667.8,3.61,671.41,19.08,0.1031,0.5406,19,37,,6,True
12546,JIM BEAM BRANDS COMPANY,11416,2024-07-29,2024-08-16,2024-09-10,2024-08,68403,540727.77,2541.42,543269.19,7.905,0.0372,0.47,18,25,Frank Delahunt,415,True
10000,MAJESTIC FINE WINES,11417,2024-07-29,2024-08-16,2024-09-13,2024-08,10980,78944.21,386.83,79331.04,7.1898,0.0352,0.49,18,28,,40,True
1601,VRANKEN AMERICA,11425,2024-07-29,2024-08-16,2024-09-17,2024-08,348,6059.4,30.3,6089.7,17.4121,0.0871,0.5,18,32,,21,True
11567,CAMPARI AMERICA,11428,2024-07-31,2024-08-16,2024-10-02,2024-08,9206,78463.6,384.47,78848.07,8.5231,0.0418,0.49,16,47,,74,True
4425,MARTIGNETTI COMPANIES,11435,2024-07-31,2024-08-16,2024-10-02,2024-08,53287,573657.32,2983.02,576640.34,10.7654,0.056,0.52,16,47,Frank Delahunt,1639,True
1655,FABRIZIA SPIRITS LLC,11446,2024-08-01,2024-08-16,2024-09-20,2024-08,558,8177.57,44.98,8222.55,14.6551,0.0806,0.55,15,35,,8,True
9744,FREDERICK WILDMAN & SONS,11447,2024-08-01,2024-08-16,2024-09-27,2024-08,1621,19931.19,105.64,20036.83,12.2956,0.0652,0.53,15,42,,149,True
90052,HAUNTING WHISPER VYDS,11448,2024-08-01,2024-08-16,2024-09-21,2024-08,12,94.08,0.44,94.52,7.84,0.0367,0.4677,15,36,,2,True
8004,SAZERAC CO INC,11452,2024-08-01,2024-08-16,2024-09-20,2024-08,27097,190924.9,973.72,191898.62,7.046,0.0359,0.51,15,35,,138,True
9815,WINE GROUP INC,11474,2024-08-02,2024-08-16,2024-09-21,2024-08,16590,99048.18,495.24,99543.42,5.9704,0.0299,0.5,14,36,,215,True
90047,CRUSH WINES,11476,2024-08-03,2024-08-16,2024-09-19,2024-08,536,6633.17,30.51,6663.68,12.3753,0.0569,0.46,13,34,,165,True
17035,PERNOD RICARD USA,11483,2024-08-03,2024-08-16,2024-09-16,2024-08,32000,452627.45,2127.35,454754.8,14.1446,0.0665,0.47,13,31,Frank Delahunt,277,True
10050,Russian Standard Vodka,11485,2024-08-03,2024-08-16,2024-10-02,2024-08,146,1862.92,9.13,1872.05,12.7597,0.0625,0.4901,13,47,,13,True
7240,"PREMIUM PORT WINES, INC.",11499,2024-08-04,2024-08-16,2024-09-18,2024-08,116,840.28,4.03,844.31,7.2438,0.0347,0.4796,12,33,,3,True
1587,VINEYARD BRANDS INC,11504,2024-08-04,2024-08-16,2024-09-27,2024-08,5236,35023.0,182.12,35205.12,6.6889,0.0348,0.52,12,42,,87,True
6359,OLE SMOKY DISTILLERY LLC,11512,2024-08-05,2024-08-16,2024-09-20,2024-08,4420,9137.04,46.6,9183.64,2.0672,0.0105,0.51,11,35,,18,True
2000,SOUTHERN WINE & SPIRITS NE,11517,2024-08-05,2024-08-16,2024-09-15,2024-08,7838,68750.89,336.88,69087.77,8.7715,0.043,0.49,11,30,,417,True
90058,ZORVINO VINEYARDS,11522,2024-08-05,2024-08-16,2024-09-16,2024-08,190,1535.82,6.91,1542.73,8.0833,0.0364,0.4499,11,31,,6,True
7153,PINE STATE TRADING CO,11437,2024-07-31,2024-08-17,2024-09-22,2024-08,8712,63559.14,330.51,63889.65,7.2956,0.0379,0.52,17,36,,480,True
90017,THE IMPORTED GRAPE LLC,11440,2024-07-31,2024-08-17,2024-09-18,2024-08,36,242.16,1.14,243.3,6.7267,0.0317,0.4708,17,32,,40,True
9622,WEIN BAUER INC,11443,2024-07-31,2024-08-17,2024-09-17,2024-08,30,572.4,2.8,575.2,19.08,0.0933,0.4892,17,31,,6,True
8112,MOET HENNESSY USA INC,11449,2024-08-01,2024-08-17,2024-09-24,2024-08,6246,155316.19,823.18,156139.37,24.8665,0.1318,0.53,16,38,,129,True
8150,SEA HAGG DISTILLERY LLC,11453,2024-08-01,2024-08-17,2024-09-30,2024-08,350,4426.87,20.81,4447.68,12.6482,0.0595,0.4701,16,44,,9,True
9819,TREASURY WINE ESTATES,11455,2024-08-01,2024-08-17,2024-09-28,2024-08,9554,48878.03,259.05,49137.08,5.116,0.0271,0.53,16,42,,111,True
480,BACARDI USA INC,11491,2024-08-04,2024-08-17,2024-09-20,2024-08,26238,316219.81,1454.61,317674.42,12.052,0.0554,0.46,13,34,Frank Delahunt,184,True
3960,DIAGEO NORTH AMERICA INC,11493,2024-08-04,2024-08-17,2024-10-02,2024-08,99788,830637.82,4319.32,834957.14,8.324,0.0433,0.52,13,46,Frank Delahunt,449,True
4550,KLIN SPIRITS LLC,11496,2024-08-04,2024-08-17,2024-09-28,2024-08,138,2233.63,12.28,2245.91,16.1857,0.089,0.5498,13,42,,4,True
9552,M S WALKER INC,11497,2024-08-04,2024-08-17,2024-09-18,2024-08,25431,216943.54,997.94,217941.48,8.5307,0.0392,0.46,13,32,,960,True
1485,CASTLE BRANDS CORP.,11508,2024-08-05,2024-08-17,2024-09-23,2024-08,2044,28958.92,130.32,29089.24,14.1678,0.0638,0.45,12,37,,29,True
90032,LABELLE VYDS AND WINERY,11433,2024-07-31,2024-08-18,2024-09-15,2024-08,154,1575.68,8.19,1583.87,10.2317,0.0532,0.5198,18,28,,10,True
10754,PERFECTA WINES,11451,2024-08-01,2024-08-18,2024-09-19,2024-08,13848,138828.0,763.55,139591.55,10.0251,0.0551,0.55,17,32,,897,True
2450,DJINN SPIRITS LLC,11461,2024-08-02,2024-08-18,2024-10-01,2024-08,72,1544.76,7.72,1552.48,21.455,0.1072,0.4998,16,44,,6,True
6830,PARK STREET IMPORTS LLC,11482,2024-08-03,2024-08-18,2024-09-22,2024-08,68,843.2,3.88,847.08,12.4,0.0571,0.4602,15,35,,12,True
7239,REMY COINTREAU USA INC,11484,2024-08-03,2024-08-18,2024-09-15,2024-08,2671,61411.05,300.91,61711.96,22.9918,0.1127,0.49,15,28,,45,True
8673,STE MICHELLE WINE ESTATES,11487,2024-08-03,2024-08-18,2024-09-19,2024-08,7119,49679.64,248.4,49928.04,6.9785,0.0349,0.5,15,32,,144,True
4466,AMERICAN VINTAGE BEVERAGE,11489,2024-08-04,2024-08-18,2024-09-16,2024-08,768,7292.98,37.92,7330.9,9.4961,0.0494,0.52,14,29,,3,True
1590,DIAGEO CHATEAU ESTATE WINES,11492,2024-08-04,2024-08-18,2024-09-24,2024-08,4710,33530.84,160.95,33691.79,7.1191,0.0342,0.48,14,37,,117,True
17037,Dunn Wine Brokers,11494,2024-08-04,2024-08-18,2024-09-28,2024-08,58,661.2,3.37,664.57,11.4,0.0581,0.5097,14,41,,35,True
7749,R.P.IMPORTS INC,11500,2024-08-04,2024-08-18,2024-09-22,2024-08,27,1126.36,5.29,1131.65,41.717,0.1959,0.4697,14,35,,75,True
90024,VINILANDIA USA,11505,2024-08-04,2024-08-18,2024-10-02,2024-08,1266,12027.19,64.95,12092.14,9.5002,0.0513,0.54,14,45,,206,True
1601,VRANKEN AMERICA,11506,2024-08-04,2024-08-18,2024-09-20,2024-08,311,4593.94,23.89,4617.83,14.7715,0.0768,0.52,14,33,,21,True
90057,WALPOLE MTN VIEW WINERY,11507,2024-08-04,2024-08-18,2024-09-16,2024-08,12,127.08,0.65,127.73,10.59,0.0542,0.5115,14,29,,3,True
90046,CANDIA VINEYARDS,11429,2024-07-31,2024-08-19,2024-09-22,2024-08,24,239.04,1.1,240.14,9.96,0.0458,0.4602,19,34,,5,True
4380,CHARLES JACQUIN ET CIE INC,11430,2024-07-31,2024-08-19,2024-09-15,2024-08,1371,6145.69,30.73,6176.42,4.4826,0.0224,0.5,19,27,,15,True
90056,SWEET BABY VINEYARD,11439,2024-07-31,2024-08-19,2024-09-24,2024-08,301,2513.16,11.31,2524.47,8.3494,0.0376,0.45,19,36,,4,True
8735,SURVILLE ENTERPRISES CORP,11454,2024-08-01,2024-08-19,2024-09-19,2024-08,138,1033.9,5.48,1039.38,7.492,0.0397,0.53,18,31,,22,True
3664,WILLIAM GRANT & SONS INC,11456,2024-08-01,2024-08-19,2024-09-25,2024-08,5924,113536.38,556.33,114092.71,19.1655,0.0939,0.49,18,37,,85,True
2242,DELICATO VINEYARDS INC,11460,2024-08-02,2024-08-19,2024-09-24,2024-08,5028,34498.7,169.04,34667.74,6.8613,0.0336,0.49,17,36,,96,True
653,STATE WINE & SPIRITS,11471,2024-08-02,2024-08-19,2024-09-18,2024-08,2692,29078.06,136.67,29214.73,10.8017,0.0508,0.47,17,30,,258,True
9260,TY KU LLC,11472,2024-08-02,2024-08-19,2024-09-16,2024-08,23,173.71,0.96,174.67,7.5526,0.0417,0.5526,17,28,,7,True
1273,CALEDONIA SPIRITS INC,11475,2024-08-03,2024-08-19,2024-09-23,2024-08,238,7192.38,36.68,7229.06,30.2201,0.1541,0.51,16,35,,5,True
17031,FLAG HILL WINERY & VINEYARD,11478,2024-08-03,2024-08-19,2024-09-17,2024-08,554,11437.62,61.76,11499.38,20.6455,0.1115,0.54,16,29,,19,True
12331,STELLAR IMPORTING CO LLC,11502,2024-08-04,2024-08-19,2024-09-23,2024-08,60,402.24,2.21,404.45,6.704,0.0368,0.5494,15,35,,19,True
8892,TRINCHERO FAMILY ESTATES,11520,2024-08-05,2024-08-19,2024-10-02,2024-08,6189,38796.84,197.86,38994.7,6.2687,0.032,0.51,14,44,,153,True
7154,PREMIER DISTRIBUTORS,11438,2024-07-31,2024-08-20,2024-09-28,2024-08,88,1508.92,7.39,1516.31,17.1468,0.084,0.4898,20,39,,7,True
17032,JEWELL TOWNE VINEYARDS,11463,2024-08-02,2024-08-20,2024-09-30,2024-08,83,670.37,3.42,673.79,8.0767,0.0412,0.5102,18,41,,7,True
6355,NICHE W & S,11467,2024-08-02,2024-08-20,2024-09-26,2024-08,60,882.0,4.5,886.5,14.7,0.075,0.5102,18,37,,8,True
7255,PSP WINES,11468,2024-08-02,2024-08-20,2024-09-28,2024-08,156,1166.15,6.3,1172.45,7.4753,0.0404,0.5402,18,39,,32,True
3089,SIDNEY FRANK IMPORTING CO,11470,2024-08-02,2024-08-20,2024-10-02,2024-08,3324,31734.13,145.98,31880.11,9.547,0.0439,0.46,18,43,,13,True
90010,VINEXTRA INC,11473,2024-08-02,2024-08-20,2024-09-16,2024-08,150,1850.52,9.07,1859.59,12.3368,0.0605,0.4901,18,27,,47,True
17033,SEA BREEZE CELLARS LLC,11486,2024-08-03,2024-08-20,2024-09-25,2024-08,96,950.04,4.56,954.6,9.8963,0.0475,0.48,17,36,,16,True
4950,LATITUDE BEVERAGE COMPANY,11511,2024-08-05,2024-08-20,2024-09-22,2024-08,773,4834.29,26.11,4860.4,6.2539,0.0338,0.5401,15,33,,45,True
60,ADAMBA IMPORTS INTL INC,11426,2024-07-31,2024-08-21,2024-09-30,2024-08,142,2310.34,11.55,2321.89,16.27,0.0813,0.4999,21,40,,3,True
3252,E & J GALLO WINERY,11431,2024-07-31,2024-08-21,2024-10-01,2024-08,34596,231400.99,1087.58,232488.57,6.6887,0.0314,0.47,21,41,,527,True
1189,BULLY BOY DISTILLERS,11444,2024-08-01,2024-08-21,2024-09-16,2024-08,51,1120.75,5.6,1126.35,21.9755,0.1098,0.4997,20,26,,6,True
2555,DISARONNO INTERNATIONAL LLC,11445,2024-08-01,2024-08-21,2024-09-19,2024-08,2040,16612.74,88.05,16700.79,8.1435,0.0432,0.53,20,29,,12,True
1128,BROWN-FORMAN CORP,11458,2024-08-02,2024-08-21,2024-09-28,2024-08,17989,215610.62,991.81,216602.43,11.9857,0.0551,0.46,19,38,,142,True
5455,MARSALLE COMPANY,11466,2024-08-02,2024-08-21,2024-09-20,2024-08,70,2225.45,11.13,2236.58,31.7921,0.159,0.5001,19,30,,10,True
287,APPOLO VINEYARDS LLC,11490,2024-08-04,2024-08-21,2024-09-29,2024-08,12,124.8,0.66,125.46,10.4,0.055,0.5288,17,39,,2,True
9206,PHILLIPS PRODUCTS CO.,11498,2024-08-04,2024-08-21,2024-09-16,2024-08,599,8237.12,38.71,8275.83,13.7515,0.0646,0.4699,17,26,,33,True
1650,Circa Wines,11509,2024-08-05,2024-08-21,2024-09-20,2024-08,24,261.12,1.28,262.4,10.88,0.0533,0.4902,16,30,,74,True
28776,TALL SHIP DISTILLERY LLC,11518,2024-08-05,2024-08-21,2024-09-30,2024-08,36,779.4,3.51,782.91,21.65,0.0975,0.4503,16,40,,4,True
10000,MAJESTIC FINE WINES,11434,2024-07-31,2024-08-22,2024-09-23,2024-08,8229,62801.96,307.73,63109.69,7.6318,0.0374,0.49,22,32,,40,True
9165,ULTRA BEVERAGE COMPANY LLP,11442,2024-07-31,2024-08-22,2024-10-02,2024-08,18437,236320.93,1205.24,237526.17,12.8178,0.0654,0.51,22,41,,965,True
1392,CONSTELLATION BRANDS INC,11459,2024-08-02,2024-08-22,2024-09-15,2024-08,38262,251777.71,1258.89,253036.6,6.5804,0.0329,0.5,20,24,Frank Delahunt,481,True
2561,EDRINGTON AMERICAS,11462,2024-08-02,2024-08-22,2024-10-01,2024-08,2437,78939.96,434.17,79374.13,32.3923,0.1782,0.55,20,40,,33,True
12546,JIM BEAM BRANDS COMPANY,11464,2024-08-02,2024-08-22,2024-09-22,2024-08,72999,487618.33,2389.33,490007.66,6.6798,0.0327,0.49,20,31,Frank Delahunt,415,True
98450,Serralles Usa LLC,11469,2024-08-02,2024-08-22,2024-10-02,2024-08,126,1768.84,8.31,1777.15,14.0384,0.066,0.4698,20,41,,16,True
4848,LAIRD & CO,11479,2024-08-03,2024-08-22,2024-09-16,2024-08,121,801.72,4.33,806.05,6.6258,0.0358,0.5401,19,25,,16,True
5992,MCCORMICK DISTILLING CO,11480,2024-08-03,2024-08-22,2024-09-19,2024-08,890,10267.53,55.44,10322.97,11.5366,0.0623,0.54,19,28,,35,True
6213,MHW LTD,11481,2024-08-03,2024-08-22,2024-09-29,2024-08,3559,39142.77,191.8,39334.57,10.9982,0.0539,0.49,19,38,,96,True
90027,POVERTY LANE ORCHARDS,11513,2024-08-05,2024-08-22,2024-09-24,2024-08,13,104.49,0.49,104.98,8.0377,0.0377,0.4689,17,33,,8,True
7245,PROXIMO SPIRITS INC.,11514,2024-08-05,2024-08-22,2024-09-21,2024-08,12567,153198.11,811.95,154010.06,12.1905,0.0646,0.53,17,30,,114,True
660,SAZERAC NORTH AMERICA INC.,11515,2024-08-05,2024-08-22,2024-09-26,2024-08,9581,72135.01,375.1,72510.11,7.529,0.0392,0.52,17,35,,84,True
5612,MILTONS DISTRIBUTING CO,11532,2024-08-07,2024-08-22,2024-10-09,2024-08,1,5.22,0.03,5.25,5.22,0.03,0.5747,15,48,,36,True
8673,STE MICHELLE WINE ESTATES,11535,2024-08-07,2024-08-22,2024-09-27,2024-08,10883,82661.82,429.84,83091.66,7.5955,0.0395,0.52,15,36,,144,True
7154,PREMIER DISTRIBUTORS,11553,2024-08-08,2024-08-22,2024-10-02,2024-08,208,2451.88,13.24,2465.12,11.7879,0.0637,0.54,14,41,,7,True
90032,LABELLE VYDS AND WINERY,11572,2024-08-09,2024-08-22,2024-09-30,2024-08,390,4236.47,19.06,4255.53,10.8627,0.0489,0.4499,13,39,,10,True
2000,SOUTHERN WINE & SPIRITS NE,11580,2024-08-09,2024-08-22,2024-09-22,2024-08,11261,127826.59,575.22,128401.81,11.3513,0.0511,0.45,13,31,,417,True
1650,Circa Wines,11588,2024-08-10,2024-08-22,2024-09-23,2024-08,888,11416.44,58.22,11474.66,12.8564,0.0656,0.51,12,32,,74,True
3924,HEAVEN HILL DISTILLERIES,11611,2024-08-11,2024-08-22,2024-09-22,2024-08,8911,68362.19,348.65,68710.84,7.6717,0.0391,0.51,11,31,,69,True
4425,MARTIGNETTI COMPANIES,11614,2024-08-11,2024-08-22,2024-09-22,2024-08,79128,901839.64,4869.93,906709.57,11.3972,0.0615,0.54,11,31,Frank Delahunt,1639,True
6215,MOONLIGHT MEADERY,11436,2024-07-31,2024-08-23,2024-09-30,2024-08,106,936.8,4.87,941.67,8.8377,0.0459,0.5199,23,38,,7,True
90037,THE PIERPONT GROUP LLC,11441,2024-07-31,2024-08-23,2024-09-18,2024-08,12,81.6,0.38,81.98,6.8,0.0317,0.4657,23,26,,13,True
6785,PALM BAY INTERNATIONAL INC,11450,2024-08-01,2024-08-23,2024-09-29,2024-08,9551,69971.92,321.87,70293.79,7.3261,0.0337,0.46,22,37,,174,True
8920,TAKARA SAKE USA INC,11488,2024-08-03,2024-08-23,2024-09-24,2024-08,231,1125.01,6.08,1131.09,4.8702,0.0263,0.5404,20,32,,3,True
90011,FORTUNE WINE BROKERS LLC,11495,2024-08-04,2024-08-23,2024-09-19,2024-08,243,1999.03,10.59,2009.62,8.2265,0.0436,0.5298,19,27,,62,True
8320,SHAW ROSS INT L IMP LTD,11501,2024-08-04,2024-08-23,2024-09-26,2024-08,1697,16194.76,84.21,16278.97,9.5432,0.0496,0.52,19,34,,38,True
8664,"STOLI GROUP,(USA) LLC",11503,2024-08-04,2024-08-23,2024-09-24,2024-08,7161,76152.61,411.22,76563.83,10.6344,0.0574,0.54,19,32,,48,True
4692,KOBRAND CORPORATION,11510,2024-08-05,2024-08-23,2024-09-29,2024-08,2136,27183.37,138.64,27322.01,12.7263,0.0649,0.51,18,37,,242,True
173357,TAMWORTH DISTILLING,11519,2024-08-05,2024-08-23,2024-09-17,2024-08,12,232.44,1.28,233.72,19.37,0.1067,0.5507,18,25,,4,True
9625,WESTERN SPIRITS BEVERAGE CO,11521,2024-08-05,2024-08-23,2024-09-28,2024-08,1000,6294.46,28.33,6322.79,6.2945,0.0283,0.4501,18,36,,26,True
8735,SURVILLE ENTERPRISES CORP,11536,2024-08-07,2024-08-23,2024-10-08,2024-08,493,4329.72,22.51,4352.23,8.7824,0.0457,0.5199,16,46,,22,True
173357,TAMWORTH DISTILLING,11558,2024-08-08,2024-08-23,2024-09-24,2024-08,36,697.32,3.49,700.81,19.37,0.0969,0.5005,15,32,,4,True
105,ALTAMAR BRANDS LLC,11565,2024-08-09,2024-08-23,2024-09-22,2024-08,12,428.52,2.1,430.62,35.71,0.175,0.4901,14,30,,3,True
388,ATLANTIC IMPORTING COMPANY,11567,2024-08-09,2024-08-23,2024-10-06,2024-08,36,767.52,3.53,771.05,21.32,0.0981,0.4599,14,44,,3,True
3950,"HOOD RIVER DISTILLERS, Inc.",11571,2024-08-09,2024-08-23,2024-09-30,2024-08,44,955.34,4.87,960.21,21.7123,0.1107,0.5098,14,38,,7,True
7239,REMY COINTREAU USA INC,11576,2024-08-09,2024-08-23,2024-09-29,2024-08,4238,103895.9,488.31,104384.21,24.5153,0.1152,0.47,14,37,,45,True
12331,STELLAR IMPORTING CO LLC,11581,2024-08-09,2024-08-23,2024-09-29,2024-08,277,2322.18,10.91,2333.09,8.3833,0.0394,0.4698,14,37,,19,True
6785,PALM BAY INTERNATIONAL INC,11596,2024-08-10,2024-08-23,2024-10-05,2024-08,12648,101836.95,458.27,102295.22,8.0516,0.0362,0.45,13,43,,174,True
660,SAZERAC NORTH AMERICA INC.,11599,2024-08-10,2024-08-23,2024-09-23,2024-08,12971,96571.16,531.14,97102.3,7.4452,0.0409,0.55,13,31,,84,True
8892,TRINCHERO FAMILY ESTATES,11604,2024-08-10,2024-08-23,2024-09-23,2024-08,9167,61877.83,334.14,62211.97,6.7501,0.0365,0.54,13,31,,153,True
6215,MOONLIGHT MEADERY,11615,2024-08-11,2024-08-23,2024-10-01,2024-08,299,2699.32,12.96,2712.28,9.0278,0.0433,0.4801,12,39,,7,True
9819,TREASURY WINE ESTATES,11619,2024-08-11,2024-08-23,2024-09-29,2024-08,11524,75848.2,379.24,76227.44,6.5818,0.0329,0.5,12,37,,111,True
90056,SWEET BABY VINEYARD,11633,2024-08-12,2024-08-23,2024-10-01,2024-08,418,3486.08,16.38,3502.46,8.3399,0.0392,0.4699,11,39,,4,True
4466,AMERICAN VINTAGE BEVERAGE,11540,2024-08-08,2024-08-24,2024-10-02,2024-08,1207,12242.43,64.88,12307.31,10.1429,0.0538,0.53,16,39,,3,True
1273,CALEDONIA SPIRITS INC,11544,2024-08-08,2024-08-24,2024-10-04,2024-08,159,4806.19,21.63,4827.82,30.2276,0.136,0.45,16,41,,5,True
2555,DISARONNO INTERNATIONAL LLC,11547,2024-08-08,2024-08-24,2024-10-07,2024-08,2423,26134.74,143.74,26278.48,10.7861,0.0593,0.55,16,44,,12,True
12546,JIM BEAM BRANDS COMPANY,11549,2024-08-08,2024-08-24,2024-09-22,2024-08,90056,623497.05,3242.18,626739.23,6.9234,0.036,0.52,16,29,Frank Delahunt,415,True
8112,MOET HENNESSY USA INC,11551,2024-08-08,2024-08-24,2024-10-07,2024-08,11491,261353.27,1228.36,262581.63,22.7442,0.1069,0.47,16,44,Frank Delahunt,129,True
3951,HIGHLAND WINE MERCHANTS LLC,11570,2024-08-09,2024-08-24,2024-09-27,2024-08,36,361.68,1.81,363.49,10.0467,0.0503,0.5004,15,34,,11,True
8352,LUXCO INC,11573,2024-08-09,2024-08-24,2024-10-01,2024-08,7122,58519.48,292.6,58812.08,8.2167,0.0411,0.5,15,38,,69,True
8004,SAZERAC CO INC,11577,2024-08-09,2024-08-24,2024-09-27,2024-08,36444,303351.66,1638.1,304989.76,8.3238,0.0449,0.54,15,34,Frank Delahunt,138,True
90058,ZORVINO VINEYARDS,11586,2024-08-09,2024-08-24,2024-09-24,2024-08,288,2309.04,11.08,2320.12,8.0175,0.0385,0.4799,15,31,,6,True
4848,LAIRD & CO,11594,2024-08-10,2024-08-24,2024-09-27,2024-08,405,3316.08,17.91,3333.99,8.1879,0.0442,0.5401,14,34,,16,True
10754,PERFECTA WINES,11597,2024-08-10,2024-08-24,2024-09-27,2024-08,19427,289181.69,1301.32,290483.01,14.8856,0.067,0.45,14,34,Frank Delahunt,897,True
6280,UNCORKED,11620,2024-08-11,2024-08-24,2024-10-03,2024-08,120,1490.88,7.75,1498.63,12.424,0.0646,0.5198,13,40,,9,True
2242,DELICATO VINEYARDS INC,11527,2024-08-07,2024-08-25,2024-09-30,2024-08,5693,44092.54,207.23,44299.77,7.745,0.0364,0.47,18,36,,96,True
9625,WESTERN SPIRITS BEVERAGE CO,11538,2024-08-07,2024-08-25,2024-10-06,2024-08,1940,8834.69,47.71,8882.4,4.554,0.0246,0.54,18,42,,26,True
2561,EDRINGTON AMERICAS,11548,2024-08-08,2024-08-25,2024-09-24,2024-08,1523,40432.0,185.99,40617.99,26.5476,0.1221,0.46,17,30,,33,True
60,ADAMBA IMPORTS INTL INC,11564,2024-08-09,2024-08-25,2024-09-28,2024-08,170,2765.9,12.45,2778.35,16.27,0.0732,0.4501,16,34,,3,True
28750,SMOKY QUARTZ DISTILLERY LLC,11579,2024-08-09,2024-08-25,2024-09-30,2024-08,108,2345.04,11.02,2356.06,21.7133,0.102,0.4699,16,36,,4,True
1601,VRANKEN AMERICA,11584,2024-08-09,2024-08-25,2024-09-28,2024-08,536,8072.69,44.4,8117.09,15.061,0.0828,0.55,16,34,,21,True
90046,CANDIA VINEYARDS,11587,2024-08-10,2024-08-25,2024-10-09,2024-08,165,2269.45,12.03,2281.48,13.7542,0.0729,0.5301,15,45,,5,True
4380,CHARLES JACQUIN ET CIE INC,11609,2024-08-11,2024-08-25,2024-09-22,2024-08,999,8511.09,39.15,8550.24,8.5196,0.0392,0.46,14,28,,15,True
8320,SHAW ROSS INT L IMP LTD,11618,2024-08-11,2024-08-25,2024-10-03,2024-08,2322,20502.92,110.72,20613.64,8.8299,0.0477,0.54,14,39,,38,True
1703,ALISA CARR BEVERAGES,11621,2024-08-12,2024-08-25,2024-10-02,2024-08,34,3869.94,18.58,3888.52,113.8218,0.5465,0.4801,13,38,,32,True
90047,CRUSH WINES,11622,2024-08-12,2024-08-25,2024-09-28,2024-08,1875,19818.0,109.0,19927.0,10.5696,0.0581,0.55,13,34,,165,True
90011,FORTUNE WINE BROKERS LLC,11625,2024-08-12,2024-08-25,2024-10-07,2024-08,537,5265.21,25.8,5291.01,9.8049,0.048,0.49,13,43,,62,True
98450,Serralles Usa LLC,11631,2024-08-12,2024-08-25,2024-09-22,2024-08,246,3585.28,16.13,3601.41,14.5743,0.0656,0.4499,13,28,,16,True
2876,CENTEUR IMPORTS LLC,11525,2024-08-07,2024-08-26,2024-10-07,2024-08,60,516.72,2.74,519.46,8.612,0.0457,0.5303,19,42,,11,True
1392,CONSTELLATION BRANDS INC,11526,2024-08-07,2024-08-26,2024-09-24,2024-08,51256,345173.73,1622.32,346796.05,6.7343,0.0317,0.47,19,29,Frank Delahunt,481,True
3252,E & J GALLO WINERY,11528,2024-08-07,2024-08-26,2024-10-09,2024-08,43319,295020.92,1386.6,296407.52,6.8104,0.032,0.47,19,44,Frank Delahunt,527,True
6213,MHW LTD,11531,2024-08-07,2024-08-26,2024-10-04,2024-08,4744,55450.43,304.98,55755.41,11.6885,0.0643,0.55,19,39,,96,True
90027,POVERTY LANE ORCHARDS,11534,2024-08-07,2024-08-26,2024-09-22,2024-08,6,48.6,0.23,48.83,8.1,0.0383,0.4733,19,27,,8,True
1128,BROWN-FORMAN CORP,11543,2024-08-08,2024-08-26,2024-09-28,2024-08,22195,320636.32,1571.12,322207.44,14.4463,0.0708,0.49,18,33,Frank Delahunt,142,True
7749,R.P.IMPORTS INC,11555,2024-08-08,2024-08-26,2024-10-04,2024-08,156,5725.47,26.34,5751.81,36.7017,0.1688,0.46,18,39,,75,True
6830,PARK STREET IMPORTS LLC,11575,2024-08-09,2024-08-26,2024-09-25,2024-08,51,653.05,3.27,656.32,12.8049,0.0641,0.5007,17,30,,12,True
90024,VINILANDIA USA,11583,2024-08-09,2024-08-26,2024-10-06,2024-08,4519,45380.81,245.06,45625.87,10.0422,0.0542,0.54,17,41,,206,True
90057,WALPOLE MTN VIEW WINERY,11585,2024-08-09,2024-08-26,2024-09-27,2024-08,72,840.72,4.2,844.92,11.6767,0.0583,0.4996,17,32,,3,True
653,STATE WINE & SPIRITS,11602,2024-08-10,2024-08-26,2024-10-01,2024-08,6042,60507.95,302.54,60810.49,10.0146,0.0501,0.5,16,36,,258,True
9815,WINE GROUP INC,11605,2024-08-10,2024-08-26,2024-10-02,2024-08,19830,117300.12,586.5,117886.62,5.9153,0.0296,0.5,16,37,,215,True
7245,PROXIMO SPIRITS INC.,11630,2024-08-12,2024-08-26,2024-09-29,2024-08,19416,219221.45,1008.42,220229.87,11.2908,0.0519,0.46,14,34,,114,True
9260,TY KU LLC,11537,2024-08-07,2024-08-27,2024-09-28,2024-08,124,1259.16,5.67,1264.83,10.1545,0.0457,0.4503,20,32,,7,True
287,APPOLO VINEYARDS LLC,11541,2024-08-08,2024-08-27,2024-09-26,2024-08,48,500.88,2.6,503.48,10.435,0.0542,0.5191,19,30,,2,True
516,BANFI PRODUCTS CORP,11542,2024-08-08,2024-08-27,2024-09-26,2024-08,5834,41910.17,226.31,42136.48,7.1838,0.0388,0.54,19,30,,149,True
8920,TAKARA SAKE USA INC,11556,2024-08-08,2024-08-27,2024-10-08,2024-08,200,868.71,4.78,873.49,4.3436,0.0239,0.5502,19,42,,3,True
9165,ULTRA BEVERAGE COMPANY LLP,11560,2024-08-08,2024-08-27,2024-10-03,2024-08,34027,441424.19,2427.83,443852.02,12.9728,0.0714,0.55,19,37,Frank Delahunt,965,True
90052,HAUNTING WHISPER VYDS,11569,2024-08-09,2024-08-27,2024-09-30,2024-08,59,477.61,2.58,480.19,8.0951,0.0437,0.5402,18,34,,2,True
17033,SEA BREEZE CELLARS LLC,11600,2024-08-10,2024-08-27,2024-10-03,2024-08,331,5878.52,31.16,5909.68,17.7599,0.0941,0.5301,17,37,,16,True
1189,BULLY BOY DISTILLERS,11608,2024-08-11,2024-08-27,2024-09-24,2024-08,239,5274.99,26.37,5301.36,22.0711,0.1103,0.4999,16,28,,6,True
17037,Dunn Wine Brokers,11610,2024-08-11,2024-08-27,2024-09-28,2024-08,548,8782.86,39.52,8822.38,16.0271,0.0721,0.45,16,32,,35,True
90053,INCREDIBREW INC,11612,2024-08-11,2024-08-27,2024-10-09,2024-08,128,1131.62,5.21,1136.83,8.8408,0.0407,0.4604,16,43,,4,True
9206,PHILLIPS PRODUCTS CO.,11616,2024-08-11,2024-08-27,2024-10-02,2024-08,1414,17931.19,87.86,18019.05,12.6812,0.0621,0.49,16,36,,33,True
10050,Russian Standard Vodka,11617,2024-08-11,2024-08-27,2024-09-23,2024-08,185,2428.9,11.66,2440.56,13.1292,0.063,0.4801,16,27,,13,True
6359,OLE SMOKY DISTILLERY LLC,11533,2024-08-07,2024-08-28,2024-09-24,2024-08,2221,6533.25,34.63,6567.88,2.9416,0.0156,0.5301,21,27,,18,True
3664,WILLIAM GRANT & SONS INC,11539,2024-08-07,2024-08-28,2024-09-23,2024-08,7511,154239.69,786.62,155026.31,20.5352,0.1047,0.51,21,26,,85,True
9751,VINEDREA WINES LLC,11561,2024-08-08,2024-08-28,2024-09-23,2024-08,35,795.2,4.29,799.49,22.72,0.1226,0.5395,20,26,,1,True
9622,WEIN BAUER INC,11563,2024-08-08,2024-08-28,2024-09-30,2024-08,108,1207.68,6.16,1213.84,11.1822,0.057,0.5101,20,33,,6,True
1655,FABRIZIA SPIRITS LLC,11568,2024-08-09,2024-08-28,2024-09-29,2024-08,686,9375.07,50.63,9425.7,13.6663,0.0738,0.54,19,32,,8,True
9744,FREDERICK WILDMAN & SONS,11591,2024-08-10,2024-08-28,2024-09-22,2024-08,2422,27607.07,143.56,27750.63,11.3985,0.0593,0.52,18,25,,149,True
7153,PINE STATE TRADING CO,11598,2024-08-10,2024-08-28,2024-10-03,2024-08,17170,160131.1,768.63,160899.73,9.3262,0.0448,0.48,18,36,,480,True
480,BACARDI USA INC,11606,2024-08-11,2024-08-28,2024-10-01,2024-08,33725,418579.14,1967.32,420546.46,12.4115,0.0583,0.47,17,34,Frank Delahunt,184,True
2396,BLACK PRINCE DISTILLERY INC,11607,2024-08-11,2024-08-28,2024-09-27,2024-08,3,30.63,0.16,30.79,10.21,0.0533,0.5224,17,30,,10,True
5270,MANGO BOTTLING INC,11613,2024-08-11,2024-08-28,2024-09-25,2024-08,22,163.8,0.9,164.7,7.4455,0.0409,0.5495,17,28,,6,True
90051,FULCHINO VINEYARD INC,11626,2024-08-12,2024-08-28,2024-09-23,2024-08,60,734.28,3.82,738.1,12.238,0.0637,0.5202,16,26,,2,True
4950,LATITUDE BEVERAGE COMPANY,11627,2024-08-12,2024-08-28,2024-09-24,2024-08,2006,13892.17,76.41,13968.58,6.9253,0.0381,0.55,16,27,,45,True
1003,BRONCO WINE COMPANY,11523,2024-08-07,2024-08-29,2024-09-22,2024-08,84,373.56,1.94,375.5,4.4471,0.0231,0.5193,22,24,,8,True
4692,KOBRAND CORPORATION,11529,2024-08-07,2024-08-29,2024-09-26,2024-08,3835,48181.14,216.82,48397.96,12.5635,0.0565,0.45,22,28,,242,True
11567,CAMPARI AMERICA,11545,2024-08-08,2024-08-29,2024-10-07,2024-08,11835,120191.38,637.01,120828.39,10.1556,0.0538,0.53,21,39,,74,True
1590,DIAGEO CHATEAU ESTATE WINES,11546,2024-08-08,2024-08-29,2024-09-28,2024-08,3676,36450.2,196.83,36647.03,9.9157,0.0535,0.54,21,30,,117,True
9552,M S WALKER INC,11550,2024-08-08,2024-08-29,2024-09-30,2024-08,43902,374887.98,1836.95,376724.93,8.5392,0.0418,0.49,21,32,Frank Delahunt,960,True
17035,PERNOD RICARD USA,11552,2024-08-08,2024-08-29,2024-09-28,2024-08,44125,608923.57,2922.83,611846.4,13.8,0.0662,0.48,21,30,Frank Delahunt,277,True
90037,THE PIERPONT GROUP LLC,11559,2024-08-08,2024-08-29,2024-09-28,2024-08,128,1243.49,6.09,1249.58,9.7148,0.0476,0.4898,21,30,,13,True
200,AMERICAN SPIRITS EXCHANGE,11566,2024-08-09,2024-08-29,2024-10-07,2024-08,36,297.48,1.64,299.12,8.2633,0.0456,0.5513,20,39,,3,True
3089,SIDNEY FRANK IMPORTING CO,11578,2024-08-09,2024-08-29,2024-10-06,2024-08,5175,43218.31,220.41,43438.72,8.3514,0.0426,0.51,20,38,,13,True
90010,VINEXTRA INC,11582,2024-08-09,2024-08-29,2024-09-22,2024-08,559,6723.06,36.98,6760.04,12.0269,0.0662,0.55,20,24,,47,True
4550,KLIN SPIRITS LLC,11593,2024-08-10,2024-08-29,2024-09-30,2024-08,223,3349.15,17.42,3366.57,15.0186,0.0781,0.5201,19,32,,4,True
8150,SEA HAGG DISTILLERY LLC,11601,2024-08-10,2024-08-29,2024-09-30,2024-08,344,4331.13,23.82,4354.95,12.5905,0.0692,0.55,19,32,,9,True
90017,THE IMPORTED GRAPE LLC,11603,2024-08-10,2024-08-29,2024-09-28,2024-08,234,1450.86,6.67,1457.53,6.2003,0.0285,0.4597,19,30,,40,True
2450,DJINN SPIRITS LLC,11623,2024-08-12,2024-08-29,2024-10-04,2024-08,41,707.66,3.26,710.92,17.26,0.0795,0.4607,17,36,,6,True
8664,"STOLI GROUP,(USA) LLC",11632,2024-08-12,2024-08-29,2024-10-01,2024-08,8602,103395.98,568.68,103964.66,12.02,0.0661,0.55,17,33,,48,True
6830,PARK STREET IMPORTS LLC,11644,2024-08-14,2024-08-29,2024-10-04,2024-08,959,16330.76,89.82,16420.58,17.0289,0.0937,0.55,15,36,,12,True
90011,FORTUNE WINE BROKERS LLC,11657,2024-08-15,2024-08-29,2024-10-06,2024-08,84,678.12,3.66,681.78,8.0729,0.0436,0.5397,14,38,,62,True
7154,PREMIER DISTRIBUTORS,11661,2024-08-15,2024-08-29,2024-10-08,2024-08,143,1598.17,7.99,1606.16,11.176,0.0559,0.4999,14,40,,7,True
1273,CALEDONIA SPIRITS INC,11669,2024-08-16,2024-08-29,2024-09-29,2024-08,228,6894.98,34.47,6929.45,30.2411,0.1512,0.4999,13,31,,5,True
17035,PERNOD RICARD USA,11679,2024-08-16,2024-08-29,2024-10-13,2024-08,32422,473658.8,2131.46,475790.26,14.6092,0.0657,0.45,13,45,Frank Delahunt,277,True
3664,WILLIAM GRANT & SONS INC,11684,2024-08-16,2024-08-29,2024-10-08,2024-08,6492,126831.43,608.79,127440.22,19.5366,0.0938,0.48,13,40,,85,True
660,SAZERAC NORTH AMERICA INC.,11696,2024-08-17,2024-08-29,2024-09-30,2024-08,14529,73209.5,380.69,73590.19,5.0389,0.0262,0.52,12,32,,84,True
10754,PERFECTA WINES,11707,2024-08-18,2024-08-29,2024-10-15,2024-08,10219,109748.74,537.77,110286.51,10.7397,0.0526,0.49,11,47,,897,True
28776,TALL SHIP DISTILLERY LLC,11713,2024-08-18,2024-08-29,2024-09-29,2024-08,24,502.2,2.66,504.86,20.925,0.1108,0.5297,11,31,,4,True
90024,VINILANDIA USA,11714,2024-08-18,2024-08-29,2024-10-09,2024-08,1097,9380.02,45.02,9425.04,8.5506,0.041,0.48,11,41,,206,True
516,BANFI PRODUCTS CORP,11717,2024-08-19,2024-08-29,2024-10-09,2024-08,3471,24836.18,124.18,24960.36,7.1553,0.0358,0.5,10,41,,149,True
7255,PSP WINES,11721,2024-08-19,2024-08-29,2024-10-01,2024-08,92,822.32,4.44,826.76,8.9383,0.0483,0.5399,10,33,,32,True
9625,WESTERN SPIRITS BEVERAGE CO,11727,2024-08-19,2024-08-29,2024-10-04,2024-08,1093,6942.48,34.02,6976.5,6.3518,0.0311,0.49,10,36,,26,True
1485,CASTLE BRANDS CORP.,11524,2024-08-07,2024-08-30,2024-09-25,2024-08,2769,40048.68,196.24,40244.92,14.4632,0.0709,0.49,23,26,,29,True
5992,MCCORMICK DISTILLING CO,11530,2024-08-07,2024-08-30,2024-09-25,2024-08,831,8491.68,38.21,8529.89,10.2186,0.046,0.45,23,26,,35,True
7255,PSP WINES,11554,2024-08-08,2024-08-30,2024-09-23,2024-08,528,4394.09,21.09,4415.18,8.3221,0.0399,0.48,22,24,,32,True
28776,TALL SHIP DISTILLERY LLC,11557,2024-08-08,2024-08-30,2024-09-27,2024-08,82,1763.42,8.46,1771.88,21.5051,0.1032,0.4797,22,28,,4,True
1587,VINEYARD BRANDS INC,11562,2024-08-08,2024-08-30,2024-09-26,2024-08,7227,48003.28,249.62,48252.9,6.6422,0.0345,0.52,22,27,,87,True
10000,MAJESTIC FINE WINES,11574,2024-08-09,2024-08-30,2024-10-02,2024-08,10461,81877.22,417.57,82294.79,7.8269,0.0399,0.51,21,33,,40,True
3960,DIAGEO NORTH AMERICA INC,11589,2024-08-10,2024-08-30,2024-10-05,2024-08,119801,1104864.79,5855.78,1110720.57,9.2225,0.0489,0.53,20,36,Frank Delahunt,449,True
2496,DUGGANS DISTILLED PRODUCTS,11590,2024-08-10,2024-08-30,2024-09-23,2024-08,748,9588.92,47.94,9636.86,12.8194,0.0641,0.5,20,24,,5,True
17032,JEWELL TOWNE VINEYARDS,11592,2024-08-10,2024-08-30,2024-09-30,2024-08,251,2086.01,11.47,2097.48,8.3108,0.0457,0.5499,20,31,,7,True
5455,MARSALLE COMPANY,11595,2024-08-10,2024-08-30,2024-10-03,2024-08,126,3800.55,20.9,3821.45,30.1631,0.1659,0.5499,20,34,,10,True
17031,FLAG HILL WINERY & VINEYARD,11624,2024-08-12,2024-08-30,2024-09-29,2024-08,737,11327.76,52.11,11379.87,15.3701,0.0707,0.46,18,30,,19,True
6355,NICHE W & S,11628,2024-08-12,2024-08-30,2024-10-06,2024-08,77,1131.9,5.66,1137.56,14.7,0.0735,0.5,18,37,,8,True
7240,"PREMIUM PORT WINES, INC.",11629,2024-08-12,2024-08-30,2024-09-30,2024-08,220,1654.31,9.1,1663.41,7.5196,0.0414,0.5501,18,31,,3,True
9099,TRUETT HURST,11634,2024-08-12,2024-08-30,2024-09-30,2024-08,24,236.64,1.25,237.89,9.86,0.0521,0.5282,18,31,,1,True
3950,"HOOD RIVER DISTILLERS, Inc.",11639,2024-08-14,2024-08-30,2024-10-15,2024-08,1,21.58,0.11,21.69,21.58,0.11,0.5097,16,46,,7,True
6359,OLE SMOKY DISTILLERY LLC,11643,2024-08-14,2024-08-30,2024-10-04,2024-08,376,5319.1,25.0,5344.1,14.1465,0.0665,0.47,16,35,,18,True
10050,Russian Standard Vodka,11645,2024-08-14,2024-08-30,2024-10-07,2024-08,260,4074.28,19.15,4093.43,15.6703,0.0737,0.47,16,38,,13,True
653,STATE WINE & SPIRITS,11646,2024-08-14,2024-08-30,2024-10-05,2024-08,3930,35556.74,174.23,35730.97,9.0475,0.0443,0.49,16,36,,258,True
9744,FREDERICK WILDMAN & SONS,11658,2024-08-15,2024-08-30,2024-10-11,2024-08,944,8894.73,41.81,8936.54,9.4224,0.0443,0.4701,15,42,,149,True
6213,MHW LTD,11660,2024-08-15,2024-08-30,2024-10-15,2024-08,3918,42990.58,214.95,43205.53,10.9726,0.0549,0.5,15,46,,96,True
8735,SURVILLE ENTERPRISES CORP,11664,2024-08-15,2024-08-30,2024-10-10,2024-08,133,1036.6,5.39,1041.99,7.794,0.0405,0.52,15,41,,22,True
5992,MCCORMICK DISTILLING CO,11675,2024-08-16,2024-08-30,2024-09-30,2024-08,629,6983.21,34.92,7018.13,11.1021,0.0555,0.5001,14,31,,35,True
6355,NICHE W & S,11677,2024-08-16,2024-08-30,2024-10-04,2024-08,37,543.9,2.61,546.51,14.7,0.0705,0.4799,14,35,,8,True
7245,PROXIMO SPIRITS INC.,11680,2024-08-16,2024-08-30,2024-10-14,2024-08,13323,155894.56,763.88,156658.44,11.7012,0.0573,0.49,14,45,,114,True
28750,SMOKY QUARTZ DISTILLERY LLC,11682,2024-08-16,2024-08-30,2024-10-12,2024-08,190,4114.76,21.81,4136.57,21.6566,0.1148,0.53,14,43,,4,True
8004,SAZERAC CO INC,11695,2024-08-17,2024-08-30,2024-10-10,2024-08,25557,192619.43,982.36,193601.79,7.5369,0.0384,0.51,13,41,,138,True
1587,VINEYARD BRANDS INC,11651,2024-08-14,2024-08-31,2024-10-12,2024-08,5103,34633.74,169.71,34803.45,6.7869,0.0333,0.49,17,42,,87,True
7240,"PREMIUM PORT WINES, INC.",11662,2024-08-15,2024-08-31,2024-10-14,2024-08,139,978.23,4.6,982.83,7.0376,0.0331,0.4702,16,44,,3,True
90058,ZORVINO VINEYARDS,11665,2024-08-15,2024-08-31,2024-10-02,2024-08,226,1919.95,9.98,1929.93,8.4954,0.0442,0.5198,16,32,,6,True
105,ALTAMAR BRANDS LLC,11666,2024-08-16,2024-08-31,2024-10-03,2024-08,6,214.26,0.99,215.25,35.71,0.165,0.4621,15,33,,3,True
388,ATLANTIC IMPORTING COMPANY,11667,2024-08-16,2024-08-31,2024-10-08,2024-08,11,234.52,1.29,235.81,21.32,0.1173,0.5501,15,38,,3,True
6785,PALM BAY INTERNATIONAL INC,11678,2024-08-16,2024-08-31,2024-10-05,2024-08,8960,59530.9,327.42,59858.32,6.6441,0.0365,0.55,15,35,,174,True
2555,DISARONNO INTERNATIONAL LLC,11688,2024-08-17,2024-08-31,2024-10-11,2024-08,1083,12719.48,68.69,12788.17,11.7447,0.0634,0.54,14,41,,12,True
9552,M S WALKER INC,11692,2024-08-17,2024-08-31,2024-10-16,2024-08,23877,188674.06,886.77,189560.83,7.9019,0.0371,0.47,14,46,,960,True
4425,MARTIGNETTI COMPANIES,11693,2024-08-17,2024-08-31,2024-10-15,2024-08,49460,548391.07,2687.12,551078.19,11.0876,0.0543,0.49,14,45,Frank Delahunt,1639,True
98450,Serralles Usa LLC,11697,2024-08-17,2024-08-31,2024-09-30,2024-08,460,10938.86,57.98,10996.84,23.7801,0.126,0.53,14,30,,16,True
2000,SOUTHERN WINE & SPIRITS NE,11724,2024-08-19,2024-08-31,2024-09-30,2024-08,7030,59675.91,316.28,59992.19,8.4887,0.045,0.53,12,30,,417,True
90010,VINEXTRA INC,11726,2024-08-19,2024-08-31,2024-10-15,2024-08,107,1329.79,6.65,1336.44,12.4279,0.0621,0.5001,12,45,,47,True
17031,FLAG HILL WINERY & VINEYARD,11638,2024-08-14,2024-09-01,2024-10-04,2024-09,440,6477.45,31.74,6509.19,14.7215,0.0721,0.49,18,33,,19,True
1601,VRANKEN AMERICA,11652,2024-08-14,2024-09-01,2024-10-08,2024-09,212,3018.4,14.19,3032.59,14.2377,0.0669,0.4701,18,37,,21,True
3960,DIAGEO NORTH AMERICA INC,11670,2024-08-16,2024-09-01,2024-10-13,2024-09,100897,895189.29,4028.35,899217.64,8.8723,0.0399,0.45,16,42,Frank Delahunt,449,True
60,ADAMBA IMPORTS INTL INC,11685,2024-08-17,2024-09-01,2024-10-02,2024-09,134,2180.18,11.34,2191.52,16.27,0.0846,0.5201,15,31,,3,True
480,BACARDI USA INC,11686,2024-08-17,2024-09-01,2024-10-07,2024-09,21541,261170.36,1253.62,262423.98,12.1243,0.0582,0.48,15,36,Frank Delahunt,184,True
11567,CAMPARI AMERICA,11687,2024-08-17,2024-09-01,2024-10-12,2024-09,8449,73149.63,358.43,73508.06,8.6578,0.0424,0.49,15,41,,74,True
2561,EDRINGTON AMERICAS,11689,2024-08-17,2024-09-01,2024-10-07,2024-09,1087,33902.94,159.34,34062.28,31.1895,0.1466,0.47,15,36,,33,True
90032,LABELLE VYDS AND WINERY,11691,2024-08-17,2024-09-01,2024-10-02,2024-09,177,2122.23,10.82,2133.05,11.99,0.0611,0.5098,15,31,,10,True
8320,SHAW ROSS INT L IMP LTD,11698,2024-08-17,2024-09-01,2024-10-08,2024-09,1473,12966.02,58.35,13024.37,8.8025,0.0396,0.45,15,37,,38,True
4380,CHARLES JACQUIN ET CIE INC,11702,2024-08-18,2024-09-01,2024-10-10,2024-09,690,5535.26,25.46,5560.72,8.0221,0.0369,0.46,14,39,,15,True
90047,CRUSH WINES,11704,2024-08-18,2024-09-01,2024-10-12,2024-09,368,3542.1,19.48,3561.58,9.6253,0.0529,0.55,14,41,,165,True
9206,PHILLIPS PRODUCTS CO.,11708,2024-08-18,2024-09-01,2024-10-04,2024-09,632,8130.88,38.22,8169.1,12.8653,0.0605,0.4701,14,33,,33,True
90027,POVERTY LANE ORCHARDS,11709,2024-08-18,2024-09-01,2024-10-15,2024-09,180,1424.04,7.55,1431.59,7.9113,0.0419,0.5302,14,44,,8,True
12331,STELLAR IMPORTING CO LLC,11711,2024-08-18,2024-09-01,2024-10-10,2024-09,48,306.24,1.44,307.68,6.38,0.03,0.4702,14,39,,19,True
7239,REMY COINTREAU USA INC,11722,2024-08-19,2024-09-01,2024-10-16,2024-09,2285,56019.14,302.5,56321.64,24.516,0.1324,0.54,13,45,,45,True
8150,SEA HAGG DISTILLERY LLC,11723,2024-08-19,2024-09-01,2024-10-12,2024-09,373,4817.02,23.6,4840.62,12.9143,0.0633,0.4899,13,41,,9,True
5455,MARSALLE COMPANY,11642,2024-08-14,2024-09-02,2024-09-30,2024-09,148,3837.86,18.81,3856.67,25.9315,0.1271,0.4901,19,28,,10,True
1189,BULLY BOY DISTILLERS,11653,2024-08-15,2024-09-02,2024-10-08,2024-09,491,10435.19,57.39,10492.58,21.2529,0.1169,0.55,18,36,,6,True
90046,CANDIA VINEYARDS,11654,2024-08-15,2024-09-02,2024-10-16,2024-09,35,450.65,2.25,452.9,12.8757,0.0643,0.4993,18,44,,5,True
7153,PINE STATE TRADING CO,11694,2024-08-17,2024-09-02,2024-10-13,2024-09,8418,57877.28,300.96,58178.24,6.8754,0.0358,0.52,16,41,,480,True
8920,TAKARA SAKE USA INC,11712,2024-08-18,2024-09-02,2024-10-04,2024-09,195,953.94,4.29,958.23,4.892,0.022,0.4497,15,32,,3,True
9622,WEIN BAUER INC,11715,2024-08-18,2024-09-02,2024-10-14,2024-09,14,267.12,1.23,268.35,19.08,0.0879,0.4605,15,42,,6,True
4466,AMERICAN VINTAGE BEVERAGE,11716,2024-08-19,2024-09-02,2024-09-29,2024-09,433,4334.43,20.37,4354.8,10.0102,0.047,0.47,14,27,,3,True
4950,LATITUDE BEVERAGE COMPANY,11641,2024-08-14,2024-09-03,2024-10-08,2024-09,676,4219.93,23.21,4243.14,6.2425,0.0343,0.55,20,35,,45,True
17037,Dunn Wine Brokers,11655,2024-08-15,2024-09-03,2024-10-06,2024-09,34,403.4,1.9,405.3,11.8647,0.0559,0.471,19,33,,35,True
3252,E & J GALLO WINERY,11656,2024-08-15,2024-09-03,2024-10-15,2024-09,37017,256077.2,1408.42,257485.62,6.9178,0.038,0.55,19,42,Frank Delahunt,527,True
4848,LAIRD & CO,11659,2024-08-15,2024-09-03,2024-10-12,2024-09,195,1646.67,8.4,1655.07,8.4445,0.0431,0.5101,19,39,,16,True
3089,SIDNEY FRANK IMPORTING CO,11663,2024-08-15,2024-09-03,2024-10-15,2024-09,3869,40370.73,193.78,40564.51,10.4344,0.0501,0.48,19,42,,13,True
17033,SEA BREEZE CELLARS LLC,11681,2024-08-16,2024-09-03,2024-10-05,2024-09,106,2173.62,11.95,2185.57,20.5058,0.1127,0.5498,18,32,,16,True
1392,CONSTELLATION BRANDS INC,11703,2024-08-18,2024-09-03,2024-10-01,2024-09,42289,279881.62,1539.35,281420.97,6.6183,0.0364,0.55,16,28,Frank Delahunt,481,True
4550,KLIN SPIRITS LLC,11706,2024-08-18,2024-09-03,2024-10-04,2024-09,81,1139.67,5.58,1145.25,14.07,0.0689,0.4896,16,31,,4,True
8112,MOET HENNESSY USA INC,11720,2024-08-19,2024-09-03,2024-10-03,2024-09,6013,140933.91,718.76,141652.67,23.4382,0.1195,0.51,15,30,,129,True
8892,TRINCHERO FAMILY ESTATES,11725,2024-08-19,2024-09-03,2024-09-29,2024-09,7018,43727.03,196.77,43923.8,6.2307,0.028,0.45,15,26,,153,True
9819,TREASURY WINE ESTATES,11648,2024-08-14,2024-09-04,2024-10-05,2024-09,9322,51831.09,233.24,52064.33,5.5601,0.025,0.45,21,31,,111,True
1128,BROWN-FORMAN CORP,11668,2024-08-16,2024-09-04,2024-09-29,2024-09,19450,235097.07,1269.52,236366.59,12.0873,0.0653,0.54,19,25,,142,True
90053,INCREDIBREW INC,11672,2024-08-16,2024-09-04,2024-10-12,2024-09,58,503.36,2.62,505.98,8.6786,0.0452,0.5205,19,38,,4,True
90017,THE IMPORTED GRAPE LLC,11699,2024-08-17,2024-09-04,2024-10-13,2024-09,60,366.84,1.8,368.64,6.114,0.03,0.4907,18,39,,40,True
1485,CASTLE BRANDS CORP.,11700,2024-08-18,2024-09-04,2024-10-02,2024-09,2442,35960.1,165.42,36125.52,14.7257,0.0677,0.46,17,28,,29,True
12546,JIM BEAM BRANDS COMPANY,11705,2024-08-18,2024-09-04,2024-10-16,2024-09,55970,534989.64,2407.45,537397.09,9.5585,0.043,0.45,17,42,Frank Delahunt,415,True
3924,HEAVEN HILL DISTILLERIES,11718,2024-08-19,2024-09-04,2024-10-11,2024-09,8026,69502.92,319.71,69822.63,8.6597,0.0398,0.46,16,37,,69,True
8352,LUXCO INC,11719,2024-08-19,2024-09-04,2024-10-13,2024-09,24842,55029.65,291.66,55321.31,2.2152,0.0117,0.53,16,39,,69,True
9815,WINE GROUP INC,11728,2024-08-19,2024-09-04,2024-10-15,2024-09,15555,93623.34,449.39,94072.73,6.0189,0.0289,0.48,16,41,,215,True
2496,DUGGANS DISTILLED PRODUCTS,11637,2024-08-14,2024-09-05,2024-10-15,2024-09,955,11394.32,52.41,11446.73,11.9312,0.0549,0.46,22,40,,5,True
8664,"STOLI GROUP,(USA) LLC",11647,2024-08-14,2024-09-05,2024-10-16,2024-09,5692,72772.34,385.69,73158.03,12.785,0.0678,0.53,22,41,,48,True
9260,TY KU LLC,11649,2024-08-14,2024-09-05,2024-10-06,2024-09,60,613.68,3.07,616.75,10.228,0.0512,0.5003,22,31,,7,True
9165,ULTRA BEVERAGE COMPANY LLP,11650,2024-08-14,2024-09-05,2024-10-16,2024-09,20079,257075.99,1336.8,258412.79,12.8032,0.0666,0.52,22,41,Frank Delahunt,965,True
6215,MOONLIGHT MEADERY,11676,2024-08-16,2024-09-05,2024-10-02,2024-09,165,1484.91,6.68,1491.59,8.9995,0.0405,0.4499,20,27,,7,True
90056,SWEET BABY VINEYARD,11683,2024-08-16,2024-09-05,2024-09-30,2024-09,335,2826.08,12.72,2838.8,8.4361,0.038,0.4501,20,25,,4,True
8673,STE MICHELLE WINE ESTATES,11710,2024-08-18,2024-09-05,2024-10-01,2024-09,8513,63738.62,350.56,64089.18,7.4872,0.0412,0.55,18,26,,144,True
9622,WEIN BAUER INC,11746,2024-08-21,2024-09-05,2024-10-07,2024-09,30,572.4,2.98,575.38,19.08,0.0993,0.5206,15,32,,6,True
5270,MANGO BOTTLING INC,11757,2024-08-22,2024-09-05,2024-10-12,2024-09,614,4316.34,21.58,4337.92,7.0299,0.0351,0.5,14,37,,6,True
2000,SOUTHERN WINE & SPIRITS NE,11764,2024-08-22,2024-09-05,2024-10-11,2024-09,12497,135153.04,662.25,135815.29,10.8148,0.053,0.49,14,36,,417,True
9751,VINEDREA WINES LLC,11769,2024-08-22,2024-09-05,2024-10-13,2024-09,4,90.88,0.5,91.38,22.72,0.125,0.5502,14,38,,1,True
1189,BULLY BOY DISTILLERS,11792,2024-08-24,2024-09-05,2024-10-18,2024-09,120,2628.96,14.2,2643.16,21.908,0.1183,0.5401,12,43,,6,True
8664,"STOLI GROUP,(USA) LLC",11803,2024-08-24,2024-09-05,2024-10-07,2024-09,6399,82566.8,388.06,82954.86,12.9031,0.0606,0.47,12,32,,48,True
1703,ALISA CARR BEVERAGES,11816,2024-08-26,2024-09-05,2024-10-22,2024-09,25,4598.79,21.15,4619.94,183.9516,0.846,0.4599,10,47,,32,True
8673,STE MICHELLE WINE ESTATES,11828,2024-08-26,2024-09-05,2024-10-19,2024-09,12032,89339.06,482.43,89821.49,7.4251,0.0401,0.54,10,44,,144,True
9819,TREASURY WINE ESTATES,11830,2024-08-26,2024-09-05,2024-10-23,2024-09,19445,125137.34,625.69,125763.03,6.4355,0.0322,0.5,10,48,,111,True
2242,DELICATO VINEYARDS INC,11635,2024-08-14,2024-09-06,2024-10-10,2024-09,3562,29123.06,157.26,29280.32,8.176,0.0441,0.54,23,34,,96,True
1590,DIAGEO CHATEAU ESTATE WINES,11636,2024-08-14,2024-09-06,2024-10-03,2024-09,2250,14959.1,73.3,15032.4,6.6485,0.0326,0.49,23,27,,117,True
17032,JEWELL TOWNE VINEYARDS,11640,2024-08-14,2024-09-06,2024-10-14,2024-09,245,2006.76,10.23,2016.99,8.1909,0.0418,0.5098,23,38,,7,True
2450,DJINN SPIRITS LLC,11671,2024-08-16,2024-09-06,2024-09-29,2024-09,641,10475.3,50.28,10525.58,16.3421,0.0784,0.48,21,23,,6,True
4692,KOBRAND CORPORATION,11673,2024-08-16,2024-09-06,2024-10-16,2024-09,2470,25283.41,134.0,25417.41,10.2362,0.0543,0.53,21,40,,242,True
10000,MAJESTIC FINE WINES,11674,2024-08-16,2024-09-06,2024-10-08,2024-09,7266,56944.29,261.94,57206.23,7.8371,0.0361,0.46,21,32,,40,True
1655,FABRIZIA SPIRITS LLC,11690,2024-08-17,2024-09-06,2024-10-10,2024-09,462,6339.12,29.16,6368.28,13.721,0.0631,0.46,20,34,,8,True
2876,CENTEUR IMPORTS LLC,11701,2024-08-18,2024-09-06,2024-10-01,2024-09,6,52.68,0.24,52.92,8.78,0.04,0.4556,19,25,,11,True
287,APPOLO VINEYARDS LLC,11729,2024-08-21,2024-09-06,2024-10-20,2024-09,24,250.44,1.38,251.82,10.435,0.0575,0.551,16,44,,2,True
90051,FULCHINO VINEYARD INC,11733,2024-08-21,2024-09-06,2024-10-10,2024-09,47,556.31,2.73,559.04,11.8364,0.0581,0.4907,16,34,,2,True
6359,OLE SMOKY DISTILLERY LLC,11736,2024-08-21,2024-09-06,2024-10-21,2024-09,205,2950.88,13.28,2964.16,14.3945,0.0648,0.45,16,45,,18,True
480,BACARDI USA INC,11748,2024-08-22,2024-09-06,2024-10-09,2024-09,22317,253169.4,1265.85,254435.25,11.3442,0.0567,0.5,15,33,Frank Delahunt,184,True
2450,DJINN SPIRITS LLC,11751,2024-08-22,2024-09-06,2024-10-23,2024-09,48,785.04,4.0,789.04,16.355,0.0833,0.5095,15,47,,6,True
90053,INCREDIBREW INC,11754,2024-08-22,2024-09-06,2024-10-09,2024-09,130,1148.74,5.51,1154.25,8.8365,0.0424,0.4797,15,33,,4,True
6213,MHW LTD,11758,2024-08-22,2024-09-06,2024-10-15,2024-09,4393,50706.4,238.32,50944.72,11.5425,0.0542,0.47,15,39,,96,True
2876,CENTEUR IMPORTS LLC,11774,2024-08-23,2024-09-06,2024-10-06,2024-09,34,290.56,1.42,291.98,8.5459,0.0418,0.4887,14,30,,11,True
10050,Russian Standard Vodka,11785,2024-08-23,2024-09-06,2024-10-09,2024-09,721,12055.94,63.9,12119.84,16.7211,0.0886,0.53,14,33,,13,True
90052,HAUNTING WHISPER VYDS,11797,2024-08-24,2024-09-06,2024-10-12,2024-09,12,99.24,0.54,99.78,8.27,0.045,0.5441,13,36,,2,True
90056,SWEET BABY VINEYARD,11804,2024-08-24,2024-09-06,2024-10-17,2024-09,448,3708.32,17.8,3726.12,8.2775,0.0397,0.48,13,41,,4,True
5992,MCCORMICK DISTILLING CO,11812,2024-08-25,2024-09-06,2024-10-19,2024-09,511,4938.66,24.69,4963.35,9.6647,0.0483,0.4999,12,43,,35,True
90027,POVERTY LANE ORCHARDS,11813,2024-08-25,2024-09-06,2024-10-06,2024-09,511,4036.55,18.16,4054.71,7.8993,0.0355,0.4499,12,30,,8,True
1587,VINEYARD BRANDS INC,11831,2024-08-26,2024-09-06,2024-10-17,2024-09,9259,62759.68,301.25,63060.93,6.7782,0.0325,0.48,11,41,,87,True
1273,CALEDONIA SPIRITS INC,11731,2024-08-21,2024-09-07,2024-10-23,2024-09,153,4643.38,20.9,4664.28,30.3489,0.1366,0.4501,17,46,,5,True
8150,SEA HAGG DISTILLERY LLC,11740,2024-08-21,2024-09-07,2024-10-21,2024-09,448,5598.99,25.2,5624.19,12.4977,0.0563,0.4501,17,44,,9,True
3664,WILLIAM GRANT & SONS INC,11747,2024-08-21,2024-09-07,2024-10-23,2024-09,8146,138243.08,691.22,138934.3,16.9707,0.0849,0.5,17,46,,85,True
6215,MOONLIGHT MEADERY,11759,2024-08-22,2024-09-07,2024-10-11,2024-09,167,1481.68,6.67,1488.35,8.8723,0.0399,0.4502,16,34,,7,True
90037,THE PIERPONT GROUP LLC,11767,2024-08-22,2024-09-07,2024-10-15,2024-09,12,81.6,0.42,82.02,6.8,0.035,0.5147,16,38,,13,True
1485,CASTLE BRANDS CORP.,11773,2024-08-23,2024-09-07,2024-10-18,2024-09,1874,27862.2,136.52,27998.72,14.8678,0.0728,0.49,15,41,,29,True
1650,Circa Wines,11775,2024-08-23,2024-09-07,2024-10-15,2024-09,84,1119.48,5.04,1124.52,13.3271,0.06,0.4502,15,38,,74,True
2242,DELICATO VINEYARDS INC,11776,2024-08-23,2024-09-07,2024-10-19,2024-09,3709,29828.83,149.14,29977.97,8.0423,0.0402,0.5,15,42,,96,True
3924,HEAVEN HILL DISTILLERIES,11778,2024-08-23,2024-09-07,2024-10-09,2024-09,7137,57645.01,265.17,57910.18,8.0769,0.0372,0.46,15,32,,69,True
4425,MARTIGNETTI COMPANIES,11781,2024-08-23,2024-09-07,2024-10-16,2024-09,65471,699729.97,3148.78,702878.75,10.6876,0.0481,0.45,15,39,Frank Delahunt,1639,True
28776,TALL SHIP DISTILLERY LLC,11787,2024-08-23,2024-09-07,2024-10-09,2024-09,24,511.68,2.46,514.14,21.32,0.1025,0.4808,15,32,,4,True
60,ADAMBA IMPORTS INTL INC,11807,2024-08-25,2024-09-07,2024-10-17,2024-09,167,2717.09,12.77,2729.86,16.27,0.0765,0.47,13,40,,3,True
8352,LUXCO INC,11811,2024-08-25,2024-09-07,2024-10-09,2024-09,7873,41794.53,225.69,42020.22,5.3086,0.0287,0.54,13,32,,69,True
7245,PROXIMO SPIRITS INC.,11826,2024-08-26,2024-09-07,2024-10-08,2024-09,13271,151869.54,804.91,152674.45,11.4437,0.0607,0.53,12,31,,114,True
9815,WINE GROUP INC,11833,2024-08-26,2024-09-07,2024-10-08,2024-09,26515,149023.59,685.51,149709.1,5.6204,0.0259,0.46,12,31,,215,True
90011,FORTUNE WINE BROKERS LLC,11732,2024-08-21,2024-09-08,2024-10-18,2024-09,84,714.36,3.93,718.29,8.5043,0.0468,0.5501,18,40,,62,True
17032,JEWELL TOWNE VINEYARDS,11734,2024-08-21,2024-09-08,2024-10-23,2024-09,202,1735.56,8.5,1744.06,8.5919,0.0421,0.4898,18,45,,7,True
7239,REMY COINTREAU USA INC,11739,2024-08-21,2024-09-08,2024-10-10,2024-09,3014,59992.18,311.96,60304.14,19.9045,0.1035,0.52,18,32,,45,True
17035,PERNOD RICARD USA,11783,2024-08-23,2024-09-08,2024-10-16,2024-09,38402,606302.79,2788.99,609091.78,15.7883,0.0726,0.46,16,38,Frank Delahunt,277,True
3252,E & J GALLO WINERY,11796,2024-08-24,2024-09-08,2024-10-07,2024-09,46146,324355.01,1589.34,325944.35,7.0289,0.0344,0.49,15,29,Frank Delahunt,527,True
4950,LATITUDE BEVERAGE COMPANY,11799,2024-08-24,2024-09-08,2024-10-17,2024-09,787,4862.6,24.31,4886.91,6.1787,0.0309,0.4999,15,39,,45,True
90010,VINEXTRA INC,11806,2024-08-24,2024-09-08,2024-10-21,2024-09,116,1284.01,6.42,1290.43,11.0691,0.0553,0.5,15,43,,47,True
8320,SHAW ROSS INT L IMP LTD,11815,2024-08-25,2024-09-08,2024-10-09,2024-09,1510,15023.23,72.11,15095.34,9.9492,0.0478,0.48,14,31,,38,True
1590,DIAGEO CHATEAU ESTATE WINES,11819,2024-08-26,2024-09-08,2024-10-11,2024-09,3341,28650.31,143.25,28793.56,8.5754,0.0429,0.5,13,33,,117,True
1128,BROWN-FORMAN CORP,11730,2024-08-21,2024-09-09,2024-10-09,2024-09,17998,242967.77,1190.54,244158.31,13.4997,0.0661,0.49,19,30,,142,True
90046,CANDIA VINEYARDS,11749,2024-08-22,2024-09-09,2024-10-11,2024-09,48,585.24,3.04,588.28,12.1925,0.0633,0.5194,18,32,,5,True
9744,FREDERICK WILDMAN & SONS,11753,2024-08-22,2024-09-09,2024-10-13,2024-09,886,8941.65,42.03,8983.68,10.0922,0.0474,0.47,18,34,,149,True
98450,Serralles Usa LLC,11763,2024-08-22,2024-09-09,2024-10-20,2024-09,733,27163.64,122.24,27285.88,37.0582,0.1668,0.45,18,41,,16,True
8735,SURVILLE ENTERPRISES CORP,11765,2024-08-22,2024-09-09,2024-10-13,2024-09,121,684.63,3.42,688.05,5.6581,0.0283,0.4995,18,34,,22,True
2496,DUGGANS DISTILLED PRODUCTS,11777,2024-08-23,2024-09-09,2024-10-22,2024-09,743,11450.87,59.54,11510.41,15.4117,0.0801,0.52,17,43,,5,True
7255,PSP WINES,11784,2024-08-23,2024-09-09,2024-10-20,2024-09,322,2423.92,12.6,2436.52,7.5277,0.0391,0.5198,17,41,,32,True
3089,SIDNEY FRANK IMPORTING CO,11786,2024-08-23,2024-09-09,2024-10-09,2024-09,4729,49277.7,231.61,49509.31,10.4203,0.049,0.47,17,30,,13,True
388,ATLANTIC IMPORTING COMPANY,11791,2024-08-24,2024-09-09,2024-10-20,2024-09,41,874.12,4.55,878.67,21.32,0.111,0.5205,16,41,,3,True
3960,DIAGEO NORTH AMERICA INC,11794,2024-08-24,2024-09-09,2024-10-06,2024-09,112335,1114978.86,6020.89,1120999.75,9.9255,0.0536,0.54,16,27,Frank Delahunt,449,True
90047,CRUSH WINES,11809,2024-08-25,2024-09-09,2024-10-13,2024-09,595,8735.23,41.06,8776.29,14.6811,0.069,0.4701,15,34,,165,True
10000,MAJESTIC FINE WINES,11822,2024-08-26,2024-09-09,2024-10-09,2024-09,9737,91386.48,438.66,91825.14,9.3855,0.0451,0.48,14,30,,40,True
5612,MILTONS DISTRIBUTING CO,11735,2024-08-21,2024-09-10,2024-10-12,2024-09,12,69.6,0.32,69.92,5.8,0.0267,0.4598,20,32,,36,True
9206,PHILLIPS PRODUCTS CO.,11737,2024-08-21,2024-09-10,2024-10-21,2024-09,772,10202.77,48.97,10251.74,13.216,0.0634,0.48,20,41,,33,True
12546,JIM BEAM BRANDS COMPANY,11755,2024-08-22,2024-09-10,2024-10-13,2024-09,64412,615775.03,3017.3,618792.33,9.5599,0.0468,0.49,19,33,Frank Delahunt,415,True
17033,SEA BREEZE CELLARS LLC,11762,2024-08-22,2024-09-10,2024-10-08,2024-09,60,511.92,2.3,514.22,8.532,0.0383,0.4493,19,28,,16,True
172662,SWEETWATER FARM,11766,2024-08-22,2024-09-10,2024-10-20,2024-09,65,1402.75,7.43,1410.18,21.5808,0.1143,0.5297,19,40,,5,True
9165,ULTRA BEVERAGE COMPANY LLP,11788,2024-08-23,2024-09-10,2024-10-20,2024-09,23331,293016.08,1582.29,294598.37,12.5591,0.0678,0.54,18,40,Frank Delahunt,965,True
90057,WALPOLE MTN VIEW WINERY,11790,2024-08-23,2024-09-10,2024-10-23,2024-09,48,557.52,3.07,560.59,11.615,0.064,0.5507,18,43,,3,True
4692,KOBRAND CORPORATION,11798,2024-08-24,2024-09-10,2024-10-09,2024-09,4550,37842.42,174.08,38016.5,8.317,0.0383,0.46,17,29,,242,True
99166,STARK BREWING COMPANY,11802,2024-08-24,2024-09-10,2024-10-15,2024-09,588,12594.96,61.72,12656.68,21.42,0.105,0.49,17,35,,1,True
660,SAZERAC NORTH AMERICA INC.,11814,2024-08-25,2024-09-10,2024-10-16,2024-09,12184,80058.89,432.32,80491.21,6.5708,0.0355,0.54,16,36,,84,True
105,ALTAMAR BRANDS LLC,11817,2024-08-26,2024-09-10,2024-10-14,2024-09,6,214.26,1.05,215.31,35.71,0.175,0.4901,15,34,,3,True
5455,MARSALLE COMPANY,11823,2024-08-26,2024-09-10,2024-10-13,2024-09,237,6224.78,29.88,6254.66,26.2649,0.1261,0.48,15,33,,10,True
6785,PALM BAY INTERNATIONAL INC,11824,2024-08-26,2024-09-10,2024-10-23,2024-09,10543,75132.56,353.12,75485.68,7.1263,0.0335,0.47,15,43,,174,True
8920,TAKARA SAKE USA INC,11829,2024-08-26,2024-09-10,2024-10-06,2024-09,212,1031.44,4.64,1036.08,4.8653,0.0219,0.4499,15,26,,3,True
653,STATE WINE & SPIRITS,11742,2024-08-21,2024-09-11,2024-10-06,2024-09,2737,26896.58,134.48,27031.06,9.827,0.0491,0.5,21,25,,258,True
173357,TAMWORTH DISTILLING,11744,2024-08-21,2024-09-11,2024-10-10,2024-09,40,774.8,4.26,779.06,19.37,0.1065,0.5498,21,29,,4,True
8892,TRINCHERO FAMILY ESTATES,11768,2024-08-22,2024-09-11,2024-10-14,2024-09,10269,67841.09,352.77,68193.86,6.6064,0.0344,0.52,20,33,,153,True
4550,KLIN SPIRITS LLC,11779,2024-08-23,2024-09-11,2024-10-09,2024-09,114,1603.98,7.38,1611.36,14.07,0.0647,0.4601,19,28,,4,True
8112,MOET HENNESSY USA INC,11800,2024-08-24,2024-09-11,2024-10-12,2024-09,6083,136014.59,625.67,136640.26,22.3598,0.1029,0.46,18,31,,129,True
90017,THE IMPORTED GRAPE LLC,11805,2024-08-24,2024-09-11,2024-10-20,2024-09,72,486.96,2.34,489.3,6.7633,0.0325,0.4805,18,39,,40,True
1655,FABRIZIA SPIRITS LLC,11810,2024-08-25,2024-09-11,2024-10-22,2024-09,678,9782.13,48.91,9831.04,14.4279,0.0721,0.5,17,41,,8,True
17031,FLAG HILL WINERY & VINEYARD,11820,2024-08-26,2024-09-11,2024-10-10,2024-09,589,7801.32,38.23,7839.55,13.245,0.0649,0.49,16,29,,19,True
10754,PERFECTA WINES,11825,2024-08-26,2024-09-11,2024-10-17,2024-09,17937,203663.44,1099.78,204763.22,11.3544,0.0613,0.54,16,36,,897,True
90058,ZORVINO VINEYARDS,11834,2024-08-26,2024-09-11,2024-10-09,2024-09,156,1282.92,6.16,1289.08,8.2238,0.0395,0.4802,16,28,,6,True
28750,SMOKY QUARTZ DISTILLERY LLC,11741,2024-08-21,2024-09-12,2024-10-11,2024-09,72,1552.8,6.99,1559.79,21.5667,0.0971,0.4502,22,29,,4,True
9260,TY KU LLC,11745,2024-08-21,2024-09-12,2024-10-11,2024-09,64,612.38,3.18,615.56,9.5684,0.0497,0.5193,22,29,,7,True
2561,EDRINGTON AMERICAS,11752,2024-08-22,2024-09-12,2024-10-06,2024-09,1254,41166.15,218.18,41384.33,32.8279,0.174,0.53,21,24,,33,True
7153,PINE STATE TRADING CO,11760,2024-08-22,2024-09-12,2024-10-09,2024-09,9286,65985.64,336.53,66322.17,7.1059,0.0362,0.51,21,27,,480,True
7240,"PREMIUM PORT WINES, INC.",11761,2024-08-22,2024-09-12,2024-10-19,2024-09,132,991.56,5.35,996.91,7.5118,0.0405,0.5396,21,37,,3,True
4466,AMERICAN VINTAGE BEVERAGE,11771,2024-08-23,2024-09-12,2024-10-11,2024-09,370,3640.18,18.2,3658.38,9.8383,0.0492,0.5,20,29,,3,True
11567,CAMPARI AMERICA,11772,2024-08-23,2024-09-12,2024-10-16,2024-09,9617,75865.43,402.09,76267.52,7.8887,0.0418,0.53,20,34,,74,True
4848,LAIRD & CO,11780,2024-08-23,2024-09-12,2024-10-17,2024-09,268,2088.96,10.65,2099.61,7.7946,0.0397,0.5098,20,35,,16,True
6355,NICHE W & S,11782,2024-08-23,2024-09-12,2024-10-15,2024-09,35,515.06,2.68,517.74,14.716,0.0766,0.5203,20,33,,8,True
6830,PARK STREET IMPORTS LLC,11801,2024-08-24,2024-09-12,2024-10-18,2024-09,216,3538.8,18.4,3557.2,16.3833,0.0852,0.52,19,36,,12,True
4380,CHARLES JACQUIN ET CIE INC,11808,2024-08-25,2024-09-12,2024-10-20,2024-09,746,6379.09,28.71,6407.8,8.5511,0.0385,0.4501,18,38,,15,True
516,BANFI PRODUCTS CORP,11818,2024-08-26,2024-09-12,2024-10-08,2024-09,3662,25354.93,139.45,25494.38,6.9238,0.0381,0.55,17,26,,149,True
90032,LABELLE VYDS AND WINERY,11821,2024-08-26,2024-09-12,2024-10-21,2024-09,286,3199.51,16.0,3215.51,11.1871,0.0559,0.5001,17,39,,10,True
8004,SAZERAC CO INC,11827,2024-08-26,2024-09-12,2024-10-15,2024-09,34618,207108.42,994.12,208102.54,5.9827,0.0287,0.48,17,33,,138,True
90024,VINILANDIA USA,11832,2024-08-26,2024-09-12,2024-10-16,2024-09,940,9741.26,46.76,9788.02,10.363,0.0497,0.48,17,34,,206,True
5455,MARSALLE COMPANY,11843,2024-08-28,2024-09-12,2024-10-28,2024-09,120,3399.91,16.66,3416.57,28.3326,0.1388,0.49,15,46,,10,True
660,SAZERAC NORTH AMERICA INC.,11852,2024-08-29,2024-09-12,2024-10-26,2024-09,11291,83699.71,376.65,84076.36,7.413,0.0334,0.45,14,44,,84,True
9744,FREDERICK WILDMAN & SONS,11864,2024-08-30,2024-09-12,2024-10-27,2024-09,1104,10274.97,50.35,10325.32,9.307,0.0456,0.49,13,45,,149,True
9552,M S WALKER INC,11869,2024-08-30,2024-09-12,2024-10-27,2024-09,27972,214082.29,1091.82,215174.11,7.6534,0.039,0.51,13,45,,960,True
7749,R.P.IMPORTS INC,11875,2024-08-30,2024-09-12,2024-10-18,2024-09,11,593.89,3.21,597.1,53.99,0.2918,0.5405,13,36,,75,True
8735,SURVILLE ENTERPRISES CORP,11877,2024-08-30,2024-09-12,2024-10-23,2024-09,126,803.88,3.78,807.66,6.38,0.03,0.4702,13,41,,22,True
4950,LATITUDE BEVERAGE COMPANY,11886,2024-08-31,2024-09-12,2024-10-24,2024-09,1024,6347.27,31.1,6378.37,6.1985,0.0304,0.49,12,42,,45,True
10000,MAJESTIC FINE WINES,11887,2024-08-31,2024-09-12,2024-10-27,2024-09,6356,55437.2,304.9,55742.1,8.722,0.048,0.55,12,45,,40,True
6355,NICHE W & S,11890,2024-08-31,2024-09-12,2024-10-21,2024-09,74,1087.8,5.55,1093.35,14.7,0.075,0.5102,12,39,,8,True
9206,PHILLIPS PRODUCTS CO.,11892,2024-08-31,2024-09-12,2024-10-21,2024-09,698,9001.38,45.91,9047.29,12.896,0.0658,0.51,12,39,,33,True
8150,SEA HAGG DISTILLERY LLC,11894,2024-08-31,2024-09-12,2024-10-16,2024-09,297,3726.23,18.63,3744.86,12.5462,0.0627,0.5,12,34,,9,True
8892,TRINCHERO FAMILY ESTATES,11919,2024-09-01,2024-09-12,2024-10-20,2024-09,9149,60250.77,331.38,60582.15,6.5855,0.0362,0.55,11,38,,153,True
17037,Dunn Wine Brokers,11923,2024-09-02,2024-09-12,2024-10-22,2024-09,70,798.0,4.31,802.31,11.4,0.0616,0.5401,10,40,,35,True
10754,PERFECTA WINES,11930,2024-09-02,2024-09-12,2024-10-30,2024-09,8651,76388.62,420.14,76808.76,8.83,0.0486,0.55,10,48,,897,True
7154,PREMIER DISTRIBUTORS,11738,2024-08-21,2024-09-13,2024-10-07,2024-09,189,2768.53,13.57,2782.1,14.6483,0.0718,0.4902,23,24,,7,True
12331,STELLAR IMPORTING CO LLC,11743,2024-08-21,2024-09-13,2024-10-21,2024-09,24,199.92,0.92,200.84,8.33,0.0383,0.4602,23,38,,19,True
2555,DISARONNO INTERNATIONAL LLC,11750,2024-08-22,2024-09-13,2024-10-09,2024-09,1443,14682.22,74.88,14757.1,10.1748,0.0519,0.51,22,26,,12,True
9552,M S WALKER INC,11756,2024-08-22,2024-09-13,2024-10-08,2024-09,38331,293951.64,1381.57,295333.21,7.6688,0.036,0.47,22,25,Frank Delahunt,960,True
9625,WESTERN SPIRITS BEVERAGE CO,11770,2024-08-22,2024-09-13,2024-10-20,2024-09,1390,9309.42,47.48,9356.9,6.6974,0.0342,0.51,22,37,,26,True
1601,VRANKEN AMERICA,11789,2024-08-23,2024-09-13,2024-10-23,2024-09,185,2693.5,14.54,2708.04,14.5595,0.0786,0.5398,21,40,,21,True
1392,CONSTELLATION BRANDS INC,11793,2024-08-24,2024-09-13,2024-10-08,2024-09,74986,444607.39,2134.12,446741.51,5.9292,0.0285,0.48,20,25,Frank Delahunt,481,True
17037,Dunn Wine Brokers,11795,2024-08-24,2024-09-13,2024-10-10,2024-09,201,2385.72,11.69,2397.41,11.8693,0.0582,0.49,20,27,,35,True
3924,HEAVEN HILL DISTILLERIES,11838,2024-08-28,2024-09-13,2024-10-24,2024-09,6887,58270.38,314.66,58585.04,8.4609,0.0457,0.54,16,41,,69,True
90027,POVERTY LANE ORCHARDS,11844,2024-08-28,2024-09-13,2024-10-17,2024-09,48,377.04,1.89,378.93,7.855,0.0394,0.5013,16,34,,8,True
8004,SAZERAC CO INC,11851,2024-08-29,2024-09-13,2024-10-21,2024-09,30970,234937.9,1221.68,236159.58,7.586,0.0394,0.52,15,38,,138,True
90051,FULCHINO VINEYARD INC,11865,2024-08-30,2024-09-13,2024-10-19,2024-09,23,231.38,1.2,232.58,10.06,0.0522,0.5186,14,36,,2,True
12546,JIM BEAM BRANDS COMPANY,11867,2024-08-30,2024-09-13,2024-10-18,2024-09,57440,536397.64,2896.55,539294.19,9.3384,0.0504,0.54,14,35,Frank Delahunt,415,True
6830,PARK STREET IMPORTS LLC,11873,2024-08-30,2024-09-13,2024-10-18,2024-09,161,2618.27,13.35,2631.62,16.2625,0.0829,0.5099,14,35,,12,True
17035,PERNOD RICARD USA,11891,2024-08-31,2024-09-13,2024-10-15,2024-09,33801,524622.06,2623.11,527245.17,15.5209,0.0776,0.5,13,32,Frank Delahunt,277,True
1485,CASTLE BRANDS CORP.,11905,2024-09-01,2024-09-13,2024-10-24,2024-09,2054,30109.48,144.53,30254.01,14.6589,0.0704,0.48,12,41,,29,True
3960,DIAGEO NORTH AMERICA INC,11907,2024-09-01,2024-09-13,2024-10-19,2024-09,108240,1019820.55,4691.17,1024511.72,9.4218,0.0433,0.46,12,36,Frank Delahunt,449,True
1655,FABRIZIA SPIRITS LLC,11909,2024-09-01,2024-09-13,2024-10-18,2024-09,455,6290.39,34.6,6324.99,13.825,0.076,0.55,12,35,,8,True
7240,"PREMIUM PORT WINES, INC.",11911,2024-09-01,2024-09-13,2024-10-16,2024-09,102,702.78,3.8,706.58,6.89,0.0373,0.5407,12,33,,3,True
3089,SIDNEY FRANK IMPORTING CO,11913,2024-09-01,2024-09-13,2024-10-23,2024-09,4042,44156.53,238.45,44394.98,10.9244,0.059,0.54,12,40,,13,True
1189,BULLY BOY DISTILLERS,11921,2024-09-02,2024-09-13,2024-10-16,2024-09,103,2262.95,10.18,2273.13,21.9704,0.0988,0.4499,11,33,,6,True
98450,Serralles Usa LLC,11931,2024-09-02,2024-09-13,2024-10-16,2024-09,357,4783.5,25.83,4809.33,13.3992,0.0724,0.54,11,33,,16,True
2000,SOUTHERN WINE & SPIRITS NE,11932,2024-09-02,2024-09-13,2024-10-17,2024-09,8109,73344.82,403.4,73748.22,9.0449,0.0497,0.55,11,34,,417,True
90058,ZORVINO VINEYARDS,11937,2024-09-02,2024-09-13,2024-10-13,2024-09,273,2112.88,10.78,2123.66,7.7395,0.0395,0.5102,11,30,,6,True
10050,Russian Standard Vodka,11845,2024-08-28,2024-09-14,2024-10-19,2024-09,99,1256.34,6.41,1262.75,12.6903,0.0647,0.5102,17,35,,13,True
9260,TY KU LLC,11846,2024-08-28,2024-09-14,2024-10-25,2024-09,24,304.08,1.58,305.66,12.67,0.0658,0.5196,17,41,,7,True
9622,WEIN BAUER INC,11848,2024-08-28,2024-09-14,2024-10-25,2024-09,42,801.36,4.01,805.37,19.08,0.0955,0.5004,17,41,,6,True
3664,WILLIAM GRANT & SONS INC,11849,2024-08-28,2024-09-14,2024-10-18,2024-09,7200,113471.27,601.4,114072.67,15.7599,0.0835,0.53,17,34,,85,True
2876,CENTEUR IMPORTS LLC,11860,2024-08-30,2024-09-14,2024-10-26,2024-09,64,471.56,2.45,474.01,7.3681,0.0383,0.5196,15,42,,11,True
1392,CONSTELLATION BRANDS INC,11883,2024-08-31,2024-09-14,2024-10-30,2024-09,49265,315031.2,1480.65,316511.85,6.3946,0.0301,0.47,14,46,Frank Delahunt,481,True
9819,TREASURY WINE ESTATES,11897,2024-08-31,2024-09-14,2024-10-13,2024-09,10721,68821.14,344.11,69165.25,6.4193,0.0321,0.5,14,29,,111,True
4848,LAIRD & CO,11926,2024-09-02,2024-09-14,2024-10-14,2024-09,1507,15377.36,81.5,15458.86,10.204,0.0541,0.53,12,30,,16,True
4425,MARTIGNETTI COMPANIES,11928,2024-09-02,2024-09-14,2024-10-24,2024-09,54131,578318.15,2949.42,581267.57,10.6837,0.0545,0.51,12,40,Frank Delahunt,1639,True
105,ALTAMAR BRANDS LLC,11835,2024-08-28,2024-09-15,2024-10-14,2024-09,6,214.26,1.11,215.37,35.71,0.185,0.5181,18,29,,3,True
1650,Circa Wines,11836,2024-08-28,2024-09-15,2024-10-28,2024-09,24,201.12,1.01,202.13,8.38,0.0421,0.5022,18,43,,74,True
90057,WALPOLE MTN VIEW WINERY,11847,2024-08-28,2024-09-15,2024-10-18,2024-09,24,293.28,1.5,294.78,12.22,0.0625,0.5115,18,33,,3,True
90017,THE IMPORTED GRAPE LLC,11855,2024-08-29,2024-09-15,2024-10-22,2024-09,59,481.89,2.51,484.4,8.1676,0.0425,0.5209,17,37,,40,True
2561,EDRINGTON AMERICAS,11862,2024-08-30,2024-09-15,2024-10-26,2024-09,1025,28812.95,141.18,28954.13,28.1102,0.1377,0.49,16,41,,33,True
6359,OLE SMOKY DISTILLERY LLC,11872,2024-08-30,2024-09-15,2024-10-21,2024-09,288,3589.19,16.15,3605.34,12.4625,0.0561,0.45,16,36,,18,True
7154,PREMIER DISTRIBUTORS,11874,2024-08-30,2024-09-15,2024-10-19,2024-09,76,1316.8,5.93,1322.73,17.3263,0.078,0.4503,16,34,,7,True
11567,CAMPARI AMERICA,11881,2024-08-31,2024-09-15,2024-10-21,2024-09,10064,79913.54,359.61,80273.15,7.9405,0.0357,0.45,15,36,,74,True
2242,DELICATO VINEYARDS INC,11884,2024-08-31,2024-09-15,2024-10-17,2024-09,4362,35527.0,195.4,35722.4,8.1447,0.0448,0.55,15,32,,96,True
388,ATLANTIC IMPORTING COMPANY,11902,2024-09-01,2024-09-15,2024-10-16,2024-09,30,639.6,3.52,643.12,21.32,0.1173,0.5503,14,31,,3,True
516,BANFI PRODUCTS CORP,11903,2024-09-01,2024-09-15,2024-10-27,2024-09,4560,32450.67,178.48,32629.15,7.1164,0.0391,0.55,14,42,,149,True
1590,DIAGEO CHATEAU ESTATE WINES,11906,2024-09-01,2024-09-15,2024-10-14,2024-09,3965,28011.96,148.46,28160.42,7.0648,0.0374,0.53,14,29,,117,True
173357,TAMWORTH DISTILLING,11918,2024-09-01,2024-09-15,2024-10-27,2024-09,12,232.44,1.07,233.51,19.37,0.0892,0.4603,14,42,,4,True
1128,BROWN-FORMAN CORP,11920,2024-09-02,2024-09-15,2024-10-21,2024-09,18120,257530.21,1184.64,258714.85,14.2125,0.0654,0.46,13,36,Frank Delahunt,142,True
5270,MANGO BOTTLING INC,11927,2024-09-02,2024-09-15,2024-10-29,2024-09,571,4033.95,22.19,4056.14,7.0647,0.0389,0.5501,13,44,,6,True
172662,SWEETWATER FARM,11854,2024-08-29,2024-09-16,2024-10-26,2024-09,36,804.36,3.94,808.3,22.3433,0.1094,0.4898,18,40,,5,True
1703,ALISA CARR BEVERAGES,11857,2024-08-30,2024-09-16,2024-10-22,2024-09,6,389.58,1.79,391.37,64.93,0.2983,0.4595,17,36,,32,True
8112,MOET HENNESSY USA INC,11870,2024-08-30,2024-09-16,2024-10-20,2024-09,8034,153836.96,769.18,154606.14,19.1482,0.0957,0.5,17,34,,129,True
5992,MCCORMICK DISTILLING CO,11888,2024-08-31,2024-09-16,2024-10-14,2024-09,532,5450.03,28.89,5478.92,10.2444,0.0543,0.5301,16,28,,35,True
60,ADAMBA IMPORTS INTL INC,11900,2024-09-01,2024-09-16,2024-10-21,2024-09,280,4555.6,21.41,4577.01,16.27,0.0765,0.47,15,35,,3,True
7153,PINE STATE TRADING CO,11910,2024-09-01,2024-09-16,2024-10-13,2024-09,8585,62157.56,329.44,62487.0,7.2403,0.0384,0.53,15,27,,480,True
90011,FORTUNE WINE BROKERS LLC,11863,2024-08-30,2024-09-17,2024-10-26,2024-09,86,755.22,3.7,758.92,8.7816,0.043,0.4899,18,39,,62,True
2000,SOUTHERN WINE & SPIRITS NE,11896,2024-08-31,2024-09-17,2024-10-21,2024-09,1306,7992.72,43.96,8036.68,6.12,0.0337,0.55,17,34,,417,True
9165,ULTRA BEVERAGE COMPANY LLP,11898,2024-08-31,2024-09-17,2024-10-26,2024-09,22371,253487.96,1368.83,254856.79,11.3311,0.0612,0.54,17,39,Frank Delahunt,965,True
653,STATE WINE & SPIRITS,11933,2024-09-02,2024-09-17,2024-10-29,2024-09,3152,30976.49,164.18,31140.67,9.8276,0.0521,0.53,15,42,,258,True
8664,"STOLI GROUP,(USA) LLC",11934,2024-09-02,2024-09-17,2024-10-16,2024-09,14397,152221.92,761.11,152983.03,10.5732,0.0529,0.5,15,29,,48,True
17032,JEWELL TOWNE VINEYARDS,11840,2024-08-28,2024-09-18,2024-10-19,2024-09,107,822.22,3.86,826.08,7.6843,0.0361,0.4695,21,31,,7,True
4692,KOBRAND CORPORATION,11842,2024-08-28,2024-09-18,2024-10-27,2024-09,3932,48479.78,247.25,48727.03,12.3295,0.0629,0.51,21,39,,242,True
7245,PROXIMO SPIRITS INC.,11850,2024-08-29,2024-09-18,2024-10-25,2024-09,12435,150100.15,675.45,150775.6,12.0708,0.0543,0.45,20,37,,114,True
90010,VINEXTRA INC,11856,2024-08-29,2024-09-18,2024-10-15,2024-09,255,4461.58,21.42,4483.0,17.4964,0.084,0.4801,20,27,,47,True
200,AMERICAN SPIRITS EXCHANGE,11858,2024-08-30,2024-09-18,2024-10-23,2024-09,48,467.04,2.34,469.38,9.73,0.0487,0.501,19,35,,3,True
6215,MOONLIGHT MEADERY,11871,2024-08-30,2024-09-18,2024-10-18,2024-09,131,1171.36,5.74,1177.1,8.9417,0.0438,0.49,19,30,,7,True
6213,MHW LTD,11889,2024-08-31,2024-09-18,2024-10-21,2024-09,3882,43543.31,230.78,43774.09,11.2167,0.0594,0.53,18,33,,96,True
7255,PSP WINES,11893,2024-08-31,2024-09-18,2024-10-25,2024-09,295,2230.67,11.15,2241.82,7.5616,0.0378,0.4998,18,37,,32,True
1601,VRANKEN AMERICA,11899,2024-08-31,2024-09-18,2024-10-21,2024-09,148,1699.59,8.16,1707.75,11.4837,0.0551,0.4801,18,33,,21,True
2555,DISARONNO INTERNATIONAL LLC,11908,2024-09-01,2024-09-18,2024-10-17,2024-09,2169,19122.54,97.52,19220.06,8.8163,0.045,0.51,17,29,,12,True
7239,REMY COINTREAU USA INC,11912,2024-09-01,2024-09-18,2024-10-30,2024-09,2056,49010.19,230.35,49240.54,23.8376,0.112,0.47,17,42,,45,True
9625,WESTERN SPIRITS BEVERAGE CO,11935,2024-09-02,2024-09-18,2024-10-21,2024-09,1754,11133.51,61.23,11194.74,6.3475,0.0349,0.55,16,33,,26,True
17031,FLAG HILL WINERY & VINEYARD,11837,2024-08-28,2024-09-19,2024-10-15,2024-09,489,6644.55,33.89,6678.44,13.588,0.0693,0.51,22,26,,19,True
17033,SEA BREEZE CELLARS LLC,11853,2024-08-29,2024-09-19,2024-10-20,2024-09,150,1485.24,6.98,1492.22,9.9016,0.0465,0.47,21,31,,16,True
90024,VINILANDIA USA,11879,2024-08-30,2024-09-19,2024-10-30,2024-09,1282,11377.0,51.2,11428.2,8.8744,0.0399,0.45,20,41,,206,True
2396,BLACK PRINCE DISTILLERY INC,11904,2024-09-01,2024-09-19,2024-10-16,2024-09,12,52.08,0.23,52.31,4.34,0.0192,0.4416,18,27,,10,True
90056,SWEET BABY VINEYARD,11915,2024-09-01,2024-09-19,2024-10-23,2024-09,396,3295.98,15.82,3311.8,8.3232,0.0399,0.48,18,34,,4,True
6785,PALM BAY INTERNATIONAL INC,11929,2024-09-02,2024-09-19,2024-10-24,2024-09,10423,70930.89,375.93,71306.82,6.8052,0.0361,0.53,17,35,,174,True
9815,WINE GROUP INC,11936,2024-09-02,2024-09-19,2024-10-18,2024-09,21416,121965.1,634.22,122599.32,5.695,0.0296,0.52,17,29,,215,True
90047,CRUSH WINES,11957,2024-09-05,2024-09-19,2024-10-24,2024-09,365,4381.43,21.91,4403.34,12.0039,0.06,0.5001,14,35,,165,True
9744,FREDERICK WILDMAN & SONS,11974,2024-09-06,2024-09-19,2024-10-20,2024-09,627,7224.52,33.96,7258.48,11.5224,0.0542,0.4701,13,31,,149,True
1601,VRANKEN AMERICA,11990,2024-09-06,2024-09-19,2024-11-02,2024-09,87,1314.63,7.23,1321.86,15.1107,0.0831,0.55,13,44,,21,True
2555,DISARONNO INTERNATIONAL LLC,11997,2024-09-07,2024-09-19,2024-10-27,2024-09,1352,15585.55,70.13,15655.68,11.5278,0.0519,0.45,12,38,,12,True
17037,Dunn Wine Brokers,12015,2024-09-08,2024-09-19,2024-11-06,2024-09,82,981.96,4.81,986.77,11.9751,0.0587,0.4898,11,48,,35,True
8735,SURVILLE ENTERPRISES CORP,12023,2024-09-08,2024-09-19,2024-10-30,2024-09,20,146.4,0.75,147.15,7.32,0.0375,0.5123,11,41,,22,True
7153,PINE STATE TRADING CO,12032,2024-09-09,2024-09-19,2024-10-23,2024-09,7752,49926.27,274.59,50200.86,6.4404,0.0354,0.55,10,34,,480,True
28776,TALL SHIP DISTILLERY LLC,12037,2024-09-09,2024-09-19,2024-10-26,2024-09,24,494.28,2.32,496.6,20.595,0.0967,0.4694,10,37,,4,True
3950,"HOOD RIVER DISTILLERS, Inc.",11839,2024-08-28,2024-09-20,2024-10-30,2024-09,9,202.95,1.06,204.01,22.55,0.1178,0.5223,23,40,,7,True
4550,KLIN SPIRITS LLC,11841,2024-08-28,2024-09-20,2024-10-13,2024-09,227,3771.04,19.61,3790.65,16.6125,0.0864,0.52,23,23,,4,True
480,BACARDI USA INC,11859,2024-08-30,2024-09-20,2024-10-22,2024-09,22405,267009.84,1415.15,268424.99,11.9174,0.0632,0.53,21,32,Frank Delahunt,184,True
90047,CRUSH WINES,11861,2024-08-30,2024-09-20,2024-10-13,2024-09,418,4656.86,21.89,4678.75,11.1408,0.0524,0.4701,21,23,,165,True
90053,INCREDIBREW INC,11866,2024-08-30,2024-09-20,2024-10-20,2024-09,23,199.18,1.04,200.22,8.66,0.0452,0.5221,21,30,,4,True
8352,LUXCO INC,11868,2024-08-30,2024-09-20,2024-10-14,2024-09,5271,38485.81,177.03,38662.84,7.3014,0.0336,0.46,21,24,,69,True
8673,STE MICHELLE WINE ESTATES,11876,2024-08-30,2024-09-20,2024-10-19,2024-09,7868,58801.29,264.61,59065.9,7.4735,0.0336,0.45,21,29,,144,True
1587,VINEYARD BRANDS INC,11878,2024-08-30,2024-09-20,2024-10-16,2024-09,4322,32817.98,164.09,32982.07,7.5932,0.038,0.5,21,26,,87,True
1273,CALEDONIA SPIRITS INC,11880,2024-08-31,2024-09-20,2024-10-19,2024-09,182,5552.67,24.99,5577.66,30.5092,0.1373,0.4501,20,29,,5,True
4380,CHARLES JACQUIN ET CIE INC,11882,2024-08-31,2024-09-20,2024-10-20,2024-09,624,5144.77,27.78,5172.55,8.2448,0.0445,0.54,20,30,,15,True
2496,DUGGANS DISTILLED PRODUCTS,11885,2024-08-31,2024-09-20,2024-10-14,2024-09,521,7900.81,43.45,7944.26,15.1647,0.0834,0.5499,20,24,,5,True
8320,SHAW ROSS INT L IMP LTD,11895,2024-08-31,2024-09-20,2024-10-25,2024-09,1466,13599.55,61.2,13660.75,9.2766,0.0417,0.45,20,35,,38,True
4466,AMERICAN VINTAGE BEVERAGE,11901,2024-09-01,2024-09-20,2024-10-30,2024-09,358,3626.74,16.32,3643.06,10.1306,0.0456,0.45,19,40,,3,True
28750,SMOKY QUARTZ DISTILLERY LLC,11914,2024-09-01,2024-09-20,2024-10-20,2024-09,69,1514.04,7.87,1521.91,21.9426,0.1141,0.5198,19,30,,4,True
8920,TAKARA SAKE USA INC,11916,2024-09-01,2024-09-20,2024-10-22,2024-09,131,743.42,3.94,747.36,5.675,0.0301,0.53,19,32,,3,True
28776,TALL SHIP DISTILLERY LLC,11917,2024-09-01,2024-09-20,2024-10-30,2024-09,12,259.8,1.3,261.1,21.65,0.1083,0.5004,19,40,,4,True
90046,CANDIA VINEYARDS,11922,2024-09-02,2024-09-20,2024-10-26,2024-09,60,1029.72,5.56,1035.28,17.162,0.0927,0.54,18,36,,5,True
3252,E & J GALLO WINERY,11924,2024-09-02,2024-09-20,2024-10-20,2024-09,36881,257120.33,1208.47,258328.8,6.9716,0.0328,0.47,18,30,Frank Delahunt,527,True
90032,LABELLE VYDS AND WINERY,11925,2024-09-02,2024-09-20,2024-10-26,2024-09,167,1792.99,9.86,1802.85,10.7365,0.059,0.5499,18,36,,10,True
60,ADAMBA IMPORTS INTL INC,11952,2024-09-05,2024-09-20,2024-10-27,2024-09,30,488.1,2.29,490.39,16.27,0.0763,0.4692,15,37,,3,True
1392,CONSTELLATION BRANDS INC,11956,2024-09-05,2024-09-20,2024-10-27,2024-09,42361,238235.98,1167.36,239403.34,5.6239,0.0276,0.49,15,37,,481,True
1590,DIAGEO CHATEAU ESTATE WINES,11958,2024-09-05,2024-09-20,2024-10-20,2024-09,4056,24757.46,136.17,24893.63,6.1039,0.0336,0.55,15,30,,117,True
2561,EDRINGTON AMERICAS,11973,2024-09-06,2024-09-20,2024-10-23,2024-09,819,22380.69,107.43,22488.12,27.3268,0.1312,0.48,14,33,,33,True
90052,HAUNTING WHISPER VYDS,11975,2024-09-06,2024-09-20,2024-10-21,2024-09,24,193.32,0.97,194.29,8.055,0.0404,0.5018,14,31,,2,True
5992,MCCORMICK DISTILLING CO,11979,2024-09-06,2024-09-20,2024-10-31,2024-09,621,6865.27,31.58,6896.85,11.0552,0.0509,0.46,14,41,,35,True
660,SAZERAC NORTH AMERICA INC.,12007,2024-09-07,2024-09-20,2024-10-27,2024-09,7536,53064.38,291.85,53356.23,7.0415,0.0387,0.55,13,37,,84,True
90046,CANDIA VINEYARDS,12014,2024-09-08,2024-09-20,2024-11-02,2024-09,48,694.56,3.68,698.24,14.47,0.0767,0.5298,12,43,,5,True
1655,FABRIZIA SPIRITS LLC,12017,2024-09-08,2024-09-20,2024-10-24,2024-09,275,3662.35,20.14,3682.49,13.3176,0.0732,0.5499,12,34,,8,True
480,BACARDI USA INC,12025,2024-09-09,2024-09-20,2024-10-30,2024-09,23219,200556.68,942.62,201499.3,8.6376,0.0406,0.47,11,40,,184,True
90056,SWEET BABY VINEYARD,12035,2024-09-09,2024-09-20,2024-10-31,2024-09,379,3173.67,17.46,3191.13,8.3738,0.0461,0.5502,11,41,,4,True
1485,CASTLE BRANDS CORP.,11939,2024-09-04,2024-09-21,2024-10-25,2024-09,1589,24611.46,132.9,24744.36,15.4886,0.0836,0.54,17,34,,29,True
3924,HEAVEN HILL DISTILLERIES,11941,2024-09-04,2024-09-21,2024-10-23,2024-09,5225,44152.72,216.35,44369.07,8.4503,0.0414,0.49,17,32,,69,True
4425,MARTIGNETTI COMPANIES,11978,2024-09-06,2024-09-21,2024-11-06,2024-09,38326,404105.96,2101.35,406207.31,10.5439,0.0548,0.52,15,46,Frank Delahunt,1639,True
3960,DIAGEO NORTH AMERICA INC,11996,2024-09-07,2024-09-21,2024-10-25,2024-09,90424,735029.79,3528.14,738557.93,8.1287,0.039,0.48,14,34,Frank Delahunt,449,True
90011,FORTUNE WINE BROKERS LLC,12000,2024-09-07,2024-09-21,2024-10-27,2024-09,83,899.34,4.68,904.02,10.8354,0.0564,0.5204,14,36,,62,True
3950,"HOOD RIVER DISTILLERS, Inc.",12001,2024-09-07,2024-09-21,2024-10-23,2024-09,12,258.96,1.27,260.23,21.58,0.1058,0.4904,14,32,,7,True
90010,VINEXTRA INC,12011,2024-09-07,2024-09-21,2024-10-23,2024-09,182,1882.56,9.98,1892.54,10.3437,0.0548,0.5301,14,32,,47,True
2242,DELICATO VINEYARDS INC,12027,2024-09-09,2024-09-21,2024-10-26,2024-09,2919,23886.36,114.65,24001.01,8.1831,0.0393,0.48,12,35,,96,True
12546,JIM BEAM BRANDS COMPANY,12028,2024-09-09,2024-09-21,2024-11-03,2024-09,47479,412998.2,2147.59,415145.79,8.6985,0.0452,0.52,12,43,Frank Delahunt,415,True
17033,SEA BREEZE CELLARS LLC,12034,2024-09-09,2024-09-21,2024-10-31,2024-09,128,1244.79,5.85,1250.64,9.7249,0.0457,0.47,12,40,,16,True
8112,MOET HENNESSY USA INC,11944,2024-09-04,2024-09-22,2024-11-04,2024-09,4650,100665.61,553.66,101219.27,21.6485,0.1191,0.55,18,43,,129,True
9625,WESTERN SPIRITS BEVERAGE CO,11951,2024-09-04,2024-09-22,2024-10-23,2024-09,1092,3970.26,19.85,3990.11,3.6358,0.0182,0.5,18,31,,26,True
3551,GILMANTON WINERY & VINEYARD,11959,2024-09-05,2024-09-22,2024-11-02,2024-09,384,4012.8,20.06,4032.86,10.45,0.0522,0.4999,17,41,,2,True
6830,PARK STREET IMPORTS LLC,11966,2024-09-05,2024-09-22,2024-11-01,2024-09,109,1725.46,7.94,1733.4,15.8299,0.0728,0.4602,17,40,,12,True
90017,THE IMPORTED GRAPE LLC,11968,2024-09-05,2024-09-22,2024-10-24,2024-09,50,287.04,1.58,288.62,5.7408,0.0316,0.5504,17,32,,40,True
9622,WEIN BAUER INC,11970,2024-09-05,2024-09-22,2024-10-20,2024-09,41,638.4,3.51,641.91,15.5707,0.0856,0.5498,17,28,,6,True
6359,OLE SMOKY DISTILLERY LLC,11980,2024-09-06,2024-09-22,2024-10-24,2024-09,133,1908.87,10.12,1918.99,14.3524,0.0761,0.5302,16,32,,18,True
98450,Serralles Usa LLC,11984,2024-09-06,2024-09-22,2024-10-28,2024-09,226,3016.08,16.59,3032.67,13.3455,0.0734,0.5501,16,36,,16,True
8320,SHAW ROSS INT L IMP LTD,11985,2024-09-06,2024-09-22,2024-10-28,2024-09,1374,12553.35,66.53,12619.88,9.1364,0.0484,0.53,16,36,,38,True
2450,DJINN SPIRITS LLC,11998,2024-09-07,2024-09-22,2024-10-22,2024-09,36,658.8,3.03,661.83,18.3,0.0842,0.4599,15,30,,6,True
10754,PERFECTA WINES,12003,2024-09-07,2024-09-22,2024-10-21,2024-09,6604,59889.91,329.39,60219.3,9.0687,0.0499,0.55,15,29,,897,True
1003,BRONCO WINE COMPANY,12013,2024-09-08,2024-09-22,2024-11-03,2024-09,6,35.7,0.19,35.89,5.95,0.0317,0.5322,14,42,,8,True
10000,MAJESTIC FINE WINES,12018,2024-09-08,2024-09-22,2024-10-22,2024-09,4296,36964.62,188.52,37153.14,8.6044,0.0439,0.51,14,30,,40,True
5455,MARSALLE COMPANY,11943,2024-09-04,2024-09-23,2024-11-06,2024-09,168,3553.44,16.35,3569.79,21.1514,0.0973,0.4601,19,44,,10,True
7240,"PREMIUM PORT WINES, INC.",11946,2024-09-04,2024-09-23,2024-10-24,2024-09,167,1174.57,5.52,1180.09,7.0334,0.0331,0.47,19,31,,3,True
17032,JEWELL TOWNE VINEYARDS,11960,2024-09-05,2024-09-23,2024-11-04,2024-09,131,1071.78,5.36,1077.14,8.1815,0.0409,0.5001,18,42,,7,True
4950,LATITUDE BEVERAGE COMPANY,11962,2024-09-05,2024-09-23,2024-11-04,2024-09,647,4037.27,18.98,4056.25,6.24,0.0293,0.4701,18,42,,45,True
4550,KLIN SPIRITS LLC,11977,2024-09-06,2024-09-23,2024-11-02,2024-09,106,1735.86,8.68,1744.54,16.376,0.0819,0.5,17,40,,4,True
8004,SAZERAC CO INC,11982,2024-09-06,2024-09-23,2024-10-26,2024-09,24337,169024.0,811.32,169835.32,6.9451,0.0333,0.48,17,33,,138,True
1587,VINEYARD BRANDS INC,11989,2024-09-06,2024-09-23,2024-11-04,2024-09,2796,19879.11,97.41,19976.52,7.1098,0.0348,0.49,17,42,,87,True
9206,PHILLIPS PRODUCTS CO.,12004,2024-09-07,2024-09-23,2024-10-25,2024-09,627,7601.57,38.77,7640.34,12.1237,0.0618,0.51,16,32,,33,True
90027,POVERTY LANE ORCHARDS,12005,2024-09-07,2024-09-23,2024-10-23,2024-09,96,763.44,3.82,767.26,7.9525,0.0398,0.5004,16,30,,8,True
9260,TY KU LLC,12010,2024-09-07,2024-09-23,2024-11-01,2024-09,12,76.92,0.42,77.34,6.41,0.035,0.546,16,39,,7,True
28750,SMOKY QUARTZ DISTILLERY LLC,12020,2024-09-08,2024-09-23,2024-10-28,2024-09,36,793.44,3.73,797.17,22.04,0.1036,0.4701,15,35,,4,True
1189,BULLY BOY DISTILLERS,12026,2024-09-09,2024-09-23,2024-10-29,2024-09,83,1837.83,9.37,1847.2,22.1425,0.1129,0.5098,14,36,,6,True
6215,MOONLIGHT MEADERY,11945,2024-09-04,2024-09-24,2024-10-23,2024-09,140,1262.62,6.31,1268.93,9.0187,0.0451,0.4998,20,29,,7,True
2876,CENTEUR IMPORTS LLC,11972,2024-09-06,2024-09-24,2024-11-06,2024-09,6,48.3,0.23,48.53,8.05,0.0383,0.4762,18,43,,11,True
173357,TAMWORTH DISTILLING,11986,2024-09-06,2024-09-24,2024-10-20,2024-09,24,464.88,2.56,467.44,19.37,0.1067,0.5507,18,26,,4,True
3664,WILLIAM GRANT & SONS INC,11991,2024-09-06,2024-09-24,2024-10-28,2024-09,3648,66955.94,361.56,67317.5,18.3542,0.0991,0.54,18,34,,85,True
90058,ZORVINO VINEYARDS,11992,2024-09-06,2024-09-24,2024-11-04,2024-09,129,1053.15,5.79,1058.94,8.164,0.0449,0.5498,18,41,,6,True
4380,CHARLES JACQUIN ET CIE INC,11995,2024-09-07,2024-09-24,2024-10-26,2024-09,569,4408.4,21.6,4430.0,7.7476,0.038,0.49,17,32,,15,True
17031,FLAG HILL WINERY & VINEYARD,11999,2024-09-07,2024-09-24,2024-10-31,2024-09,306,5049.45,26.76,5076.21,16.5015,0.0875,0.53,17,37,,19,True
3089,SIDNEY FRANK IMPORTING CO,12008,2024-09-07,2024-09-24,2024-10-21,2024-09,3099,35768.7,160.96,35929.66,11.542,0.0519,0.45,17,27,,13,True
2000,SOUTHERN WINE & SPIRITS NE,12021,2024-09-08,2024-09-24,2024-11-03,2024-09,375,2295.0,10.33,2305.33,6.12,0.0275,0.4501,16,40,,417,True
8892,TRINCHERO FAMILY ESTATES,12024,2024-09-08,2024-09-24,2024-10-24,2024-09,6965,44252.76,243.39,44496.15,6.3536,0.0349,0.55,16,30,,153,True
8352,LUXCO INC,12030,2024-09-09,2024-09-24,2024-10-24,2024-09,3880,30025.55,153.13,30178.68,7.7385,0.0395,0.51,15,30,,69,True
6785,PALM BAY INTERNATIONAL INC,11965,2024-09-05,2024-09-25,2024-10-23,2024-09,7180,54770.28,262.9,55033.18,7.6282,0.0366,0.48,20,28,,174,True
90053,INCREDIBREW INC,11976,2024-09-06,2024-09-25,2024-11-06,2024-09,49,432.78,2.08,434.86,8.8322,0.0424,0.4806,19,42,,4,True
6280,UNCORKED,11988,2024-09-06,2024-09-25,2024-11-06,2024-09,48,546.0,2.46,548.46,11.375,0.0512,0.4505,19,42,,9,True
4466,AMERICAN VINTAGE BEVERAGE,11993,2024-09-07,2024-09-25,2024-10-23,2024-09,233,2264.85,12.23,2277.08,9.7204,0.0525,0.54,18,28,,3,True
7245,PROXIMO SPIRITS INC.,12006,2024-09-07,2024-09-25,2024-11-01,2024-09,8817,94013.6,423.06,94436.66,10.6628,0.048,0.45,18,37,,114,True
8673,STE MICHELLE WINE ESTATES,12009,2024-09-07,2024-09-25,2024-11-04,2024-09,5558,44053.58,198.24,44251.82,7.9262,0.0357,0.45,18,40,,144,True
9815,WINE GROUP INC,12012,2024-09-07,2024-09-25,2024-10-28,2024-09,15945,98200.34,500.82,98701.16,6.1587,0.0314,0.51,18,33,,215,True
5270,MANGO BOTTLING INC,12019,2024-09-08,2024-09-25,2024-10-30,2024-09,430,3174.92,14.92,3189.84,7.3835,0.0347,0.4699,17,35,,6,True
4848,LAIRD & CO,12029,2024-09-09,2024-09-25,2024-10-21,2024-09,832,8339.78,44.2,8383.98,10.0238,0.0531,0.53,16,26,,16,True
8920,TAKARA SAKE USA INC,12036,2024-09-09,2024-09-25,2024-11-03,2024-09,105,469.23,2.49,471.72,4.4689,0.0237,0.5307,16,39,,3,True
2000,SOUTHERN WINE & SPIRITS NE,11949,2024-09-04,2024-09-26,2024-10-31,2024-09,5776,48731.15,229.04,48960.19,8.4368,0.0397,0.47,22,35,,417,True
90037,THE PIERPONT GROUP LLC,11950,2024-09-04,2024-09-26,2024-11-05,2024-09,12,81.6,0.42,82.02,6.8,0.035,0.5147,22,40,,13,True
1273,CALEDONIA SPIRITS INC,11955,2024-09-05,2024-09-26,2024-11-02,2024-09,130,3910.25,18.38,3928.63,30.0788,0.1414,0.47,21,37,,5,True
90032,LABELLE VYDS AND WINERY,11961,2024-09-05,2024-09-26,2024-11-04,2024-09,181,2066.84,11.16,2078.0,11.419,0.0617,0.54,21,39,,10,True
6213,MHW LTD,11963,2024-09-05,2024-09-26,2024-11-06,2024-09,1860,22750.89,102.38,22853.27,12.2317,0.055,0.45,21,41,,96,True
6355,NICHE W & S,11964,2024-09-05,2024-09-26,2024-10-26,2024-09,102,2886.06,13.56,2899.62,28.2947,0.1329,0.4698,21,30,,8,True
653,STATE WINE & SPIRITS,11967,2024-09-05,2024-09-26,2024-11-01,2024-09,2981,33708.07,165.17,33873.24,11.3076,0.0554,0.49,21,36,,258,True
388,ATLANTIC IMPORTING COMPANY,11971,2024-09-06,2024-09-26,2024-11-03,2024-09,18,383.76,2.07,385.83,21.32,0.115,0.5394,20,38,,3,True
7239,REMY COINTREAU USA INC,11981,2024-09-06,2024-09-26,2024-11-05,2024-09,1399,39647.04,202.2,39849.24,28.3396,0.1445,0.51,20,40,,45,True
8150,SEA HAGG DISTILLERY LLC,11983,2024-09-06,2024-09-26,2024-11-02,2024-09,339,3887.53,19.44,3906.97,11.4676,0.0573,0.5001,20,37,,9,True
3252,E & J GALLO WINERY,12016,2024-09-08,2024-09-26,2024-11-01,2024-09,33350,221396.38,1217.68,222614.06,6.6386,0.0365,0.55,18,36,,527,True
17035,PERNOD RICARD USA,12031,2024-09-09,2024-09-26,2024-10-27,2024-09,23444,323471.71,1455.62,324927.33,13.7976,0.0621,0.45,17,31,Frank Delahunt,277,True
7154,PREMIER DISTRIBUTORS,12033,2024-09-09,2024-09-26,2024-10-26,2024-09,103,1348.63,7.01,1355.64,13.0935,0.0681,0.5198,17,30,,7,True
90024,VINILANDIA USA,12038,2024-09-09,2024-09-26,2024-10-30,2024-09,938,9020.42,43.3,9063.72,9.6167,0.0462,0.48,17,34,,206,True
1650,Circa Wines,12042,2024-09-11,2024-09-26,2024-11-02,2024-09,24,285.96,1.29,287.25,11.915,0.0537,0.4511,15,37,,74,True
6355,NICHE W & S,12048,2024-09-11,2024-09-26,2024-11-10,2024-09,210,6490.62,34.4,6525.02,30.9077,0.1638,0.53,15,45,,8,True
4692,KOBRAND CORPORATION,12065,2024-09-12,2024-09-26,2024-11-07,2024-09,2375,25645.37,120.53,25765.9,10.7981,0.0507,0.47,14,42,,242,True
10754,PERFECTA WINES,12069,2024-09-12,2024-09-26,2024-10-29,2024-09,9890,120430.63,541.94,120972.57,12.177,0.0548,0.45,14,33,,897,True
8663,STAR INDUSTRIES INC.,12074,2024-09-12,2024-09-26,2024-10-31,2024-09,3,23.61,0.13,23.74,7.87,0.0433,0.5506,14,35,,6,True
28750,SMOKY QUARTZ DISTILLERY LLC,12087,2024-09-13,2024-09-26,2024-11-10,2024-09,13,286.52,1.46,287.98,22.04,0.1123,0.5096,13,45,,4,True
6215,MOONLIGHT MEADERY,12097,2024-09-14,2024-09-26,2024-11-09,2024-09,123,1099.76,5.94,1105.7,8.9411,0.0483,0.5401,12,44,,7,True
9552,M S WALKER INC,12115,2024-09-15,2024-09-26,2024-11-06,2024-09,23526,179284.73,860.57,180145.3,7.6207,0.0366,0.48,11,41,,960,True
90017,THE IMPORTED GRAPE LLC,12123,2024-09-15,2024-09-26,2024-11-06,2024-09,72,469.8,2.11,471.91,6.525,0.0293,0.4491,11,41,,40,True
17032,JEWELL TOWNE VINEYARDS,12133,2024-09-16,2024-09-26,2024-11-13,2024-09,106,908.96,4.73,913.69,8.5751,0.0446,0.5204,10,48,,7,True
105,ALTAMAR BRANDS LLC,11938,2024-09-04,2024-09-27,2024-10-26,2024-09,18,642.78,3.34,646.12,35.71,0.1856,0.5196,23,29,,3,True
2496,DUGGANS DISTILLED PRODUCTS,11940,2024-09-04,2024-09-27,2024-10-20,2024-09,371,5739.15,28.12,5767.27,15.4694,0.0758,0.49,23,23,,5,True
9552,M S WALKER INC,11942,2024-09-04,2024-09-27,2024-11-01,2024-09,29452,254466.7,1221.44,255688.14,8.64,0.0415,0.48,23,35,Frank Delahunt,960,True
7255,PSP WINES,11947,2024-09-04,2024-09-27,2024-10-26,2024-09,220,2022.78,9.51,2032.29,9.1945,0.0432,0.4701,23,29,,32,True
10050,Russian Standard Vodka,11948,2024-09-04,2024-09-27,2024-10-20,2024-09,111,1611.94,8.7,1620.64,14.522,0.0784,0.5397,23,23,,13,True
516,BANFI PRODUCTS CORP,11953,2024-09-05,2024-09-27,2024-10-28,2024-09,4814,33371.08,173.53,33544.61,6.9321,0.036,0.52,22,31,,149,True
1128,BROWN-FORMAN CORP,11954,2024-09-05,2024-09-27,2024-11-05,2024-09,12998,158616.72,713.78,159330.5,12.2032,0.0549,0.45,22,39,,142,True
9165,ULTRA BEVERAGE COMPANY LLP,11969,2024-09-05,2024-09-27,2024-10-21,2024-09,20936,231530.36,1250.26,232780.62,11.059,0.0597,0.54,22,24,,965,True
9819,TREASURY WINE ESTATES,11987,2024-09-06,2024-09-27,2024-11-06,2024-09,6630,44443.01,235.55,44678.56,6.7033,0.0355,0.53,21,40,,111,True
11567,CAMPARI AMERICA,11994,2024-09-07,2024-09-27,2024-11-03,2024-09,17582,52718.95,268.87,52987.82,2.9985,0.0153,0.51,20,37,,74,True
4692,KOBRAND CORPORATION,12002,2024-09-07,2024-09-27,2024-10-27,2024-09,3802,42553.66,229.79,42783.45,11.1924,0.0604,0.54,20,30,,242,True
8664,"STOLI GROUP,(USA) LLC",12022,2024-09-08,2024-09-27,2024-10-22,2024-09,4477,56765.36,300.86,57066.22,12.6793,0.0672,0.53,19,25,,48,True
90032,LABELLE VYDS AND WINERY,12066,2024-09-12,2024-09-27,2024-11-11,2024-09,50,608.46,2.92,611.38,12.1692,0.0584,0.4799,15,45,,10,True
17035,PERNOD RICARD USA,12070,2024-09-12,2024-09-27,2024-11-13,2024-09,27349,410136.64,2050.68,412187.32,14.9964,0.075,0.5,15,47,Frank Delahunt,277,True
516,BANFI PRODUCTS CORP,12108,2024-09-15,2024-09-27,2024-10-30,2024-09,5148,34423.15,168.67,34591.82,6.6867,0.0328,0.49,12,33,,149,True
2000,SOUTHERN WINE & SPIRITS NE,12120,2024-09-15,2024-09-27,2024-11-04,2024-09,314,1921.68,9.03,1930.71,6.12,0.0288,0.4699,12,38,,417,True
90047,CRUSH WINES,12129,2024-09-16,2024-09-27,2024-11-05,2024-09,711,7437.62,34.96,7472.58,10.4608,0.0492,0.47,11,39,,165,True
90053,INCREDIBREW INC,12132,2024-09-16,2024-09-27,2024-10-31,2024-09,12,110.88,0.6,111.48,9.24,0.05,0.5411,11,34,,4,True
10000,MAJESTIC FINE WINES,12135,2024-09-16,2024-09-27,2024-10-29,2024-09,5825,47654.82,214.45,47869.27,8.1811,0.0368,0.45,11,32,,40,True
9819,TREASURY WINE ESTATES,12141,2024-09-16,2024-09-27,2024-10-27,2024-09,6762,44227.55,203.45,44431.0,6.5406,0.0301,0.46,11,30,,111,True
9165,ULTRA BEVERAGE COMPANY LLP,12142,2024-09-16,2024-09-27,2024-10-28,2024-09,17398,205398.91,924.3,206323.21,11.8059,0.0531,0.45,11,31,,965,True
1273,CALEDONIA SPIRITS INC,12041,2024-09-11,2024-09-28,2024-11-03,2024-09,124,3742.99,17.97,3760.96,30.1854,0.1449,0.4801,17,36,,5,True
8664,"STOLI GROUP,(USA) LLC",12052,2024-09-11,2024-09-28,2024-10-27,2024-09,5007,62477.19,293.64,62770.83,12.478,0.0586,0.47,17,29,,48,True
11567,CAMPARI AMERICA,12059,2024-09-12,2024-09-28,2024-11-06,2024-09,7503,56260.86,264.43,56525.29,7.4984,0.0352,0.47,16,39,,74,True
90046,CANDIA VINEYARDS,12060,2024-09-12,2024-09-28,2024-11-10,2024-09,73,949.87,4.27,954.14,13.0119,0.0585,0.4495,16,43,,5,True
8673,STE MICHELLE WINE ESTATES,12088,2024-09-13,2024-09-28,2024-11-12,2024-09,5135,42909.74,210.26,43120.0,8.3563,0.0409,0.49,15,45,,144,True
5270,MANGO BOTTLING INC,12094,2024-09-14,2024-09-28,2024-11-09,2024-09,847,6145.93,29.5,6175.43,7.2561,0.0348,0.48,14,42,,6,True
7749,R.P.IMPORTS INC,12100,2024-09-14,2024-09-28,2024-11-10,2024-09,2,40.92,0.2,41.12,20.46,0.1,0.4888,14,43,,75,True
8150,SEA HAGG DISTILLERY LLC,12102,2024-09-14,2024-09-28,2024-10-29,2024-09,284,3371.76,18.54,3390.3,11.8724,0.0653,0.5499,14,31,,9,True
90058,ZORVINO VINEYARDS,12106,2024-09-14,2024-09-28,2024-10-27,2024-09,215,1718.98,8.77,1727.75,7.9953,0.0408,0.5102,14,29,,6,True
660,SAZERAC NORTH AMERICA INC.,12118,2024-09-15,2024-09-28,2024-11-07,2024-09,7645,54995.18,247.48,55242.66,7.1936,0.0324,0.45,13,40,,84,True
1189,BULLY BOY DISTILLERS,12126,2024-09-16,2024-09-28,2024-10-30,2024-09,84,1848.6,9.24,1857.84,22.0071,0.11,0.4998,12,32,,6,True
1590,DIAGEO CHATEAU ESTATE WINES,12130,2024-09-16,2024-09-28,2024-11-13,2024-09,4187,29462.48,141.42,29603.9,7.0367,0.0338,0.48,12,46,,117,True
12331,STELLAR IMPORTING CO LLC,12139,2024-09-16,2024-09-28,2024-11-04,2024-09,84,656.88,3.02,659.9,7.82,0.036,0.4597,12,37,,19,True
287,APPOLO VINEYARDS LLC,12039,2024-09-11,2024-09-29,2024-10-31,2024-09,2,20.94,0.1,21.04,10.47,0.05,0.4776,18,32,,2,True
3960,DIAGEO NORTH AMERICA INC,12044,2024-09-11,2024-09-29,2024-11-13,2024-09,116967,803035.13,3774.27,806809.4,6.8655,0.0323,0.47,18,45,Frank Delahunt,449,True
2000,SOUTHERN WINE & SPIRITS NE,12051,2024-09-11,2024-09-29,2024-11-04,2024-09,5465,52502.62,257.26,52759.88,9.6071,0.0471,0.49,18,36,,417,True
6359,OLE SMOKY DISTILLERY LLC,12068,2024-09-12,2024-09-29,2024-10-27,2024-09,176,2377.74,12.6,2390.34,13.5099,0.0716,0.5299,17,28,,18,True
1128,BROWN-FORMAN CORP,12076,2024-09-13,2024-09-29,2024-11-10,2024-09,14847,159874.59,783.39,160657.98,10.7681,0.0528,0.49,16,42,,142,True
2450,DJINN SPIRITS LLC,12078,2024-09-13,2024-09-29,2024-11-02,2024-09,29,520.06,2.76,522.82,17.9331,0.0952,0.5307,16,34,,6,True
6785,PALM BAY INTERNATIONAL INC,12083,2024-09-13,2024-09-29,2024-11-07,2024-09,6438,47909.01,239.55,48148.56,7.4416,0.0372,0.5,16,39,,174,True
7245,PROXIMO SPIRITS INC.,12099,2024-09-14,2024-09-29,2024-10-28,2024-09,9359,102802.31,565.41,103367.72,10.9843,0.0604,0.55,15,29,,114,True
3664,WILLIAM GRANT & SONS INC,12105,2024-09-14,2024-09-29,2024-11-13,2024-09,4889,115781.69,567.33,116349.02,23.6821,0.116,0.49,15,45,,85,True
4380,CHARLES JACQUIN ET CIE INC,12110,2024-09-15,2024-09-29,2024-10-30,2024-09,821,5722.49,28.04,5750.53,6.9701,0.0342,0.49,14,31,,15,True
12546,JIM BEAM BRANDS COMPANY,12134,2024-09-16,2024-09-29,2024-11-07,2024-09,47766,433431.35,2297.19,435728.54,9.0741,0.0481,0.53,13,39,Frank Delahunt,415,True
90024,VINILANDIA USA,12143,2024-09-16,2024-09-29,2024-10-27,2024-09,976,8328.4,41.64,8370.04,8.5332,0.0427,0.5,13,28,,206,True
2242,DELICATO VINEYARDS INC,12043,2024-09-11,2024-09-30,2024-10-29,2024-09,3277,25342.64,131.78,25474.42,7.7335,0.0402,0.52,19,29,,96,True
173357,TAMWORTH DISTILLING,12054,2024-09-11,2024-09-30,2024-10-29,2024-09,24,464.88,2.32,467.2,19.37,0.0967,0.4991,19,29,,4,True
9260,TY KU LLC,12055,2024-09-11,2024-09-30,2024-10-27,2024-09,48,412.8,2.02,414.82,8.6,0.0421,0.4893,19,27,,7,True
9744,FREDERICK WILDMAN & SONS,12063,2024-09-12,2024-09-30,2024-11-01,2024-09,969,10054.72,50.27,10104.99,10.3764,0.0519,0.5,18,32,,149,True
2,"IRA GOLDMAN AND WILLIAMS, LLP",12064,2024-09-12,2024-09-30,2024-11-09,2024-09,1,23.86,0.12,23.98,23.86,0.12,0.5029,18,40,,2,True
4848,LAIRD & CO,12067,2024-09-12,2024-09-30,2024-10-29,2024-09,635,6198.95,31.61,6230.56,9.7621,0.0498,0.5099,18,29,,16,True
3924,HEAVEN HILL DISTILLERIES,12080,2024-09-13,2024-09-30,2024-10-31,2024-09,5526,51407.12,282.74,51689.86,9.3028,0.0512,0.55,17,31,,69,True
4950,LATITUDE BEVERAGE COMPANY,12081,2024-09-13,2024-09-30,2024-11-11,2024-09,1104,7045.6,33.11,7078.71,6.3819,0.03,0.4699,17,42,,45,True
90056,SWEET BABY VINEYARD,12089,2024-09-13,2024-09-30,2024-10-29,2024-09,342,2861.44,15.74,2877.18,8.3668,0.046,0.5501,17,29,,4,True
8892,TRINCHERO FAMILY ESTATES,12090,2024-09-13,2024-09-30,2024-11-03,2024-09,6499,40930.02,221.02,41151.04,6.2979,0.034,0.54,17,34,,153,True
9625,WESTERN SPIRITS BEVERAGE CO,12092,2024-09-13,2024-09-30,2024-10-31,2024-09,894,5160.88,28.38,5189.26,5.7728,0.0317,0.5499,17,31,,26,True
1601,VRANKEN AMERICA,12104,2024-09-14,2024-09-30,2024-10-30,2024-09,112,1654.26,7.44,1661.7,14.7702,0.0664,0.4497,16,30,,21,True
17037,Dunn Wine Brokers,12112,2024-09-15,2024-09-30,2024-11-04,2024-09,107,1293.72,6.73,1300.45,12.0908,0.0629,0.5202,15,35,,35,True
653,STATE WINE & SPIRITS,12121,2024-09-15,2024-09-30,2024-11-02,2024-09,3209,31138.66,168.15,31306.81,9.7035,0.0524,0.54,15,33,,258,True
2876,CENTEUR IMPORTS LLC,12128,2024-09-16,2024-09-30,2024-11-09,2024-09,30,249.6,1.2,250.8,8.32,0.04,0.4808,14,40,,11,True
7153,PINE STATE TRADING CO,12049,2024-09-11,2024-10-01,2024-11-01,2024-10,8311,69968.06,335.85,70303.91,8.4187,0.0404,0.48,20,31,,480,True
7255,PSP WINES,12071,2024-09-12,2024-10-01,2024-11-05,2024-10,528,4064.76,19.1,4083.86,7.6984,0.0362,0.4699,19,35,,32,True
1587,VINEYARD BRANDS INC,12075,2024-09-12,2024-10-01,2024-10-27,2024-10,2494,18672.02,93.36,18765.38,7.4868,0.0374,0.5,19,26,,87,True
1392,CONSTELLATION BRANDS INC,12077,2024-09-13,2024-10-01,2024-10-27,2024-10,45758,298283.78,1640.56,299924.34,6.5187,0.0359,0.55,18,26,Frank Delahunt,481,True
98450,Serralles Usa LLC,12086,2024-09-13,2024-10-01,2024-10-29,2024-10,133,1977.02,10.87,1987.89,14.8648,0.0817,0.5498,18,28,,16,True
6213,MHW LTD,12095,2024-09-14,2024-10-01,2024-11-05,2024-10,2996,27864.02,133.75,27997.77,9.3004,0.0446,0.48,17,35,,96,True
8112,MOET HENNESSY USA INC,12096,2024-09-14,2024-10-01,2024-11-06,2024-10,4284,90287.05,469.49,90756.54,21.0754,0.1096,0.52,17,36,,129,True
3252,E & J GALLO WINERY,12113,2024-09-15,2024-10-01,2024-11-04,2024-10,35979,237260.78,1162.58,238423.36,6.5944,0.0323,0.49,16,34,,527,True
172662,SWEETWATER FARM,12122,2024-09-15,2024-10-01,2024-11-08,2024-10,12,258.96,1.22,260.18,21.58,0.1017,0.4711,16,38,,5,True
4466,AMERICAN VINTAGE BEVERAGE,12125,2024-09-16,2024-10-01,2024-11-07,2024-10,284,2813.46,15.47,2828.93,9.9065,0.0545,0.5499,15,37,,3,True
5992,MCCORMICK DISTILLING CO,12136,2024-09-16,2024-10-01,2024-11-12,2024-10,808,8922.1,41.93,8964.03,11.0422,0.0519,0.47,15,42,,35,True
8735,SURVILLE ENTERPRISES CORP,12140,2024-09-16,2024-10-01,2024-11-07,2024-10,61,400.45,2.0,402.45,6.5648,0.0328,0.4994,15,37,,22,True
4550,KLIN SPIRITS LLC,12046,2024-09-11,2024-10-02,2024-11-05,2024-10,138,2240.42,11.43,2251.85,16.2349,0.0828,0.5102,21,34,,4,True
4425,MARTIGNETTI COMPANIES,12047,2024-09-11,2024-10-02,2024-10-29,2024-10,42077,467988.27,2573.94,470562.21,11.1222,0.0612,0.55,21,27,Frank Delahunt,1639,True
8920,TAKARA SAKE USA INC,12053,2024-09-11,2024-10-02,2024-11-13,2024-10,202,1056.06,5.39,1061.45,5.228,0.0267,0.5104,21,42,,3,True
60,ADAMBA IMPORTS INTL INC,12056,2024-09-12,2024-10-02,2024-11-03,2024-10,304,4946.08,23.74,4969.82,16.27,0.0781,0.48,20,32,,3,True
8320,SHAW ROSS INT L IMP LTD,12072,2024-09-12,2024-10-02,2024-11-12,2024-10,1269,12902.18,64.51,12966.69,10.1672,0.0508,0.5,20,41,,38,True
17031,FLAG HILL WINERY & VINEYARD,12079,2024-09-13,2024-10-02,2024-11-08,2024-10,382,5251.63,28.36,5279.99,13.7477,0.0742,0.54,19,37,,19,True
7154,PREMIER DISTRIBUTORS,12098,2024-09-14,2024-10-02,2024-10-28,2024-10,121,1562.08,7.65,1569.73,12.9098,0.0632,0.4897,18,26,,7,True
8004,SAZERAC CO INC,12101,2024-09-14,2024-10-02,2024-11-10,2024-10,22960,163743.59,769.59,164513.18,7.1317,0.0335,0.47,18,39,,138,True
2555,DISARONNO INTERNATIONAL LLC,12111,2024-09-15,2024-10-02,2024-10-28,2024-10,1689,19345.71,90.92,19436.63,11.4539,0.0538,0.47,17,26,,12,True
2561,EDRINGTON AMERICAS,12114,2024-09-15,2024-10-02,2024-11-03,2024-10,829,26884.89,134.42,27019.31,32.4305,0.1621,0.5,17,32,,33,True
6830,PARK STREET IMPORTS LLC,12116,2024-09-15,2024-10-02,2024-11-06,2024-10,151,2403.94,12.74,2416.68,15.9201,0.0844,0.53,17,35,,12,True
10050,Russian Standard Vodka,12117,2024-09-15,2024-10-02,2024-11-08,2024-10,94,1406.97,7.6,1414.57,14.9678,0.0809,0.5402,17,37,,13,True
17033,SEA BREEZE CELLARS LLC,12119,2024-09-15,2024-10-02,2024-11-02,2024-10,216,2283.48,11.87,2295.35,10.5717,0.055,0.5198,17,31,,16,True
9815,WINE GROUP INC,12124,2024-09-15,2024-10-02,2024-10-29,2024-10,15108,93177.32,475.2,93652.52,6.1674,0.0315,0.51,17,27,,215,True
1485,CASTLE BRANDS CORP.,12127,2024-09-16,2024-10-02,2024-10-27,2024-10,1371,20055.24,102.28,20157.52,14.6282,0.0746,0.51,16,25,,29,True
1655,FABRIZIA SPIRITS LLC,12131,2024-09-16,2024-10-02,2024-10-29,2024-10,291,4176.27,22.97,4199.24,14.3514,0.0789,0.55,16,27,,8,True
480,BACARDI USA INC,12040,2024-09-11,2024-10-03,2024-10-27,2024-10,20000,236103.42,1133.3,237236.72,11.8052,0.0567,0.48,22,24,,184,True
2496,DUGGANS DISTILLED PRODUCTS,12045,2024-09-11,2024-10-03,2024-11-02,2024-10,207,2802.33,15.41,2817.74,13.5378,0.0744,0.5499,22,30,,5,True
7240,"PREMIUM PORT WINES, INC.",12050,2024-09-11,2024-10-03,2024-11-01,2024-10,150,1156.62,6.13,1162.75,7.7108,0.0409,0.53,22,29,,3,True
105,ALTAMAR BRANDS LLC,12057,2024-09-12,2024-10-03,2024-11-05,2024-10,6,214.26,1.11,215.37,35.71,0.185,0.5181,21,33,,3,True
2396,BLACK PRINCE DISTILLERY INC,12058,2024-09-12,2024-10-03,2024-11-09,2024-10,12,52.08,0.24,52.32,4.34,0.02,0.4608,21,37,,10,True
90011,FORTUNE WINE BROKERS LLC,12062,2024-09-12,2024-10-03,2024-11-07,2024-10,128,1332.62,6.8,1339.42,10.4111,0.0531,0.5103,21,35,,62,True
90027,POVERTY LANE ORCHARDS,12085,2024-09-13,2024-10-03,2024-10-29,2024-10,335,2649.95,14.31,2664.26,7.9103,0.0427,0.54,20,26,,8,True
9622,WEIN BAUER INC,12091,2024-09-13,2024-10-03,2024-10-29,2024-10,98,1715.64,7.72,1723.36,17.5065,0.0788,0.45,20,26,,6,True
1003,BRONCO WINE COMPANY,12109,2024-09-15,2024-10-03,2024-11-09,2024-10,18,109.62,0.54,110.16,6.09,0.03,0.4926,18,37,,8,True
90032,LABELLE VYDS AND WINERY,12153,2024-09-18,2024-10-03,2024-11-04,2024-10,171,1954.26,9.97,1964.23,11.4284,0.0583,0.5102,15,32,,10,True
6215,MOONLIGHT MEADERY,12156,2024-09-18,2024-10-03,2024-11-18,2024-10,131,1180.83,5.79,1186.62,9.014,0.0442,0.4903,15,46,,7,True
7154,PREMIER DISTRIBUTORS,12172,2024-09-19,2024-10-03,2024-11-18,2024-10,104,1618.4,7.77,1626.17,15.5615,0.0747,0.4801,14,46,,7,True
8664,"STOLI GROUP,(USA) LLC",12175,2024-09-19,2024-10-03,2024-11-12,2024-10,6672,80072.87,368.34,80441.21,12.0013,0.0552,0.46,14,40,,48,True
172662,SWEETWATER FARM,12177,2024-09-19,2024-10-03,2024-11-20,2024-10,49,1086.22,5.65,1091.87,22.1678,0.1153,0.5202,14,48,,5,True
5270,MANGO BOTTLING INC,12200,2024-09-21,2024-10-03,2024-11-11,2024-10,459,3230.28,17.77,3248.05,7.0376,0.0387,0.5501,12,39,,6,True
17035,PERNOD RICARD USA,12203,2024-09-21,2024-10-03,2024-11-03,2024-10,47831,723272.41,3327.05,726599.46,15.1214,0.0696,0.46,12,31,Frank Delahunt,277,True
8150,SEA HAGG DISTILLERY LLC,12207,2024-09-21,2024-10-03,2024-11-18,2024-10,243,2993.64,16.47,3010.11,12.3195,0.0678,0.5502,12,46,,9,True
17032,JEWELL TOWNE VINEYARDS,12241,2024-09-23,2024-10-03,2024-11-06,2024-10,210,1668.51,9.01,1677.52,7.9453,0.0429,0.54,10,34,,7,True
1485,CASTLE BRANDS CORP.,12258,2024-09-23,2024-10-03,2024-11-15,2024-10,35,462.49,2.54,465.03,13.214,0.0726,0.5492,10,43,,29,True
1590,DIAGEO CHATEAU ESTATE WINES,12263,2024-09-23,2024-10-03,2024-11-06,2024-10,1272,7490.14,35.95,7526.09,5.8885,0.0283,0.48,10,34,,117,True
9744,FREDERICK WILDMAN & SONS,12269,2024-09-23,2024-10-03,2024-11-04,2024-10,24,640.08,3.39,643.47,26.67,0.1413,0.5296,10,32,,149,True
12546,JIM BEAM BRANDS COMPANY,12271,2024-09-23,2024-10-03,2024-11-04,2024-10,920,7231.8,33.27,7265.07,7.8607,0.0362,0.4601,10,32,,415,True
8352,LUXCO INC,12275,2024-09-23,2024-10-03,2024-11-08,2024-10,96,1025.11,5.23,1030.34,10.6782,0.0545,0.5102,10,36,,69,True
653,STATE WINE & SPIRITS,12295,2024-09-23,2024-10-03,2024-11-04,2024-10,87,847.95,3.99,851.94,9.7466,0.0459,0.4705,10,32,,258,True
8673,STE MICHELLE WINE ESTATES,12296,2024-09-23,2024-10-03,2024-11-13,2024-10,938,6256.47,32.53,6289.0,6.67,0.0347,0.5199,10,41,,144,True
9815,WINE GROUP INC,12309,2024-09-23,2024-10-03,2024-11-07,2024-10,213,1371.75,6.17,1377.92,6.4401,0.029,0.4498,10,35,,215,True
201359,FLAVOR ESSENCE INC,12061,2024-09-12,2024-10-04,2024-11-11,2024-10,1,17.0,0.09,17.09,17.0,0.09,0.5294,22,38,,0,True
3089,SIDNEY FRANK IMPORTING CO,12073,2024-09-12,2024-10-04,2024-11-04,2024-10,3804,27827.79,147.49,27975.28,7.3154,0.0388,0.53,22,31,,13,True
5455,MARSALLE COMPANY,12082,2024-09-13,2024-10-04,2024-11-04,2024-10,66,1849.62,9.62,1859.24,28.0245,0.1458,0.5201,21,31,,10,True
9206,PHILLIPS PRODUCTS CO.,12084,2024-09-13,2024-10-04,2024-11-11,2024-10,672,7744.78,41.82,7786.6,11.525,0.0622,0.54,21,38,,33,True
8352,LUXCO INC,12093,2024-09-14,2024-10-04,2024-11-01,2024-10,4179,30339.5,136.53,30476.03,7.26,0.0327,0.45,20,28,,69,True
90010,VINEXTRA INC,12103,2024-09-14,2024-10-04,2024-11-13,2024-10,149,1796.04,8.98,1805.02,12.054,0.0603,0.5,20,40,,47,True
388,ATLANTIC IMPORTING COMPANY,12107,2024-09-15,2024-10-04,2024-11-09,2024-10,18,383.76,2.03,385.79,21.32,0.1128,0.529,19,36,,3,True
7239,REMY COINTREAU USA INC,12137,2024-09-16,2024-10-04,2024-11-12,2024-10,1821,42149.18,189.67,42338.85,23.1462,0.1042,0.45,18,39,,45,True
99166,STARK BREWING COMPANY,12138,2024-09-16,2024-10-04,2024-11-09,2024-10,60,1285.2,6.94,1292.14,21.42,0.1157,0.54,18,36,,1,True
1265,BLACK ROCK SPIRITS LLC,12145,2024-09-18,2024-10-04,2024-11-09,2024-10,6,84.3,0.46,84.76,14.05,0.0767,0.5457,16,36,,1,True
3252,E & J GALLO WINERY,12151,2024-09-18,2024-10-04,2024-11-14,2024-10,42438,287968.39,1295.86,289264.25,6.7856,0.0305,0.45,16,41,Frank Delahunt,527,True
7240,"PREMIUM PORT WINES, INC.",12186,2024-09-20,2024-10-04,2024-11-08,2024-10,137,959.32,5.28,964.6,7.0023,0.0385,0.5504,14,35,,3,True
1655,FABRIZIA SPIRITS LLC,12196,2024-09-21,2024-10-04,2024-11-11,2024-10,320,4136.51,21.51,4158.02,12.9266,0.0672,0.52,13,38,,8,True
6830,PARK STREET IMPORTS LLC,12202,2024-09-21,2024-10-04,2024-11-06,2024-10,113,1793.06,9.68,1802.74,15.8678,0.0857,0.5399,13,33,,12,True
90027,POVERTY LANE ORCHARDS,12204,2024-09-21,2024-10-04,2024-11-20,2024-10,103,815.91,3.75,819.66,7.9215,0.0364,0.4596,13,47,,8,True
28750,SMOKY QUARTZ DISTILLERY LLC,12208,2024-09-21,2024-10-04,2024-11-14,2024-10,66,1453.83,6.54,1460.37,22.0277,0.0991,0.4498,13,41,,4,True
9622,WEIN BAUER INC,12212,2024-09-21,2024-10-04,2024-11-13,2024-10,623,3354.96,18.12,3373.08,5.3852,0.0291,0.5401,13,40,,6,True
90046,CANDIA VINEYARDS,12216,2024-09-22,2024-10-04,2024-11-12,2024-10,37,677.4,3.59,680.99,18.3081,0.097,0.53,12,39,,5,True
2876,CENTEUR IMPORTS LLC,12218,2024-09-22,2024-10-04,2024-11-05,2024-10,5,42.21,0.23,42.44,8.442,0.046,0.5449,12,32,,11,True
12546,JIM BEAM BRANDS COMPANY,12222,2024-09-22,2024-10-04,2024-11-03,2024-10,52070,492152.69,2657.62,494810.31,9.4518,0.051,0.54,12,30,Frank Delahunt,415,True
90057,WALPOLE MTN VIEW WINERY,12233,2024-09-22,2024-10-04,2024-11-15,2024-10,12,136.22,0.71,136.93,11.3517,0.0592,0.5212,12,42,,3,True
8112,MOET HENNESSY USA INC,12243,2024-09-23,2024-10-04,2024-11-07,2024-10,7049,176327.58,846.37,177173.95,25.0146,0.1201,0.48,11,34,,129,True
60,ADAMBA IMPORTS INTL INC,12252,2024-09-23,2024-10-04,2024-11-14,2024-10,3,48.81,0.26,49.07,16.27,0.0867,0.5327,11,41,,3,True
11567,CAMPARI AMERICA,12257,2024-09-23,2024-10-04,2024-11-04,2024-10,219,748.02,3.74,751.76,3.4156,0.0171,0.5,11,31,,74,True
2242,DELICATO VINEYARDS INC,12262,2024-09-23,2024-10-04,2024-11-06,2024-10,573,4090.83,20.86,4111.69,7.1393,0.0364,0.5099,11,33,,96,True
9552,M S WALKER INC,12276,2024-09-23,2024-10-04,2024-11-14,2024-10,1682,12929.83,68.53,12998.36,7.6872,0.0407,0.53,11,41,,960,True
7239,REMY COINTREAU USA INC,12289,2024-09-23,2024-10-04,2024-11-12,2024-10,47,3268.7,14.71,3283.41,69.5468,0.313,0.45,11,39,,45,True
8004,SAZERAC CO INC,12290,2024-09-23,2024-10-04,2024-11-13,2024-10,415,2617.32,11.78,2629.1,6.3068,0.0284,0.4501,11,40,,138,True
12331,STELLAR IMPORTING CO LLC,12297,2024-09-23,2024-10-04,2024-11-15,2024-10,12,85.68,0.39,86.07,7.14,0.0325,0.4552,11,42,,19,True
90058,ZORVINO VINEYARDS,12310,2024-09-23,2024-10-04,2024-11-03,2024-10,12,112.68,0.6,113.28,9.39,0.05,0.5325,11,30,,6,True
1650,Circa Wines,12147,2024-09-18,2024-10-05,2024-11-14,2024-10,12,190.8,0.92,191.72,15.9,0.0767,0.4822,17,40,,74,True
6359,OLE SMOKY DISTILLERY LLC,12157,2024-09-18,2024-10-05,2024-11-17,2024-10,488,6722.15,31.59,6753.74,13.7749,0.0647,0.4699,17,43,,18,True
90056,SWEET BABY VINEYARD,12176,2024-09-19,2024-10-05,2024-11-15,2024-10,318,2650.95,12.72,2663.67,8.3363,0.04,0.4798,16,41,,4,True
1273,CALEDONIA SPIRITS INC,12193,2024-09-21,2024-10-05,2024-11-13,2024-10,179,5433.44,29.34,5462.78,30.3544,0.1639,0.54,14,39,,5,True
1703,ALISA CARR BEVERAGES,12214,2024-09-22,2024-10-05,2024-11-14,2024-10,54,3741.46,18.33,3759.79,69.2863,0.3394,0.4899,13,40,,32,True
8920,TAKARA SAKE USA INC,12230,2024-09-22,2024-10-05,2024-11-04,2024-10,87,373.89,1.79,375.68,4.2976,0.0206,0.4788,13,30,,3,True
2450,DJINN SPIRITS LLC,12237,2024-09-23,2024-10-05,2024-11-16,2024-10,33,621.33,2.92,624.25,18.8282,0.0885,0.47,12,42,,6,True
3924,HEAVEN HILL DISTILLERIES,12239,2024-09-23,2024-10-05,2024-11-03,2024-10,12893,140249.53,659.17,140908.7,10.878,0.0511,0.47,12,29,,69,True
8004,SAZERAC CO INC,12246,2024-09-23,2024-10-05,2024-11-15,2024-10,28639,203253.2,995.94,204249.14,7.0971,0.0348,0.49,12,41,,138,True
480,BACARDI USA INC,12254,2024-09-23,2024-10-05,2024-11-13,2024-10,264,4403.92,22.9,4426.82,16.6815,0.0867,0.52,12,39,,184,True
90047,CRUSH WINES,12261,2024-09-23,2024-10-05,2024-11-11,2024-10,35,264.77,1.22,265.99,7.5649,0.0349,0.4608,12,37,,165,True
2555,DISARONNO INTERNATIONAL LLC,12265,2024-09-23,2024-10-05,2024-11-19,2024-10,172,1085.61,5.75,1091.36,6.3117,0.0334,0.5297,12,45,,12,True
9625,WESTERN SPIRITS BEVERAGE CO,12307,2024-09-23,2024-10-05,2024-11-12,2024-10,6,119.94,0.54,120.48,19.99,0.09,0.4502,12,38,,26,True
3664,WILLIAM GRANT & SONS INC,12308,2024-09-23,2024-10-05,2024-11-15,2024-10,180,1569.07,8.16,1577.23,8.7171,0.0453,0.5201,12,41,,85,True
60,ADAMBA IMPORTS INTL INC,12144,2024-09-18,2024-10-06,2024-11-12,2024-10,164,2637.26,13.71,2650.97,16.0809,0.0836,0.5199,18,37,,3,True
3950,"HOOD RIVER DISTILLERS, Inc.",12152,2024-09-18,2024-10-06,2024-11-14,2024-10,1,16.41,0.08,16.49,16.41,0.08,0.4875,18,39,,7,True
3089,SIDNEY FRANK IMPORTING CO,12162,2024-09-18,2024-10-06,2024-11-07,2024-10,1918,15329.33,70.51,15399.84,7.9924,0.0368,0.46,18,32,,13,True
173357,TAMWORTH DISTILLING,12164,2024-09-18,2024-10-06,2024-11-19,2024-10,197,6106.37,28.7,6135.07,30.9968,0.1457,0.47,18,44,,4,True
10050,Russian Standard Vodka,12173,2024-09-19,2024-10-06,2024-11-11,2024-10,164,2402.8,13.22,2416.02,14.6512,0.0806,0.5502,17,36,,13,True
653,STATE WINE & SPIRITS,12174,2024-09-19,2024-10-06,2024-11-03,2024-10,3631,43125.84,194.07,43319.91,11.8771,0.0534,0.45,17,28,,258,True
516,BANFI PRODUCTS CORP,12181,2024-09-20,2024-10-06,2024-11-10,2024-10,8876,55042.16,253.19,55295.35,6.2012,0.0285,0.46,16,35,,149,True
1590,DIAGEO CHATEAU ESTATE WINES,12194,2024-09-21,2024-10-06,2024-11-19,2024-10,10462,69104.53,373.16,69477.69,6.6053,0.0357,0.54,15,44,,117,True
10000,MAJESTIC FINE WINES,12199,2024-09-21,2024-10-06,2024-11-18,2024-10,13120,108681.23,554.27,109235.5,8.2836,0.0422,0.51,15,43,,40,True
1485,CASTLE BRANDS CORP.,12217,2024-09-22,2024-10-06,2024-11-15,2024-10,5530,99141.47,456.05,99597.52,17.9279,0.0825,0.46,14,40,,29,True
4692,KOBRAND CORPORATION,12223,2024-09-22,2024-10-06,2024-11-11,2024-10,2726,29904.34,158.49,30062.83,10.97,0.0581,0.53,14,36,,242,True
10754,PERFECTA WINES,12245,2024-09-23,2024-10-06,2024-11-20,2024-10,12887,124958.23,599.8,125558.03,9.6965,0.0465,0.48,13,45,,897,True
98450,Serralles Usa LLC,12247,2024-09-23,2024-10-06,2024-11-06,2024-10,191,2693.56,14.01,2707.57,14.1024,0.0734,0.5201,13,31,,16,True
3252,E & J GALLO WINERY,12267,2024-09-23,2024-10-06,2024-11-16,2024-10,4106,28907.81,150.32,29058.13,7.0404,0.0366,0.52,13,41,,527,True
6355,NICHE W & S,12282,2024-09-23,2024-10-06,2024-11-09,2024-10,24,468.48,2.34,470.82,19.52,0.0975,0.4995,13,34,,8,True
6785,PALM BAY INTERNATIONAL INC,12283,2024-09-23,2024-10-06,2024-11-11,2024-10,161,1189.26,5.47,1194.73,7.3867,0.034,0.4599,13,36,,174,True
10754,PERFECTA WINES,12284,2024-09-23,2024-10-06,2024-11-13,2024-10,964,7048.31,31.72,7080.03,7.3115,0.0329,0.45,13,38,,897,True
660,SAZERAC NORTH AMERICA INC.,12291,2024-09-23,2024-10-06,2024-11-13,2024-10,193,1479.16,6.8,1485.96,7.664,0.0352,0.4597,13,38,,84,True
3089,SIDNEY FRANK IMPORTING CO,12293,2024-09-23,2024-10-06,2024-11-12,2024-10,42,194.88,0.97,195.85,4.64,0.0231,0.4977,13,37,,13,True
8735,SURVILLE ENTERPRISES CORP,12299,2024-09-23,2024-10-06,2024-11-09,2024-10,12,88.56,0.44,89.0,7.38,0.0367,0.4968,13,34,,22,True
8920,TAKARA SAKE USA INC,12300,2024-09-23,2024-10-06,2024-11-11,2024-10,12,48.72,0.26,48.98,4.06,0.0217,0.5337,13,36,,3,True
9165,ULTRA BEVERAGE COMPANY LLP,12303,2024-09-23,2024-10-06,2024-11-19,2024-10,1846,16175.91,79.26,16255.17,8.7627,0.0429,0.49,13,44,,965,True
6785,PALM BAY INTERNATIONAL INC,12158,2024-09-18,2024-10-07,2024-11-19,2024-10,5546,40541.75,186.49,40728.24,7.3101,0.0336,0.46,19,43,,174,True
2242,DELICATO VINEYARDS INC,12165,2024-09-19,2024-10-07,2024-11-11,2024-10,7136,52549.82,268.0,52817.82,7.364,0.0376,0.51,18,35,,96,True
9744,FREDERICK WILDMAN & SONS,12167,2024-09-19,2024-10-07,2024-11-14,2024-10,1343,19421.41,99.05,19520.46,14.4612,0.0738,0.51,18,38,,149,True
90017,THE IMPORTED GRAPE LLC,12189,2024-09-20,2024-10-07,2024-11-10,2024-10,13,52.45,0.28,52.73,4.0346,0.0215,0.5338,17,34,,40,True
1601,VRANKEN AMERICA,12191,2024-09-20,2024-10-07,2024-11-12,2024-10,178,2821.79,14.39,2836.18,15.8528,0.0808,0.51,17,36,,21,True
4848,LAIRD & CO,12197,2024-09-21,2024-10-07,2024-11-15,2024-10,1014,8441.94,39.68,8481.62,8.3254,0.0391,0.47,16,39,,16,True
28776,TALL SHIP DISTILLERY LLC,12210,2024-09-21,2024-10-07,2024-11-06,2024-10,63,1389.75,6.25,1396.0,22.0595,0.0992,0.4497,16,30,,4,True
9625,WESTERN SPIRITS BEVERAGE CO,12213,2024-09-21,2024-10-07,2024-11-03,2024-10,1454,7426.08,33.42,7459.5,5.1073,0.023,0.45,16,27,,26,True
4380,CHARLES JACQUIN ET CIE INC,12219,2024-09-22,2024-10-07,2024-11-13,2024-10,1317,7322.23,35.88,7358.11,5.5598,0.0272,0.49,15,37,,15,True
90011,FORTUNE WINE BROKERS LLC,12220,2024-09-22,2024-10-07,2024-11-07,2024-10,152,1640.03,8.86,1648.89,10.7897,0.0583,0.5402,15,31,,62,True
90053,INCREDIBREW INC,12221,2024-09-22,2024-10-07,2024-11-13,2024-10,73,641.78,2.89,644.67,8.7915,0.0396,0.4503,15,37,,4,True
5612,MILTONS DISTRIBUTING CO,12225,2024-09-22,2024-10-07,2024-11-12,2024-10,73,442.56,2.21,444.77,6.0625,0.0303,0.4994,15,36,,36,True
2000,SOUTHERN WINE & SPIRITS NE,12229,2024-09-22,2024-10-07,2024-11-12,2024-10,281,1719.72,8.08,1727.8,6.12,0.0288,0.4698,15,36,,417,True
480,BACARDI USA INC,12236,2024-09-23,2024-10-07,2024-11-10,2024-10,39981,457183.53,2514.51,459698.04,11.435,0.0629,0.55,14,34,Frank Delahunt,184,True
3951,HIGHLAND WINE MERCHANTS LLC,12240,2024-09-23,2024-10-07,2024-11-13,2024-10,12,107.52,0.53,108.05,8.96,0.0442,0.4929,14,37,,11,True
90024,VINILANDIA USA,12251,2024-09-23,2024-10-07,2024-11-12,2024-10,1326,11484.52,60.87,11545.39,8.661,0.0459,0.53,14,36,,206,True
516,BANFI PRODUCTS CORP,12255,2024-09-23,2024-10-07,2024-11-17,2024-10,833,4195.83,18.88,4214.71,5.037,0.0227,0.45,14,41,,149,True
17031,FLAG HILL WINERY & VINEYARD,12268,2024-09-23,2024-10-07,2024-11-05,2024-10,1,13.38,0.06,13.44,13.38,0.06,0.4484,14,29,,19,True
9206,PHILLIPS PRODUCTS CO.,12286,2024-09-23,2024-10-07,2024-11-15,2024-10,6,79.62,0.36,79.98,13.27,0.06,0.4521,14,39,,33,True
2000,SOUTHERN WINE & SPIRITS NE,12294,2024-09-23,2024-10-07,2024-11-12,2024-10,351,3229.53,17.76,3247.29,9.2009,0.0506,0.5499,14,36,,417,True
9819,TREASURY WINE ESTATES,12301,2024-09-23,2024-10-07,2024-11-06,2024-10,834,5097.48,25.49,5122.97,6.1121,0.0306,0.5001,14,30,,111,True
1587,VINEYARD BRANDS INC,12305,2024-09-23,2024-10-07,2024-11-10,2024-10,48,337.97,1.62,339.59,7.041,0.0338,0.4793,14,34,,87,True
3960,DIAGEO NORTH AMERICA INC,12149,2024-09-18,2024-10-08,2024-11-07,2024-10,118819,1038996.71,4883.28,1043879.99,8.7444,0.0411,0.47,20,30,Frank Delahunt,449,True
8735,SURVILLE ENTERPRISES CORP,12163,2024-09-18,2024-10-08,2024-11-04,2024-10,74,495.77,2.43,498.2,6.6996,0.0328,0.4901,20,27,,22,True
9552,M S WALKER INC,12171,2024-09-19,2024-10-08,2024-11-03,2024-10,28430,225171.09,1170.89,226341.98,7.9202,0.0412,0.52,19,26,,960,True
2000,SOUTHERN WINE & SPIRITS NE,12187,2024-09-20,2024-10-08,2024-11-17,2024-10,8234,78083.04,390.42,78473.46,9.483,0.0474,0.5,18,40,,417,True
99166,STARK BREWING COMPANY,12188,2024-09-20,2024-10-08,2024-11-19,2024-10,5,107.1,0.52,107.62,21.42,0.104,0.4855,18,42,,1,True
9260,TY KU LLC,12190,2024-09-20,2024-10-08,2024-11-15,2024-10,29,248.49,1.14,249.63,8.5686,0.0393,0.4588,18,38,,7,True
8352,LUXCO INC,12198,2024-09-21,2024-10-08,2024-11-16,2024-10,5040,36521.16,178.95,36700.11,7.2463,0.0355,0.49,17,39,,69,True
4950,LATITUDE BEVERAGE COMPANY,12224,2024-09-22,2024-10-08,2024-11-18,2024-10,1059,6870.0,34.35,6904.35,6.4873,0.0324,0.5,16,41,,45,True
9819,TREASURY WINE ESTATES,12231,2024-09-22,2024-10-08,2024-11-16,2024-10,10448,64648.58,310.31,64958.89,6.1877,0.0297,0.48,16,39,,111,True
1587,VINEYARD BRANDS INC,12232,2024-09-22,2024-10-08,2024-11-04,2024-10,2574,18274.61,96.86,18371.47,7.0997,0.0376,0.53,16,27,,87,True
4466,AMERICAN VINTAGE BEVERAGE,12235,2024-09-23,2024-10-08,2024-11-20,2024-10,258,2592.08,11.92,2604.0,10.0468,0.0462,0.4599,15,43,,3,True
1128,BROWN-FORMAN CORP,12256,2024-09-23,2024-10-08,2024-11-12,2024-10,423,5009.04,25.05,5034.09,11.8417,0.0592,0.5001,15,35,,142,True
4692,KOBRAND CORPORATION,12272,2024-09-23,2024-10-08,2024-11-05,2024-10,2,14.36,0.08,14.44,7.18,0.04,0.5571,15,28,,242,True
8112,MOET HENNESSY USA INC,12281,2024-09-23,2024-10-08,2024-11-19,2024-10,210,5679.42,27.26,5706.68,27.0449,0.1298,0.48,15,42,,129,True
7153,PINE STATE TRADING CO,12287,2024-09-23,2024-10-08,2024-11-03,2024-10,301,2460.67,11.32,2471.99,8.175,0.0376,0.46,15,26,,480,True
7245,PROXIMO SPIRITS INC.,12288,2024-09-23,2024-10-08,2024-11-04,2024-10,134,1902.95,9.9,1912.85,14.2011,0.0739,0.5202,15,27,,114,True
2555,DISARONNO INTERNATIONAL LLC,12150,2024-09-18,2024-10-09,2024-11-07,2024-10,3298,46638.01,247.18,46885.19,14.1413,0.0749,0.53,21,29,,12,True
660,SAZERAC NORTH AMERICA INC.,12160,2024-09-18,2024-10-09,2024-11-05,2024-10,8558,58212.05,314.35,58526.4,6.8021,0.0367,0.54,21,27,,84,True
17031,FLAG HILL WINERY & VINEYARD,12166,2024-09-19,2024-10-09,2024-11-09,2024-10,402,5687.71,25.59,5713.3,14.1485,0.0637,0.4499,20,31,,19,True
90052,HAUNTING WHISPER VYDS,12168,2024-09-19,2024-10-09,2024-11-04,2024-10,26,205.13,1.11,206.24,7.8896,0.0427,0.5411,20,26,,2,True
90058,ZORVINO VINEYARDS,12179,2024-09-19,2024-10-09,2024-11-13,2024-10,267,2117.4,11.22,2128.62,7.9303,0.042,0.5299,20,35,,6,True
388,ATLANTIC IMPORTING COMPANY,12180,2024-09-20,2024-10-09,2024-11-10,2024-10,12,526.32,2.74,529.06,43.86,0.2283,0.5206,19,32,,3,True
1392,CONSTELLATION BRANDS INC,12182,2024-09-20,2024-10-09,2024-11-18,2024-10,61066,414404.44,2279.22,416683.66,6.7862,0.0373,0.55,19,40,Frank Delahunt,481,True
4425,MARTIGNETTI COMPANIES,12201,2024-09-21,2024-10-09,2024-11-14,2024-10,57704,657982.92,3224.12,661207.04,11.4027,0.0559,0.49,18,36,Frank Delahunt,1639,True
7255,PSP WINES,12205,2024-09-21,2024-10-09,2024-11-16,2024-10,336,2462.02,11.33,2473.35,7.3274,0.0337,0.4602,18,38,,32,True
8673,STE MICHELLE WINE ESTATES,12209,2024-09-21,2024-10-09,2024-11-18,2024-10,10839,74999.84,337.5,75337.34,6.9194,0.0311,0.45,18,40,,144,True
1189,BULLY BOY DISTILLERS,12215,2024-09-22,2024-10-09,2024-11-20,2024-10,37,810.45,4.05,814.5,21.9041,0.1095,0.4997,17,42,,6,True
2561,EDRINGTON AMERICAS,12238,2024-09-23,2024-10-09,2024-11-07,2024-10,835,29715.88,160.47,29876.35,35.5879,0.1922,0.54,16,29,,33,True
12331,STELLAR IMPORTING CO LLC,12248,2024-09-23,2024-10-09,2024-11-19,2024-10,108,995.76,5.18,1000.94,9.22,0.048,0.5202,16,41,,19,True
4466,AMERICAN VINTAGE BEVERAGE,12253,2024-09-23,2024-10-09,2024-11-14,2024-10,1,11.19,0.05,11.24,11.19,0.05,0.4468,16,36,,3,True
1392,CONSTELLATION BRANDS INC,12260,2024-09-23,2024-10-09,2024-11-11,2024-10,3990,24626.63,115.75,24742.38,6.1721,0.029,0.47,16,33,,481,True
2496,DUGGANS DISTILLED PRODUCTS,12266,2024-09-23,2024-10-09,2024-11-17,2024-10,6,104.7,0.51,105.21,17.45,0.085,0.4871,16,39,,5,True
3924,HEAVEN HILL DISTILLERIES,12270,2024-09-23,2024-10-09,2024-11-12,2024-10,323,3078.38,16.32,3094.7,9.5306,0.0505,0.5301,16,34,,69,True
4950,LATITUDE BEVERAGE COMPANY,12274,2024-09-23,2024-10-09,2024-11-16,2024-10,12,69.6,0.33,69.93,5.8,0.0275,0.4741,16,38,,45,True
17035,PERNOD RICARD USA,12285,2024-09-23,2024-10-09,2024-11-07,2024-10,1066,9910.15,54.51,9964.66,9.2966,0.0511,0.55,16,29,,277,True
8320,SHAW ROSS INT L IMP LTD,12292,2024-09-23,2024-10-09,2024-11-07,2024-10,82,1221.96,6.23,1228.19,14.902,0.076,0.5098,16,29,,38,True
8664,"STOLI GROUP,(USA) LLC",12298,2024-09-23,2024-10-09,2024-11-11,2024-10,80,1157.03,6.36,1163.39,14.4629,0.0795,0.5497,16,33,,48,True
90010,VINEXTRA INC,12304,2024-09-23,2024-10-09,2024-11-07,2024-10,6,51.6,0.26,51.86,8.6,0.0433,0.5039,16,29,,47,True
6213,MHW LTD,12155,2024-09-18,2024-10-10,2024-11-15,2024-10,3253,32804.7,160.74,32965.44,10.0844,0.0494,0.49,22,36,,96,True
7245,PROXIMO SPIRITS INC.,12159,2024-09-18,2024-10-10,2024-11-11,2024-10,9724,109937.02,604.65,110541.67,11.3057,0.0622,0.55,22,32,,114,True
4901,LAUREATE IMPORTS CO,12170,2024-09-19,2024-10-10,2024-11-20,2024-10,29,140.94,0.72,141.66,4.86,0.0248,0.5109,21,41,,2,True
1128,BROWN-FORMAN CORP,12192,2024-09-21,2024-10-10,2024-11-11,2024-10,17432,226695.59,1065.47,227761.06,13.0046,0.0611,0.47,19,32,,142,True
9206,PHILLIPS PRODUCTS CO.,12226,2024-09-22,2024-10-10,2024-11-03,2024-10,593,7476.53,35.89,7512.42,12.608,0.0605,0.48,18,24,,33,True
7239,REMY COINTREAU USA INC,12227,2024-09-22,2024-10-10,2024-11-19,2024-10,2404,62221.63,298.66,62520.29,25.8825,0.1242,0.48,18,40,,45,True
6355,NICHE W & S,12244,2024-09-23,2024-10-10,2024-11-07,2024-10,4368,42729.12,196.55,42925.67,9.7823,0.045,0.46,17,28,,8,True
8892,TRINCHERO FAMILY ESTATES,12249,2024-09-23,2024-10-10,2024-11-04,2024-10,6957,45409.76,227.05,45636.81,6.5272,0.0326,0.5,17,25,,153,True
90010,VINEXTRA INC,12250,2024-09-23,2024-10-10,2024-11-19,2024-10,191,2564.27,12.82,2577.09,13.4255,0.0671,0.4999,17,40,,47,True
4380,CHARLES JACQUIN ET CIE INC,12259,2024-09-23,2024-10-10,2024-11-19,2024-10,15,108.36,0.52,108.88,7.224,0.0347,0.4799,17,40,,15,True
3960,DIAGEO NORTH AMERICA INC,12264,2024-09-23,2024-10-10,2024-11-07,2024-10,1742,12236.07,55.06,12291.13,7.0242,0.0316,0.45,17,28,,449,True
6213,MHW LTD,12280,2024-09-23,2024-10-10,2024-11-03,2024-10,23,775.73,4.03,779.76,33.7274,0.1752,0.5195,17,24,,96,True
4425,MARTIGNETTI COMPANIES,12317,2024-09-25,2024-10-10,2024-11-25,2024-10,35959,392621.14,1766.8,394387.94,10.9186,0.0491,0.45,15,46,Frank Delahunt,1639,True
9260,TY KU LLC,12338,2024-09-26,2024-10-10,2024-11-26,2024-10,35,301.0,1.51,302.51,8.6,0.0431,0.5017,14,47,,7,True
9815,WINE GROUP INC,12340,2024-09-26,2024-10-10,2024-11-25,2024-10,14554,89941.85,458.7,90400.55,6.1799,0.0315,0.51,14,46,,215,True
17035,PERNOD RICARD USA,12352,2024-09-27,2024-10-10,2024-11-12,2024-10,34936,478178.46,2390.89,480569.35,13.6873,0.0684,0.5,13,33,Frank Delahunt,277,True
1273,CALEDONIA SPIRITS INC,12363,2024-09-28,2024-10-10,2024-11-19,2024-10,298,10196.13,46.9,10243.03,34.2152,0.1574,0.46,12,40,,5,True
3924,HEAVEN HILL DISTILLERIES,12367,2024-09-28,2024-10-10,2024-11-20,2024-10,8493,64459.68,309.41,64769.09,7.5897,0.0364,0.48,12,41,,69,True
90056,SWEET BABY VINEYARD,12373,2024-09-28,2024-10-10,2024-11-23,2024-10,306,2574.78,12.36,2587.14,8.4143,0.0404,0.48,12,44,,4,True
90017,THE IMPORTED GRAPE LLC,12375,2024-09-28,2024-10-10,2024-11-17,2024-10,36,387.24,1.82,389.06,10.7567,0.0506,0.47,12,38,,40,True
1392,CONSTELLATION BRANDS INC,12381,2024-09-29,2024-10-10,2024-11-19,2024-10,51676,332920.23,1697.89,334618.12,6.4425,0.0329,0.51,11,40,Frank Delahunt,481,True
1587,VINEYARD BRANDS INC,12411,2024-09-30,2024-10-10,2024-11-24,2024-10,2001,16028.86,86.56,16115.42,8.0104,0.0433,0.54,10,45,,87,True
11567,CAMPARI AMERICA,12146,2024-09-18,2024-10-11,2024-11-08,2024-10,8791,65439.31,333.74,65773.05,7.4439,0.038,0.51,23,28,,74,True
90047,CRUSH WINES,12148,2024-09-18,2024-10-11,2024-11-19,2024-10,758,6262.87,33.82,6296.69,8.2624,0.0446,0.54,23,39,,165,True
5992,MCCORMICK DISTILLING CO,12154,2024-09-18,2024-10-11,2024-11-19,2024-10,1480,16373.37,86.78,16460.15,11.0631,0.0586,0.53,23,39,,35,True
8320,SHAW ROSS INT L IMP LTD,12161,2024-09-18,2024-10-11,2024-11-13,2024-10,1602,20199.17,101.0,20300.17,12.6087,0.063,0.5,23,33,,38,True
4550,KLIN SPIRITS LLC,12169,2024-09-19,2024-10-11,2024-11-09,2024-10,116,1883.35,9.04,1892.39,16.2358,0.0779,0.48,22,29,,4,True
3664,WILLIAM GRANT & SONS INC,12178,2024-09-19,2024-10-11,2024-11-10,2024-10,8806,202068.3,909.31,202977.61,22.9467,0.1033,0.45,22,30,,85,True
2496,DUGGANS DISTILLED PRODUCTS,12183,2024-09-20,2024-10-11,2024-11-07,2024-10,221,3018.8,13.58,3032.38,13.6597,0.0614,0.4498,21,27,,5,True
90051,FULCHINO VINEYARD INC,12184,2024-09-20,2024-10-11,2024-11-07,2024-10,11,114.29,0.58,114.87,10.39,0.0527,0.5075,21,27,,2,True
7153,PINE STATE TRADING CO,12185,2024-09-20,2024-10-11,2024-11-03,2024-10,15756,145207.55,697.0,145904.55,9.216,0.0442,0.48,21,23,,480,True
17037,Dunn Wine Brokers,12195,2024-09-21,2024-10-11,2024-11-20,2024-10,126,1483.64,7.86,1491.5,11.7749,0.0624,0.5298,20,40,,35,True
7749,R.P.IMPORTS INC,12206,2024-09-21,2024-10-11,2024-11-12,2024-10,28,916.84,4.31,921.15,32.7443,0.1539,0.4701,20,32,,75,True
9165,ULTRA BEVERAGE COMPANY LLP,12211,2024-09-21,2024-10-11,2024-11-18,2024-10,25504,292045.02,1489.43,293534.45,11.4509,0.0584,0.51,20,38,Frank Delahunt,965,True
17033,SEA BREEZE CELLARS LLC,12228,2024-09-22,2024-10-11,2024-11-12,2024-10,246,2489.04,11.7,2500.74,10.118,0.0476,0.4701,19,32,,16,True
9815,WINE GROUP INC,12234,2024-09-22,2024-10-11,2024-11-09,2024-10,16396,98661.21,542.64,99203.85,6.0174,0.0331,0.55,19,29,,215,True
5455,MARSALLE COMPANY,12242,2024-09-23,2024-10-11,2024-11-04,2024-10,165,2898.17,15.94,2914.11,17.5647,0.0966,0.55,18,24,,10,True
4848,LAIRD & CO,12273,2024-09-23,2024-10-11,2024-11-16,2024-10,7,151.13,0.7,151.83,21.59,0.1,0.4632,18,36,,16,True
10000,MAJESTIC FINE WINES,12277,2024-09-23,2024-10-11,2024-11-20,2024-10,704,6050.76,30.25,6081.01,8.5948,0.043,0.4999,18,40,,40,True
5455,MARSALLE COMPANY,12278,2024-09-23,2024-10-11,2024-11-18,2024-10,36,344.88,1.66,346.54,9.58,0.0461,0.4813,18,38,,10,True
4425,MARTIGNETTI COMPANIES,12279,2024-09-23,2024-10-11,2024-11-04,2024-10,3899,37918.93,197.18,38116.11,9.7253,0.0506,0.52,18,24,,1639,True
8892,TRINCHERO FAMILY ESTATES,12302,2024-09-23,2024-10-11,2024-11-03,2024-10,175,1284.86,5.78,1290.64,7.3421,0.033,0.4499,18,23,,153,True
90024,VINILANDIA USA,12306,2024-09-23,2024-10-11,2024-11-05,2024-10,142,1284.7,6.17,1290.87,9.0472,0.0435,0.4803,18,25,,206,True
4848,LAIRD & CO,12328,2024-09-26,2024-10-11,2024-11-12,2024-10,871,8036.69,40.99,8077.68,9.227,0.0471,0.51,15,32,,16,True
2000,SOUTHERN WINE & SPIRITS NE,12334,2024-09-26,2024-10-11,2024-11-22,2024-10,5280,48095.86,221.24,48317.1,9.1091,0.0419,0.46,15,42,,417,True
9206,PHILLIPS PRODUCTS CO.,12370,2024-09-28,2024-10-11,2024-11-22,2024-10,633,8009.59,40.05,8049.64,12.6534,0.0633,0.5,13,42,,33,True
7245,PROXIMO SPIRITS INC.,12371,2024-09-28,2024-10-11,2024-11-22,2024-10,10828,103372.76,547.88,103920.64,9.5468,0.0506,0.53,13,42,,114,True
17033,SEA BREEZE CELLARS LLC,12372,2024-09-28,2024-10-11,2024-11-15,2024-10,1436,11480.91,60.85,11541.76,7.9951,0.0424,0.53,13,35,,16,True
105,ALTAMAR BRANDS LLC,12376,2024-09-29,2024-10-11,2024-11-14,2024-10,6,214.26,1.16,215.42,35.71,0.1933,0.5414,12,34,,3,True
11567,CAMPARI AMERICA,12379,2024-09-29,2024-10-11,2024-11-17,2024-10,8406,56458.74,254.06,56712.8,6.7165,0.0302,0.45,12,37,,74,True
90027,POVERTY LANE ORCHARDS,12385,2024-09-29,2024-10-11,2024-11-13,2024-10,116,927.56,4.73,932.29,7.9962,0.0408,0.5099,12,33,,8,True
4466,AMERICAN VINTAGE BEVERAGE,12321,2024-09-26,2024-10-12,2024-11-19,2024-10,172,1685.98,7.59,1693.57,9.8022,0.0441,0.4502,16,38,,3,True
98450,Serralles Usa LLC,12333,2024-09-26,2024-10-12,2024-11-27,2024-10,118,1714.08,9.43,1723.51,14.5261,0.0799,0.5501,16,46,,16,True
2496,DUGGANS DISTILLED PRODUCTS,12346,2024-09-27,2024-10-12,2024-11-25,2024-10,239,3304.3,17.18,3321.48,13.8255,0.0719,0.5199,15,44,,5,True
3252,E & J GALLO WINERY,12366,2024-09-28,2024-10-12,2024-11-15,2024-10,39323,240227.04,1105.04,241332.08,6.1091,0.0281,0.46,14,34,,527,True
10754,PERFECTA WINES,12369,2024-09-28,2024-10-12,2024-11-12,2024-10,10950,138366.93,733.34,139100.27,12.6362,0.067,0.53,14,31,,897,True
516,BANFI PRODUCTS CORP,12377,2024-09-29,2024-10-12,2024-11-16,2024-10,7267,47467.57,232.59,47700.16,6.5319,0.032,0.49,13,35,,149,True
2876,CENTEUR IMPORTS LLC,12380,2024-09-29,2024-10-12,2024-11-20,2024-10,12,105.06,0.49,105.55,8.755,0.0408,0.4664,13,39,,11,True
8112,MOET HENNESSY USA INC,12383,2024-09-29,2024-10-12,2024-11-13,2024-10,9028,195109.0,1034.08,196143.08,21.6115,0.1145,0.53,13,32,,129,True
10050,Russian Standard Vodka,12389,2024-09-29,2024-10-12,2024-11-25,2024-10,36,542.28,2.44,544.72,15.0633,0.0678,0.45,13,44,,13,True
1003,BRONCO WINE COMPANY,12396,2024-09-30,2024-10-12,2024-11-12,2024-10,6,36.96,0.17,37.13,6.16,0.0283,0.46,12,31,,8,True
2450,DJINN SPIRITS LLC,12398,2024-09-30,2024-10-12,2024-11-16,2024-10,21,349.86,1.82,351.68,16.66,0.0867,0.5202,12,35,,6,True
17032,JEWELL TOWNE VINEYARDS,12401,2024-09-30,2024-10-12,2024-11-22,2024-10,143,1182.05,6.26,1188.31,8.2661,0.0438,0.5296,12,41,,7,True
6785,PALM BAY INTERNATIONAL INC,12407,2024-09-30,2024-10-12,2024-11-23,2024-10,5940,41165.6,226.41,41392.01,6.9302,0.0381,0.55,12,42,,174,True
1128,BROWN-FORMAN CORP,12311,2024-09-25,2024-10-13,2024-11-22,2024-10,21757,286441.4,1288.99,287730.39,13.1655,0.0592,0.45,18,40,Frank Delahunt,142,True
4950,LATITUDE BEVERAGE COMPANY,12316,2024-09-25,2024-10-13,2024-11-12,2024-10,667,3990.35,20.75,4011.1,5.9825,0.0311,0.52,18,30,,45,True
28750,SMOKY QUARTZ DISTILLERY LLC,12318,2024-09-25,2024-10-13,2024-11-11,2024-10,60,1322.4,6.48,1328.88,22.04,0.108,0.49,18,29,,4,True
8664,"STOLI GROUP,(USA) LLC",12319,2024-09-25,2024-10-13,2024-11-22,2024-10,7619,75002.8,352.51,75355.31,9.8442,0.0463,0.47,18,40,,48,True
4550,KLIN SPIRITS LLC,12327,2024-09-26,2024-10-13,2024-11-16,2024-10,143,2236.08,12.07,2248.15,15.6369,0.0844,0.5398,17,34,,4,True
7153,PINE STATE TRADING CO,12331,2024-09-26,2024-10-13,2024-11-15,2024-10,8679,63485.85,342.82,63828.67,7.3149,0.0395,0.54,17,33,,480,True
90058,ZORVINO VINEYARDS,12341,2024-09-26,2024-10-13,2024-11-23,2024-10,178,1572.43,7.39,1579.82,8.8339,0.0415,0.47,17,41,,6,True
2396,BLACK PRINCE DISTILLERY INC,12343,2024-09-27,2024-10-13,2024-11-26,2024-10,12,52.08,0.24,52.32,4.34,0.02,0.4608,16,44,,10,True
4380,CHARLES JACQUIN ET CIE INC,12344,2024-09-27,2024-10-13,2024-11-13,2024-10,978,6218.13,29.23,6247.36,6.358,0.0299,0.4701,16,31,,15,True
2555,DISARONNO INTERNATIONAL LLC,12345,2024-09-27,2024-10-13,2024-11-16,2024-10,2139,26074.22,130.37,26204.59,12.1899,0.0609,0.5,16,34,,12,True
8673,STE MICHELLE WINE ESTATES,12356,2024-09-27,2024-10-13,2024-11-21,2024-10,7164,53462.34,256.62,53718.96,7.4626,0.0358,0.48,16,39,,144,True
9622,WEIN BAUER INC,12358,2024-09-27,2024-10-13,2024-11-20,2024-10,12,85.08,0.38,85.46,7.09,0.0317,0.4466,16,38,,6,True
9625,WESTERN SPIRITS BEVERAGE CO,12359,2024-09-27,2024-10-13,2024-11-10,2024-10,1259,5627.88,27.58,5655.46,4.4701,0.0219,0.4901,16,28,,26,True
388,ATLANTIC IMPORTING COMPANY,12361,2024-09-28,2024-10-13,2024-11-18,2024-10,23,490.36,2.5,492.86,21.32,0.1087,0.5098,15,36,,3,True
17037,Dunn Wine Brokers,12365,2024-09-28,2024-10-13,2024-11-24,2024-10,95,1130.16,6.1,1136.26,11.8964,0.0642,0.5397,15,42,,35,True
1189,BULLY BOY DISTILLERS,12378,2024-09-29,2024-10-13,2024-11-11,2024-10,63,1384.83,7.06,1391.89,21.9814,0.1121,0.5098,14,29,,6,True
8150,SEA HAGG DISTILLERY LLC,12391,2024-09-29,2024-10-13,2024-11-12,2024-10,281,3293.97,15.81,3309.78,11.7223,0.0563,0.48,14,30,,9,True
3089,SIDNEY FRANK IMPORTING CO,12392,2024-09-29,2024-10-13,2024-11-10,2024-10,2906,21362.89,100.41,21463.3,7.3513,0.0346,0.47,14,28,,13,True
3960,DIAGEO NORTH AMERICA INC,12397,2024-09-30,2024-10-13,2024-11-27,2024-10,111132,1006682.3,5033.41,1011715.71,9.0584,0.0453,0.5,13,45,Frank Delahunt,449,True
90032,LABELLE VYDS AND WINERY,12403,2024-09-30,2024-10-13,2024-11-24,2024-10,145,1666.01,8.33,1674.34,11.4897,0.0574,0.5,13,42,,10,True
6830,PARK STREET IMPORTS LLC,12408,2024-09-30,2024-10-13,2024-11-10,2024-10,101,1590.23,7.32,1597.55,15.7449,0.0725,0.4603,13,28,,12,True
7239,REMY COINTREAU USA INC,12409,2024-09-30,2024-10-13,2024-11-22,2024-10,1719,40311.82,189.47,40501.29,23.4507,0.1102,0.47,13,40,,45,True
12546,JIM BEAM BRANDS COMPANY,12315,2024-09-25,2024-10-14,2024-11-19,2024-10,56404,530134.28,2438.62,532572.9,9.3989,0.0432,0.46,19,36,Frank Delahunt,415,True
2242,DELICATO VINEYARDS INC,12323,2024-09-26,2024-10-14,2024-11-12,2024-10,4884,38841.06,209.74,39050.8,7.9527,0.0429,0.54,18,29,,96,True
5270,MANGO BOTTLING INC,12329,2024-09-26,2024-10-14,2024-11-11,2024-10,455,3230.07,15.5,3245.57,7.0991,0.0341,0.4799,18,28,,6,True
173357,TAMWORTH DISTILLING,12336,2024-09-26,2024-10-14,2024-11-18,2024-10,24,464.88,2.37,467.25,19.37,0.0988,0.5098,18,35,,4,True
8352,LUXCO INC,12349,2024-09-27,2024-10-14,2024-11-15,2024-10,5083,33807.45,155.51,33962.96,6.6511,0.0306,0.46,17,32,,69,True
7240,"PREMIUM PORT WINES, INC.",12387,2024-09-29,2024-10-14,2024-11-27,2024-10,143,1005.79,5.13,1010.92,7.0335,0.0359,0.51,15,44,,3,True
90010,VINEXTRA INC,12394,2024-09-29,2024-10-14,2024-11-16,2024-10,207,2498.96,12.99,2511.95,12.0723,0.0628,0.5198,15,33,,47,True
1601,VRANKEN AMERICA,12395,2024-09-29,2024-10-14,2024-11-18,2024-10,78,1341.78,6.04,1347.82,17.2023,0.0774,0.4501,15,35,,21,True
5455,MARSALLE COMPANY,12405,2024-09-30,2024-10-14,2024-11-18,2024-10,121,2803.07,14.02,2817.09,23.1659,0.1159,0.5002,14,35,,10,True
1650,Circa Wines,12312,2024-09-25,2024-10-15,2024-11-23,2024-10,126,1302.6,6.25,1308.85,10.3381,0.0496,0.4798,20,39,,74,True
6359,OLE SMOKY DISTILLERY LLC,12330,2024-09-26,2024-10-15,2024-11-15,2024-10,333,4817.68,23.61,4841.29,14.4675,0.0709,0.4901,19,31,,18,True
660,SAZERAC NORTH AMERICA INC.,12332,2024-09-26,2024-10-15,2024-11-22,2024-10,8983,65056.55,305.77,65362.32,7.2422,0.034,0.47,19,38,,84,True
8320,SHAW ROSS INT L IMP LTD,12353,2024-09-27,2024-10-15,2024-11-23,2024-10,1150,9962.24,52.8,10015.04,8.6628,0.0459,0.53,18,39,,38,True
653,STATE WINE & SPIRITS,12355,2024-09-27,2024-10-15,2024-11-25,2024-10,3417,31228.58,146.77,31375.35,9.1392,0.043,0.47,18,41,,258,True
3664,WILLIAM GRANT & SONS INC,12360,2024-09-27,2024-10-15,2024-11-10,2024-10,5314,118354.46,556.27,118910.73,22.2722,0.1047,0.47,18,26,,85,True
8004,SAZERAC CO INC,12390,2024-09-29,2024-10-15,2024-11-14,2024-10,28064,188234.39,903.53,189137.92,6.7073,0.0322,0.48,16,30,,138,True
8920,TAKARA SAKE USA INC,12393,2024-09-29,2024-10-15,2024-11-24,2024-10,189,1002.75,4.81,1007.56,5.3056,0.0254,0.4797,16,40,,3,True
10000,MAJESTIC FINE WINES,12404,2024-09-30,2024-10-15,2024-11-19,2024-10,9817,78854.75,354.85,79209.6,8.0325,0.0361,0.45,15,35,,40,True
8735,SURVILLE ENTERPRISES CORP,12410,2024-09-30,2024-10-15,2024-11-25,2024-10,72,347.04,1.56,348.6,4.82,0.0217,0.4495,15,41,,22,True
1590,DIAGEO CHATEAU ESTATE WINES,12313,2024-09-25,2024-10-16,2024-11-18,2024-10,5046,33442.69,177.25,33619.94,6.6276,0.0351,0.53,21,33,,117,True
90046,CANDIA VINEYARDS,12322,2024-09-26,2024-10-16,2024-11-12,2024-10,36,571.32,2.97,574.29,15.87,0.0825,0.5198,20,27,,5,True
1655,FABRIZIA SPIRITS LLC,12347,2024-09-27,2024-10-16,2024-11-17,2024-10,260,3779.78,17.76,3797.54,14.5376,0.0683,0.4699,19,32,,8,True
6355,NICHE W & S,12351,2024-09-27,2024-10-16,2024-11-26,2024-10,162,2901.96,13.64,2915.6,17.9133,0.0842,0.47,19,41,,8,True
2000,SOUTHERN WINE & SPIRITS NE,12354,2024-09-27,2024-10-16,2024-11-25,2024-10,319,1952.28,9.37,1961.65,6.12,0.0294,0.48,19,40,,417,True
90024,VINILANDIA USA,12357,2024-09-27,2024-10-16,2024-11-26,2024-10,1408,13331.08,66.66,13397.74,9.4681,0.0473,0.5,19,41,,206,True
480,BACARDI USA INC,12362,2024-09-28,2024-10-16,2024-11-14,2024-10,25279,317797.37,1430.09,319227.46,12.5716,0.0566,0.45,18,29,Frank Delahunt,184,True
1485,CASTLE BRANDS CORP.,12364,2024-09-28,2024-10-16,2024-11-17,2024-10,1344,20145.19,104.75,20249.94,14.989,0.0779,0.52,18,32,,29,True
90047,CRUSH WINES,12382,2024-09-29,2024-10-16,2024-11-12,2024-10,1685,14883.24,74.42,14957.66,8.8328,0.0442,0.5,17,27,,165,True
6215,MOONLIGHT MEADERY,12384,2024-09-29,2024-10-16,2024-11-12,2024-10,298,2662.68,13.05,2675.73,8.9352,0.0438,0.4901,17,27,,7,True
7255,PSP WINES,12388,2024-09-29,2024-10-16,2024-11-13,2024-10,299,2316.03,11.35,2327.38,7.7459,0.038,0.4901,17,28,,32,True
17031,FLAG HILL WINERY & VINEYARD,12399,2024-09-30,2024-10-16,2024-11-18,2024-10,366,5775.8,30.03,5805.83,15.7809,0.082,0.5199,16,33,,19,True
5992,MCCORMICK DISTILLING CO,12406,2024-09-30,2024-10-16,2024-11-19,2024-10,510,5980.93,27.51,6008.44,11.7273,0.0539,0.46,16,34,,35,True
9819,TREASURY WINE ESTATES,12320,2024-09-25,2024-10-17,2024-11-19,2024-10,7471,46335.33,240.94,46576.27,6.202,0.0323,0.52,22,33,,111,True
9744,FREDERICK WILDMAN & SONS,12324,2024-09-26,2024-10-17,2024-11-21,2024-10,727,7074.4,34.66,7109.06,9.7309,0.0477,0.4899,21,35,,149,True
90053,INCREDIBREW INC,12326,2024-09-26,2024-10-17,2024-11-26,2024-10,52,453.7,2.45,456.15,8.725,0.0471,0.54,21,40,,4,True
9165,ULTRA BEVERAGE COMPANY LLP,12339,2024-09-26,2024-10-17,2024-11-17,2024-10,23153,240575.85,1154.76,241730.61,10.3907,0.0499,0.48,21,31,,965,True
60,ADAMBA IMPORTS INTL INC,12342,2024-09-27,2024-10-17,2024-11-15,2024-10,249,4051.23,19.04,4070.27,16.27,0.0765,0.47,20,29,,3,True
90011,FORTUNE WINE BROKERS LLC,12348,2024-09-27,2024-10-17,2024-11-20,2024-10,52,412.2,2.18,414.38,7.9269,0.0419,0.5289,20,34,,62,True
28776,TALL SHIP DISTILLERY LLC,12374,2024-09-28,2024-10-17,2024-11-13,2024-10,12,253.08,1.32,254.4,21.09,0.11,0.5216,19,27,,4,True
7154,PREMIER DISTRIBUTORS,12386,2024-09-29,2024-10-17,2024-11-15,2024-10,105,1485.9,8.02,1493.92,14.1514,0.0764,0.5397,18,29,,7,True
90052,HAUNTING WHISPER VYDS,12400,2024-09-30,2024-10-17,2024-11-19,2024-10,12,94.08,0.52,94.6,7.84,0.0433,0.5527,17,33,,2,True
4692,KOBRAND CORPORATION,12402,2024-09-30,2024-10-17,2024-11-25,2024-10,2287,28278.93,130.08,28409.01,12.3651,0.0569,0.46,17,39,,242,True
1128,BROWN-FORMAN CORP,12412,2024-10-02,2024-10-17,2024-12-02,2024-10,19280,262711.21,1392.37,264103.58,13.6261,0.0722,0.53,15,46,Frank Delahunt,142,True
17031,FLAG HILL WINERY & VINEYARD,12416,2024-10-02,2024-10-17,2024-12-02,2024-10,225,3251.36,15.93,3267.29,14.4505,0.0708,0.4899,15,46,,19,True
90011,FORTUNE WINE BROKERS LLC,12417,2024-10-02,2024-10-17,2024-11-26,2024-10,34,268.26,1.26,269.52,7.89,0.0371,0.4697,15,40,,62,True
3089,SIDNEY FRANK IMPORTING CO,12424,2024-10-02,2024-10-17,2024-11-26,2024-10,2144,21698.2,104.15,21802.35,10.1204,0.0486,0.48,15,40,,13,True
8920,TAKARA SAKE USA INC,12426,2024-10-02,2024-10-17,2024-12-03,2024-10,157,881.87,3.97,885.84,5.617,0.0253,0.4502,15,47,,3,True
1273,CALEDONIA SPIRITS INC,12435,2024-10-03,2024-10-17,2024-12-03,2024-10,576,20334.21,109.8,20444.01,35.3024,0.1906,0.54,14,47,,5,True
90052,HAUNTING WHISPER VYDS,12456,2024-10-04,2024-10-17,2024-11-19,2024-10,12,94.08,0.46,94.54,7.84,0.0383,0.4889,13,33,,2,True
388,ATLANTIC IMPORTING COMPANY,12467,2024-10-05,2024-10-17,2024-12-02,2024-10,34,724.88,3.7,728.58,21.32,0.1088,0.5104,12,46,,3,True
516,BANFI PRODUCTS CORP,12468,2024-10-05,2024-10-17,2024-12-02,2024-10,4392,28481.9,148.11,28630.01,6.4849,0.0337,0.52,12,46,,149,True
2496,DUGGANS DISTILLED PRODUCTS,12472,2024-10-05,2024-10-17,2024-11-24,2024-10,243,3507.2,16.13,3523.33,14.4329,0.0664,0.4599,12,38,,5,True
8150,SEA HAGG DISTILLERY LLC,12481,2024-10-05,2024-10-17,2024-11-24,2024-10,530,6447.9,30.31,6478.21,12.1658,0.0572,0.4701,12,38,,9,True
9744,FREDERICK WILDMAN & SONS,12490,2024-10-06,2024-10-17,2024-12-01,2024-10,1800,30459.07,146.2,30605.27,16.9217,0.0812,0.48,11,45,,149,True
10754,PERFECTA WINES,12496,2024-10-06,2024-10-17,2024-11-26,2024-10,10703,122543.28,637.23,123180.51,11.4494,0.0595,0.52,11,40,,897,True
90037,THE PIERPONT GROUP LLC,12513,2024-10-07,2024-10-17,2024-11-22,2024-10,12,81.6,0.44,82.04,6.8,0.0367,0.5392,10,36,,13,True
2561,EDRINGTON AMERICAS,12314,2024-09-25,2024-10-18,2024-11-17,2024-10,956,25432.72,132.25,25564.97,26.6033,0.1383,0.52,23,30,,33,True
90051,FULCHINO VINEYARD INC,12325,2024-09-26,2024-10-18,2024-11-24,2024-10,12,120.72,0.62,121.34,10.06,0.0517,0.5136,22,37,,2,True
12331,STELLAR IMPORTING CO LLC,12335,2024-09-26,2024-10-18,2024-11-17,2024-10,36,285.6,1.49,287.09,7.9333,0.0414,0.5217,22,30,,19,True
8892,TRINCHERO FAMILY ESTATES,12337,2024-09-26,2024-10-18,2024-11-20,2024-10,6648,42606.45,191.73,42798.18,6.4089,0.0288,0.45,22,33,,153,True
6213,MHW LTD,12350,2024-09-27,2024-10-18,2024-11-12,2024-10,2715,26223.82,131.12,26354.94,9.6589,0.0483,0.5,21,25,,96,True
9552,M S WALKER INC,12368,2024-09-28,2024-10-18,2024-11-20,2024-10,25328,196908.29,886.09,197794.38,7.7743,0.035,0.45,20,33,,960,True
1655,FABRIZIA SPIRITS LLC,12414,2024-10-02,2024-10-18,2024-11-27,2024-10,467,6309.46,32.18,6341.64,13.5106,0.0689,0.51,16,40,,8,True
90033,FANTASY FINE WINES CORP,12415,2024-10-02,2024-10-18,2024-11-21,2024-10,12,64.32,0.31,64.63,5.36,0.0258,0.482,16,34,,1,True
9815,WINE GROUP INC,12432,2024-10-02,2024-10-18,2024-11-22,2024-10,15933,100435.23,462.0,100897.23,6.3036,0.029,0.46,16,35,,215,True
8735,SURVILLE ENTERPRISES CORP,12445,2024-10-03,2024-10-18,2024-11-27,2024-10,167,1006.2,5.53,1011.73,6.0251,0.0331,0.5496,15,40,,22,True
28776,TALL SHIP DISTILLERY LLC,12447,2024-10-03,2024-10-18,2024-11-26,2024-10,36,756.84,4.16,761.0,21.0233,0.1156,0.5497,15,39,,4,True
12546,JIM BEAM BRANDS COMPANY,12457,2024-10-04,2024-10-18,2024-11-20,2024-10,55802,509028.25,2443.34,511471.59,9.122,0.0438,0.48,14,33,Frank Delahunt,415,True
1650,Circa Wines,12469,2024-10-05,2024-10-18,2024-11-29,2024-10,12,99.24,0.48,99.72,8.27,0.04,0.4837,13,42,,74,True
4550,KLIN SPIRITS LLC,12476,2024-10-05,2024-10-18,2024-11-17,2024-10,153,2492.21,12.21,2504.42,16.289,0.0798,0.4899,13,30,,4,True
6830,PARK STREET IMPORTS LLC,12478,2024-10-05,2024-10-18,2024-12-02,2024-10,155,2507.54,12.79,2520.33,16.1777,0.0825,0.5101,13,45,,12,True
90047,CRUSH WINES,12487,2024-10-06,2024-10-18,2024-11-28,2024-10,840,8172.74,36.78,8209.52,9.7295,0.0438,0.45,12,41,,165,True
3924,HEAVEN HILL DISTILLERIES,12491,2024-10-06,2024-10-18,2024-12-04,2024-10,11794,70659.89,339.17,70999.06,5.9912,0.0288,0.48,12,47,,69,True
4848,LAIRD & CO,12492,2024-10-06,2024-10-18,2024-11-23,2024-10,286,2291.8,11.46,2303.26,8.0133,0.0401,0.5,12,36,,16,True
10000,MAJESTIC FINE WINES,12508,2024-10-07,2024-10-18,2024-12-03,2024-10,7712,62424.0,343.33,62767.33,8.0944,0.0445,0.55,11,46,,40,True
7154,PREMIER DISTRIBUTORS,12511,2024-10-07,2024-10-18,2024-11-25,2024-10,95,1508.19,7.54,1515.73,15.8757,0.0794,0.4999,11,38,,7,True
1392,CONSTELLATION BRANDS INC,12413,2024-10-02,2024-10-19,2024-11-23,2024-10,58214,380854.32,1980.44,382834.76,6.5423,0.034,0.52,17,35,Frank Delahunt,481,True
9552,M S WALKER INC,12418,2024-10-02,2024-10-19,2024-11-24,2024-10,21655,175433.45,806.99,176240.44,8.1013,0.0373,0.46,17,36,,960,True
8004,SAZERAC CO INC,12422,2024-10-02,2024-10-19,2024-11-30,2024-10,33191,295260.21,1476.3,296736.51,8.8958,0.0445,0.5,17,42,Frank Delahunt,138,True
90046,CANDIA VINEYARDS,12436,2024-10-03,2024-10-19,2024-11-28,2024-10,203,2998.95,15.89,3014.84,14.7732,0.0783,0.5299,16,40,,5,True
8352,LUXCO INC,12440,2024-10-03,2024-10-19,2024-11-22,2024-10,5722,39168.86,176.26,39345.12,6.8453,0.0308,0.45,16,34,,69,True
8320,SHAW ROSS INT L IMP LTD,12444,2024-10-03,2024-10-19,2024-11-22,2024-10,1538,14216.19,66.82,14283.01,9.2433,0.0434,0.47,16,34,,38,True
7153,PINE STATE TRADING CO,12460,2024-10-04,2024-10-19,2024-11-25,2024-10,9235,76703.81,398.86,77102.67,8.3058,0.0432,0.52,15,37,,480,True
480,BACARDI USA INC,12503,2024-10-07,2024-10-19,2024-11-19,2024-10,22284,290327.82,1364.54,291692.36,13.0285,0.0612,0.47,12,31,Frank Delahunt,184,True
17033,SEA BREEZE CELLARS LLC,12423,2024-10-02,2024-10-20,2024-11-25,2024-10,535,6012.15,28.86,6041.01,11.2377,0.0539,0.48,18,36,,16,True
90058,ZORVINO VINEYARDS,12433,2024-10-02,2024-10-20,2024-11-24,2024-10,368,2974.35,15.17,2989.52,8.0825,0.0412,0.51,18,35,,6,True
1485,CASTLE BRANDS CORP.,12437,2024-10-03,2024-10-20,2024-11-25,2024-10,1983,43505.0,200.12,43705.12,21.939,0.1009,0.46,17,36,,29,True
17035,PERNOD RICARD USA,12441,2024-10-03,2024-10-20,2024-11-21,2024-10,29115,416593.78,2124.63,418718.41,14.3086,0.073,0.51,17,32,Frank Delahunt,277,True
9260,TY KU LLC,12448,2024-10-03,2024-10-20,2024-11-28,2024-10,12,103.2,0.47,103.67,8.6,0.0392,0.4554,17,39,,7,True
3664,WILLIAM GRANT & SONS INC,12450,2024-10-03,2024-10-20,2024-11-21,2024-10,5066,110616.79,553.08,111169.87,21.8351,0.1092,0.5,17,32,,85,True
2396,BLACK PRINCE DISTILLERY INC,12452,2024-10-04,2024-10-20,2024-11-20,2024-10,12,52.08,0.27,52.35,4.34,0.0225,0.5184,16,31,,10,True
8112,MOET HENNESSY USA INC,12458,2024-10-04,2024-10-20,2024-12-01,2024-10,7943,187374.61,1011.82,188386.43,23.5899,0.1274,0.54,16,42,,129,True
4466,AMERICAN VINTAGE BEVERAGE,12466,2024-10-05,2024-10-20,2024-11-26,2024-10,280,2798.6,14.55,2813.15,9.995,0.052,0.5199,15,37,,3,True
2555,DISARONNO INTERNATIONAL LLC,12471,2024-10-05,2024-10-20,2024-12-04,2024-10,2949,30326.47,142.53,30469.0,10.2836,0.0483,0.47,15,45,,12,True
2561,EDRINGTON AMERICAS,12473,2024-10-05,2024-10-20,2024-11-30,2024-10,914,23491.68,105.71,23597.39,25.7021,0.1157,0.45,15,41,,33,True
660,SAZERAC NORTH AMERICA INC.,12480,2024-10-05,2024-10-20,2024-11-28,2024-10,16218,85232.03,400.59,85632.62,5.2554,0.0247,0.47,15,39,,84,True
2450,DJINN SPIRITS LLC,12489,2024-10-06,2024-10-20,2024-12-04,2024-10,6,129.48,0.58,130.06,21.58,0.0967,0.4479,14,45,,6,True
5992,MCCORMICK DISTILLING CO,12493,2024-10-06,2024-10-20,2024-11-23,2024-10,821,8317.51,37.43,8354.94,10.131,0.0456,0.45,14,34,,35,True
90010,VINEXTRA INC,12502,2024-10-06,2024-10-20,2024-11-26,2024-10,102,1839.96,8.83,1848.79,18.0388,0.0866,0.4799,14,37,,47,True
6215,MOONLIGHT MEADERY,12510,2024-10-07,2024-10-20,2024-11-20,2024-10,132,1195.06,5.98,1201.04,9.0535,0.0453,0.5004,13,31,,7,True
12331,STELLAR IMPORTING CO LLC,12512,2024-10-07,2024-10-20,2024-12-04,2024-10,36,342.72,1.75,344.47,9.52,0.0486,0.5106,13,45,,19,True
90032,LABELLE VYDS AND WINERY,12439,2024-10-03,2024-10-21,2024-11-19,2024-10,195,2339.77,10.53,2350.3,11.9988,0.054,0.45,18,29,,10,True
98450,Serralles Usa LLC,12443,2024-10-03,2024-10-21,2024-12-03,2024-10,131,1824.46,10.03,1834.49,13.9272,0.0766,0.5498,18,43,,16,True
60,ADAMBA IMPORTS INTL INC,12451,2024-10-04,2024-10-21,2024-11-17,2024-10,152,2415.08,13.04,2428.12,15.8887,0.0858,0.5399,17,27,,3,True
17037,Dunn Wine Brokers,12454,2024-10-04,2024-10-21,2024-12-01,2024-10,75,977.52,4.89,982.41,13.0336,0.0652,0.5002,17,41,,35,True
10050,Russian Standard Vodka,12461,2024-10-04,2024-10-21,2024-12-03,2024-10,153,2277.3,12.07,2289.37,14.8843,0.0789,0.53,17,43,,13,True
9819,TREASURY WINE ESTATES,12484,2024-10-05,2024-10-21,2024-11-22,2024-10,6123,36392.14,174.68,36566.82,5.9435,0.0285,0.48,16,32,,111,True
7255,PSP WINES,12499,2024-10-06,2024-10-21,2024-12-03,2024-10,302,2433.07,13.38,2446.45,8.0565,0.0443,0.5499,15,43,,32,True
1590,DIAGEO CHATEAU ESTATE WINES,12506,2024-10-07,2024-10-21,2024-11-18,2024-10,5238,34900.01,188.46,35088.47,6.6629,0.036,0.54,14,28,,117,True
6213,MHW LTD,12509,2024-10-07,2024-10-21,2024-11-27,2024-10,3141,31262.18,156.31,31418.49,9.9529,0.0498,0.5,14,37,,96,True
8892,TRINCHERO FAMILY ESTATES,12514,2024-10-07,2024-10-21,2024-11-23,2024-10,7050,44307.29,212.67,44519.96,6.2847,0.0302,0.48,14,33,,153,True
90057,WALPOLE MTN VIEW WINERY,12431,2024-10-02,2024-10-22,2024-11-20,2024-10,12,127.08,0.6,127.68,10.59,0.05,0.4721,20,29,,3,True
1601,VRANKEN AMERICA,12465,2024-10-04,2024-10-22,2024-11-20,2024-10,75,1065.66,5.54,1071.2,14.2088,0.0739,0.5199,18,29,,21,True
5270,MANGO BOTTLING INC,12477,2024-10-05,2024-10-22,2024-11-29,2024-10,610,4380.58,23.66,4404.24,7.1813,0.0388,0.5401,17,38,,6,True
9206,PHILLIPS PRODUCTS CO.,12479,2024-10-05,2024-10-22,2024-12-02,2024-10,544,7295.82,36.48,7332.3,13.4114,0.0671,0.5,17,41,,33,True
6785,PALM BAY INTERNATIONAL INC,12495,2024-10-06,2024-10-22,2024-12-03,2024-10,5540,37612.3,173.02,37785.32,6.7892,0.0312,0.46,16,42,,174,True
2000,SOUTHERN WINE & SPIRITS NE,12500,2024-10-06,2024-10-22,2024-12-04,2024-10,3995,37894.44,181.89,38076.33,9.4855,0.0455,0.48,16,43,,417,True
90059,BLACK COVE BEVERAGES,12504,2024-10-07,2024-10-22,2024-11-20,2024-10,540,8499.6,45.05,8544.65,15.74,0.0834,0.53,15,29,,1,True
4425,MARTIGNETTI COMPANIES,12420,2024-10-02,2024-10-23,2024-11-23,2024-10,41148,426597.53,2346.29,428943.82,10.3674,0.057,0.55,21,31,Frank Delahunt,1639,True
1587,VINEYARD BRANDS INC,12429,2024-10-02,2024-10-23,2024-11-22,2024-10,1605,11320.2,53.2,11373.4,7.0531,0.0331,0.47,21,30,,87,True
1189,BULLY BOY DISTILLERS,12434,2024-10-03,2024-10-23,2024-11-27,2024-10,92,2016.84,10.29,2027.13,21.9222,0.1118,0.5102,20,35,,6,True
4692,KOBRAND CORPORATION,12438,2024-10-03,2024-10-23,2024-11-24,2024-10,2303,26747.69,123.04,26870.73,11.6143,0.0534,0.46,20,32,,242,True
3252,E & J GALLO WINERY,12455,2024-10-04,2024-10-23,2024-11-23,2024-10,31580,209252.03,1150.89,210402.92,6.6261,0.0364,0.55,19,31,,527,True
8664,"STOLI GROUP,(USA) LLC",12464,2024-10-04,2024-10-23,2024-11-22,2024-10,6494,81354.85,439.32,81794.17,12.5277,0.0677,0.54,19,30,,48,True
2000,SOUTHERN WINE & SPIRITS NE,12482,2024-10-05,2024-10-23,2024-12-03,2024-10,305,1866.6,8.4,1875.0,6.12,0.0275,0.45,18,41,,417,True
105,ALTAMAR BRANDS LLC,12486,2024-10-06,2024-10-23,2024-12-04,2024-10,12,428.52,2.27,430.79,35.71,0.1892,0.5297,17,42,,3,True
2242,DELICATO VINEYARDS INC,12488,2024-10-06,2024-10-23,2024-11-27,2024-10,3579,31146.0,152.62,31298.62,8.7024,0.0426,0.49,17,35,,96,True
6359,OLE SMOKY DISTILLERY LLC,12494,2024-10-06,2024-10-23,2024-12-03,2024-10,518,7476.53,41.12,7517.65,14.4335,0.0794,0.55,17,41,,18,True
7245,PROXIMO SPIRITS INC.,12498,2024-10-06,2024-10-23,2024-12-04,2024-10,11642,125869.47,667.11,126536.58,10.8117,0.0573,0.53,17,42,,114,True
9165,ULTRA BEVERAGE COMPANY LLP,12501,2024-10-06,2024-10-23,2024-11-20,2024-10,18044,215283.22,1033.36,216316.58,11.931,0.0573,0.48,17,28,,965,True
5455,MARSALLE COMPANY,12419,2024-10-02,2024-10-24,2024-12-01,2024-10,205,4289.1,21.87,4310.97,20.9224,0.1067,0.5099,22,38,,10,True
173357,TAMWORTH DISTILLING,12427,2024-10-02,2024-10-24,2024-12-01,2024-10,24,464.88,2.28,467.16,19.37,0.095,0.4904,22,38,,4,True
90024,VINILANDIA USA,12430,2024-10-02,2024-10-24,2024-11-22,2024-10,914,8661.44,45.04,8706.48,9.4764,0.0493,0.52,22,29,,206,True
7240,"PREMIUM PORT WINES, INC.",12442,2024-10-03,2024-10-24,2024-11-21,2024-10,188,1377.4,7.58,1384.98,7.3266,0.0403,0.5503,21,28,,3,True
6355,NICHE W & S,12459,2024-10-04,2024-10-24,2024-12-04,2024-10,77,1510.08,7.1,1517.18,19.6114,0.0922,0.4702,20,41,,8,True
3960,DIAGEO NORTH AMERICA INC,12470,2024-10-05,2024-10-24,2024-11-24,2024-10,110018,1018011.41,4581.05,1022592.46,9.2531,0.0416,0.45,19,31,Frank Delahunt,449,True
172662,SWEETWATER FARM,12483,2024-10-05,2024-10-24,2024-11-19,2024-10,36,778.2,4.05,782.25,21.6167,0.1125,0.5204,19,26,,5,True
90027,POVERTY LANE ORCHARDS,12497,2024-10-06,2024-10-24,2024-11-23,2024-10,80,634.9,2.92,637.82,7.9362,0.0365,0.4599,18,30,,8,True
4380,CHARLES JACQUIN ET CIE INC,12505,2024-10-07,2024-10-24,2024-11-17,2024-10,882,6313.43,29.04,6342.47,7.1581,0.0329,0.46,17,24,,15,True
90046,CANDIA VINEYARDS,12518,2024-10-09,2024-10-24,2024-12-04,2024-10,48,692.04,3.67,695.71,14.4175,0.0765,0.5303,15,41,,5,True
90047,CRUSH WINES,12519,2024-10-09,2024-10-24,2024-11-29,2024-10,529,7737.86,35.59,7773.45,14.6273,0.0673,0.4599,15,36,,165,True
90011,FORTUNE WINE BROKERS LLC,12522,2024-10-09,2024-10-24,2024-12-10,2024-10,101,838.72,4.36,843.08,8.3042,0.0432,0.5198,15,47,,62,True
172662,SWEETWATER FARM,12533,2024-10-09,2024-10-24,2024-11-30,2024-10,48,1090.8,5.45,1096.25,22.725,0.1135,0.4996,15,37,,5,True
1003,BRONCO WINE COMPANY,12555,2024-10-11,2024-10-24,2024-12-02,2024-10,17,62.96,0.31,63.27,3.7035,0.0182,0.4924,13,39,,8,True
1273,CALEDONIA SPIRITS INC,12556,2024-10-11,2024-10-24,2024-11-30,2024-10,141,4560.71,20.98,4581.69,32.3455,0.1488,0.46,13,37,,5,True
9206,PHILLIPS PRODUCTS CO.,12564,2024-10-11,2024-10-24,2024-12-03,2024-10,305,4267.81,20.06,4287.87,13.9928,0.0658,0.47,13,40,,33,True
7239,REMY COINTREAU USA INC,12565,2024-10-11,2024-10-24,2024-11-29,2024-10,3391,80144.5,392.71,80537.21,23.6345,0.1158,0.49,13,36,,45,True
90027,POVERTY LANE ORCHARDS,12612,2024-10-14,2024-10-24,2024-11-27,2024-10,50,391.58,2.0,393.58,7.8316,0.04,0.5108,10,34,,8,True
7239,REMY COINTREAU USA INC,12421,2024-10-02,2024-10-25,2024-11-26,2024-10,2644,61953.32,315.96,62269.28,23.4317,0.1195,0.51,23,32,,45,True
8673,STE MICHELLE WINE ESTATES,12425,2024-10-02,2024-10-25,2024-11-27,2024-10,7769,57781.71,312.02,58093.73,7.4375,0.0402,0.54,23,33,,144,True
90017,THE IMPORTED GRAPE LLC,12428,2024-10-02,2024-10-25,2024-11-20,2024-10,30,304.38,1.37,305.75,10.146,0.0457,0.4501,23,26,,40,True
90056,SWEET BABY VINEYARD,12446,2024-10-03,2024-10-25,2024-11-25,2024-10,363,3024.23,16.63,3040.86,8.3312,0.0458,0.5499,22,31,,4,True
9625,WESTERN SPIRITS BEVERAGE CO,12449,2024-10-03,2024-10-25,2024-11-29,2024-10,1447,7257.52,34.84,7292.36,5.0156,0.0241,0.4801,22,35,,26,True
11567,CAMPARI AMERICA,12453,2024-10-04,2024-10-25,2024-11-29,2024-10,11435,85640.17,471.02,86111.19,7.4893,0.0412,0.55,21,35,,74,True
28750,SMOKY QUARTZ DISTILLERY LLC,12462,2024-10-04,2024-10-25,2024-11-17,2024-10,48,1051.2,5.05,1056.25,21.9,0.1052,0.4804,21,23,,4,True
653,STATE WINE & SPIRITS,12463,2024-10-04,2024-10-25,2024-11-30,2024-10,3008,27167.76,146.71,27314.47,9.0318,0.0488,0.54,21,36,,258,True
90053,INCREDIBREW INC,12474,2024-10-05,2024-10-25,2024-11-21,2024-10,36,318.72,1.72,320.44,8.8533,0.0478,0.5397,20,27,,4,True
17032,JEWELL TOWNE VINEYARDS,12475,2024-10-05,2024-10-25,2024-12-04,2024-10,130,1068.51,5.02,1073.53,8.2193,0.0386,0.4698,20,40,,7,True
9622,WEIN BAUER INC,12485,2024-10-05,2024-10-25,2024-12-02,2024-10,102,1791.96,8.78,1800.74,17.5682,0.0861,0.49,20,38,,6,True
4950,LATITUDE BEVERAGE COMPANY,12507,2024-10-07,2024-10-25,2024-11-19,2024-10,618,3671.0,19.09,3690.09,5.9401,0.0309,0.52,18,25,,45,True
5992,MCCORMICK DISTILLING CO,12525,2024-10-09,2024-10-25,2024-12-02,2024-10,494,5598.65,27.43,5626.08,11.3333,0.0555,0.4899,16,38,,35,True
653,STATE WINE & SPIRITS,12532,2024-10-09,2024-10-25,2024-12-04,2024-10,2615,24288.8,119.02,24407.82,9.2883,0.0455,0.49,16,40,,258,True
480,BACARDI USA INC,12538,2024-10-10,2024-10-25,2024-11-30,2024-10,21735,289867.95,1594.27,291462.22,13.3365,0.0734,0.55,15,36,Frank Delahunt,184,True
1128,BROWN-FORMAN CORP,12539,2024-10-10,2024-10-25,2024-11-26,2024-10,20615,280004.13,1316.02,281320.15,13.5825,0.0638,0.47,15,32,Frank Delahunt,142,True
8112,MOET HENNESSY USA INC,12546,2024-10-10,2024-10-25,2024-11-30,2024-10,14014,364706.12,1714.12,366420.24,26.0244,0.1223,0.47,15,36,Frank Delahunt,129,True
3664,WILLIAM GRANT & SONS INC,12552,2024-10-10,2024-10-25,2024-11-29,2024-10,7915,153689.12,814.55,154503.67,19.4175,0.1029,0.53,15,35,,85,True
4425,MARTIGNETTI COMPANIES,12562,2024-10-11,2024-10-25,2024-11-26,2024-10,49996,516889.13,2532.76,519421.89,10.3386,0.0507,0.49,14,32,Frank Delahunt,1639,True
660,SAZERAC NORTH AMERICA INC.,12567,2024-10-11,2024-10-25,2024-12-07,2024-10,10043,69981.33,384.9,70366.23,6.9682,0.0383,0.55,14,43,,84,True
90024,VINILANDIA USA,12575,2024-10-11,2024-10-25,2024-11-28,2024-10,726,7365.09,33.88,7398.97,10.1448,0.0467,0.46,14,34,,206,True
3960,DIAGEO NORTH AMERICA INC,12579,2024-10-12,2024-10-25,2024-12-05,2024-10,112498,1160505.37,6150.68,1166656.05,10.3158,0.0547,0.53,13,41,Frank Delahunt,449,True
4848,LAIRD & CO,12583,2024-10-12,2024-10-25,2024-11-28,2024-10,332,3085.08,16.35,3101.43,9.2924,0.0492,0.53,13,34,,16,True
7255,PSP WINES,12585,2024-10-12,2024-10-25,2024-11-26,2024-10,508,3875.56,20.93,3896.49,7.6291,0.0412,0.5401,13,32,,32,True
28750,SMOKY QUARTZ DISTILLERY LLC,12587,2024-10-12,2024-10-25,2024-12-09,2024-10,107,2346.04,11.96,2358.0,21.9256,0.1118,0.5098,13,45,,4,True
90017,THE IMPORTED GRAPE LLC,12604,2024-10-13,2024-10-25,2024-11-29,2024-10,48,215.88,0.97,216.85,4.4975,0.0202,0.4493,12,35,,40,True
7240,"PREMIUM PORT WINES, INC.",12613,2024-10-14,2024-10-25,2024-12-02,2024-10,176,1274.2,5.73,1279.93,7.2398,0.0326,0.4497,11,38,,3,True
90059,BLACK COVE BEVERAGES,12517,2024-10-09,2024-10-26,2024-12-09,2024-10,58,912.92,4.66,917.58,15.74,0.0803,0.5104,17,44,,1,True
6830,PARK STREET IMPORTS LLC,12527,2024-10-09,2024-10-26,2024-12-03,2024-10,217,3475.09,18.77,3493.86,16.0142,0.0865,0.5401,17,38,,12,True
1601,VRANKEN AMERICA,12534,2024-10-09,2024-10-26,2024-12-08,2024-10,347,6313.14,30.93,6344.07,18.1935,0.0891,0.4899,17,43,,21,True
9622,WEIN BAUER INC,12535,2024-10-09,2024-10-26,2024-11-28,2024-10,54,886.44,3.99,890.43,16.4156,0.0739,0.4501,17,33,,6,True
4380,CHARLES JACQUIN ET CIE INC,12540,2024-10-10,2024-10-26,2024-11-25,2024-10,880,6675.97,31.38,6707.35,7.5863,0.0357,0.47,16,30,,15,True
4550,KLIN SPIRITS LLC,12542,2024-10-10,2024-10-26,2024-12-11,2024-10,114,1732.99,9.18,1742.17,15.2017,0.0805,0.5297,16,46,,4,True
4692,KOBRAND CORPORATION,12543,2024-10-10,2024-10-26,2024-12-11,2024-10,2374,31165.25,162.06,31327.31,13.1277,0.0683,0.52,16,46,,242,True
5455,MARSALLE COMPANY,12544,2024-10-10,2024-10-26,2024-12-07,2024-10,96,2094.25,11.1,2105.35,21.8151,0.1156,0.53,16,42,,10,True
6213,MHW LTD,12545,2024-10-10,2024-10-26,2024-12-02,2024-10,4133,40995.88,221.38,41217.26,9.9192,0.0536,0.54,16,37,,96,True
516,BANFI PRODUCTS CORP,12554,2024-10-11,2024-10-26,2024-12-01,2024-10,3724,26200.18,120.52,26320.7,7.0355,0.0324,0.46,15,36,,149,True
17032,JEWELL TOWNE VINEYARDS,12559,2024-10-11,2024-10-26,2024-11-30,2024-10,107,819.77,4.34,824.11,7.6614,0.0406,0.5294,15,35,,7,True
17035,PERNOD RICARD USA,12584,2024-10-12,2024-10-26,2024-12-11,2024-10,29423,489553.08,2251.94,491805.02,16.6384,0.0765,0.46,14,46,Frank Delahunt,277,True
2555,DISARONNO INTERNATIONAL LLC,12594,2024-10-13,2024-10-26,2024-11-29,2024-10,3548,45596.48,241.66,45838.14,12.8513,0.0681,0.53,13,34,,12,True
3252,E & J GALLO WINERY,12598,2024-10-13,2024-10-26,2024-12-05,2024-10,33747,225618.64,1015.28,226633.92,6.6856,0.0301,0.45,13,40,,527,True
6785,PALM BAY INTERNATIONAL INC,12602,2024-10-13,2024-10-26,2024-11-27,2024-10,7109,53354.79,266.77,53621.56,7.5052,0.0375,0.5,13,32,,174,True
3924,HEAVEN HILL DISTILLERIES,12609,2024-10-14,2024-10-26,2024-11-27,2024-10,6586,51866.88,233.4,52100.28,7.8753,0.0354,0.45,12,32,,69,True
8150,SEA HAGG DISTILLERY LLC,12614,2024-10-14,2024-10-26,2024-12-06,2024-10,438,5250.9,24.15,5275.05,11.9884,0.0551,0.4599,12,41,,9,True
4466,AMERICAN VINTAGE BEVERAGE,12515,2024-10-09,2024-10-27,2024-11-30,2024-10,178,1763.28,8.64,1771.92,9.9061,0.0485,0.49,18,34,,3,True
4950,LATITUDE BEVERAGE COMPANY,12524,2024-10-09,2024-10-27,2024-11-25,2024-10,610,3658.88,17.2,3676.08,5.9982,0.0282,0.4701,18,29,,45,True
8920,TAKARA SAKE USA INC,12550,2024-10-10,2024-10-27,2024-11-25,2024-10,165,795.54,4.3,799.84,4.8215,0.0261,0.5405,17,29,,3,True
1587,VINEYARD BRANDS INC,12574,2024-10-11,2024-10-27,2024-12-07,2024-10,1436,9792.69,48.96,9841.65,6.8194,0.0341,0.5,16,41,,87,True
12546,JIM BEAM BRANDS COMPANY,12581,2024-10-12,2024-10-27,2024-12-02,2024-10,46270,397417.91,1788.38,399206.29,8.5891,0.0387,0.45,15,36,Frank Delahunt,415,True
9260,TY KU LLC,12573,2024-10-11,2024-10-28,2024-12-04,2024-10,83,1323.27,6.62,1329.89,15.943,0.0798,0.5003,17,37,,7,True
1485,CASTLE BRANDS CORP.,12577,2024-10-12,2024-10-28,2024-11-25,2024-10,1718,24857.5,121.8,24979.3,14.4689,0.0709,0.49,16,28,,29,True
1392,CONSTELLATION BRANDS INC,12578,2024-10-12,2024-10-28,2024-12-11,2024-10,45962,301940.04,1479.51,303419.55,6.5693,0.0322,0.49,16,44,Frank Delahunt,481,True
90010,VINEXTRA INC,12591,2024-10-12,2024-10-28,2024-11-28,2024-10,119,1314.88,6.97,1321.85,11.0494,0.0586,0.5301,16,31,,47,True
17037,Dunn Wine Brokers,12597,2024-10-13,2024-10-28,2024-12-08,2024-10,48,695.04,3.75,698.79,14.48,0.0781,0.5395,15,41,,35,True
10000,MAJESTIC FINE WINES,12601,2024-10-13,2024-10-28,2024-12-03,2024-10,8513,67190.94,342.67,67533.61,7.8927,0.0403,0.51,15,36,,40,True
11567,CAMPARI AMERICA,12607,2024-10-14,2024-10-28,2024-12-04,2024-10,10850,113416.88,544.4,113961.28,10.4532,0.0502,0.48,14,37,,74,True
173357,TAMWORTH DISTILLING,12616,2024-10-14,2024-10-28,2024-12-02,2024-10,12,232.44,1.21,233.65,19.37,0.1008,0.5206,14,35,,4,True
1655,FABRIZIA SPIRITS LLC,12521,2024-10-09,2024-10-29,2024-12-08,2024-10,296,3961.72,17.83,3979.55,13.3842,0.0602,0.4501,20,40,,8,True
3950,"HOOD RIVER DISTILLERS, Inc.",12523,2024-10-09,2024-10-29,2024-12-09,2024-10,2,35.42,0.18,35.6,17.71,0.09,0.5082,20,41,,7,True
8320,SHAW ROSS INT L IMP LTD,12530,2024-10-09,2024-10-29,2024-12-11,2024-10,1645,15475.42,74.28,15549.7,9.4076,0.0452,0.48,20,43,,38,True
2000,SOUTHERN WINE & SPIRITS NE,12549,2024-10-10,2024-10-29,2024-11-24,2024-10,5767,54641.1,262.28,54903.38,9.4748,0.0455,0.48,19,26,,417,True
2561,EDRINGTON AMERICAS,12557,2024-10-11,2024-10-29,2024-12-08,2024-10,2244,65097.19,332.0,65429.19,29.0094,0.148,0.51,18,40,,33,True
17031,FLAG HILL WINERY & VINEYARD,12558,2024-10-11,2024-10-29,2024-11-25,2024-10,472,7615.23,38.08,7653.31,16.134,0.0807,0.5001,18,27,,19,True
90037,THE PIERPONT GROUP LLC,12572,2024-10-11,2024-10-29,2024-12-04,2024-10,12,81.6,0.44,82.04,6.8,0.0367,0.5392,18,36,,13,True
90053,INCREDIBREW INC,12580,2024-10-12,2024-10-29,2024-11-25,2024-10,71,636.36,3.31,639.67,8.9628,0.0466,0.5201,17,27,,4,True
90056,SWEET BABY VINEYARD,12589,2024-10-12,2024-10-29,2024-12-01,2024-10,211,1774.73,9.05,1783.78,8.411,0.0429,0.5099,17,33,,4,True
1590,DIAGEO CHATEAU ESTATE WINES,12520,2024-10-09,2024-10-30,2024-12-07,2024-10,3850,25166.63,128.35,25294.98,6.5368,0.0333,0.51,21,38,,117,True
6215,MOONLIGHT MEADERY,12526,2024-10-09,2024-10-30,2024-11-29,2024-10,108,954.0,4.77,958.77,8.8333,0.0442,0.5,21,30,,7,True
7245,PROXIMO SPIRITS INC.,12528,2024-10-09,2024-10-30,2024-11-30,2024-10,9578,113515.1,590.28,114105.38,11.8516,0.0616,0.52,21,31,,114,True
90058,ZORVINO VINEYARDS,12536,2024-10-09,2024-10-30,2024-12-09,2024-10,299,2533.42,11.91,2545.33,8.473,0.0398,0.4701,21,40,,6,True
7154,PREMIER DISTRIBUTORS,12548,2024-10-10,2024-10-30,2024-12-10,2024-10,88,1165.44,6.41,1171.85,13.2436,0.0728,0.55,20,41,,7,True
8892,TRINCHERO FAMILY ESTATES,12551,2024-10-10,2024-10-30,2024-11-28,2024-10,6110,38843.6,198.1,39041.7,6.3574,0.0324,0.51,20,29,,153,True
9815,WINE GROUP INC,12553,2024-10-10,2024-10-30,2024-12-07,2024-10,15803,95493.84,448.82,95942.66,6.0428,0.0284,0.47,20,38,,215,True
8352,LUXCO INC,12560,2024-10-11,2024-10-30,2024-12-03,2024-10,6138,43020.14,193.59,43213.73,7.0088,0.0315,0.45,19,34,,69,True
6355,NICHE W & S,12563,2024-10-11,2024-10-30,2024-11-28,2024-10,222,2521.68,13.62,2535.3,11.3589,0.0614,0.5401,19,29,,8,True
17033,SEA BREEZE CELLARS LLC,12568,2024-10-11,2024-10-30,2024-11-29,2024-10,748,8873.88,44.37,8918.25,11.8635,0.0593,0.5,19,30,,16,True
12331,STELLAR IMPORTING CO LLC,12569,2024-10-11,2024-10-30,2024-11-29,2024-10,36,244.56,1.3,245.86,6.7933,0.0361,0.5316,19,30,,19,True
8735,SURVILLE ENTERPRISES CORP,12571,2024-10-11,2024-10-30,2024-12-03,2024-10,148,1049.06,5.66,1054.72,7.0882,0.0382,0.5395,19,34,,22,True
28776,TALL SHIP DISTILLERY LLC,12590,2024-10-12,2024-10-30,2024-12-10,2024-10,30,642.18,3.34,645.52,21.406,0.1113,0.5201,18,41,,4,True
1189,BULLY BOY DISTILLERS,12592,2024-10-13,2024-10-30,2024-11-30,2024-10,127,2771.51,14.41,2785.92,21.8229,0.1135,0.5199,17,31,,6,True
2876,CENTEUR IMPORTS LLC,12593,2024-10-13,2024-10-30,2024-12-10,2024-10,6,57.12,0.31,57.43,9.52,0.0517,0.5427,17,41,,11,True
2450,DJINN SPIRITS LLC,12595,2024-10-13,2024-10-30,2024-11-28,2024-10,96,1775.87,9.41,1785.28,18.4986,0.098,0.5299,17,29,,6,True
2496,DUGGANS DISTILLED PRODUCTS,12596,2024-10-13,2024-10-30,2024-11-28,2024-10,210,2383.88,12.4,2396.28,11.3518,0.059,0.5202,17,29,,5,True
9552,M S WALKER INC,12600,2024-10-13,2024-10-30,2024-11-27,2024-10,22039,165253.62,859.32,166112.94,7.4982,0.039,0.52,17,28,,960,True
8673,STE MICHELLE WINE ESTATES,12603,2024-10-13,2024-10-30,2024-12-02,2024-10,10125,79693.3,366.59,80059.89,7.8709,0.0362,0.46,17,33,,144,True
9165,ULTRA BEVERAGE COMPANY LLP,12605,2024-10-13,2024-10-30,2024-12-06,2024-10,26031,264047.7,1452.26,265499.96,10.1436,0.0558,0.55,17,37,Frank Delahunt,965,True
7153,PINE STATE TRADING CO,12611,2024-10-14,2024-10-30,2024-11-28,2024-10,7192,60898.88,310.58,61209.46,8.4676,0.0432,0.51,16,29,,480,True
8004,SAZERAC CO INC,12566,2024-10-11,2024-10-31,2024-11-28,2024-10,26332,188906.13,850.08,189756.21,7.174,0.0323,0.45,20,28,,138,True
8664,"STOLI GROUP,(USA) LLC",12570,2024-10-11,2024-10-31,2024-12-10,2024-10,5245,68705.12,357.27,69062.39,13.0992,0.0681,0.52,20,40,,48,True
90032,LABELLE VYDS AND WINERY,12582,2024-10-12,2024-10-31,2024-12-11,2024-10,107,1277.37,6.39,1283.76,11.938,0.0597,0.5002,19,41,,10,True
99166,STARK BREWING COMPANY,12588,2024-10-12,2024-10-31,2024-12-05,2024-10,54,1156.68,5.78,1162.46,21.42,0.107,0.4997,19,35,,1,True
9744,FREDERICK WILDMAN & SONS,12599,2024-10-13,2024-10-31,2024-12-07,2024-10,1173,15254.05,76.27,15330.32,13.0043,0.065,0.5,18,37,,149,True
9625,WESTERN SPIRITS BEVERAGE CO,12606,2024-10-13,2024-10-31,2024-12-06,2024-10,1015,6267.58,31.34,6298.92,6.175,0.0309,0.5,18,36,,26,True
2242,DELICATO VINEYARDS INC,12608,2024-10-14,2024-10-31,2024-12-08,2024-10,3704,29357.15,146.79,29503.94,7.9258,0.0396,0.5,17,38,,96,True
9819,TREASURY WINE ESTATES,12617,2024-10-14,2024-10-31,2024-12-02,2024-10,5600,36575.9,164.59,36740.49,6.5314,0.0294,0.45,17,32,,111,True
9622,WEIN BAUER INC,12632,2024-10-16,2024-10-31,2024-12-17,2024-10,24,457.92,2.15,460.07,19.08,0.0896,0.4695,15,47,,6,True
105,ALTAMAR BRANDS LLC,12634,2024-10-17,2024-10-31,2024-12-08,2024-10,6,214.26,1.03,215.29,35.71,0.1717,0.4807,14,38,,3,True
6785,PALM BAY INTERNATIONAL INC,12644,2024-10-17,2024-10-31,2024-12-02,2024-10,8799,60010.5,288.05,60298.55,6.8202,0.0327,0.48,14,32,,174,True
9165,ULTRA BEVERAGE COMPANY LLP,12649,2024-10-17,2024-10-31,2024-12-15,2024-10,24674,337510.37,1721.3,339231.67,13.6788,0.0698,0.51,14,45,Frank Delahunt,965,True
7245,PROXIMO SPIRITS INC.,12679,2024-10-19,2024-10-31,2024-12-11,2024-10,10780,132632.16,663.16,133295.32,12.3035,0.0615,0.5,12,41,,114,True
9260,TY KU LLC,12683,2024-10-19,2024-10-31,2024-12-18,2024-10,64,823.69,4.12,827.81,12.8702,0.0644,0.5002,12,48,,7,True
7239,REMY COINTREAU USA INC,12695,2024-10-20,2024-10-31,2024-12-07,2024-10,4356,100266.62,501.33,100767.95,23.018,0.1151,0.5,11,37,,45,True
1601,VRANKEN AMERICA,12700,2024-10-20,2024-10-31,2024-12-05,2024-10,1066,19972.18,89.87,20062.05,18.7356,0.0843,0.45,11,35,,21,True
17033,SEA BREEZE CELLARS LLC,12719,2024-10-21,2024-10-31,2024-12-01,2024-10,77,842.85,4.13,846.98,10.9461,0.0536,0.49,10,31,,16,True
388,ATLANTIC IMPORTING COMPANY,12516,2024-10-09,2024-11-01,2024-12-08,2024-11,24,511.68,2.66,514.34,21.32,0.1108,0.5199,23,37,,3,True
98450,Serralles Usa LLC,12529,2024-10-09,2024-11-01,2024-12-11,2024-11,200,2699.38,14.85,2714.23,13.4969,0.0742,0.5501,23,40,,16,True
2000,SOUTHERN WINE & SPIRITS NE,12531,2024-10-09,2024-11-01,2024-11-28,2024-11,236,1444.32,7.65,1451.97,6.12,0.0324,0.5297,23,27,,417,True
105,ALTAMAR BRANDS LLC,12537,2024-10-10,2024-11-01,2024-12-05,2024-11,6,214.26,0.96,215.22,35.71,0.16,0.4481,22,34,,3,True
90051,FULCHINO VINEYARD INC,12541,2024-10-10,2024-11-01,2024-12-06,2024-11,36,449.28,2.2,451.48,12.48,0.0611,0.4897,22,35,,2,True
6359,OLE SMOKY DISTILLERY LLC,12547,2024-10-10,2024-11-01,2024-11-27,2024-11,483,6828.13,34.14,6862.27,14.1369,0.0707,0.5,22,26,,18,True
5270,MANGO BOTTLING INC,12561,2024-10-11,2024-11-01,2024-12-03,2024-11,469,3332.73,15.0,3347.73,7.106,0.032,0.4501,21,32,,6,True
60,ADAMBA IMPORTS INTL INC,12576,2024-10-12,2024-11-01,2024-11-28,2024-11,160,2603.2,11.71,2614.91,16.27,0.0732,0.4498,20,27,,3,True
10050,Russian Standard Vodka,12586,2024-10-12,2024-11-01,2024-12-11,2024-11,154,2084.0,11.46,2095.46,13.5325,0.0744,0.5499,20,40,,13,True
10754,PERFECTA WINES,12610,2024-10-14,2024-11-01,2024-12-06,2024-11,9646,87332.03,480.33,87812.36,9.0537,0.0498,0.55,18,35,,897,True
3089,SIDNEY FRANK IMPORTING CO,12615,2024-10-14,2024-11-01,2024-12-08,2024-11,3212,26258.33,141.79,26400.12,8.1751,0.0441,0.54,18,37,,13,True
2555,DISARONNO INTERNATIONAL LLC,12619,2024-10-16,2024-11-01,2024-12-06,2024-11,1965,22699.66,118.04,22817.7,11.552,0.0601,0.52,16,35,,12,True
10754,PERFECTA WINES,12623,2024-10-16,2024-11-01,2024-12-01,2024-11,16722,162596.57,796.72,163393.29,9.7235,0.0476,0.49,16,30,,897,True
17037,Dunn Wine Brokers,12639,2024-10-17,2024-11-01,2024-12-06,2024-11,12,183.96,0.92,184.88,15.33,0.0767,0.5001,15,35,,35,True
8673,STE MICHELLE WINE ESTATES,12645,2024-10-17,2024-11-01,2024-12-02,2024-11,13560,116801.66,619.05,117420.71,8.6137,0.0457,0.53,15,31,,144,True
28776,TALL SHIP DISTILLERY LLC,12648,2024-10-17,2024-11-01,2024-12-01,2024-11,13,282.01,1.44,283.45,21.6931,0.1108,0.5106,15,30,,4,True
516,BANFI PRODUCTS CORP,12652,2024-10-18,2024-11-01,2024-12-12,2024-11,6581,53368.48,282.85,53651.33,8.1095,0.043,0.53,14,41,,149,True
1655,FABRIZIA SPIRITS LLC,12657,2024-10-18,2024-11-01,2024-12-16,2024-11,148,2051.61,10.46,2062.07,13.8622,0.0707,0.5098,14,45,,8,True
90010,VINEXTRA INC,12673,2024-10-18,2024-11-01,2024-12-07,2024-11,120,1342.56,6.85,1349.41,11.188,0.0571,0.5102,14,36,,47,True
90053,INCREDIBREW INC,12689,2024-10-20,2024-11-01,2024-12-18,2024-11,24,207.84,1.08,208.92,8.66,0.045,0.5196,12,47,,4,True
2242,DELICATO VINEYARDS INC,12706,2024-10-21,2024-11-01,2024-12-11,2024-11,3498,27987.02,131.54,28118.56,8.0009,0.0376,0.47,11,40,,96,True
8320,SHAW ROSS INT L IMP LTD,12628,2024-10-16,2024-11-02,2024-12-01,2024-11,1369,12627.62,63.14,12690.76,9.224,0.0461,0.5,17,29,,38,True
6215,MOONLIGHT MEADERY,12642,2024-10-17,2024-11-02,2024-12-12,2024-11,107,979.79,5.39,985.18,9.1569,0.0504,0.5501,16,40,,7,True
6359,OLE SMOKY DISTILLERY LLC,12643,2024-10-17,2024-11-02,2024-12-17,2024-11,150,2157.87,11.01,2168.88,14.3858,0.0734,0.5102,16,45,,18,True
90056,SWEET BABY VINEYARD,12647,2024-10-17,2024-11-02,2024-12-13,2024-11,213,1780.1,9.61,1789.71,8.3573,0.0451,0.5399,16,41,,4,True
1273,CALEDONIA SPIRITS INC,12654,2024-10-18,2024-11-02,2024-12-09,2024-11,131,3970.76,20.65,3991.41,30.3111,0.1576,0.5201,15,37,,5,True
10050,Russian Standard Vodka,12668,2024-10-18,2024-11-02,2024-12-07,2024-11,84,1103.28,5.85,1109.13,13.1343,0.0696,0.5302,15,35,,13,True
2000,SOUTHERN WINE & SPIRITS NE,12681,2024-10-19,2024-11-02,2024-12-18,2024-11,5355,49673.54,233.47,49907.01,9.2761,0.0436,0.47,14,46,,417,True
3924,HEAVEN HILL DISTILLERIES,12688,2024-10-20,2024-11-02,2024-12-08,2024-11,7675,52977.69,249.0,53226.69,6.9026,0.0324,0.47,13,36,,69,True
8892,TRINCHERO FAMILY ESTATES,12698,2024-10-20,2024-11-02,2024-12-01,2024-11,5667,35255.78,190.38,35446.16,6.2212,0.0336,0.54,13,29,,153,True
2396,BLACK PRINCE DISTILLERY INC,12703,2024-10-21,2024-11-02,2024-12-14,2024-11,12,52.08,0.26,52.34,4.34,0.0217,0.4992,12,42,,10,True
2450,DJINN SPIRITS LLC,12708,2024-10-21,2024-11-02,2024-12-06,2024-11,48,858.72,3.95,862.67,17.89,0.0823,0.46,12,34,,6,True
6213,MHW LTD,12715,2024-10-21,2024-11-02,2024-12-07,2024-11,17678,51773.66,243.34,52017.0,2.9287,0.0138,0.47,12,35,,96,True
3960,DIAGEO NORTH AMERICA INC,12618,2024-10-16,2024-11-03,2024-12-14,2024-11,122740,1468470.64,7048.66,1475519.3,11.9641,0.0574,0.48,18,41,Frank Delahunt,449,True
3089,SIDNEY FRANK IMPORTING CO,12629,2024-10-16,2024-11-03,2024-12-03,2024-11,4120,41959.5,201.41,42160.91,10.1843,0.0489,0.48,18,30,,13,True
8664,"STOLI GROUP,(USA) LLC",12630,2024-10-16,2024-11-03,2024-12-16,2024-11,5635,67233.55,316.0,67549.55,11.9314,0.0561,0.47,18,43,,48,True
90024,VINILANDIA USA,12650,2024-10-17,2024-11-03,2024-12-15,2024-11,629,5801.56,29.01,5830.57,9.2235,0.0461,0.5,17,42,,206,True
4848,LAIRD & CO,12662,2024-10-18,2024-11-03,2024-12-18,2024-11,269,2529.36,13.15,2542.51,9.4028,0.0489,0.5199,16,45,,16,True
3664,WILLIAM GRANT & SONS INC,12685,2024-10-19,2024-11-03,2024-12-05,2024-11,9941,217928.69,1002.47,218931.16,21.9222,0.1008,0.46,15,32,,85,True
8112,MOET HENNESSY USA INC,12716,2024-10-21,2024-11-03,2024-12-04,2024-11,20863,476300.61,2476.76,478777.37,22.8299,0.1187,0.52,13,31,Frank Delahunt,129,True
9815,WINE GROUP INC,12722,2024-10-21,2024-11-03,2024-12-13,2024-11,19017,111775.17,525.34,112300.51,5.8776,0.0276,0.47,13,40,,215,True
17031,FLAG HILL WINERY & VINEYARD,12621,2024-10-16,2024-11-04,2024-12-04,2024-11,279,4202.19,20.17,4222.36,15.0616,0.0723,0.48,19,30,,19,True
2561,EDRINGTON AMERICAS,12640,2024-10-17,2024-11-04,2024-12-10,2024-11,2748,74400.59,394.32,74794.91,27.0745,0.1435,0.53,18,36,,33,True
1650,Circa Wines,12656,2024-10-18,2024-11-04,2024-12-06,2024-11,72,710.4,3.27,713.67,9.8667,0.0454,0.4603,17,32,,74,True
28750,SMOKY QUARTZ DISTILLERY LLC,12670,2024-10-18,2024-11-04,2024-12-06,2024-11,35,771.4,4.01,775.41,22.04,0.1146,0.5198,17,32,,4,True
90017,THE IMPORTED GRAPE LLC,12672,2024-10-18,2024-11-04,2024-12-05,2024-11,12,60.72,0.3,61.02,5.06,0.025,0.4941,17,31,,40,True
9625,WESTERN SPIRITS BEVERAGE CO,12684,2024-10-19,2024-11-04,2024-12-02,2024-11,1243,7084.77,38.26,7123.03,5.6997,0.0308,0.54,16,28,,26,True
7154,PREMIER DISTRIBUTORS,12693,2024-10-20,2024-11-04,2024-12-12,2024-11,92,1269.66,6.22,1275.88,13.8007,0.0676,0.4899,15,38,,7,True
1587,VINEYARD BRANDS INC,12699,2024-10-20,2024-11-04,2024-12-09,2024-11,1736,13057.79,62.68,13120.47,7.5218,0.0361,0.48,15,35,,87,True
4692,KOBRAND CORPORATION,12713,2024-10-21,2024-11-04,2024-12-03,2024-11,2665,42339.64,190.53,42530.17,15.8873,0.0715,0.45,14,29,,242,True
3252,E & J GALLO WINERY,12620,2024-10-16,2024-11-05,2024-12-08,2024-11,40794,278149.5,1390.75,279540.25,6.8184,0.0341,0.5,20,33,Frank Delahunt,527,True
90051,FULCHINO VINEYARD INC,12622,2024-10-16,2024-11-05,2024-12-12,2024-11,36,492.84,2.46,495.3,13.69,0.0683,0.4991,20,37,,2,True
6280,UNCORKED,12631,2024-10-16,2024-11-05,2024-12-16,2024-11,6,118.74,0.65,119.39,19.79,0.1083,0.5474,20,41,,9,True
90046,CANDIA VINEYARDS,12637,2024-10-17,2024-11-05,2024-12-08,2024-11,24,353.28,1.8,355.08,14.72,0.075,0.5095,19,33,,5,True
10000,MAJESTIC FINE WINES,12641,2024-10-17,2024-11-05,2024-12-01,2024-11,11565,93110.22,428.31,93538.53,8.051,0.037,0.46,19,26,,40,True
12331,STELLAR IMPORTING CO LLC,12646,2024-10-17,2024-11-05,2024-12-14,2024-11,48,399.84,2.08,401.92,8.33,0.0433,0.5202,19,39,,19,True
1485,CASTLE BRANDS CORP.,12655,2024-10-18,2024-11-05,2024-12-17,2024-11,1809,26458.82,140.23,26599.05,14.6262,0.0775,0.53,18,42,,29,True
90032,LABELLE VYDS AND WINERY,12661,2024-10-18,2024-11-05,2024-12-15,2024-11,667,6925.27,33.93,6959.2,10.3827,0.0509,0.4899,18,40,,10,True
9552,M S WALKER INC,12663,2024-10-18,2024-11-05,2024-12-05,2024-11,29603,248197.59,1365.09,249562.68,8.3842,0.0461,0.55,18,30,,960,True
90027,POVERTY LANE ORCHARDS,12667,2024-10-18,2024-11-05,2024-12-16,2024-11,71,553.09,2.99,556.08,7.79,0.0421,0.5406,18,41,,8,True
8150,SEA HAGG DISTILLERY LLC,12669,2024-10-18,2024-11-05,2024-12-15,2024-11,270,3334.84,17.34,3352.18,12.3513,0.0642,0.52,18,40,,9,True
12546,JIM BEAM BRANDS COMPANY,12690,2024-10-20,2024-11-05,2024-12-06,2024-11,46302,388867.55,1905.45,390773.0,8.3985,0.0412,0.49,16,31,Frank Delahunt,415,True
6355,NICHE W & S,12692,2024-10-20,2024-11-05,2024-12-08,2024-11,59,993.36,5.36,998.72,16.8366,0.0908,0.5396,16,33,,8,True
7240,"PREMIUM PORT WINES, INC.",12694,2024-10-20,2024-11-05,2024-12-03,2024-11,48,352.95,1.73,354.68,7.3531,0.036,0.4902,16,28,,3,True
8735,SURVILLE ENTERPRISES CORP,12697,2024-10-20,2024-11-05,2024-12-09,2024-11,87,691.38,3.8,695.18,7.9469,0.0437,0.5496,16,34,,22,True
1590,DIAGEO CHATEAU ESTATE WINES,12707,2024-10-21,2024-11-05,2024-12-04,2024-11,5720,40497.84,198.44,40696.28,7.08,0.0347,0.49,15,29,,117,True
2496,DUGGANS DISTILLED PRODUCTS,12709,2024-10-21,2024-11-05,2024-12-04,2024-11,162,2476.99,12.14,2489.13,15.2901,0.0749,0.4901,15,29,,5,True
3551,GILMANTON WINERY & VINEYARD,12711,2024-10-21,2024-11-05,2024-12-18,2024-11,12,124.56,0.59,125.15,10.38,0.0492,0.4737,15,43,,2,True
7255,PSP WINES,12717,2024-10-21,2024-11-05,2024-12-05,2024-11,315,2258.81,12.2,2271.01,7.1708,0.0387,0.5401,15,30,,32,True
653,STATE WINE & SPIRITS,12720,2024-10-21,2024-11-05,2024-12-07,2024-11,3419,30266.13,166.46,30432.59,8.8523,0.0487,0.55,15,32,,258,True
17035,PERNOD RICARD USA,12624,2024-10-16,2024-11-06,2024-12-13,2024-11,37368,627258.0,3136.29,630394.29,16.786,0.0839,0.5,21,37,Frank Delahunt,277,True
98450,Serralles Usa LLC,12627,2024-10-16,2024-11-06,2024-12-07,2024-11,206,2981.63,15.8,2997.43,14.4739,0.0767,0.5299,21,31,,16,True
480,BACARDI USA INC,12635,2024-10-17,2024-11-06,2024-12-02,2024-11,32736,474904.53,2374.52,477279.05,14.5071,0.0725,0.5,20,26,Frank Delahunt,184,True
1003,BRONCO WINE COMPANY,12653,2024-10-18,2024-11-06,2024-12-16,2024-11,12,31.44,0.16,31.6,2.62,0.0133,0.5089,19,40,,8,True
90011,FORTUNE WINE BROKERS LLC,12658,2024-10-18,2024-11-06,2024-12-06,2024-11,232,2716.9,13.58,2730.48,11.7108,0.0585,0.4998,19,30,,62,True
5270,MANGO BOTTLING INC,12664,2024-10-18,2024-11-06,2024-12-18,2024-11,507,3696.6,17.37,3713.97,7.2911,0.0343,0.4699,19,42,,6,True
6830,PARK STREET IMPORTS LLC,12666,2024-10-18,2024-11-06,2024-12-16,2024-11,172,2707.57,14.89,2722.46,15.7417,0.0866,0.5499,19,40,,12,True
660,SAZERAC NORTH AMERICA INC.,12680,2024-10-19,2024-11-06,2024-12-08,2024-11,11700,73885.03,391.59,74276.62,6.315,0.0335,0.53,18,32,,84,True
172662,SWEETWATER FARM,12682,2024-10-19,2024-11-06,2024-12-06,2024-11,7,140.27,0.76,141.03,20.0386,0.1086,0.5418,18,30,,5,True
90057,WALPOLE MTN VIEW WINERY,12701,2024-10-20,2024-11-06,2024-12-01,2024-11,11,125.73,0.62,126.35,11.43,0.0564,0.4931,17,25,,3,True
4425,MARTIGNETTI COMPANIES,12714,2024-10-21,2024-11-06,2024-12-06,2024-11,65533,660216.52,3367.1,663583.62,10.0746,0.0514,0.51,16,30,Frank Delahunt,1639,True
1189,BULLY BOY DISTILLERS,12636,2024-10-17,2024-11-07,2024-12-14,2024-11,76,1672.72,8.7,1681.42,22.0095,0.1145,0.5201,21,37,,6,True
17032,JEWELL TOWNE VINEYARDS,12660,2024-10-18,2024-11-07,2024-12-10,2024-11,118,912.8,4.38,917.18,7.7356,0.0371,0.4798,20,33,,7,True
8920,TAKARA SAKE USA INC,12671,2024-10-18,2024-11-07,2024-12-18,2024-11,149,677.55,3.25,680.8,4.5473,0.0218,0.4797,20,41,,3,True
1265,BLACK ROCK SPIRITS LLC,12674,2024-10-19,2024-11-07,2024-12-15,2024-11,1,14.05,0.07,14.12,14.05,0.07,0.4982,19,38,,1,True
1128,BROWN-FORMAN CORP,12675,2024-10-19,2024-11-07,2024-12-09,2024-11,21080,295495.96,1447.93,296943.89,14.0178,0.0687,0.49,19,32,Frank Delahunt,142,True
4380,CHARLES JACQUIN ET CIE INC,12676,2024-10-19,2024-11-07,2024-12-15,2024-11,1468,8686.28,42.56,8728.84,5.9171,0.029,0.49,19,38,,15,True
8352,LUXCO INC,12677,2024-10-19,2024-11-07,2024-12-13,2024-11,5406,41885.2,201.05,42086.25,7.7479,0.0372,0.48,19,36,,69,True
5455,MARSALLE COMPANY,12678,2024-10-19,2024-11-07,2024-12-15,2024-11,208,5236.37,24.61,5260.98,25.1749,0.1183,0.47,19,38,,10,True
388,ATLANTIC IMPORTING COMPANY,12686,2024-10-20,2024-11-07,2024-12-14,2024-11,71,1513.72,7.27,1520.99,21.32,0.1024,0.4803,18,37,,3,True
4950,LATITUDE BEVERAGE COMPANY,12691,2024-10-20,2024-11-07,2024-12-02,2024-11,468,2796.57,13.98,2810.55,5.9756,0.0299,0.4999,18,25,,45,True
2000,SOUTHERN WINE & SPIRITS NE,12696,2024-10-20,2024-11-07,2024-12-13,2024-11,291,1780.92,9.44,1790.36,6.12,0.0324,0.5301,18,36,,417,True
4466,AMERICAN VINTAGE BEVERAGE,12702,2024-10-21,2024-11-07,2024-12-11,2024-11,183,1812.77,8.7,1821.47,9.9058,0.0475,0.4799,17,34,,3,True
9744,FREDERICK WILDMAN & SONS,12710,2024-10-21,2024-11-07,2024-12-14,2024-11,1607,26285.63,139.31,26424.94,16.357,0.0867,0.53,17,37,,149,True
4550,KLIN SPIRITS LLC,12712,2024-10-21,2024-11-07,2024-12-13,2024-11,140,2207.45,11.48,2218.93,15.7675,0.082,0.5201,17,36,,4,True
8004,SAZERAC CO INC,12718,2024-10-21,2024-11-07,2024-12-01,2024-11,30844,236332.59,1276.2,237608.79,7.6622,0.0414,0.54,17,24,,138,True
9819,TREASURY WINE ESTATES,12721,2024-10-21,2024-11-07,2024-12-03,2024-11,7222,43214.11,233.36,43447.47,5.9837,0.0323,0.54,17,26,,111,True
1485,CASTLE BRANDS CORP.,12724,2024-10-23,2024-11-07,2024-12-18,2024-11,2044,31008.9,145.74,31154.64,15.1707,0.0713,0.47,15,41,,29,True
7153,PINE STATE TRADING CO,12734,2024-10-23,2024-11-07,2024-12-13,2024-11,6327,61247.93,306.24,61554.17,9.6804,0.0484,0.5,15,36,,480,True
90056,SWEET BABY VINEYARD,12736,2024-10-23,2024-11-07,2024-12-13,2024-11,225,1864.99,9.32,1874.31,8.2888,0.0414,0.4997,15,36,,4,True
9552,M S WALKER INC,12741,2024-10-24,2024-11-07,2024-12-13,2024-11,24258,204965.35,942.84,205908.19,8.4494,0.0389,0.46,14,36,,960,True
6830,PARK STREET IMPORTS LLC,12762,2024-10-25,2024-11-07,2024-12-12,2024-11,166,2553.94,13.28,2567.22,15.3852,0.08,0.52,13,35,,12,True
173357,TAMWORTH DISTILLING,12763,2024-10-25,2024-11-07,2024-12-21,2024-11,12,232.44,1.26,233.7,19.37,0.105,0.5421,13,44,,4,True
3950,"HOOD RIVER DISTILLERS, Inc.",12774,2024-10-26,2024-11-07,2024-12-10,2024-11,6,129.48,0.66,130.14,21.58,0.11,0.5097,12,33,,7,True
17035,PERNOD RICARD USA,12778,2024-10-26,2024-11-07,2024-12-13,2024-11,35896,595175.49,2856.84,598032.33,16.5806,0.0796,0.48,12,36,Frank Delahunt,277,True
9625,WESTERN SPIRITS BEVERAGE CO,12827,2024-10-28,2024-11-07,2024-12-09,2024-11,1161,4762.75,23.34,4786.09,4.1023,0.0201,0.4901,10,32,,26,True
9206,PHILLIPS PRODUCTS CO.,12625,2024-10-16,2024-11-08,2024-12-13,2024-11,320,4512.92,24.82,4537.74,14.1029,0.0776,0.55,23,35,,33,True
7153,PINE STATE TRADING CO,12626,2024-10-16,2024-11-08,2024-12-17,2024-11,6205,42926.41,206.05,43132.46,6.918,0.0332,0.48,23,39,,480,True
60,ADAMBA IMPORTS INTL INC,12633,2024-10-17,2024-11-08,2024-12-09,2024-11,100,1627.0,7.65,1634.65,16.27,0.0765,0.4702,22,31,,3,True
1392,CONSTELLATION BRANDS INC,12638,2024-10-17,2024-11-08,2024-12-16,2024-11,43127,287795.54,1525.32,289320.86,6.6732,0.0354,0.53,22,38,Frank Delahunt,481,True
90058,ZORVINO VINEYARDS,12651,2024-10-17,2024-11-08,2024-12-09,2024-11,190,1560.31,7.18,1567.49,8.2122,0.0378,0.4602,22,31,,6,True
3950,"HOOD RIVER DISTILLERS, Inc.",12659,2024-10-18,2024-11-08,2024-12-03,2024-11,7,153.01,0.78,153.79,21.8586,0.1114,0.5098,21,25,,7,True
5992,MCCORMICK DISTILLING CO,12665,2024-10-18,2024-11-08,2024-12-06,2024-11,502,5828.15,32.05,5860.2,11.6099,0.0638,0.5499,21,28,,35,True
90047,CRUSH WINES,12687,2024-10-20,2024-11-08,2024-12-06,2024-11,588,9614.46,47.11,9661.57,16.3511,0.0801,0.49,19,28,,165,True
11567,CAMPARI AMERICA,12704,2024-10-21,2024-11-08,2024-12-17,2024-11,15823,183306.43,953.19,184259.62,11.5848,0.0602,0.52,18,39,,74,True
2876,CENTEUR IMPORTS LLC,12705,2024-10-21,2024-11-08,2024-12-04,2024-11,6,47.94,0.24,48.18,7.99,0.04,0.5006,18,26,,11,True
1650,Circa Wines,12726,2024-10-23,2024-11-08,2024-12-19,2024-11,14,90.64,0.49,91.13,6.4743,0.035,0.5406,16,41,,74,True
4425,MARTIGNETTI COMPANIES,12743,2024-10-24,2024-11-08,2024-12-14,2024-11,42869,516130.15,2477.42,518607.57,12.0397,0.0578,0.48,15,36,Frank Delahunt,1639,True
17033,SEA BREEZE CELLARS LLC,12747,2024-10-24,2024-11-08,2024-12-13,2024-11,98,1348.29,6.61,1354.9,13.7581,0.0674,0.4903,15,35,,16,True
8673,STE MICHELLE WINE ESTATES,12785,2024-10-26,2024-11-08,2024-12-24,2024-11,9383,69321.58,346.61,69668.19,7.388,0.0369,0.5,13,46,,144,True
90046,CANDIA VINEYARDS,12794,2024-10-27,2024-11-08,2024-12-13,2024-11,107,1480.35,8.14,1488.49,13.835,0.0761,0.5499,12,35,,5,True
4950,LATITUDE BEVERAGE COMPANY,12802,2024-10-27,2024-11-08,2024-12-18,2024-11,606,3687.28,17.7,3704.98,6.0846,0.0292,0.48,12,40,,45,True
8112,MOET HENNESSY USA INC,12803,2024-10-27,2024-11-08,2024-12-11,2024-11,15567,393787.68,1968.94,395756.62,25.2963,0.1265,0.5,12,33,Frank Delahunt,129,True
9819,TREASURY WINE ESTATES,12809,2024-10-27,2024-11-08,2024-12-24,2024-11,6131,35859.49,168.54,36028.03,5.8489,0.0275,0.47,12,46,,111,True
3252,E & J GALLO WINERY,12816,2024-10-28,2024-11-08,2024-12-10,2024-11,33109,217893.33,1089.47,218982.8,6.5811,0.0329,0.5,11,32,,527,True
4848,LAIRD & CO,12818,2024-10-28,2024-11-08,2024-12-23,2024-11,260,2028.65,9.94,2038.59,7.8025,0.0382,0.49,11,45,,16,True
7245,PROXIMO SPIRITS INC.,12820,2024-10-28,2024-11-08,2024-12-17,2024-11,8900,101196.35,475.62,101671.97,11.3704,0.0534,0.47,11,39,,114,True
90057,WALPOLE MTN VIEW WINERY,12825,2024-10-28,2024-11-08,2024-12-23,2024-11,12,156.12,0.86,156.98,13.01,0.0717,0.5509,11,45,,3,True
9622,WEIN BAUER INC,12826,2024-10-28,2024-11-08,2024-12-21,2024-11,129,1024.83,5.12,1029.95,7.9444,0.0397,0.4996,11,43,,6,True
1128,BROWN-FORMAN CORP,12739,2024-10-24,2024-11-09,2024-12-19,2024-11,23824,338788.68,1795.58,340584.26,14.2205,0.0754,0.53,16,40,Frank Delahunt,142,True
5270,MANGO BOTTLING INC,12742,2024-10-24,2024-11-09,2024-12-12,2024-11,1656,11774.14,61.23,11835.37,7.11,0.037,0.52,16,33,,6,True
1273,CALEDONIA SPIRITS INC,12754,2024-10-25,2024-11-09,2024-12-10,2024-11,143,4485.26,22.43,4507.69,31.3655,0.1569,0.5001,15,31,,5,True
1392,CONSTELLATION BRANDS INC,12755,2024-10-25,2024-11-09,2024-12-13,2024-11,44464,300600.23,1653.3,302253.53,6.7605,0.0372,0.55,15,34,Frank Delahunt,481,True
90053,INCREDIBREW INC,12759,2024-10-25,2024-11-09,2024-12-22,2024-11,96,835.68,4.01,839.69,8.705,0.0418,0.4798,15,43,,4,True
11567,CAMPARI AMERICA,12768,2024-10-26,2024-11-09,2024-12-22,2024-11,10012,100888.94,474.18,101363.12,10.0768,0.0474,0.47,14,43,,74,True
8735,SURVILLE ENTERPRISES CORP,12788,2024-10-26,2024-11-09,2024-12-08,2024-11,55,324.22,1.78,326.0,5.8949,0.0324,0.549,14,29,,22,True
17032,JEWELL TOWNE VINEYARDS,12817,2024-10-28,2024-11-09,2024-12-20,2024-11,132,1168.56,5.73,1174.29,8.8527,0.0434,0.4903,12,41,,7,True
10050,Russian Standard Vodka,12821,2024-10-28,2024-11-09,2024-12-17,2024-11,52,733.04,3.59,736.63,14.0969,0.069,0.4897,12,38,,13,True
28776,TALL SHIP DISTILLERY LLC,12824,2024-10-28,2024-11-09,2024-12-17,2024-11,65,1361.19,6.67,1367.86,20.9414,0.1026,0.49,12,38,,4,True
7239,REMY COINTREAU USA INC,12735,2024-10-23,2024-11-10,2024-12-08,2024-11,4526,111338.19,523.29,111861.48,24.5997,0.1156,0.47,18,28,,45,True
1655,FABRIZIA SPIRITS LLC,12758,2024-10-25,2024-11-10,2024-12-15,2024-11,517,6848.03,34.92,6882.95,13.2457,0.0675,0.5099,16,35,,8,True
6213,MHW LTD,12760,2024-10-25,2024-11-10,2024-12-09,2024-11,3973,34361.0,188.99,34549.99,8.6486,0.0476,0.55,16,29,,96,True
7154,PREMIER DISTRIBUTORS,12780,2024-10-26,2024-11-10,2024-12-24,2024-11,94,1524.92,7.62,1532.54,16.2226,0.0811,0.4997,15,44,,7,True
12331,STELLAR IMPORTING CO LLC,12786,2024-10-26,2024-11-10,2024-12-15,2024-11,84,622.08,2.99,625.07,7.4057,0.0356,0.4806,15,35,,19,True
12546,JIM BEAM BRANDS COMPANY,12800,2024-10-27,2024-11-10,2024-12-16,2024-11,54523,496047.12,2232.21,498279.33,9.0979,0.0409,0.45,14,36,Frank Delahunt,415,True
17037,Dunn Wine Brokers,12815,2024-10-28,2024-11-10,2024-12-14,2024-11,24,471.84,2.6,474.44,19.66,0.1083,0.551,13,34,,35,True
99166,STARK BREWING COMPANY,12823,2024-10-28,2024-11-10,2024-12-23,2024-11,95,2034.9,11.19,2046.09,21.42,0.1178,0.5499,13,43,,1,True
287,APPOLO VINEYARDS LLC,12723,2024-10-23,2024-11-11,2024-12-18,2024-11,12,124.8,0.66,125.46,10.4,0.055,0.5288,19,37,,2,True
4380,CHARLES JACQUIN ET CIE INC,12725,2024-10-23,2024-11-11,2024-12-08,2024-11,1075,8191.37,44.23,8235.6,7.6199,0.0411,0.54,19,27,,15,True
10000,MAJESTIC FINE WINES,12730,2024-10-23,2024-11-11,2024-12-11,2024-11,8287,65805.14,342.19,66147.33,7.9408,0.0413,0.52,19,30,,40,True
90052,HAUNTING WHISPER VYDS,12740,2024-10-24,2024-11-11,2024-12-08,2024-11,12,99.24,0.55,99.79,8.27,0.0458,0.5542,18,27,,2,True
90058,ZORVINO VINEYARDS,12764,2024-10-25,2024-11-11,2024-12-18,2024-11,163,1290.09,6.84,1296.93,7.9147,0.042,0.5302,17,37,,6,True
105,ALTAMAR BRANDS LLC,12765,2024-10-26,2024-11-11,2024-12-11,2024-11,6,214.26,1.11,215.37,35.71,0.185,0.5181,16,30,,3,True
90059,BLACK COVE BEVERAGES,12767,2024-10-26,2024-11-11,2024-12-09,2024-11,12,188.88,1.0,189.88,15.74,0.0833,0.5294,16,28,,1,True
2496,DUGGANS DISTILLED PRODUCTS,12772,2024-10-26,2024-11-11,2024-12-20,2024-11,167,2255.14,11.28,2266.42,13.5038,0.0675,0.5002,16,39,,5,True
3551,GILMANTON WINERY & VINEYARD,12773,2024-10-26,2024-11-11,2024-12-19,2024-11,12,126.24,0.63,126.87,10.52,0.0525,0.499,16,38,,2,True
8352,LUXCO INC,12776,2024-10-26,2024-11-11,2024-12-15,2024-11,5555,58017.3,307.49,58324.79,10.4442,0.0554,0.53,16,34,,69,True
90051,FULCHINO VINEYARD INC,12798,2024-10-27,2024-11-11,2024-12-08,2024-11,12,164.28,0.87,165.15,13.69,0.0725,0.5296,15,27,,2,True
653,STATE WINE & SPIRITS,12807,2024-10-27,2024-11-11,2024-12-24,2024-11,2259,23069.78,119.96,23189.74,10.2124,0.0531,0.52,15,43,,258,True
8920,TAKARA SAKE USA INC,12808,2024-10-27,2024-11-11,2024-12-09,2024-11,179,950.49,5.13,955.62,5.31,0.0287,0.5397,15,28,,3,True
1590,DIAGEO CHATEAU ESTATE WINES,12814,2024-10-28,2024-11-11,2024-12-15,2024-11,7351,55914.22,257.21,56171.43,7.6063,0.035,0.46,14,34,,117,True
3089,SIDNEY FRANK IMPORTING CO,12822,2024-10-28,2024-11-11,2024-12-10,2024-11,3800,34956.32,181.77,35138.09,9.199,0.0478,0.52,14,29,,13,True
2450,DJINN SPIRITS LLC,12727,2024-10-23,2024-11-12,2024-12-23,2024-11,36,717.84,3.45,721.29,19.94,0.0958,0.4806,20,41,,6,True
10754,PERFECTA WINES,12733,2024-10-23,2024-11-12,2024-12-10,2024-11,11807,117334.01,551.47,117885.48,9.9377,0.0467,0.47,20,28,,897,True
1587,VINEYARD BRANDS INC,12737,2024-10-23,2024-11-12,2024-12-19,2024-11,1861,14688.74,76.38,14765.12,7.8929,0.041,0.52,20,37,,87,True
2000,SOUTHERN WINE & SPIRITS NE,12748,2024-10-24,2024-11-12,2024-12-16,2024-11,5102,47764.11,262.7,48026.81,9.3618,0.0515,0.55,19,34,,417,True
4466,AMERICAN VINTAGE BEVERAGE,12752,2024-10-25,2024-11-12,2024-12-11,2024-11,216,2156.16,10.57,2166.73,9.9822,0.0489,0.4902,18,29,,3,True
480,BACARDI USA INC,12766,2024-10-26,2024-11-12,2024-12-19,2024-11,31929,461855.78,2355.46,464211.24,14.4651,0.0738,0.51,17,37,Frank Delahunt,184,True
3960,DIAGEO NORTH AMERICA INC,12771,2024-10-26,2024-11-12,2024-12-24,2024-11,127553,1409683.51,7753.26,1417436.77,11.0517,0.0608,0.55,17,42,Frank Delahunt,449,True
8150,SEA HAGG DISTILLERY LLC,12783,2024-10-26,2024-11-12,2024-12-23,2024-11,274,3413.0,16.04,3429.04,12.4562,0.0585,0.47,17,41,,9,True
8320,SHAW ROSS INT L IMP LTD,12784,2024-10-26,2024-11-12,2024-12-12,2024-11,1229,10864.56,52.15,10916.71,8.8402,0.0424,0.48,17,30,,38,True
200,AMERICAN SPIRITS EXCHANGE,12791,2024-10-27,2024-11-12,2024-12-20,2024-11,12,116.76,0.56,117.32,9.73,0.0467,0.4796,16,38,,3,True
1189,BULLY BOY DISTILLERS,12793,2024-10-27,2024-11-12,2024-12-21,2024-11,119,2593.35,13.23,2606.58,21.7929,0.1112,0.5102,16,39,,6,True
2555,DISARONNO INTERNATIONAL LLC,12795,2024-10-27,2024-11-12,2024-12-18,2024-11,2236,27596.03,151.78,27747.81,12.3417,0.0679,0.55,16,36,,12,True
17031,FLAG HILL WINERY & VINEYARD,12796,2024-10-27,2024-11-12,2024-12-08,2024-11,289,3667.76,16.87,3684.63,12.6912,0.0584,0.46,16,26,,19,True
90011,FORTUNE WINE BROKERS LLC,12797,2024-10-27,2024-11-12,2024-12-25,2024-11,79,847.07,4.49,851.56,10.7224,0.0568,0.5301,16,43,,62,True
3924,HEAVEN HILL DISTILLERIES,12799,2024-10-27,2024-11-12,2024-12-25,2024-11,6284,45908.1,211.18,46119.28,7.3056,0.0336,0.46,16,43,,69,True
660,SAZERAC NORTH AMERICA INC.,12804,2024-10-27,2024-11-12,2024-12-10,2024-11,10582,68987.16,365.63,69352.79,6.5193,0.0346,0.53,16,28,,84,True
3664,WILLIAM GRANT & SONS INC,12812,2024-10-27,2024-11-12,2024-12-21,2024-11,6134,139477.79,683.44,140161.23,22.7385,0.1114,0.49,16,39,,85,True
4692,KOBRAND CORPORATION,12729,2024-10-23,2024-11-13,2024-12-18,2024-11,2126,27379.2,142.37,27521.57,12.8783,0.067,0.52,21,35,,242,True
6355,NICHE W & S,12744,2024-10-24,2024-11-13,2024-12-22,2024-11,115,1643.61,8.38,1651.99,14.2923,0.0729,0.5099,20,39,,8,True
90027,POVERTY LANE ORCHARDS,12745,2024-10-24,2024-11-13,2024-12-12,2024-11,24,186.96,0.97,187.93,7.79,0.0404,0.5188,20,29,,8,True
8892,TRINCHERO FAMILY ESTATES,12749,2024-10-24,2024-11-13,2024-12-22,2024-11,5478,32932.45,158.08,33090.53,6.0118,0.0289,0.48,20,39,,153,True
9165,ULTRA BEVERAGE COMPANY LLP,12750,2024-10-24,2024-11-13,2024-12-21,2024-11,19377,241457.27,1231.43,242688.7,12.461,0.0636,0.51,20,38,,965,True
90010,VINEXTRA INC,12751,2024-10-24,2024-11-13,2024-12-21,2024-11,185,2273.81,11.6,2285.41,12.2909,0.0627,0.5102,20,38,,47,True
5992,MCCORMICK DISTILLING CO,12777,2024-10-26,2024-11-13,2024-12-08,2024-11,506,4666.79,24.73,4691.52,9.2229,0.0489,0.5299,18,25,,35,True
1601,VRANKEN AMERICA,12789,2024-10-26,2024-11-13,2024-12-08,2024-11,350,6501.2,33.16,6534.36,18.5749,0.0947,0.5101,18,25,,21,True
98450,Serralles Usa LLC,12805,2024-10-27,2024-11-13,2024-12-25,2024-11,184,2550.96,11.99,2562.95,13.8639,0.0652,0.47,17,42,,16,True
90024,VINILANDIA USA,12811,2024-10-27,2024-11-13,2024-12-11,2024-11,907,9006.22,49.53,9055.75,9.9297,0.0546,0.55,17,28,,206,True
9744,FREDERICK WILDMAN & SONS,12728,2024-10-23,2024-11-14,2024-12-08,2024-11,1037,10259.18,56.43,10315.61,9.8931,0.0544,0.55,22,24,,149,True
6359,OLE SMOKY DISTILLERY LLC,12731,2024-10-23,2024-11-14,2024-12-24,2024-11,333,4431.85,20.39,4452.24,13.3089,0.0612,0.4601,22,40,,18,True
6785,PALM BAY INTERNATIONAL INC,12732,2024-10-23,2024-11-14,2024-12-12,2024-11,6180,42276.04,224.06,42500.1,6.8408,0.0363,0.53,22,28,,174,True
9815,WINE GROUP INC,12738,2024-10-23,2024-11-14,2024-12-17,2024-11,17139,102612.9,564.37,103177.27,5.9871,0.0329,0.55,22,33,,215,True
516,BANFI PRODUCTS CORP,12753,2024-10-25,2024-11-14,2024-12-23,2024-11,3557,27983.84,151.11,28134.95,7.8673,0.0425,0.54,20,39,,149,True
2876,CENTEUR IMPORTS LLC,12769,2024-10-26,2024-11-14,2024-12-17,2024-11,18,118.44,0.56,119.0,6.58,0.0311,0.4728,19,33,,11,True
90047,CRUSH WINES,12770,2024-10-26,2024-11-14,2024-12-16,2024-11,802,12771.66,61.3,12832.96,15.9248,0.0764,0.48,19,32,,165,True
9206,PHILLIPS PRODUCTS CO.,12779,2024-10-26,2024-11-14,2024-12-25,2024-11,427,5096.48,24.97,5121.45,11.9356,0.0585,0.4899,19,41,,33,True
8664,"STOLI GROUP,(USA) LLC",12787,2024-10-26,2024-11-14,2024-12-09,2024-11,6874,80546.26,418.84,80965.1,11.7175,0.0609,0.52,19,25,,48,True
60,ADAMBA IMPORTS INTL INC,12790,2024-10-27,2024-11-14,2024-12-15,2024-11,99,1610.73,7.73,1618.46,16.27,0.0781,0.4799,18,31,,3,True
90032,LABELLE VYDS AND WINERY,12801,2024-10-27,2024-11-14,2024-12-10,2024-11,179,1895.08,9.48,1904.56,10.587,0.053,0.5002,18,26,,10,True
28750,SMOKY QUARTZ DISTILLERY LLC,12806,2024-10-27,2024-11-14,2024-12-22,2024-11,72,1580.76,7.11,1587.87,21.955,0.0988,0.4498,18,38,,4,True
2396,BLACK PRINCE DISTILLERY INC,12813,2024-10-28,2024-11-14,2024-12-12,2024-11,12,52.08,0.24,52.32,4.34,0.02,0.4608,17,28,,10,True
3924,HEAVEN HILL DISTILLERIES,12836,2024-10-30,2024-11-14,2024-12-29,2024-11,5045,37176.59,174.73,37351.32,7.369,0.0346,0.47,15,45,,69,True
5270,MANGO BOTTLING INC,12839,2024-10-30,2024-11-14,2024-12-24,2024-11,525,3771.01,17.35,3788.36,7.1829,0.033,0.4601,15,40,,6,True
8004,SAZERAC CO INC,12847,2024-10-30,2024-11-14,2024-12-28,2024-11,25613,190332.69,951.66,191284.35,7.4311,0.0372,0.5,15,44,,138,True
90056,SWEET BABY VINEYARD,12849,2024-10-30,2024-11-14,2024-12-27,2024-11,173,1466.12,7.92,1474.04,8.4747,0.0458,0.5402,15,43,,4,True
10754,PERFECTA WINES,12860,2024-10-31,2024-11-14,2024-12-29,2024-11,11812,159486.57,765.54,160252.11,13.5021,0.0648,0.48,14,45,,897,True
17035,PERNOD RICARD USA,12881,2024-11-01,2024-11-14,2024-12-23,2024-11,39712,666112.52,3463.79,669576.31,16.7736,0.0872,0.52,13,39,Frank Delahunt,277,True
98450,Serralles Usa LLC,12895,2024-11-02,2024-11-14,2025-01-01,2024-11,232,3128.48,15.33,3143.81,13.4848,0.0661,0.49,12,48,,16,True
2496,DUGGANS DISTILLED PRODUCTS,12901,2024-11-03,2024-11-14,2024-12-28,2024-11,238,3235.26,15.85,3251.11,13.5935,0.0666,0.4899,11,44,,5,True
3950,"HOOD RIVER DISTILLERS, Inc.",12907,2024-11-03,2024-11-14,2024-12-25,2024-11,647,13962.26,64.23,14026.49,21.58,0.0993,0.46,11,41,,7,True
6215,MOONLIGHT MEADERY,12917,2024-11-04,2024-11-14,2024-12-15,2024-11,84,751.2,3.38,754.58,8.9429,0.0402,0.4499,10,31,,7,True
90010,VINEXTRA INC,12925,2024-11-04,2024-11-14,2024-12-16,2024-11,159,1857.8,8.73,1866.53,11.6843,0.0549,0.4699,10,32,,47,True
7255,PSP WINES,12746,2024-10-24,2024-11-15,2024-12-12,2024-11,363,2734.09,14.22,2748.31,7.5319,0.0392,0.5201,22,27,,32,True
2242,DELICATO VINEYARDS INC,12756,2024-10-25,2024-11-15,2024-12-18,2024-11,3258,26925.3,145.4,27070.7,8.2644,0.0446,0.54,21,33,,96,True
2561,EDRINGTON AMERICAS,12757,2024-10-25,2024-11-15,2024-12-25,2024-11,1499,41198.14,201.87,41400.01,27.4837,0.1347,0.49,21,40,,33,True
6215,MOONLIGHT MEADERY,12761,2024-10-25,2024-11-15,2024-12-19,2024-11,60,528.6,2.75,531.35,8.81,0.0458,0.5202,21,34,,7,True
4550,KLIN SPIRITS LLC,12775,2024-10-26,2024-11-15,2024-12-15,2024-11,110,1669.92,8.68,1678.6,15.1811,0.0789,0.5198,20,30,,4,True
7240,"PREMIUM PORT WINES, INC.",12781,2024-10-26,2024-11-15,2024-12-08,2024-11,129,929.85,4.65,934.5,7.2081,0.036,0.5001,20,23,,3,True
8004,SAZERAC CO INC,12782,2024-10-26,2024-11-15,2024-12-17,2024-11,27395,178947.26,841.05,179788.31,6.5321,0.0307,0.47,20,32,,138,True
388,ATLANTIC IMPORTING COMPANY,12792,2024-10-27,2024-11-15,2024-12-16,2024-11,48,1023.36,5.32,1028.68,21.32,0.1108,0.5199,19,31,,3,True
9260,TY KU LLC,12810,2024-10-27,2024-11-15,2024-12-25,2024-11,42,396.9,1.87,398.77,9.45,0.0445,0.4712,19,40,,7,True
5455,MARSALLE COMPANY,12819,2024-10-28,2024-11-15,2024-12-16,2024-11,96,2321.14,11.61,2332.75,24.1785,0.1209,0.5002,18,31,,10,True
3960,DIAGEO NORTH AMERICA INC,12833,2024-10-30,2024-11-15,2024-12-19,2024-11,141660,1660435.88,8468.22,1668904.1,11.7213,0.0598,0.51,16,34,Frank Delahunt,449,True
4425,MARTIGNETTI COMPANIES,12841,2024-10-30,2024-11-15,2025-01-01,2024-11,49724,508389.08,2592.78,510981.86,10.2242,0.0521,0.51,16,47,Frank Delahunt,1639,True
7240,"PREMIUM PORT WINES, INC.",12844,2024-10-30,2024-11-15,2025-01-01,2024-11,227,1625.59,8.62,1634.21,7.1612,0.038,0.5303,16,47,,3,True
3089,SIDNEY FRANK IMPORTING CO,12848,2024-10-30,2024-11-15,2025-01-01,2024-11,3901,42389.96,203.47,42593.43,10.8664,0.0522,0.48,16,47,,13,True
1128,BROWN-FORMAN CORP,12852,2024-10-31,2024-11-15,2024-12-29,2024-11,23769,354155.84,1841.61,355997.45,14.8999,0.0775,0.52,15,44,Frank Delahunt,142,True
10000,MAJESTIC FINE WINES,12857,2024-10-31,2024-11-15,2024-12-22,2024-11,10912,84126.27,429.04,84555.31,7.7095,0.0393,0.51,15,37,,40,True
11567,CAMPARI AMERICA,12873,2024-11-01,2024-11-15,2024-12-22,2024-11,10607,82907.63,381.38,83289.01,7.8163,0.036,0.46,14,37,,74,True
1587,VINEYARD BRANDS INC,12887,2024-11-01,2024-11-15,2024-12-28,2024-11,2366,17466.9,94.32,17561.22,7.3825,0.0399,0.54,14,43,,87,True
90058,ZORVINO VINEYARDS,12889,2024-11-01,2024-11-15,2024-12-29,2024-11,155,1291.05,5.94,1296.99,8.3294,0.0383,0.4601,14,44,,6,True
90053,INCREDIBREW INC,12892,2024-11-02,2024-11-15,2024-12-16,2024-11,48,423.36,2.33,425.69,8.82,0.0485,0.5504,13,31,,4,True
3252,E & J GALLO WINERY,12902,2024-11-03,2024-11-15,2024-12-21,2024-11,35345,228470.71,1050.97,229521.68,6.464,0.0297,0.46,12,36,,527,True
9744,FREDERICK WILDMAN & SONS,12904,2024-11-03,2024-11-15,2024-12-30,2024-11,2094,36408.66,189.33,36597.99,17.3871,0.0904,0.52,12,45,,149,True
3551,GILMANTON WINERY & VINEYARD,12905,2024-11-03,2024-11-15,2024-12-27,2024-11,12,124.56,0.66,125.22,10.38,0.055,0.5299,12,42,,2,True
12546,JIM BEAM BRANDS COMPANY,12908,2024-11-03,2024-11-15,2024-12-31,2024-11,48685,447402.74,2326.49,449729.23,9.1897,0.0478,0.52,12,46,Frank Delahunt,415,True
9552,M S WALKER INC,12915,2024-11-04,2024-11-15,2024-12-23,2024-11,28175,230217.41,1105.04,231322.45,8.171,0.0392,0.48,11,38,,960,True
4380,CHARLES JACQUIN ET CIE INC,12831,2024-10-30,2024-11-16,2024-12-21,2024-11,523,3803.8,18.64,3822.44,7.273,0.0356,0.49,17,35,,15,True
10050,Russian Standard Vodka,12862,2024-10-31,2024-11-16,2024-12-20,2024-11,60,960.36,4.99,965.35,16.006,0.0832,0.5196,16,34,,13,True
8920,TAKARA SAKE USA INC,12884,2024-11-01,2024-11-16,2024-12-21,2024-11,204,1271.53,6.74,1278.27,6.233,0.033,0.5301,15,35,,3,True
1189,BULLY BOY DISTILLERS,12914,2024-11-04,2024-11-16,2024-12-30,2024-11,64,1418.68,7.09,1425.77,22.1669,0.1108,0.4998,12,44,,6,True
2450,DJINN SPIRITS LLC,12834,2024-10-30,2024-11-17,2024-12-21,2024-11,48,799.68,3.92,803.6,16.66,0.0817,0.4902,18,34,,6,True
8352,LUXCO INC,12838,2024-10-30,2024-11-17,2024-12-27,2024-11,4533,36730.63,179.98,36910.61,8.1029,0.0397,0.49,18,40,,69,True
9206,PHILLIPS PRODUCTS CO.,12843,2024-10-30,2024-11-17,2024-12-26,2024-11,608,6929.59,36.73,6966.32,11.3974,0.0604,0.53,18,39,,33,True
2396,BLACK PRINCE DISTILLERY INC,12851,2024-10-31,2024-11-17,2024-12-19,2024-11,12,52.08,0.26,52.34,4.34,0.0217,0.4992,17,32,,10,True
1650,Circa Wines,12875,2024-11-01,2024-11-17,2024-12-27,2024-11,2,19.72,0.1,19.82,9.86,0.05,0.5071,16,40,,74,True
480,BACARDI USA INC,12890,2024-11-02,2024-11-17,2024-12-29,2024-11,40775,574958.37,3047.28,578005.65,14.1008,0.0747,0.53,15,42,Frank Delahunt,184,True
1392,CONSTELLATION BRANDS INC,12891,2024-11-02,2024-11-17,2024-12-25,2024-11,39439,274501.02,1317.6,275818.62,6.9601,0.0334,0.48,15,38,Frank Delahunt,481,True
4848,LAIRD & CO,12893,2024-11-02,2024-11-17,2024-12-26,2024-11,177,1707.06,8.02,1715.08,9.6444,0.0453,0.4698,15,39,,16,True
3664,WILLIAM GRANT & SONS INC,12897,2024-11-02,2024-11-17,2024-12-24,2024-11,4871,91235.95,447.06,91683.01,18.7304,0.0918,0.49,15,37,,85,True
2242,DELICATO VINEYARDS INC,12899,2024-11-03,2024-11-17,2025-01-01,2024-11,3490,28721.11,146.48,28867.59,8.2295,0.042,0.51,14,45,,96,True
2555,DISARONNO INTERNATIONAL LLC,12900,2024-11-03,2024-11-17,2024-12-23,2024-11,2439,26959.69,145.58,27105.27,11.0536,0.0597,0.54,14,36,,12,True
8673,STE MICHELLE WINE ESTATES,12912,2024-11-03,2024-11-17,2024-12-16,2024-11,8317,63538.24,336.75,63874.99,7.6396,0.0405,0.53,14,29,,144,True
17032,JEWELL TOWNE VINEYARDS,12837,2024-10-30,2024-11-18,2024-12-20,2024-11,84,717.12,3.23,720.35,8.5371,0.0385,0.4504,19,32,,7,True
5455,MARSALLE COMPANY,12840,2024-10-30,2024-11-18,2024-12-28,2024-11,105,2693.92,12.39,2706.31,25.6564,0.118,0.4599,19,40,,10,True
7255,PSP WINES,12845,2024-10-30,2024-11-18,2024-12-23,2024-11,475,3681.78,17.3,3699.08,7.7511,0.0364,0.4699,19,35,,32,True
8892,TRINCHERO FAMILY ESTATES,12867,2024-10-31,2024-11-18,2024-12-28,2024-11,5789,36686.2,183.43,36869.63,6.3372,0.0317,0.5,18,40,,153,True
90011,FORTUNE WINE BROKERS LLC,12877,2024-11-01,2024-11-18,2024-12-28,2024-11,89,792.41,4.2,796.61,8.9035,0.0472,0.53,17,40,,62,True
7153,PINE STATE TRADING CO,12882,2024-11-01,2024-11-18,2024-12-23,2024-11,6585,48990.3,264.55,49254.85,7.4397,0.0402,0.54,17,35,,480,True
12331,STELLAR IMPORTING CO LLC,12896,2024-11-02,2024-11-18,2024-12-31,2024-11,36,257.04,1.31,258.35,7.14,0.0364,0.5096,16,43,,19,True
388,ATLANTIC IMPORTING COMPANY,12898,2024-11-03,2024-11-18,2024-12-17,2024-11,50,1066.0,5.65,1071.65,21.32,0.113,0.53,15,29,,3,True
6355,NICHE W & S,12909,2024-11-03,2024-11-18,2024-12-30,2024-11,104,1895.96,10.05,1906.01,18.2304,0.0966,0.5301,15,42,,8,True
6785,PALM BAY INTERNATIONAL INC,12918,2024-11-04,2024-11-18,2024-12-23,2024-11,8589,60284.45,319.51,60603.96,7.0188,0.0372,0.53,14,35,,174,True
8150,SEA HAGG DISTILLERY LLC,12919,2024-11-04,2024-11-18,2024-12-24,2024-11,473,5632.44,26.47,5658.91,11.9079,0.056,0.47,14,36,,9,True
1273,CALEDONIA SPIRITS INC,12829,2024-10-30,2024-11-19,2024-12-25,2024-11,81,2458.26,12.54,2470.8,30.3489,0.1548,0.5101,20,36,,5,True
7239,REMY COINTREAU USA INC,12846,2024-10-30,2024-11-19,2025-01-01,2024-11,2870,69952.73,314.79,70267.52,24.3738,0.1097,0.45,20,43,,45,True
1655,FABRIZIA SPIRITS LLC,12854,2024-10-31,2024-11-19,2024-12-25,2024-11,504,6579.53,34.21,6613.74,13.0546,0.0679,0.5199,19,36,,8,True
4950,LATITUDE BEVERAGE COMPANY,12856,2024-10-31,2024-11-19,2024-12-25,2024-11,922,5490.13,29.1,5519.23,5.9546,0.0316,0.53,19,36,,45,True
6359,OLE SMOKY DISTILLERY LLC,12859,2024-10-31,2024-11-19,2024-12-18,2024-11,16263,27895.85,147.85,28043.7,1.7153,0.0091,0.53,19,29,,18,True
90027,POVERTY LANE ORCHARDS,12861,2024-10-31,2024-11-19,2024-12-16,2024-11,59,459.61,2.44,462.05,7.79,0.0414,0.5309,19,27,,8,True
8664,"STOLI GROUP,(USA) LLC",12865,2024-10-31,2024-11-19,2024-12-24,2024-11,5454,67417.08,330.34,67747.42,12.361,0.0606,0.49,19,35,,48,True
172662,SWEETWATER FARM,12866,2024-10-31,2024-11-19,2024-12-20,2024-11,36,776.88,3.81,780.69,21.58,0.1058,0.4904,19,31,,5,True
9260,TY KU LLC,12868,2024-10-31,2024-11-19,2024-12-27,2024-11,54,500.1,2.4,502.5,9.2611,0.0444,0.4799,19,38,,7,True
90024,VINILANDIA USA,12869,2024-10-31,2024-11-19,2024-12-29,2024-11,921,8046.58,38.62,8085.2,8.7368,0.0419,0.48,19,40,,206,True
4692,KOBRAND CORPORATION,12878,2024-11-01,2024-11-19,2024-12-27,2024-11,2738,35853.18,168.51,36021.69,13.0947,0.0615,0.47,18,38,,242,True
2561,EDRINGTON AMERICAS,12903,2024-11-03,2024-11-19,2024-12-16,2024-11,1182,36489.28,193.39,36682.67,30.8708,0.1636,0.53,16,27,,33,True
90052,HAUNTING WHISPER VYDS,12906,2024-11-03,2024-11-19,2024-12-18,2024-11,12,94.08,0.5,94.58,7.84,0.0417,0.5315,16,29,,2,True
17033,SEA BREEZE CELLARS LLC,12911,2024-11-03,2024-11-19,2024-12-15,2024-11,81,1060.2,5.41,1065.61,13.0889,0.0668,0.5103,16,26,,16,True
2000,SOUTHERN WINE & SPIRITS NE,12921,2024-11-04,2024-11-19,2024-12-27,2024-11,6806,62850.62,320.54,63171.16,9.2346,0.0471,0.51,15,38,,417,True
90017,THE IMPORTED GRAPE LLC,12923,2024-11-04,2024-11-19,2024-12-24,2024-11,12,48.6,0.23,48.83,4.05,0.0192,0.4733,15,35,,40,True
9165,ULTRA BEVERAGE COMPANY LLP,12924,2024-11-04,2024-11-19,2024-12-19,2024-11,18453,261998.06,1231.39,263229.45,14.1981,0.0667,0.47,15,30,Frank Delahunt,965,True
4466,AMERICAN VINTAGE BEVERAGE,12828,2024-10-30,2024-11-20,2024-12-18,2024-11,262,2597.36,12.99,2610.35,9.9136,0.0496,0.5001,21,28,,3,True
1485,CASTLE BRANDS CORP.,12830,2024-10-30,2024-11-20,2024-12-20,2024-11,1708,25679.89,115.56,25795.45,15.0351,0.0677,0.45,21,30,,29,True
8320,SHAW ROSS INT L IMP LTD,12864,2024-10-31,2024-11-20,2024-12-29,2024-11,1446,12992.81,66.26,13059.07,8.9853,0.0458,0.51,20,39,,38,True
105,ALTAMAR BRANDS LLC,12871,2024-11-01,2024-11-20,2024-12-22,2024-11,12,428.52,2.31,430.83,35.71,0.1925,0.5391,19,32,,3,True
2876,CENTEUR IMPORTS LLC,12874,2024-11-01,2024-11-20,2024-12-16,2024-11,12,105.0,0.58,105.58,8.75,0.0483,0.5524,19,26,,11,True
90032,LABELLE VYDS AND WINERY,12879,2024-11-01,2024-11-20,2024-12-24,2024-11,770,14956.3,82.26,15038.56,19.4238,0.1068,0.55,19,34,,10,True
6830,PARK STREET IMPORTS LLC,12880,2024-11-01,2024-11-20,2024-12-30,2024-11,109,1724.44,8.28,1732.72,15.8206,0.076,0.4802,19,40,,12,True
9625,WESTERN SPIRITS BEVERAGE CO,12888,2024-11-01,2024-11-20,2024-12-21,2024-11,1079,6859.05,34.3,6893.35,6.3569,0.0318,0.5001,19,31,,26,True
7245,PROXIMO SPIRITS INC.,12894,2024-11-02,2024-11-20,2024-12-31,2024-11,10509,115319.46,553.53,115872.99,10.9734,0.0527,0.48,18,41,,114,True
7154,PREMIER DISTRIBUTORS,12910,2024-11-03,2024-11-20,2024-12-17,2024-11,125,1985.89,10.13,1996.02,15.8871,0.081,0.5101,17,27,,7,True
17037,Dunn Wine Brokers,12835,2024-10-30,2024-11-21,2024-12-22,2024-11,12,173.76,0.82,174.58,14.48,0.0683,0.4719,22,31,,35,True
6213,MHW LTD,12842,2024-10-30,2024-11-21,2024-12-17,2024-11,4258,37011.58,196.16,37207.74,8.6922,0.0461,0.53,22,26,,96,True
1590,DIAGEO CHATEAU ESTATE WINES,12853,2024-10-31,2024-11-21,2024-12-17,2024-11,3912,25754.44,136.5,25890.94,6.5834,0.0349,0.53,21,26,,117,True
4550,KLIN SPIRITS LLC,12855,2024-10-31,2024-11-21,2025-01-01,2024-11,82,1323.49,6.62,1330.11,16.1401,0.0807,0.5002,21,41,,4,True
9622,WEIN BAUER INC,12870,2024-10-31,2024-11-21,2024-12-20,2024-11,54,1030.32,5.25,1035.57,19.08,0.0972,0.5096,21,29,,6,True
516,BANFI PRODUCTS CORP,12872,2024-11-01,2024-11-21,2024-12-16,2024-11,4027,29835.81,158.13,29993.94,7.4089,0.0393,0.53,20,25,,149,True
17031,FLAG HILL WINERY & VINEYARD,12876,2024-11-01,2024-11-21,2024-12-27,2024-11,428,7349.5,36.01,7385.51,17.1717,0.0841,0.49,20,36,,19,True
28776,TALL SHIP DISTILLERY LLC,12885,2024-11-01,2024-11-21,2024-12-29,2024-11,27,590.77,2.72,593.49,21.8804,0.1007,0.4604,20,38,,4,True
173357,TAMWORTH DISTILLING,12886,2024-11-01,2024-11-21,2024-12-30,2024-11,60,1162.2,5.58,1167.78,19.37,0.093,0.4801,20,39,,4,True
28750,SMOKY QUARTZ DISTILLERY LLC,12920,2024-11-04,2024-11-21,2024-12-22,2024-11,71,1564.84,8.14,1572.98,22.04,0.1146,0.5202,17,31,,4,True
1601,VRANKEN AMERICA,12926,2024-11-04,2024-11-21,2024-12-22,2024-11,112,2063.17,11.14,2074.31,18.4212,0.0995,0.5399,17,31,,21,True
90056,SWEET BABY VINEYARD,12942,2024-11-06,2024-11-21,2025-01-05,2024-11,235,1994.57,9.37,2003.94,8.4875,0.0399,0.4698,15,45,,4,True
90010,VINEXTRA INC,12943,2024-11-06,2024-11-21,2025-01-06,2024-11,114,1106.52,5.31,1111.83,9.7063,0.0466,0.4799,15,46,,47,True
11567,CAMPARI AMERICA,12948,2024-11-07,2024-11-21,2025-01-06,2024-11,9455,77705.13,372.98,78078.11,8.2184,0.0394,0.48,14,46,,74,True
7153,PINE STATE TRADING CO,12956,2024-11-07,2024-11-21,2024-12-23,2024-11,6715,60750.78,279.45,61030.23,9.047,0.0416,0.46,14,32,,480,True
17033,SEA BREEZE CELLARS LLC,12959,2024-11-07,2024-11-21,2024-12-25,2024-11,30,1307.16,6.67,1313.83,43.572,0.2223,0.5103,14,34,,16,True
90011,FORTUNE WINE BROKERS LLC,12968,2024-11-08,2024-11-21,2024-12-22,2024-11,22,173.58,0.95,174.53,7.89,0.0432,0.5473,13,31,,62,True
17032,JEWELL TOWNE VINEYARDS,12969,2024-11-08,2024-11-21,2024-12-25,2024-11,119,929.69,4.83,934.52,7.8125,0.0406,0.5195,13,34,,7,True
5270,MANGO BOTTLING INC,12971,2024-11-08,2024-11-21,2024-12-24,2024-11,641,4561.55,20.53,4582.08,7.1163,0.032,0.4501,13,33,,6,True
2450,DJINN SPIRITS LLC,12982,2024-11-09,2024-11-21,2024-12-30,2024-11,57,1037.07,4.77,1041.84,18.1942,0.0837,0.4599,12,39,,6,True
17031,FLAG HILL WINERY & VINEYARD,12984,2024-11-09,2024-11-21,2025-01-01,2024-11,400,6476.14,34.97,6511.11,16.1904,0.0874,0.54,12,41,,19,True
17035,PERNOD RICARD USA,12986,2024-11-09,2024-11-21,2025-01-01,2024-11,32659,546051.11,2730.26,548781.37,16.7198,0.0836,0.5,12,41,Frank Delahunt,277,True
2242,DELICATO VINEYARDS INC,12994,2024-11-10,2024-11-21,2025-01-03,2024-11,3810,32212.22,170.72,32382.94,8.4547,0.0448,0.53,11,43,,96,True
4550,KLIN SPIRITS LLC,12999,2024-11-10,2024-11-21,2025-01-08,2024-11,119,1864.45,8.39,1872.84,15.6676,0.0705,0.45,11,48,,4,True
90027,POVERTY LANE ORCHARDS,13006,2024-11-10,2024-11-21,2024-12-28,2024-11,48,373.92,1.76,375.68,7.79,0.0367,0.4707,11,37,,8,True
7240,"PREMIUM PORT WINES, INC.",13007,2024-11-10,2024-11-21,2025-01-02,2024-11,144,1077.66,5.28,1082.94,7.4838,0.0367,0.49,11,42,,3,True
4950,LATITUDE BEVERAGE COMPANY,13018,2024-11-11,2024-11-21,2025-01-02,2024-11,703,4270.54,22.21,4292.75,6.0747,0.0316,0.5201,10,42,,45,True
90047,CRUSH WINES,12832,2024-10-30,2024-11-22,2024-12-18,2024-11,309,2616.02,12.56,2628.58,8.4661,0.0406,0.4801,23,26,,165,True
9819,TREASURY WINE ESTATES,12850,2024-10-30,2024-11-22,2024-12-22,2024-11,7034,40792.66,220.28,41012.94,5.7994,0.0313,0.54,23,30,,111,True
8112,MOET HENNESSY USA INC,12858,2024-10-31,2024-11-22,2024-12-18,2024-11,14904,368424.93,1657.91,370082.84,24.7199,0.1112,0.45,22,26,Frank Delahunt,129,True
660,SAZERAC NORTH AMERICA INC.,12863,2024-10-31,2024-11-22,2024-12-29,2024-11,10062,69368.51,346.84,69715.35,6.8941,0.0345,0.5,22,37,,84,True
653,STATE WINE & SPIRITS,12883,2024-11-01,2024-11-22,2024-12-27,2024-11,2360,21857.31,104.92,21962.23,9.2616,0.0445,0.48,21,35,,258,True
60,ADAMBA IMPORTS INTL INC,12913,2024-11-04,2024-11-22,2024-12-31,2024-11,130,2057.14,9.26,2066.4,15.8242,0.0712,0.4501,18,39,,3,True
5992,MCCORMICK DISTILLING CO,12916,2024-11-04,2024-11-22,2024-12-19,2024-11,649,7180.78,38.06,7218.84,11.0644,0.0586,0.53,18,27,,35,True
8735,SURVILLE ENTERPRISES CORP,12922,2024-11-04,2024-11-22,2024-12-28,2024-11,46,341.52,1.74,343.26,7.4243,0.0378,0.5095,18,36,,22,True
9815,WINE GROUP INC,12927,2024-11-04,2024-11-22,2024-12-27,2024-11,17109,101293.66,536.86,101830.52,5.9205,0.0314,0.53,18,35,,215,True
7154,PREMIER DISTRIBUTORS,12937,2024-11-06,2024-11-22,2025-01-08,2024-11,152,1951.78,9.76,1961.54,12.8407,0.0642,0.5001,16,47,,7,True
4692,KOBRAND CORPORATION,12951,2024-11-07,2024-11-22,2024-12-26,2024-11,3878,64302.49,302.22,64604.71,16.5814,0.0779,0.47,15,34,,242,True
1189,BULLY BOY DISTILLERS,12965,2024-11-08,2024-11-22,2025-01-02,2024-11,53,1163.65,5.35,1169.0,21.9557,0.1009,0.4598,14,41,,6,True
90032,LABELLE VYDS AND WINERY,13000,2024-11-10,2024-11-22,2025-01-05,2024-11,328,3730.55,16.79,3747.34,11.3736,0.0512,0.4501,12,44,,10,True
8664,"STOLI GROUP,(USA) LLC",13023,2024-11-11,2024-11-22,2025-01-07,2024-11,5279,72273.27,354.14,72627.41,13.6907,0.0671,0.49,11,46,,48,True
9622,WEIN BAUER INC,13028,2024-11-11,2024-11-22,2025-01-03,2024-11,23,438.84,2.02,440.86,19.08,0.0878,0.4603,11,42,,6,True
60,ADAMBA IMPORTS INTL INC,12928,2024-11-06,2024-11-23,2024-12-22,2024-11,115,1871.05,9.17,1880.22,16.27,0.0797,0.4901,17,29,,3,True
8352,LUXCO INC,12934,2024-11-06,2024-11-23,2025-01-04,2024-11,4232,33576.8,177.96,33754.76,7.934,0.0421,0.53,17,42,,69,True
12546,JIM BEAM BRANDS COMPANY,12950,2024-11-07,2024-11-23,2024-12-24,2024-11,51285,443523.01,2395.02,445918.03,8.6482,0.0467,0.54,16,31,Frank Delahunt,415,True
7255,PSP WINES,12957,2024-11-07,2024-11-23,2025-01-02,2024-11,396,2922.39,16.07,2938.46,7.3798,0.0406,0.5499,16,40,,32,True
173357,TAMWORTH DISTILLING,12964,2024-11-07,2024-11-23,2025-01-03,2024-11,92,1737.7,7.82,1745.52,18.888,0.085,0.45,16,41,,4,True
9165,ULTRA BEVERAGE COMPANY LLP,12975,2024-11-08,2024-11-23,2025-01-02,2024-11,19141,297077.3,1455.68,298532.98,15.5205,0.0761,0.49,15,40,Frank Delahunt,965,True
1703,ALISA CARR BEVERAGES,12977,2024-11-09,2024-11-23,2025-01-02,2024-11,2,155.84,0.83,156.67,77.92,0.415,0.5326,14,40,,32,True
90047,CRUSH WINES,12993,2024-11-10,2024-11-23,2025-01-03,2024-11,410,5482.7,28.51,5511.21,13.3724,0.0695,0.52,13,41,,165,True
90053,INCREDIBREW INC,12998,2024-11-10,2024-11-23,2025-01-06,2024-11,83,733.84,3.6,737.44,8.8414,0.0434,0.4906,13,44,,4,True
5992,MCCORMICK DISTILLING CO,13002,2024-11-10,2024-11-23,2024-12-27,2024-11,515,5275.37,24.79,5300.16,10.2434,0.0481,0.4699,13,34,,35,True
3252,E & J GALLO WINERY,13015,2024-11-11,2024-11-23,2024-12-26,2024-11,36047,231706.92,1228.05,232934.97,6.4279,0.0341,0.53,12,33,,527,True
8892,TRINCHERO FAMILY ESTATES,13024,2024-11-11,2024-11-23,2024-12-28,2024-11,6494,40135.13,180.61,40315.74,6.1803,0.0278,0.45,12,35,,153,True
4425,MARTIGNETTI COMPANIES,12935,2024-11-06,2024-11-24,2025-01-04,2024-11,61986,624195.48,3245.82,627441.3,10.0699,0.0524,0.52,18,41,Frank Delahunt,1639,True
90058,ZORVINO VINEYARDS,12945,2024-11-06,2024-11-24,2024-12-24,2024-11,107,821.37,4.19,825.56,7.6764,0.0392,0.5101,18,30,,6,True
9552,M S WALKER INC,12953,2024-11-07,2024-11-24,2025-01-04,2024-11,33116,277542.68,1387.71,278930.39,8.3809,0.0419,0.5,17,41,Frank Delahunt,960,True
4848,LAIRD & CO,12970,2024-11-08,2024-11-24,2024-12-22,2024-11,982,18937.82,100.37,19038.19,19.2849,0.1022,0.53,16,28,,16,True
3924,HEAVEN HILL DISTILLERIES,12997,2024-11-10,2024-11-24,2024-12-27,2024-11,5412,39851.8,207.23,40059.03,7.3636,0.0383,0.52,14,33,,69,True
6213,MHW LTD,13003,2024-11-10,2024-11-24,2024-12-30,2024-11,5808,37138.78,200.55,37339.33,6.3944,0.0345,0.54,14,36,,96,True
660,SAZERAC NORTH AMERICA INC.,13009,2024-11-10,2024-11-24,2025-01-06,2024-11,9638,66935.7,327.98,67263.68,6.945,0.034,0.49,14,43,,84,True
6785,PALM BAY INTERNATIONAL INC,13020,2024-11-11,2024-11-24,2024-12-23,2024-11,7815,54930.35,258.17,55188.52,7.0288,0.033,0.47,13,29,,174,True
1128,BROWN-FORMAN CORP,12931,2024-11-06,2024-11-25,2025-01-04,2024-11,23501,356155.13,1638.31,357793.44,15.1549,0.0697,0.46,19,40,Frank Delahunt,142,True
3551,GILMANTON WINERY & VINEYARD,12933,2024-11-06,2024-11-25,2024-12-26,2024-11,12,126.24,0.58,126.82,10.52,0.0483,0.4594,19,31,,2,True
12331,STELLAR IMPORTING CO LLC,12941,2024-11-06,2024-11-25,2025-01-04,2024-11,36,238.56,1.22,239.78,6.6267,0.0339,0.5114,19,40,,19,True
7239,REMY COINTREAU USA INC,12958,2024-11-07,2024-11-25,2024-12-30,2024-11,2991,72505.71,348.03,72853.74,24.2413,0.1164,0.48,18,35,,45,True
8004,SAZERAC CO INC,12973,2024-11-08,2024-11-25,2024-12-30,2024-11,27897,215466.88,1098.88,216565.76,7.7237,0.0394,0.51,17,35,,138,True
2396,BLACK PRINCE DISTILLERY INC,12978,2024-11-09,2024-11-25,2024-12-24,2024-11,12,52.08,0.27,52.35,4.34,0.0225,0.5184,16,29,,10,True
99166,STARK BREWING COMPANY,12989,2024-11-09,2024-11-25,2024-12-22,2024-11,48,1028.16,5.24,1033.4,21.42,0.1092,0.5096,16,27,,1,True
388,ATLANTIC IMPORTING COMPANY,12991,2024-11-10,2024-11-25,2024-12-31,2024-11,6,398.4,2.11,400.51,66.4,0.3517,0.5296,15,36,,3,True
5455,MARSALLE COMPANY,13001,2024-11-10,2024-11-25,2024-12-27,2024-11,106,2797.66,14.83,2812.49,26.393,0.1399,0.5301,15,32,,10,True
8112,MOET HENNESSY USA INC,13004,2024-11-10,2024-11-25,2024-12-30,2024-11,10923,273731.61,1396.03,275127.64,25.0601,0.1278,0.51,15,35,Frank Delahunt,129,True
2561,EDRINGTON AMERICAS,13016,2024-11-11,2024-11-25,2025-01-01,2024-11,1478,44558.21,222.79,44781.0,30.1476,0.1507,0.5,14,37,,33,True
6355,NICHE W & S,13019,2024-11-11,2024-11-25,2024-12-23,2024-11,139,2295.42,12.4,2307.82,16.5138,0.0892,0.5402,14,28,,8,True
90024,VINILANDIA USA,13026,2024-11-11,2024-11-25,2025-01-06,2024-11,1060,12030.56,62.56,12093.12,11.3496,0.059,0.52,14,42,,206,True
9744,FREDERICK WILDMAN & SONS,12932,2024-11-06,2024-11-26,2024-12-28,2024-11,1661,17138.49,78.84,17217.33,10.3182,0.0475,0.46,20,32,,149,True
9206,PHILLIPS PRODUCTS CO.,12936,2024-11-06,2024-11-26,2024-12-30,2024-11,563,6404.25,29.46,6433.71,11.3752,0.0523,0.46,20,34,,33,True
8673,STE MICHELLE WINE ESTATES,12940,2024-11-06,2024-11-26,2024-12-22,2024-11,9792,72574.64,370.13,72944.77,7.4116,0.0378,0.51,20,26,,144,True
480,BACARDI USA INC,12946,2024-11-07,2024-11-26,2024-12-28,2024-11,32203,400311.97,1801.4,402113.37,12.4309,0.0559,0.45,19,32,Frank Delahunt,184,True
5083,LOYAL DOG WINERY,12952,2024-11-07,2024-11-26,2024-12-28,2024-11,204,1972.68,8.88,1981.56,9.67,0.0435,0.4501,19,32,,1,True
2000,SOUTHERN WINE & SPIRITS NE,12960,2024-11-07,2024-11-26,2024-12-23,2024-11,72,8380.32,45.25,8425.57,116.3933,0.6285,0.54,19,27,,417,True
653,STATE WINE & SPIRITS,12961,2024-11-07,2024-11-26,2024-12-27,2024-11,1844,18193.32,87.33,18280.65,9.8662,0.0474,0.48,19,31,,258,True
8735,SURVILLE ENTERPRISES CORP,12962,2024-11-07,2024-11-26,2024-12-28,2024-11,280,2895.92,14.77,2910.69,10.3426,0.0527,0.51,19,32,,22,True
2496,DUGGANS DISTILLED PRODUCTS,12967,2024-11-08,2024-11-26,2024-12-25,2024-11,227,2968.18,14.54,2982.72,13.0757,0.0641,0.4899,18,29,,5,True
8920,TAKARA SAKE USA INC,12974,2024-11-08,2024-11-26,2025-01-04,2024-11,216,967.06,4.55,971.61,4.4771,0.0211,0.4705,18,39,,3,True
1655,FABRIZIA SPIRITS LLC,12983,2024-11-09,2024-11-26,2024-12-31,2024-11,428,5552.44,29.43,5581.87,12.973,0.0688,0.53,17,35,,8,True
1590,DIAGEO CHATEAU ESTATE WINES,12995,2024-11-10,2024-11-26,2025-01-01,2024-11,5139,36337.68,188.96,36526.64,7.071,0.0368,0.52,16,36,,117,True
6359,OLE SMOKY DISTILLERY LLC,13005,2024-11-10,2024-11-26,2025-01-01,2024-11,4391,9737.0,52.58,9789.58,2.2175,0.012,0.54,16,36,,18,True
10050,Russian Standard Vodka,13008,2024-11-10,2024-11-26,2024-12-25,2024-11,96,1349.88,7.15,1357.03,14.0613,0.0745,0.5297,16,29,,13,True
9260,TY KU LLC,13012,2024-11-10,2024-11-26,2025-01-05,2024-11,24,330.36,1.82,332.18,13.765,0.0758,0.5509,16,40,,7,True
1392,CONSTELLATION BRANDS INC,13013,2024-11-11,2024-11-26,2025-01-05,2024-11,40110,280772.04,1516.17,282288.21,7.0001,0.0378,0.54,15,40,Frank Delahunt,481,True
9815,WINE GROUP INC,13029,2024-11-11,2024-11-26,2025-01-06,2024-11,18102,104567.33,470.55,105037.88,5.7766,0.026,0.45,15,41,,215,True
4466,AMERICAN VINTAGE BEVERAGE,12929,2024-11-06,2024-11-27,2025-01-04,2024-11,270,2622.32,12.85,2635.17,9.7123,0.0476,0.49,21,38,,3,True
3089,SIDNEY FRANK IMPORTING CO,12939,2024-11-06,2024-11-27,2025-01-01,2024-11,2819,28204.68,138.2,28342.88,10.0052,0.049,0.49,21,35,,13,True
1273,CALEDONIA SPIRITS INC,12947,2024-11-07,2024-11-27,2025-01-08,2024-11,175,5499.18,29.7,5528.88,31.4239,0.1697,0.5401,20,42,,5,True
90046,CANDIA VINEYARDS,12949,2024-11-07,2024-11-27,2024-12-31,2024-11,24,236.52,1.09,237.61,9.855,0.0454,0.4608,20,34,,5,True
7245,PROXIMO SPIRITS INC.,12972,2024-11-08,2024-11-27,2025-01-04,2024-11,11317,126133.48,668.51,126801.99,11.1455,0.0591,0.53,19,38,,114,True
6830,PARK STREET IMPORTS LLC,12985,2024-11-09,2024-11-27,2025-01-08,2024-11,54,836.28,4.27,840.55,15.4867,0.0791,0.5106,18,42,,12,True
1485,CASTLE BRANDS CORP.,12992,2024-11-10,2024-11-27,2025-01-01,2024-11,1578,23297.49,128.14,23425.63,14.7639,0.0812,0.55,17,35,,29,True
17037,Dunn Wine Brokers,12996,2024-11-10,2024-11-27,2025-01-06,2024-11,36,617.4,3.21,620.61,17.15,0.0892,0.5199,17,40,,35,True
8320,SHAW ROSS INT L IMP LTD,13010,2024-11-10,2024-11-27,2024-12-23,2024-11,1287,11223.64,58.36,11282.0,8.7208,0.0453,0.52,17,26,,38,True
9819,TREASURY WINE ESTATES,13011,2024-11-10,2024-11-27,2024-12-29,2024-11,8103,48078.51,216.35,48294.86,5.9334,0.0267,0.45,17,32,,111,True
10754,PERFECTA WINES,13021,2024-11-11,2024-11-27,2024-12-29,2024-11,9042,116854.46,642.7,117497.16,12.9235,0.0711,0.55,16,32,,897,True
8150,SEA HAGG DISTILLERY LLC,13022,2024-11-11,2024-11-27,2024-12-23,2024-11,426,5157.4,27.33,5184.73,12.1066,0.0642,0.5299,16,26,,9,True
1601,VRANKEN AMERICA,13027,2024-11-11,2024-11-27,2024-12-29,2024-11,261,4998.78,26.49,5025.27,19.1524,0.1015,0.5299,16,32,,21,True
516,BANFI PRODUCTS CORP,12930,2024-11-06,2024-11-28,2024-12-22,2024-11,3989,29645.49,151.19,29796.68,7.4318,0.0379,0.51,22,24,,149,True
98450,Serralles Usa LLC,12938,2024-11-06,2024-11-28,2025-01-08,2024-11,161,2211.4,10.17,2221.57,13.7354,0.0632,0.4599,22,41,,16,True
10000,MAJESTIC FINE WINES,12954,2024-11-07,2024-11-28,2025-01-03,2024-11,10083,78909.14,410.33,79319.47,7.826,0.0407,0.52,21,36,,40,True
6215,MOONLIGHT MEADERY,12955,2024-11-07,2024-11-28,2024-12-22,2024-11,70,634.11,2.85,636.96,9.0587,0.0407,0.4494,21,24,,7,True
28776,TALL SHIP DISTILLERY LLC,12963,2024-11-07,2024-11-28,2024-12-23,2024-11,70,1499.74,7.2,1506.94,21.4249,0.1029,0.4801,21,25,,4,True
3664,WILLIAM GRANT & SONS INC,12976,2024-11-08,2024-11-28,2024-12-23,2024-11,5348,108579.09,488.61,109067.7,20.3027,0.0914,0.45,20,25,,85,True
1650,Circa Wines,12980,2024-11-09,2024-11-28,2025-01-08,2024-11,24,222.36,1.0,223.36,9.265,0.0417,0.4497,19,41,,74,True
28750,SMOKY QUARTZ DISTILLERY LLC,12987,2024-11-09,2024-11-28,2025-01-02,2024-11,93,2049.12,9.84,2058.96,22.0335,0.1058,0.4802,19,35,,4,True
2000,SOUTHERN WINE & SPIRITS NE,12988,2024-11-09,2024-11-28,2025-01-04,2024-11,6842,65969.55,329.85,66299.4,9.6419,0.0482,0.5,19,37,,417,True
9625,WESTERN SPIRITS BEVERAGE CO,12990,2024-11-09,2024-11-28,2025-01-06,2024-11,1506,7313.81,37.3,7351.11,4.8564,0.0248,0.51,19,39,,26,True
90051,FULCHINO VINEYARD INC,13017,2024-11-11,2024-11-28,2024-12-25,2024-11,12,120.72,0.59,121.31,10.06,0.0492,0.4887,17,27,,2,True
1003,BRONCO WINE COMPANY,13031,2024-11-13,2024-11-28,2025-01-12,2024-11,28,95.32,0.48,95.8,3.4043,0.0171,0.5036,15,45,,8,True
10050,Russian Standard Vodka,13041,2024-11-13,2024-11-28,2024-12-31,2024-11,87,1270.98,6.1,1277.08,14.609,0.0701,0.4799,15,33,,13,True
105,ALTAMAR BRANDS LLC,13053,2024-11-14,2024-11-28,2025-01-13,2024-11,6,214.26,1.16,215.42,35.71,0.1933,0.5414,14,46,,3,True
1189,BULLY BOY DISTILLERS,13054,2024-11-14,2024-11-28,2025-01-04,2024-11,263,5696.83,30.19,5727.02,21.661,0.1148,0.5299,14,37,,6,True
7153,PINE STATE TRADING CO,13065,2024-11-14,2024-11-28,2025-01-01,2024-11,6433,48779.12,224.38,49003.5,7.5826,0.0349,0.46,14,34,,480,True
388,ATLANTIC IMPORTING COMPANY,13076,2024-11-15,2024-11-28,2025-01-08,2024-11,71,1513.72,6.81,1520.53,21.32,0.0959,0.4499,13,41,,3,True
10000,MAJESTIC FINE WINES,13081,2024-11-15,2024-11-28,2025-01-13,2024-11,8712,68208.91,341.04,68549.95,7.8293,0.0391,0.5,13,46,,40,True
90027,POVERTY LANE ORCHARDS,13084,2024-11-15,2024-11-28,2025-01-12,2024-11,189,1502.73,7.21,1509.94,7.951,0.0381,0.4798,13,45,,8,True
9622,WEIN BAUER INC,13090,2024-11-15,2024-11-28,2025-01-08,2024-11,80,1279.73,6.91,1286.64,15.9966,0.0864,0.54,13,41,,6,True
4466,AMERICAN VINTAGE BEVERAGE,13092,2024-11-16,2024-11-28,2024-12-30,2024-11,209,2036.17,11.2,2047.37,9.7424,0.0536,0.5501,12,32,,3,True
6785,PALM BAY INTERNATIONAL INC,13100,2024-11-16,2024-11-28,2025-01-05,2024-11,7598,55148.67,270.23,55418.9,7.2583,0.0356,0.49,12,38,,174,True
10754,PERFECTA WINES,13101,2024-11-16,2024-11-28,2025-01-12,2024-11,9938,119588.56,621.86,120210.42,12.0335,0.0626,0.52,12,45,,897,True
3252,E & J GALLO WINERY,13127,2024-11-18,2024-11-28,2025-01-08,2024-11,37969,249821.96,1149.18,250971.14,6.5796,0.0303,0.46,10,41,,527,True
90057,WALPOLE MTN VIEW WINERY,12944,2024-11-06,2024-11-29,2025-01-02,2024-11,48,557.52,2.9,560.42,11.615,0.0604,0.5202,23,34,,3,True
4380,CHARLES JACQUIN ET CIE INC,12966,2024-11-08,2024-11-29,2025-01-01,2024-11,691,4973.44,26.36,4999.8,7.1975,0.0381,0.53,21,33,,15,True
1003,BRONCO WINE COMPANY,12979,2024-11-09,2024-11-29,2025-01-07,2024-11,5,30.8,0.14,30.94,6.16,0.028,0.4545,20,39,,8,True
3960,DIAGEO NORTH AMERICA INC,12981,2024-11-09,2024-11-29,2024-12-30,2024-11,119586,1321953.42,7006.35,1328959.77,11.0544,0.0586,0.53,20,31,Frank Delahunt,449,True
2555,DISARONNO INTERNATIONAL LLC,13014,2024-11-11,2024-11-29,2025-01-02,2024-11,2357,26584.61,124.95,26709.56,11.279,0.053,0.47,18,34,,12,True
1587,VINEYARD BRANDS INC,13025,2024-11-11,2024-11-29,2024-12-24,2024-11,2058,15513.02,76.01,15589.03,7.5379,0.0369,0.49,18,25,,87,True
9744,FREDERICK WILDMAN & SONS,13035,2024-11-13,2024-11-29,2025-01-09,2024-11,1209,16203.2,81.02,16284.22,13.4022,0.067,0.5,16,41,,149,True
5455,MARSALLE COMPANY,13038,2024-11-13,2024-11-29,2025-01-01,2024-11,149,3920.24,17.64,3937.88,26.3103,0.1184,0.45,16,33,,10,True
7154,PREMIER DISTRIBUTORS,13040,2024-11-13,2024-11-29,2025-01-06,2024-11,207,3093.93,13.92,3107.85,14.9465,0.0672,0.4499,16,38,,7,True
17033,SEA BREEZE CELLARS LLC,13043,2024-11-13,2024-11-29,2025-01-01,2024-11,417,8223.5,45.23,8268.73,19.7206,0.1085,0.55,16,33,,16,True
98450,Serralles Usa LLC,13067,2024-11-14,2024-11-29,2025-01-14,2024-11,140,1991.8,10.36,2002.16,14.2271,0.074,0.5201,15,46,,16,True
17035,PERNOD RICARD USA,13083,2024-11-15,2024-11-29,2025-01-15,2024-11,25424,374567.09,1910.29,376477.38,14.7328,0.0751,0.51,14,47,Frank Delahunt,277,True
17032,JEWELL TOWNE VINEYARDS,13097,2024-11-16,2024-11-29,2025-01-02,2024-11,120,947.52,4.55,952.07,7.896,0.0379,0.4802,13,34,,7,True
3664,WILLIAM GRANT & SONS INC,13104,2024-11-16,2024-11-29,2024-12-29,2024-11,5026,108140.5,529.89,108670.39,21.5162,0.1054,0.49,13,30,,85,True
7255,PSP WINES,13114,2024-11-17,2024-11-29,2025-01-03,2024-11,433,3192.27,14.68,3206.95,7.3724,0.0339,0.4599,12,35,,32,True
28750,SMOKY QUARTZ DISTILLERY LLC,13131,2024-11-18,2024-11-29,2025-01-12,2024-11,31,668.83,3.34,672.17,21.5752,0.1077,0.4994,11,44,,4,True
3089,SIDNEY FRANK IMPORTING CO,13068,2024-11-14,2024-11-30,2025-01-09,2024-11,2669,25434.75,124.63,25559.38,9.5297,0.0467,0.49,16,40,,13,True
6280,UNCORKED,13072,2024-11-14,2024-11-30,2025-01-14,2024-11,24,353.4,1.91,355.31,14.725,0.0796,0.5405,16,45,,9,True
11567,CAMPARI AMERICA,13079,2024-11-15,2024-11-30,2025-01-02,2024-11,8862,71829.42,373.51,72202.93,8.1053,0.0421,0.52,15,33,,74,True
2000,SOUTHERN WINE & SPIRITS NE,13086,2024-11-15,2024-11-30,2025-01-09,2024-11,514,7257.2,34.83,7292.03,14.1191,0.0678,0.4799,15,40,,417,True
9165,ULTRA BEVERAGE COMPANY LLP,13088,2024-11-15,2024-11-30,2025-01-04,2024-11,17079,218094.84,1025.05,219119.89,12.7698,0.06,0.47,15,35,,965,True
480,BACARDI USA INC,13093,2024-11-16,2024-11-30,2025-01-15,2024-11,23079,262474.83,1233.63,263708.46,11.3729,0.0535,0.47,14,46,Frank Delahunt,184,True
6215,MOONLIGHT MEADERY,13098,2024-11-16,2024-11-30,2025-01-10,2024-11,107,963.16,5.1,968.26,9.0015,0.0477,0.5295,14,41,,7,True
90037,THE PIERPONT GROUP LLC,13102,2024-11-16,2024-11-30,2025-01-07,2024-11,48,326.4,1.7,328.1,6.8,0.0354,0.5208,14,38,,13,True
1392,CONSTELLATION BRANDS INC,13106,2024-11-17,2024-11-30,2025-01-08,2024-11,38977,276803.48,1439.38,278242.86,7.1017,0.0369,0.52,13,39,Frank Delahunt,481,True
2555,DISARONNO INTERNATIONAL LLC,13107,2024-11-17,2024-11-30,2025-01-15,2024-11,1898,21578.82,116.53,21695.35,11.3692,0.0614,0.54,13,46,,12,True
2496,DUGGANS DISTILLED PRODUCTS,13108,2024-11-17,2024-11-30,2024-12-29,2024-11,227,3108.21,15.54,3123.75,13.6926,0.0685,0.5,13,29,,5,True
90051,FULCHINO VINEYARD INC,13109,2024-11-17,2024-11-30,2025-01-04,2024-11,12,120.72,0.57,121.29,10.06,0.0475,0.4722,13,35,,2,True
4550,KLIN SPIRITS LLC,13112,2024-11-17,2024-11-30,2025-01-01,2024-11,97,1507.38,7.69,1515.07,15.54,0.0793,0.5102,13,32,,4,True
90017,THE IMPORTED GRAPE LLC,13120,2024-11-17,2024-11-30,2025-01-06,2024-11,48,632.16,3.1,635.26,13.17,0.0646,0.4904,13,37,,40,True
9206,PHILLIPS PRODUCTS CO.,13130,2024-11-18,2024-11-30,2025-01-11,2024-11,577,6520.44,29.34,6549.78,11.3006,0.0508,0.45,12,42,,33,True
2561,EDRINGTON AMERICAS,13033,2024-11-13,2024-12-01,2024-12-29,2024-12,1563,43132.31,228.6,43360.91,27.5958,0.1463,0.53,18,28,,33,True
90011,FORTUNE WINE BROKERS LLC,13034,2024-11-13,2024-12-01,2024-12-31,2024-12,101,878.31,4.13,882.44,8.6961,0.0409,0.4702,18,30,,62,True
2000,SOUTHERN WINE & SPIRITS NE,13046,2024-11-13,2024-12-01,2025-01-14,2024-12,7085,66861.6,307.56,67169.16,9.4371,0.0434,0.46,18,44,,417,True
90032,LABELLE VYDS AND WINERY,13059,2024-11-14,2024-12-01,2025-01-01,2024-12,212,2278.36,10.25,2288.61,10.747,0.0483,0.4499,17,31,,10,True
8352,LUXCO INC,13061,2024-11-14,2024-12-01,2025-01-06,2024-12,4338,35539.85,170.59,35710.44,8.1927,0.0393,0.48,17,36,,69,True
90056,SWEET BABY VINEYARD,13069,2024-11-14,2024-12-01,2025-01-03,2024-12,141,1183.27,6.27,1189.54,8.392,0.0445,0.5299,17,33,,4,True
9260,TY KU LLC,13087,2024-11-15,2024-12-01,2025-01-09,2024-12,36,407.28,2.0,409.28,11.3133,0.0556,0.4911,16,39,,7,True
1650,Circa Wines,13124,2024-11-18,2024-12-01,2025-01-09,2024-12,252,2898.48,13.33,2911.81,11.5019,0.0529,0.4599,13,39,,74,True
8004,SAZERAC CO INC,13042,2024-11-13,2024-12-02,2025-01-12,2024-12,25385,174892.95,856.98,175749.93,6.8896,0.0338,0.49,19,41,,138,True
9819,TREASURY WINE ESTATES,13049,2024-11-13,2024-12-02,2025-01-01,2024-12,7618,49397.53,237.11,49634.64,6.4843,0.0311,0.48,19,30,,111,True
2242,DELICATO VINEYARDS INC,13055,2024-11-14,2024-12-02,2025-01-12,2024-12,3684,32539.92,159.45,32699.37,8.8328,0.0433,0.49,18,41,,96,True
9625,WESTERN SPIRITS BEVERAGE CO,13103,2024-11-16,2024-12-02,2025-01-11,2024-12,643,5489.64,28.55,5518.19,8.5375,0.0444,0.5201,16,40,,26,True
3924,HEAVEN HILL DISTILLERIES,13110,2024-11-17,2024-12-02,2025-01-15,2024-12,5235,42001.89,210.01,42211.9,8.0233,0.0401,0.5,15,44,,69,True
12546,JIM BEAM BRANDS COMPANY,13111,2024-11-17,2024-12-02,2025-01-13,2024-12,43327,421205.27,2063.91,423269.18,9.7215,0.0476,0.49,15,42,Frank Delahunt,415,True
7239,REMY COINTREAU USA INC,13115,2024-11-17,2024-12-02,2025-01-06,2024-12,2584,80318.66,361.43,80680.09,31.0831,0.1399,0.45,15,35,,45,True
660,SAZERAC NORTH AMERICA INC.,13116,2024-11-17,2024-12-02,2024-12-31,2024-12,8347,59891.92,317.43,60209.35,7.1753,0.038,0.53,15,29,,84,True
653,STATE WINE & SPIRITS,13117,2024-11-17,2024-12-02,2025-01-05,2024-12,2681,31651.7,161.42,31813.12,11.8059,0.0602,0.51,15,34,,258,True
8735,SURVILLE ENTERPRISES CORP,13119,2024-11-17,2024-12-02,2025-01-06,2024-12,120,1260.41,5.8,1266.21,10.5034,0.0483,0.4602,15,35,,22,True
8664,"STOLI GROUP,(USA) LLC",13133,2024-11-18,2024-12-02,2025-01-08,2024-12,4288,56175.58,286.5,56462.08,13.1006,0.0668,0.51,14,37,,48,True
516,BANFI PRODUCTS CORP,13030,2024-11-13,2024-12-03,2025-01-02,2024-12,3641,26806.09,134.03,26940.12,7.3623,0.0368,0.5,20,30,,149,True
99166,STARK BREWING COMPANY,13047,2024-11-13,2024-12-03,2025-01-01,2024-12,48,1028.16,5.24,1033.4,21.42,0.1092,0.5096,20,29,,1,True
9815,WINE GROUP INC,13052,2024-11-13,2024-12-03,2025-01-01,2024-12,16459,94940.0,522.17,95462.17,5.7683,0.0317,0.55,20,29,,215,True
1128,BROWN-FORMAN CORP,13077,2024-11-15,2024-12-03,2025-01-04,2024-12,16165,226877.57,1202.45,228080.02,14.0351,0.0744,0.53,18,32,,142,True
90058,ZORVINO VINEYARDS,13091,2024-11-15,2024-12-03,2025-01-06,2024-12,113,892.48,4.64,897.12,7.8981,0.0411,0.5199,18,34,,6,True
6355,NICHE W & S,13099,2024-11-16,2024-12-03,2025-01-04,2024-12,88,1562.51,7.34,1569.85,17.7558,0.0834,0.4698,17,32,,8,True
12331,STELLAR IMPORTING CO LLC,13118,2024-11-17,2024-12-03,2025-01-12,2024-12,60,441.48,2.21,443.69,7.358,0.0368,0.5006,16,40,,19,True
5270,MANGO BOTTLING INC,13128,2024-11-18,2024-12-03,2025-01-06,2024-12,283,1992.13,10.96,2003.09,7.0393,0.0387,0.5502,15,34,,6,True
4848,LAIRD & CO,13037,2024-11-13,2024-12-04,2025-01-08,2024-12,446,4308.56,19.39,4327.95,9.6604,0.0435,0.45,21,35,,16,True
8920,TAKARA SAKE USA INC,13048,2024-11-13,2024-12-04,2025-01-11,2024-12,136,617.88,2.9,620.78,4.5432,0.0213,0.4693,21,38,,3,True
4692,KOBRAND CORPORATION,13058,2024-11-14,2024-12-04,2025-01-04,2024-12,2595,33804.75,155.5,33960.25,13.0269,0.0599,0.46,20,31,,242,True
9552,M S WALKER INC,13062,2024-11-14,2024-12-04,2024-12-31,2024-12,25076,205077.61,1127.93,206205.54,8.1782,0.045,0.55,20,27,,960,True
6359,OLE SMOKY DISTILLERY LLC,13064,2024-11-14,2024-12-04,2025-01-02,2024-12,4882,11880.42,55.84,11936.26,2.4335,0.0114,0.47,20,29,,18,True
90010,VINEXTRA INC,13073,2024-11-14,2024-12-04,2025-01-03,2024-12,335,7097.89,39.04,7136.93,21.1877,0.1165,0.55,20,30,,47,True
90024,VINILANDIA USA,13075,2024-11-14,2024-12-04,2025-01-13,2024-12,812,8680.63,46.01,8726.64,10.6904,0.0567,0.53,20,40,,206,True
17031,FLAG HILL WINERY & VINEYARD,13080,2024-11-15,2024-12-04,2025-01-03,2024-12,437,6827.11,32.09,6859.2,15.6227,0.0734,0.47,19,30,,19,True
7240,"PREMIUM PORT WINES, INC.",13085,2024-11-15,2024-12-04,2025-01-06,2024-12,232,1637.81,7.53,1645.34,7.0595,0.0325,0.4598,19,33,,3,True
3960,DIAGEO NORTH AMERICA INC,13032,2024-11-13,2024-12-05,2024-12-30,2024-12,89252,805480.52,4027.4,809507.92,9.0248,0.0451,0.5,22,25,Frank Delahunt,449,True
3950,"HOOD RIVER DISTILLERS, Inc.",13036,2024-11-13,2024-12-05,2025-01-02,2024-12,12,258.96,1.35,260.31,21.58,0.1125,0.5213,22,28,,7,True
4425,MARTIGNETTI COMPANIES,13039,2024-11-13,2024-12-05,2025-01-02,2024-12,56538,631920.62,3349.18,635269.8,11.1769,0.0592,0.53,22,28,Frank Delahunt,1639,True
1601,VRANKEN AMERICA,13051,2024-11-13,2024-12-05,2025-01-13,2024-12,217,4047.79,19.43,4067.22,18.6534,0.0895,0.48,22,39,,21,True
2450,DJINN SPIRITS LLC,13056,2024-11-14,2024-12-05,2025-01-15,2024-12,96,1670.08,9.19,1679.27,17.3967,0.0957,0.5503,21,41,,6,True
90052,HAUNTING WHISPER VYDS,13057,2024-11-14,2024-12-05,2025-01-04,2024-12,35,289.45,1.42,290.87,8.27,0.0406,0.4906,21,30,,2,True
4950,LATITUDE BEVERAGE COMPANY,13060,2024-11-14,2024-12-05,2025-01-07,2024-12,851,5104.96,26.04,5131.0,5.9988,0.0306,0.5101,21,33,,45,True
7245,PROXIMO SPIRITS INC.,13066,2024-11-14,2024-12-05,2025-01-05,2024-12,8629,92957.38,501.97,93459.35,10.7727,0.0582,0.54,21,31,,114,True
173357,TAMWORTH DISTILLING,13071,2024-11-14,2024-12-05,2025-01-04,2024-12,18,338.22,1.72,339.94,18.79,0.0956,0.5085,21,30,,4,True
1273,CALEDONIA SPIRITS INC,13078,2024-11-15,2024-12-05,2025-01-06,2024-12,114,3467.19,17.34,3484.53,30.4139,0.1521,0.5001,20,32,,5,True
1587,VINEYARD BRANDS INC,13089,2024-11-15,2024-12-05,2025-01-15,2024-12,192,6496.56,29.88,6526.44,33.8362,0.1556,0.4599,20,41,,87,True
90053,INCREDIBREW INC,13096,2024-11-16,2024-12-05,2025-01-14,2024-12,48,417.6,2.0,419.6,8.7,0.0417,0.4789,19,40,,4,True
60,ADAMBA IMPORTS INTL INC,13105,2024-11-17,2024-12-05,2025-01-07,2024-12,67,1090.09,5.23,1095.32,16.27,0.0781,0.4798,18,33,,3,True
5992,MCCORMICK DISTILLING CO,13113,2024-11-17,2024-12-05,2025-01-13,2024-12,408,5021.37,25.11,5046.48,12.3073,0.0615,0.5001,18,39,,35,True
90046,CANDIA VINEYARDS,13122,2024-11-18,2024-12-05,2025-01-15,2024-12,35,568.49,2.84,571.33,16.2426,0.0811,0.4996,17,41,,5,True
4380,CHARLES JACQUIN ET CIE INC,13123,2024-11-18,2024-12-05,2024-12-31,2024-12,927,6961.34,36.2,6997.54,7.5095,0.0391,0.52,17,26,,15,True
1590,DIAGEO CHATEAU ESTATE WINES,13126,2024-11-18,2024-12-05,2025-01-03,2024-12,4722,32538.54,149.68,32688.22,6.8908,0.0317,0.46,17,29,,117,True
8112,MOET HENNESSY USA INC,13129,2024-11-18,2024-12-05,2024-12-30,2024-12,7155,136691.26,724.46,137415.72,19.1043,0.1013,0.53,17,25,,129,True
90051,FULCHINO VINEYARD INC,13141,2024-11-20,2024-12-05,2025-01-09,2024-12,12,120.72,0.64,121.36,10.06,0.0533,0.5302,15,35,,2,True
9165,ULTRA BEVERAGE COMPANY LLP,13155,2024-11-20,2024-12-05,2025-01-22,2024-12,20244,315514.21,1546.02,317060.23,15.5856,0.0764,0.49,15,48,Frank Delahunt,965,True
3252,E & J GALLO WINERY,13159,2024-11-21,2024-12-05,2025-01-09,2024-12,56089,355718.24,1849.73,357567.97,6.342,0.033,0.52,14,35,Frank Delahunt,527,True
90053,INCREDIBREW INC,13176,2024-11-22,2024-12-05,2025-01-17,2024-12,48,415.68,2.0,417.68,8.66,0.0417,0.4811,13,43,,4,True
653,STATE WINE & SPIRITS,13185,2024-11-22,2024-12-05,2025-01-21,2024-12,2459,24267.51,116.48,24383.99,9.8689,0.0474,0.48,13,47,,258,True
6280,UNCORKED,13196,2024-11-23,2024-12-05,2025-01-15,2024-12,38,391.63,2.15,393.78,10.3061,0.0566,0.549,12,41,,9,True
7154,PREMIER DISTRIBUTORS,13214,2024-11-24,2024-12-05,2025-01-20,2024-12,149,2140.87,11.35,2152.22,14.3683,0.0762,0.5302,11,46,,7,True
4848,LAIRD & CO,13224,2024-11-25,2024-12-05,2025-01-09,2024-12,430,4765.45,25.26,4790.71,11.0824,0.0587,0.5301,10,35,,16,True
8004,SAZERAC CO INC,13229,2024-11-25,2024-12-05,2025-01-18,2024-12,29178,214318.42,1178.75,215497.17,7.3452,0.0404,0.55,10,44,,138,True
8664,"STOLI GROUP,(USA) LLC",13232,2024-11-25,2024-12-05,2025-01-16,2024-12,5678,77591.26,426.75,78018.01,13.6652,0.0752,0.55,10,42,,48,True
8150,SEA HAGG DISTILLERY LLC,13044,2024-11-13,2024-12-06,2024-12-30,2024-12,707,9321.92,41.95,9363.87,13.1852,0.0593,0.45,23,24,,9,True
8320,SHAW ROSS INT L IMP LTD,13045,2024-11-13,2024-12-06,2025-01-04,2024-12,1238,11288.24,57.57,11345.81,9.1181,0.0465,0.51,23,29,,38,True
8892,TRINCHERO FAMILY ESTATES,13050,2024-11-13,2024-12-06,2025-01-01,2024-12,6041,38258.14,179.81,38437.95,6.3331,0.0298,0.47,23,26,,153,True
6213,MHW LTD,13063,2024-11-14,2024-12-06,2025-01-10,2024-12,4034,29137.82,145.69,29283.51,7.2231,0.0361,0.5,22,35,,96,True
28776,TALL SHIP DISTILLERY LLC,13070,2024-11-14,2024-12-06,2025-01-07,2024-12,34,746.62,3.88,750.5,21.9594,0.1141,0.5197,22,32,,4,True
1587,VINEYARD BRANDS INC,13074,2024-11-14,2024-12-06,2025-01-13,2024-12,3449,32781.69,147.52,32929.21,9.5047,0.0428,0.45,22,38,,87,True
6830,PARK STREET IMPORTS LLC,13082,2024-11-15,2024-12-06,2025-01-14,2024-12,110,1733.0,7.8,1740.8,15.7545,0.0709,0.4501,21,39,,12,True
1485,CASTLE BRANDS CORP.,13094,2024-11-16,2024-12-06,2024-12-31,2024-12,1550,23453.95,129.0,23582.95,15.1316,0.0832,0.55,20,25,,29,True
1655,FABRIZIA SPIRITS LLC,13095,2024-11-16,2024-12-06,2025-01-08,2024-12,1120,14605.37,65.72,14671.09,13.0405,0.0587,0.45,20,33,,8,True
90057,WALPOLE MTN VIEW WINERY,13121,2024-11-17,2024-12-06,2025-01-09,2024-12,24,254.16,1.27,255.43,10.59,0.0529,0.4997,19,34,,3,True
90047,CRUSH WINES,13125,2024-11-18,2024-12-06,2025-01-09,2024-12,521,4879.53,21.96,4901.49,9.3657,0.0421,0.45,18,34,,165,True
8673,STE MICHELLE WINE ESTATES,13132,2024-11-18,2024-12-06,2025-01-04,2024-12,8709,65282.07,352.52,65634.59,7.4959,0.0405,0.54,18,29,,144,True
4466,AMERICAN VINTAGE BEVERAGE,13134,2024-11-20,2024-12-06,2025-01-18,2024-12,305,3018.89,15.7,3034.59,9.898,0.0515,0.5201,16,43,,3,True
90027,POVERTY LANE ORCHARDS,13146,2024-11-20,2024-12-06,2025-01-15,2024-12,441,3509.49,16.85,3526.34,7.958,0.0382,0.4801,16,40,,8,True
98450,Serralles Usa LLC,13149,2024-11-20,2024-12-06,2025-01-21,2024-12,209,3070.97,13.82,3084.79,14.6936,0.0661,0.45,16,46,,16,True
12331,STELLAR IMPORTING CO LLC,13151,2024-11-20,2024-12-06,2025-01-08,2024-12,72,533.4,2.56,535.96,7.4083,0.0356,0.4799,16,33,,19,True
90059,BLACK COVE BEVERAGES,13157,2024-11-21,2024-12-06,2025-01-20,2024-12,36,566.64,2.66,569.3,15.74,0.0739,0.4694,15,45,,1,True
3551,GILMANTON WINERY & VINEYARD,13160,2024-11-21,2024-12-06,2025-01-20,2024-12,24,252.48,1.16,253.64,10.52,0.0483,0.4594,15,45,,2,True
6785,PALM BAY INTERNATIONAL INC,13164,2024-11-21,2024-12-06,2025-01-13,2024-12,8733,61986.56,322.33,62308.89,7.098,0.0369,0.52,15,38,,174,True
6830,PARK STREET IMPORTS LLC,13165,2024-11-21,2024-12-06,2025-01-17,2024-12,248,4083.11,20.01,4103.12,16.4642,0.0807,0.4901,15,42,,12,True
8320,SHAW ROSS INT L IMP LTD,13166,2024-11-21,2024-12-06,2025-01-05,2024-12,1611,14704.84,73.52,14778.36,9.1278,0.0456,0.5,15,30,,38,True
54,AAPER ALCOHOL & CHEMICAL CO,13168,2024-11-22,2024-12-06,2025-01-18,2024-12,1,105.07,0.48,105.55,105.07,0.48,0.4568,14,43,,1,True
4380,CHARLES JACQUIN ET CIE INC,13172,2024-11-22,2024-12-06,2025-01-12,2024-12,864,6422.32,33.4,6455.72,7.4332,0.0387,0.5201,14,37,,15,True
17035,PERNOD RICARD USA,13179,2024-11-22,2024-12-06,2025-01-07,2024-12,34803,518613.0,2800.51,521413.51,14.9014,0.0805,0.54,14,32,Frank Delahunt,277,True
2555,DISARONNO INTERNATIONAL LLC,13203,2024-11-24,2024-12-06,2025-01-07,2024-12,2899,40110.26,200.55,40310.81,13.8359,0.0692,0.5,12,32,,12,True
90017,THE IMPORTED GRAPE LLC,13217,2024-11-24,2024-12-06,2025-01-16,2024-12,60,633.24,2.98,636.22,10.554,0.0497,0.4706,12,41,,40,True
8892,TRINCHERO FAMILY ESTATES,13218,2024-11-24,2024-12-06,2025-01-14,2024-12,10565,69761.65,313.93,70075.58,6.6031,0.0297,0.45,12,39,,153,True
480,BACARDI USA INC,13220,2024-11-25,2024-12-06,2025-01-11,2024-12,31602,364837.7,1787.7,366625.4,11.5448,0.0566,0.49,11,36,Frank Delahunt,184,True
90047,CRUSH WINES,13222,2024-11-25,2024-12-06,2025-01-15,2024-12,376,3939.47,20.09,3959.56,10.4773,0.0534,0.51,11,40,,165,True
516,BANFI PRODUCTS CORP,13135,2024-11-20,2024-12-07,2025-01-21,2024-12,4409,33511.87,150.8,33662.67,7.6008,0.0342,0.45,17,45,,149,True
17033,SEA BREEZE CELLARS LLC,13148,2024-11-20,2024-12-07,2025-01-20,2024-12,72,722.16,3.68,725.84,10.03,0.0511,0.5096,17,44,,16,True
6215,MOONLIGHT MEADERY,13163,2024-11-21,2024-12-07,2025-01-19,2024-12,120,1082.16,5.09,1087.25,9.018,0.0424,0.4704,16,43,,7,True
1392,CONSTELLATION BRANDS INC,13173,2024-11-22,2024-12-07,2025-01-17,2024-12,58945,417493.91,2212.72,419706.63,7.0828,0.0375,0.53,15,41,Frank Delahunt,481,True
90024,VINILANDIA USA,13188,2024-11-22,2024-12-07,2025-01-08,2024-12,1123,9515.43,45.67,9561.1,8.4732,0.0407,0.48,15,32,,206,True
3960,DIAGEO NORTH AMERICA INC,13190,2024-11-23,2024-12-07,2025-01-16,2024-12,116491,1319062.86,6331.5,1325394.36,11.3233,0.0544,0.48,14,40,Frank Delahunt,449,True
7240,"PREMIUM PORT WINES, INC.",13226,2024-11-25,2024-12-07,2025-01-12,2024-12,353,2596.33,13.5,2609.83,7.355,0.0382,0.52,12,36,,3,True
8673,STE MICHELLE WINE ESTATES,13231,2024-11-25,2024-12-07,2025-01-13,2024-12,14466,113170.76,554.54,113725.3,7.8232,0.0383,0.49,12,37,,144,True
90058,ZORVINO VINEYARDS,13236,2024-11-25,2024-12-07,2025-01-11,2024-12,284,2317.57,12.75,2330.32,8.1605,0.0449,0.5501,12,35,,6,True
1128,BROWN-FORMAN CORP,13137,2024-11-20,2024-12-08,2025-01-21,2024-12,20937,287164.72,1349.67,288514.39,13.7157,0.0645,0.47,18,44,Frank Delahunt,142,True
4692,KOBRAND CORPORATION,13143,2024-11-20,2024-12-08,2025-01-12,2024-12,3098,43173.77,198.6,43372.37,13.936,0.0641,0.46,18,35,,242,True
2000,SOUTHERN WINE & SPIRITS NE,13150,2024-11-20,2024-12-08,2025-01-19,2024-12,8724,92278.61,470.62,92749.23,10.5776,0.0539,0.51,18,42,,417,True
8735,SURVILLE ENTERPRISES CORP,13152,2024-11-20,2024-12-08,2025-01-20,2024-12,137,1191.89,6.08,1197.97,8.6999,0.0444,0.5101,18,43,,22,True
9819,TREASURY WINE ESTATES,13154,2024-11-20,2024-12-08,2025-01-09,2024-12,11222,105099.38,483.46,105582.84,9.3655,0.0431,0.46,18,32,,111,True
8920,TAKARA SAKE USA INC,13167,2024-11-21,2024-12-08,2025-01-08,2024-12,160,721.68,3.25,724.93,4.5105,0.0203,0.4503,17,31,,3,True
1189,BULLY BOY DISTILLERS,13169,2024-11-22,2024-12-08,2025-01-11,2024-12,125,2748.05,13.74,2761.79,21.9844,0.1099,0.5,16,34,,6,True
3089,SIDNEY FRANK IMPORTING CO,13184,2024-11-22,2024-12-08,2025-01-13,2024-12,3964,36492.54,178.81,36671.35,9.206,0.0451,0.49,16,36,,13,True
90010,VINEXTRA INC,13187,2024-11-22,2024-12-08,2025-01-19,2024-12,222,2410.56,12.05,2422.61,10.8584,0.0543,0.4999,16,42,,47,True
60,ADAMBA IMPORTS INTL INC,13189,2024-11-23,2024-12-08,2025-01-22,2024-12,112,1822.24,8.38,1830.62,16.27,0.0748,0.4599,15,45,,3,True
9744,FREDERICK WILDMAN & SONS,13192,2024-11-23,2024-12-08,2025-01-15,2024-12,1339,14507.21,79.79,14587.0,10.8344,0.0596,0.55,15,38,,149,True
2561,EDRINGTON AMERICAS,13205,2024-11-24,2024-12-08,2025-01-09,2024-12,1509,41362.54,202.68,41565.22,27.4106,0.1343,0.49,14,32,,33,True
17032,JEWELL TOWNE VINEYARDS,13207,2024-11-24,2024-12-08,2025-01-05,2024-12,160,1340.46,6.17,1346.63,8.3779,0.0386,0.4603,14,28,,7,True
5992,MCCORMICK DISTILLING CO,13145,2024-11-20,2024-12-09,2025-01-10,2024-12,439,4887.29,22.97,4910.26,11.1328,0.0523,0.47,19,32,,35,True
287,APPOLO VINEYARDS LLC,13156,2024-11-21,2024-12-09,2025-01-10,2024-12,12,125.64,0.65,126.29,10.47,0.0542,0.5174,18,32,,2,True
11567,CAMPARI AMERICA,13158,2024-11-21,2024-12-09,2025-01-18,2024-12,10952,93326.23,475.96,93802.19,8.5214,0.0435,0.51,18,40,,74,True
9260,TY KU LLC,13195,2024-11-23,2024-12-09,2025-01-17,2024-12,36,283.32,1.56,284.88,7.87,0.0433,0.5506,16,39,,7,True
1587,VINEYARD BRANDS INC,13197,2024-11-23,2024-12-09,2025-01-05,2024-12,2854,22753.15,125.14,22878.29,7.9724,0.0438,0.55,16,27,,87,True
2242,DELICATO VINEYARDS INC,13202,2024-11-24,2024-12-09,2025-01-10,2024-12,3839,32752.6,163.76,32916.36,8.5315,0.0427,0.5,15,32,,96,True
2496,DUGGANS DISTILLED PRODUCTS,13204,2024-11-24,2024-12-09,2025-01-19,2024-12,161,2345.91,11.96,2357.87,14.5709,0.0743,0.5098,15,41,,5,True
3924,HEAVEN HILL DISTILLERIES,13206,2024-11-24,2024-12-09,2025-01-07,2024-12,5807,43256.67,194.66,43451.33,7.4491,0.0335,0.45,15,29,,69,True
6359,OLE SMOKY DISTILLERY LLC,13225,2024-11-25,2024-12-09,2025-01-19,2024-12,5025,11999.0,56.4,12055.4,2.3879,0.0112,0.47,14,41,,18,True
90056,SWEET BABY VINEYARD,13233,2024-11-25,2024-12-09,2025-01-11,2024-12,250,2091.18,10.46,2101.64,8.3647,0.0418,0.5002,14,33,,4,True
1650,Circa Wines,13138,2024-11-20,2024-12-10,2025-01-16,2024-12,192,2010.84,11.06,2021.9,10.4731,0.0576,0.55,20,37,,74,True
4425,MARTIGNETTI COMPANIES,13144,2024-11-20,2024-12-10,2025-01-11,2024-12,80037,815171.41,4157.37,819328.78,10.1849,0.0519,0.51,20,32,Frank Delahunt,1639,True
10050,Russian Standard Vodka,13147,2024-11-20,2024-12-10,2025-01-13,2024-12,84,1272.0,6.74,1278.74,15.1429,0.0802,0.5299,20,34,,13,True
8112,MOET HENNESSY USA INC,13162,2024-11-21,2024-12-10,2025-01-07,2024-12,11878,253288.09,1342.43,254630.52,21.3241,0.113,0.53,19,28,Frank Delahunt,129,True
1485,CASTLE BRANDS CORP.,13170,2024-11-22,2024-12-10,2025-01-19,2024-12,1795,25942.04,119.33,26061.37,14.4524,0.0665,0.46,18,40,,29,True
2876,CENTEUR IMPORTS LLC,13171,2024-11-22,2024-12-10,2025-01-16,2024-12,12,109.44,0.58,110.02,9.12,0.0483,0.53,18,37,,11,True
1655,FABRIZIA SPIRITS LLC,13175,2024-11-22,2024-12-10,2025-01-22,2024-12,503,6224.12,30.5,6254.62,12.374,0.0606,0.49,18,43,,8,True
4950,LATITUDE BEVERAGE COMPANY,13178,2024-11-22,2024-12-10,2025-01-09,2024-12,1174,7146.18,34.3,7180.48,6.087,0.0292,0.48,18,30,,45,True
8150,SEA HAGG DISTILLERY LLC,13183,2024-11-22,2024-12-10,2025-01-20,2024-12,652,7986.93,39.93,8026.86,12.2499,0.0612,0.4999,18,41,,9,True
90011,FORTUNE WINE BROKERS LLC,13191,2024-11-23,2024-12-10,2025-01-07,2024-12,100,1027.74,5.14,1032.88,10.2774,0.0514,0.5001,17,28,,62,True
388,ATLANTIC IMPORTING COMPANY,13200,2024-11-24,2024-12-10,2025-01-16,2024-12,16,340.48,1.74,342.22,21.28,0.1087,0.511,16,37,,3,True
90046,CANDIA VINEYARDS,13201,2024-11-24,2024-12-10,2025-01-16,2024-12,84,1266.24,5.7,1271.94,15.0743,0.0679,0.4502,16,37,,5,True
10754,PERFECTA WINES,13212,2024-11-24,2024-12-10,2025-01-20,2024-12,10182,110269.65,540.32,110809.97,10.8299,0.0531,0.49,16,41,,897,True
28750,SMOKY QUARTZ DISTILLERY LLC,13216,2024-11-24,2024-12-10,2025-01-18,2024-12,92,2015.44,9.27,2024.71,21.907,0.1008,0.4599,16,39,,4,True
7245,PROXIMO SPIRITS INC.,13227,2024-11-25,2024-12-10,2025-01-13,2024-12,11279,126078.57,579.96,126658.53,11.1782,0.0514,0.46,15,34,,114,True
99166,STARK BREWING COMPANY,13230,2024-11-25,2024-12-10,2025-01-16,2024-12,149,3191.58,15.96,3207.54,21.42,0.1071,0.5001,15,37,,1,True
17031,FLAG HILL WINERY & VINEYARD,13140,2024-11-20,2024-12-11,2025-01-16,2024-12,609,7041.81,35.21,7077.02,11.5629,0.0578,0.5,21,36,,19,True
173357,TAMWORTH DISTILLING,13153,2024-11-20,2024-12-11,2025-01-10,2024-12,36,690.36,3.18,693.54,19.1767,0.0883,0.4606,21,30,,4,True
660,SAZERAC NORTH AMERICA INC.,13182,2024-11-22,2024-12-11,2025-01-21,2024-12,9240,65127.33,299.59,65426.92,7.0484,0.0324,0.46,19,41,,84,True
9622,WEIN BAUER INC,13198,2024-11-23,2024-12-11,2025-01-09,2024-12,76,1188.9,5.47,1194.37,15.6434,0.072,0.4601,18,29,,6,True
9552,M S WALKER INC,13209,2024-11-24,2024-12-11,2025-01-15,2024-12,46468,333609.94,1501.24,335111.18,7.1793,0.0323,0.45,17,35,Frank Delahunt,960,True
5455,MARSALLE COMPANY,13210,2024-11-24,2024-12-11,2025-01-17,2024-12,257,6369.11,33.12,6402.23,24.7825,0.1289,0.52,17,37,,10,True
9206,PHILLIPS PRODUCTS CO.,13213,2024-11-24,2024-12-11,2025-01-20,2024-12,878,14612.74,78.91,14691.65,16.6432,0.0899,0.54,17,40,,33,True
7749,R.P.IMPORTS INC,13228,2024-11-25,2024-12-11,2025-01-16,2024-12,1,13.51,0.06,13.57,13.51,0.06,0.4441,16,36,,75,True
1601,VRANKEN AMERICA,13234,2024-11-25,2024-12-11,2025-01-20,2024-12,1147,22409.16,112.05,22521.21,19.5372,0.0977,0.5,16,40,,21,True
1590,DIAGEO CHATEAU ESTATE WINES,13139,2024-11-20,2024-12-12,2025-01-12,2024-12,8207,59582.94,291.96,59874.9,7.26,0.0356,0.49,22,31,,117,True
10000,MAJESTIC FINE WINES,13161,2024-11-21,2024-12-12,2025-01-22,2024-12,15585,129511.53,673.46,130184.99,8.31,0.0432,0.52,21,41,,40,True
2450,DJINN SPIRITS LLC,13174,2024-11-22,2024-12-12,2025-01-14,2024-12,47,837.14,4.02,841.16,17.8115,0.0855,0.4802,20,33,,6,True
12546,JIM BEAM BRANDS COMPANY,13177,2024-11-22,2024-12-12,2025-01-07,2024-12,55538,529167.68,2857.51,532025.19,9.528,0.0515,0.54,20,26,Frank Delahunt,415,True
7153,PINE STATE TRADING CO,13180,2024-11-22,2024-12-12,2025-01-12,2024-12,8297,62821.48,295.26,63116.74,7.5716,0.0356,0.47,20,31,,480,True
7255,PSP WINES,13181,2024-11-22,2024-12-12,2025-01-16,2024-12,413,3095.51,15.79,3111.3,7.4952,0.0382,0.5101,20,35,,32,True
8352,LUXCO INC,13208,2024-11-24,2024-12-12,2025-01-09,2024-12,5445,54825.49,301.54,55127.03,10.069,0.0554,0.55,18,28,,69,True
7239,REMY COINTREAU USA INC,13215,2024-11-24,2024-12-12,2025-01-16,2024-12,3427,78518.35,376.89,78895.24,22.9117,0.11,0.48,18,35,,45,True
3664,WILLIAM GRANT & SONS INC,13219,2024-11-24,2024-12-12,2025-01-06,2024-12,5955,118197.86,543.71,118741.57,19.8485,0.0913,0.46,18,25,,85,True
9625,WESTERN SPIRITS BEVERAGE CO,13235,2024-11-25,2024-12-12,2025-01-16,2024-12,1839,9289.23,44.59,9333.82,5.0512,0.0242,0.48,17,35,,26,True
6215,MOONLIGHT MEADERY,13247,2024-11-27,2024-12-12,2025-01-22,2024-12,94,829.16,3.98,833.14,8.8209,0.0423,0.48,15,41,,7,True
60,ADAMBA IMPORTS INTL INC,13253,2024-11-28,2024-12-12,2025-01-23,2024-12,139,2261.53,10.4,2271.93,16.27,0.0748,0.4599,14,42,,3,True
17031,FLAG HILL WINERY & VINEYARD,13260,2024-11-28,2024-12-12,2025-01-22,2024-12,404,5801.33,30.17,5831.5,14.3597,0.0747,0.5201,14,41,,19,True
7240,"PREMIUM PORT WINES, INC.",13264,2024-11-28,2024-12-12,2025-01-14,2024-12,246,1859.1,8.74,1867.84,7.5573,0.0355,0.4701,14,33,,3,True
7239,REMY COINTREAU USA INC,13265,2024-11-28,2024-12-12,2025-01-16,2024-12,2831,79410.55,389.11,79799.66,28.0504,0.1374,0.49,14,35,,45,True
1273,CALEDONIA SPIRITS INC,13275,2024-11-29,2024-12-12,2025-01-25,2024-12,106,3236.76,15.54,3252.3,30.5355,0.1466,0.4801,13,44,,5,True
8112,MOET HENNESSY USA INC,13282,2024-11-29,2024-12-12,2025-01-26,2024-12,8872,172900.93,899.08,173800.01,19.4884,0.1013,0.52,13,45,,129,True
90027,POVERTY LANE ORCHARDS,13286,2024-11-29,2024-12-12,2025-01-26,2024-12,106,833.84,4.17,838.01,7.8664,0.0393,0.5001,13,45,,8,True
98450,Serralles Usa LLC,13288,2024-11-29,2024-12-12,2025-01-17,2024-12,196,2567.05,13.35,2580.4,13.0972,0.0681,0.5201,13,36,,16,True
2000,SOUTHERN WINE & SPIRITS NE,13303,2024-11-30,2024-12-12,2025-01-24,2024-12,17,104.04,0.57,104.61,6.12,0.0335,0.5479,12,43,,417,True
11567,CAMPARI AMERICA,13306,2024-12-01,2024-12-12,2025-01-22,2024-12,11447,93092.84,512.01,93604.85,8.1325,0.0447,0.55,11,41,,74,True
9744,FREDERICK WILDMAN & SONS,13324,2024-12-02,2024-12-12,2025-01-14,2024-12,862,8644.48,42.36,8686.84,10.0284,0.0491,0.49,10,33,,149,True
1003,BRONCO WINE COMPANY,13136,2024-11-20,2024-12-13,2025-01-17,2024-12,12,73.92,0.35,74.27,6.16,0.0292,0.4735,23,35,,8,True
4550,KLIN SPIRITS LLC,13142,2024-11-20,2024-12-13,2025-01-20,2024-12,126,1976.52,9.09,1985.61,15.6867,0.0721,0.4599,23,38,,4,True
28776,TALL SHIP DISTILLERY LLC,13186,2024-11-22,2024-12-13,2025-01-12,2024-12,18,382.38,2.1,384.48,21.2433,0.1167,0.5492,21,30,,4,True
5270,MANGO BOTTLING INC,13193,2024-11-23,2024-12-13,2025-01-08,2024-12,419,3041.91,16.73,3058.64,7.2599,0.0399,0.55,20,26,,6,True
6355,NICHE W & S,13194,2024-11-23,2024-12-13,2025-01-19,2024-12,144,2524.39,12.37,2536.76,17.5305,0.0859,0.49,20,37,,8,True
9815,WINE GROUP INC,13199,2024-11-23,2024-12-13,2025-01-22,2024-12,22192,121407.45,607.04,122014.49,5.4708,0.0274,0.5,20,40,,215,True
6213,MHW LTD,13211,2024-11-24,2024-12-13,2025-01-22,2024-12,4450,47184.87,245.36,47430.23,10.6033,0.0551,0.52,19,40,,96,True
1273,CALEDONIA SPIRITS INC,13221,2024-11-25,2024-12-13,2025-01-09,2024-12,130,3940.15,20.88,3961.03,30.3088,0.1606,0.5299,18,27,,5,True
90032,LABELLE VYDS AND WINERY,13223,2024-11-25,2024-12-13,2025-01-05,2024-12,569,6034.94,31.38,6066.32,10.6062,0.0551,0.52,18,23,,10,True
90059,BLACK COVE BEVERAGES,13255,2024-11-28,2024-12-13,2025-01-25,2024-12,8,125.92,0.63,126.55,15.74,0.0788,0.5003,15,43,,1,True
3960,DIAGEO NORTH AMERICA INC,13258,2024-11-28,2024-12-13,2025-01-29,2024-12,116065,1049079.36,4720.86,1053800.22,9.0387,0.0407,0.45,15,47,Frank Delahunt,449,True
12331,STELLAR IMPORTING CO LLC,13267,2024-11-28,2024-12-13,2025-01-14,2024-12,166,1509.98,6.79,1516.77,9.0963,0.0409,0.4497,15,32,,19,True
2496,DUGGANS DISTILLED PRODUCTS,13296,2024-11-30,2024-12-13,2025-01-26,2024-12,149,2150.26,10.97,2161.23,14.4313,0.0736,0.5102,13,44,,5,True
17032,JEWELL TOWNE VINEYARDS,13309,2024-12-01,2024-12-13,2025-01-29,2024-12,72,634.08,3.42,637.5,8.8067,0.0475,0.5394,12,47,,7,True
173357,TAMWORTH DISTILLING,13318,2024-12-01,2024-12-13,2025-01-25,2024-12,11,273.44,1.39,274.83,24.8582,0.1264,0.5083,12,43,,4,True
9165,ULTRA BEVERAGE COMPANY LLP,13250,2024-11-27,2024-12-14,2025-01-19,2024-12,15915,201858.24,948.73,202806.97,12.6835,0.0596,0.47,17,36,,965,True
9819,TREASURY WINE ESTATES,13269,2024-11-28,2024-12-14,2025-01-26,2024-12,7840,48997.5,259.69,49257.19,6.2497,0.0331,0.53,16,43,,111,True
90046,CANDIA VINEYARDS,13276,2024-11-29,2024-12-14,2025-01-16,2024-12,36,469.44,2.16,471.6,13.04,0.06,0.4601,15,33,,5,True
4950,LATITUDE BEVERAGE COMPANY,13279,2024-11-29,2024-12-14,2025-01-17,2024-12,2153,12942.39,62.12,13004.51,6.0113,0.0289,0.48,15,34,,45,True
5270,MANGO BOTTLING INC,13280,2024-11-29,2024-12-14,2025-01-12,2024-12,726,5252.88,23.64,5276.52,7.2354,0.0326,0.45,15,29,,6,True
90024,VINILANDIA USA,13292,2024-11-29,2024-12-14,2025-01-27,2024-12,897,7677.14,39.92,7717.06,8.5587,0.0445,0.52,15,44,,206,True
12546,JIM BEAM BRANDS COMPANY,13297,2024-11-30,2024-12-14,2025-01-27,2024-12,54178,473139.86,2365.7,475505.56,8.7331,0.0437,0.5,14,44,Frank Delahunt,415,True
8150,SEA HAGG DISTILLERY LLC,13302,2024-11-30,2024-12-14,2025-01-13,2024-12,253,3161.99,14.55,3176.54,12.498,0.0575,0.4602,14,30,,9,True
90056,SWEET BABY VINEYARD,13304,2024-11-30,2024-12-14,2025-01-17,2024-12,169,1429.11,7.57,1436.68,8.4563,0.0448,0.5297,14,34,,4,True
6355,NICHE W & S,13312,2024-12-01,2024-12-14,2025-01-17,2024-12,98,1819.27,9.64,1828.91,18.564,0.0984,0.5299,13,34,,8,True
7154,PREMIER DISTRIBUTORS,13314,2024-12-01,2024-12-14,2025-01-29,2024-12,140,1764.1,8.82,1772.92,12.6007,0.063,0.5,13,46,,7,True
7245,PROXIMO SPIRITS INC.,13328,2024-12-02,2024-12-14,2025-01-21,2024-12,10361,106584.08,522.26,107106.34,10.287,0.0504,0.49,12,38,,114,True
1601,VRANKEN AMERICA,13335,2024-12-02,2024-12-14,2025-01-27,2024-12,95,1828.88,10.06,1838.94,19.2514,0.1059,0.5501,12,44,,21,True
480,BACARDI USA INC,13238,2024-11-27,2024-12-15,2025-01-13,2024-12,26278,290684.67,1308.08,291992.75,11.0619,0.0498,0.45,18,29,Frank Delahunt,184,True
1485,CASTLE BRANDS CORP.,13240,2024-11-27,2024-12-15,2025-01-28,2024-12,1645,26804.25,136.7,26940.95,16.2944,0.0831,0.51,18,44,,29,True
2242,DELICATO VINEYARDS INC,13242,2024-11-27,2024-12-15,2025-01-18,2024-12,3724,31390.37,150.67,31541.04,8.4292,0.0405,0.48,18,34,,96,True
9622,WEIN BAUER INC,13251,2024-11-27,2024-12-15,2025-01-17,2024-12,72,1141.6,5.37,1146.97,15.8556,0.0746,0.4704,18,33,,6,True
2561,EDRINGTON AMERICAS,13259,2024-11-28,2024-12-15,2025-01-18,2024-12,1303,34986.69,174.93,35161.62,26.8509,0.1343,0.5,17,34,,33,True
10000,MAJESTIC FINE WINES,13262,2024-11-28,2024-12-15,2025-01-22,2024-12,9362,73835.16,376.56,74211.72,7.8867,0.0402,0.51,17,38,,40,True
3664,WILLIAM GRANT & SONS INC,13272,2024-11-28,2024-12-15,2025-01-24,2024-12,5552,107545.97,516.22,108062.19,19.3707,0.093,0.48,17,40,,85,True
90032,LABELLE VYDS AND WINERY,13310,2024-12-01,2024-12-15,2025-01-17,2024-12,130,1404.36,6.74,1411.1,10.8028,0.0518,0.4799,14,33,,10,True
9625,WESTERN SPIRITS BEVERAGE CO,13319,2024-12-01,2024-12-15,2025-01-24,2024-12,1810,7300.97,33.58,7334.55,4.0337,0.0186,0.4599,14,40,,26,True
3252,E & J GALLO WINERY,13323,2024-12-02,2024-12-15,2025-01-28,2024-12,40378,251618.9,1232.93,252851.83,6.2316,0.0305,0.49,13,44,Frank Delahunt,527,True
7153,PINE STATE TRADING CO,13327,2024-12-02,2024-12-15,2025-01-16,2024-12,6713,52709.69,284.63,52994.32,7.8519,0.0424,0.54,13,32,,480,True
3089,SIDNEY FRANK IMPORTING CO,13330,2024-12-02,2024-12-15,2025-01-27,2024-12,3034,27820.83,127.98,27948.81,9.1697,0.0422,0.46,13,43,,13,True
28776,TALL SHIP DISTILLERY LLC,13332,2024-12-02,2024-12-15,2025-01-19,2024-12,35,779.33,4.05,783.38,22.2666,0.1157,0.5197,13,35,,4,True
8892,TRINCHERO FAMILY ESTATES,13333,2024-12-02,2024-12-15,2025-01-22,2024-12,6761,45487.9,213.79,45701.69,6.728,0.0316,0.47,13,38,,153,True
516,BANFI PRODUCTS CORP,13239,2024-11-27,2024-12-16,2025-01-14,2024-12,3446,24145.77,127.97,24273.74,7.0069,0.0371,0.53,19,29,,149,True
1655,FABRIZIA SPIRITS LLC,13243,2024-11-27,2024-12-16,2025-01-23,2024-12,277,3492.06,16.06,3508.12,12.6067,0.058,0.4599,19,38,,8,True
90058,ZORVINO VINEYARDS,13252,2024-11-27,2024-12-16,2025-01-18,2024-12,199,1716.45,8.07,1724.52,8.6254,0.0406,0.4702,19,33,,6,True
4466,AMERICAN VINTAGE BEVERAGE,13254,2024-11-28,2024-12-16,2025-01-13,2024-12,262,2530.36,11.39,2541.75,9.6579,0.0435,0.4501,18,28,,3,True
8664,"STOLI GROUP,(USA) LLC",13268,2024-11-28,2024-12-16,2025-01-25,2024-12,5888,61895.25,328.04,62223.29,10.5121,0.0557,0.53,18,40,,48,True
99166,STARK BREWING COMPANY,13289,2024-11-29,2024-12-16,2025-01-22,2024-12,12,257.04,1.21,258.25,21.42,0.1008,0.4707,17,37,,1,True
90047,CRUSH WINES,13295,2024-11-30,2024-12-16,2025-01-29,2024-12,318,2937.45,14.39,2951.84,9.2373,0.0453,0.4899,16,44,,165,True
660,SAZERAC NORTH AMERICA INC.,13301,2024-11-30,2024-12-16,2025-01-14,2024-12,10268,67141.67,308.85,67450.52,6.5389,0.0301,0.46,16,29,,84,True
9815,WINE GROUP INC,13320,2024-12-01,2024-12-16,2025-01-23,2024-12,18580,106340.09,552.97,106893.06,5.7234,0.0298,0.52,15,38,,215,True
2450,DJINN SPIRITS LLC,13322,2024-12-02,2024-12-16,2025-01-28,2024-12,24,385.2,1.73,386.93,16.05,0.0721,0.4491,14,43,,6,True
388,ATLANTIC IMPORTING COMPANY,13237,2024-11-27,2024-12-17,2025-01-22,2024-12,36,767.52,3.99,771.51,21.32,0.1108,0.5199,20,36,,3,True
4380,CHARLES JACQUIN ET CIE INC,13241,2024-11-27,2024-12-17,2025-01-25,2024-12,635,6163.61,27.74,6191.35,9.7065,0.0437,0.4501,20,39,,15,True
90011,FORTUNE WINE BROKERS LLC,13244,2024-11-27,2024-12-17,2025-01-29,2024-12,81,671.49,3.36,674.85,8.29,0.0415,0.5004,20,43,,62,True
2000,SOUTHERN WINE & SPIRITS NE,13248,2024-11-27,2024-12-17,2025-01-12,2024-12,6879,74386.98,349.62,74736.6,10.8136,0.0508,0.47,20,26,,417,True
4848,LAIRD & CO,13261,2024-11-28,2024-12-17,2025-01-25,2024-12,218,1865.06,9.14,1874.2,8.5553,0.0419,0.4901,19,39,,16,True
9260,TY KU LLC,13270,2024-11-28,2024-12-17,2025-01-24,2024-12,60,587.4,2.82,590.22,9.79,0.047,0.4801,19,38,,7,True
90010,VINEXTRA INC,13271,2024-11-28,2024-12-17,2025-01-16,2024-12,121,1421.4,6.96,1428.36,11.7471,0.0575,0.4897,19,30,,47,True
1265,BLACK ROCK SPIRITS LLC,13273,2024-11-29,2024-12-17,2025-01-26,2024-12,6,84.3,0.44,84.74,14.05,0.0733,0.5219,18,40,,1,True
1003,BRONCO WINE COMPANY,13274,2024-11-29,2024-12-17,2025-01-21,2024-12,24,63.6,0.3,63.9,2.65,0.0125,0.4717,18,35,,8,True
2555,DISARONNO INTERNATIONAL LLC,13277,2024-11-29,2024-12-17,2025-01-24,2024-12,2771,33454.4,153.89,33608.29,12.073,0.0555,0.46,18,38,,12,True
6830,PARK STREET IMPORTS LLC,13284,2024-11-29,2024-12-17,2025-01-24,2024-12,164,2641.01,12.94,2653.95,16.1037,0.0789,0.49,18,38,,12,True
17035,PERNOD RICARD USA,13285,2024-11-29,2024-12-17,2025-01-18,2024-12,38082,487646.06,2243.17,489889.23,12.8052,0.0589,0.46,18,32,Frank Delahunt,277,True
90017,THE IMPORTED GRAPE LLC,13291,2024-11-29,2024-12-17,2025-01-16,2024-12,60,363.72,1.93,365.65,6.062,0.0322,0.5306,18,30,,40,True
5992,MCCORMICK DISTILLING CO,13299,2024-11-30,2024-12-17,2025-01-17,2024-12,637,6805.29,31.98,6837.27,10.6833,0.0502,0.4699,17,31,,35,True
8920,TAKARA SAKE USA INC,13305,2024-11-30,2024-12-17,2025-01-22,2024-12,224,1131.6,5.88,1137.48,5.0518,0.0262,0.5196,17,36,,3,True
4550,KLIN SPIRITS LLC,13278,2024-11-29,2024-12-18,2025-01-23,2024-12,128,1970.71,10.25,1980.96,15.3962,0.0801,0.5201,19,36,,4,True
6213,MHW LTD,13281,2024-11-29,2024-12-18,2025-01-16,2024-12,3459,36570.06,164.57,36734.63,10.5724,0.0476,0.45,19,29,,96,True
8004,SAZERAC CO INC,13287,2024-11-29,2024-12-18,2025-01-27,2024-12,34145,206046.28,1030.23,207076.51,6.0344,0.0302,0.5,19,40,,138,True
10050,Russian Standard Vodka,13300,2024-11-30,2024-12-18,2025-01-18,2024-12,168,2451.36,11.28,2462.64,14.5914,0.0671,0.4602,18,31,,13,True
90053,INCREDIBREW INC,13308,2024-12-01,2024-12-18,2025-01-17,2024-12,48,422.64,1.99,424.63,8.805,0.0415,0.4708,17,30,,4,True
1128,BROWN-FORMAN CORP,13321,2024-12-02,2024-12-18,2025-01-14,2024-12,23409,290810.28,1337.73,292148.01,12.423,0.0571,0.46,16,27,Frank Delahunt,142,True
4692,KOBRAND CORPORATION,13325,2024-12-02,2024-12-18,2025-01-23,2024-12,2846,37571.65,199.13,37770.78,13.2016,0.07,0.53,16,36,,242,True
1587,VINEYARD BRANDS INC,13334,2024-12-02,2024-12-18,2025-01-12,2024-12,2549,18559.2,94.65,18653.85,7.281,0.0371,0.51,16,25,,87,True
9552,M S WALKER INC,13245,2024-11-27,2024-12-19,2025-01-14,2024-12,27271,219723.81,1032.7,220756.51,8.057,0.0379,0.47,22,26,,960,True
1189,BULLY BOY DISTILLERS,13256,2024-11-28,2024-12-19,2025-01-22,2024-12,86,1894.1,8.71,1902.81,22.0244,0.1013,0.4598,21,34,,6,True
1590,DIAGEO CHATEAU ESTATE WINES,13257,2024-11-28,2024-12-19,2025-01-16,2024-12,7498,56106.29,286.14,56392.43,7.4828,0.0382,0.51,21,28,,117,True
6359,OLE SMOKY DISTILLERY LLC,13283,2024-11-29,2024-12-19,2025-01-16,2024-12,4786,11468.75,53.9,11522.65,2.3963,0.0113,0.47,20,28,,18,True
172662,SWEETWATER FARM,13290,2024-11-29,2024-12-19,2025-01-13,2024-12,24,511.04,2.66,513.7,21.2933,0.1108,0.5205,20,25,,5,True
105,ALTAMAR BRANDS LLC,13293,2024-11-30,2024-12-19,2025-01-16,2024-12,6,214.26,1.09,215.35,35.71,0.1817,0.5087,19,28,,3,True
8352,LUXCO INC,13311,2024-12-01,2024-12-19,2025-01-24,2024-12,4994,36072.71,198.4,36271.11,7.2232,0.0397,0.55,18,36,,69,True
17033,SEA BREEZE CELLARS LLC,13315,2024-12-01,2024-12-19,2025-01-18,2024-12,150,1730.37,8.82,1739.19,11.5358,0.0588,0.5097,18,30,,16,True
9206,PHILLIPS PRODUCTS CO.,13326,2024-12-02,2024-12-19,2025-01-23,2024-12,666,8188.15,43.4,8231.55,12.2945,0.0652,0.53,17,35,,33,True
8735,SURVILLE ENTERPRISES CORP,13331,2024-12-02,2024-12-19,2025-01-23,2024-12,122,775.36,3.95,779.31,6.3554,0.0324,0.5094,17,35,,22,True
5455,MARSALLE COMPANY,13343,2024-12-04,2024-12-19,2025-01-28,2024-12,163,4615.45,21.69,4637.14,28.3156,0.1331,0.4699,15,40,,10,True
1003,BRONCO WINE COMPANY,13370,2024-12-06,2024-12-19,2025-01-25,2024-12,6,36.96,0.18,37.14,6.16,0.03,0.487,13,37,,8,True
17037,Dunn Wine Brokers,13373,2024-12-06,2024-12-19,2025-02-05,2024-12,24,311.52,1.71,313.23,12.98,0.0712,0.5489,13,48,,35,True
8112,MOET HENNESSY USA INC,13397,2024-12-07,2024-12-19,2025-01-19,2024-12,10146,237216.66,1114.92,238331.58,23.3803,0.1099,0.47,12,31,,129,True
8004,SAZERAC CO INC,13402,2024-12-07,2024-12-19,2025-02-04,2024-12,35880,240222.42,1321.22,241543.64,6.6952,0.0368,0.55,12,47,,138,True
172662,SWEETWATER FARM,13408,2024-12-07,2024-12-19,2025-01-24,2024-12,72,1636.2,7.69,1643.89,22.725,0.1068,0.47,12,36,,5,True
9815,WINE GROUP INC,13412,2024-12-07,2024-12-19,2025-02-02,2024-12,17397,108764.87,587.33,109352.2,6.2519,0.0338,0.54,12,45,,215,True
1273,CALEDONIA SPIRITS INC,13416,2024-12-08,2024-12-19,2025-01-23,2024-12,195,6316.01,32.21,6348.22,32.3898,0.1652,0.51,11,35,,5,True
4550,KLIN SPIRITS LLC,13422,2024-12-08,2024-12-19,2025-01-22,2024-12,166,2580.06,12.9,2592.96,15.5425,0.0777,0.5,11,34,,4,True
9819,TREASURY WINE ESTATES,13428,2024-12-08,2024-12-19,2025-01-29,2024-12,9197,60242.58,283.14,60525.72,6.5502,0.0308,0.47,11,41,,111,True
3664,WILLIAM GRANT & SONS INC,13431,2024-12-08,2024-12-19,2025-02-01,2024-12,6181,108698.79,543.49,109242.28,17.586,0.0879,0.5,11,44,,85,True
3924,HEAVEN HILL DISTILLERIES,13436,2024-12-09,2024-12-19,2025-01-26,2024-12,6288,46124.03,239.84,46363.87,7.3352,0.0381,0.52,10,38,,69,True
7153,PINE STATE TRADING CO,13440,2024-12-09,2024-12-19,2025-01-24,2024-12,8354,67597.36,358.27,67955.63,8.0916,0.0429,0.53,10,36,,480,True
5455,MARSALLE COMPANY,13246,2024-11-27,2024-12-20,2025-01-13,2024-12,142,3776.74,20.39,3797.13,26.5968,0.1436,0.5399,23,24,,10,True
653,STATE WINE & SPIRITS,13249,2024-11-27,2024-12-20,2025-01-13,2024-12,2656,25429.03,139.86,25568.89,9.5742,0.0527,0.55,23,24,,258,True
6785,PALM BAY INTERNATIONAL INC,13263,2024-11-28,2024-12-20,2025-01-25,2024-12,7987,56588.39,299.92,56888.31,7.0851,0.0376,0.53,22,36,,174,True
8320,SHAW ROSS INT L IMP LTD,13266,2024-11-28,2024-12-20,2025-01-27,2024-12,1249,11473.1,52.78,11525.88,9.1858,0.0423,0.46,22,38,,38,True
1392,CONSTELLATION BRANDS INC,13294,2024-11-30,2024-12-20,2025-01-19,2024-12,44241,305149.12,1525.75,306674.87,6.8974,0.0345,0.5,20,30,Frank Delahunt,481,True
4425,MARTIGNETTI COMPANIES,13298,2024-11-30,2024-12-20,2025-01-28,2024-12,51148,526973.93,2687.57,529661.5,10.3029,0.0525,0.51,20,39,Frank Delahunt,1639,True
3924,HEAVEN HILL DISTILLERIES,13307,2024-12-01,2024-12-20,2025-01-28,2024-12,5909,37898.63,189.49,38088.12,6.4137,0.0321,0.5,19,39,,69,True
10754,PERFECTA WINES,13313,2024-12-01,2024-12-20,2025-01-28,2024-12,8677,111183.07,511.44,111694.51,12.8135,0.0589,0.46,19,39,,897,True
28750,SMOKY QUARTZ DISTILLERY LLC,13316,2024-12-01,2024-12-20,2025-01-18,2024-12,58,1256.48,5.78,1262.26,21.6634,0.0997,0.46,19,29,,4,True
8673,STE MICHELLE WINE ESTATES,13317,2024-12-01,2024-12-20,2025-01-16,2024-12,7122,54146.74,259.9,54406.64,7.6027,0.0365,0.48,19,27,,144,True
7255,PSP WINES,13329,2024-12-02,2024-12-20,2025-01-18,2024-12,201,1273.07,5.73,1278.8,6.3337,0.0285,0.4501,18,29,,32,True
2561,EDRINGTON AMERICAS,13339,2024-12-04,2024-12-20,2025-02-03,2024-12,1257,35769.85,182.43,35952.28,28.4565,0.1451,0.51,16,45,,33,True
7749,R.P.IMPORTS INC,13344,2024-12-04,2024-12-20,2025-01-20,2024-12,3,23.82,0.13,23.95,7.94,0.0433,0.5458,16,31,,75,True
105,ALTAMAR BRANDS LLC,13349,2024-12-05,2024-12-20,2025-02-01,2024-12,6,214.26,1.18,215.44,35.71,0.1967,0.5507,15,43,,3,True
653,STATE WINE & SPIRITS,13382,2024-12-06,2024-12-20,2025-01-27,2024-12,2306,23403.72,114.68,23518.4,10.1491,0.0497,0.49,14,38,,258,True
90010,VINEXTRA INC,13389,2024-12-06,2024-12-20,2025-01-27,2024-12,186,2359.56,11.8,2371.36,12.6858,0.0634,0.5001,14,38,,47,True
6785,PALM BAY INTERNATIONAL INC,13398,2024-12-07,2024-12-20,2025-02-02,2024-12,7165,53783.95,247.41,54031.36,7.5065,0.0345,0.46,13,44,,174,True
6830,PARK STREET IMPORTS LLC,13399,2024-12-07,2024-12-20,2025-01-19,2024-12,201,3190.77,14.68,3205.45,15.8745,0.073,0.4601,13,30,,12,True
3089,SIDNEY FRANK IMPORTING CO,13405,2024-12-07,2024-12-20,2025-01-25,2024-12,4913,36352.1,167.22,36519.32,7.3992,0.034,0.46,13,36,,13,True
1485,CASTLE BRANDS CORP.,13433,2024-12-09,2024-12-20,2025-02-04,2024-12,2208,31893.48,149.9,32043.38,14.4445,0.0679,0.47,11,46,,29,True
17032,JEWELL TOWNE VINEYARDS,13437,2024-12-09,2024-12-20,2025-01-22,2024-12,48,412.08,2.27,414.35,8.585,0.0473,0.5509,11,33,,7,True
3960,DIAGEO NORTH AMERICA INC,13354,2024-12-05,2024-12-21,2025-01-30,2024-12,134333,1127733.09,5300.35,1133033.44,8.3951,0.0395,0.47,16,40,Frank Delahunt,449,True
9744,FREDERICK WILDMAN & SONS,13356,2024-12-05,2024-12-21,2025-01-26,2024-12,1194,13594.67,69.33,13664.0,11.3858,0.0581,0.51,16,36,,149,True
90032,LABELLE VYDS AND WINERY,13357,2024-12-05,2024-12-21,2025-01-28,2024-12,300,3256.55,17.59,3274.14,10.8552,0.0586,0.5401,16,38,,10,True
9622,WEIN BAUER INC,13368,2024-12-05,2024-12-21,2025-01-27,2024-12,30,572.4,2.63,575.03,19.08,0.0877,0.4595,16,37,,6,True
2242,DELICATO VINEYARDS INC,13372,2024-12-06,2024-12-21,2025-01-29,2024-12,4309,36660.13,164.97,36825.1,8.5078,0.0383,0.45,15,39,,96,True
90027,POVERTY LANE ORCHARDS,13380,2024-12-06,2024-12-21,2025-02-02,2024-12,69,555.45,2.78,558.23,8.05,0.0403,0.5005,15,43,,8,True
90059,BLACK COVE BEVERAGES,13414,2024-12-08,2024-12-21,2025-01-27,2024-12,82,1290.68,5.94,1296.62,15.74,0.0724,0.4602,13,37,,1,True
10754,PERFECTA WINES,13439,2024-12-09,2024-12-21,2025-01-24,2024-12,10094,113419.35,589.78,114009.13,11.2363,0.0584,0.52,12,34,,897,True
90046,CANDIA VINEYARDS,13338,2024-12-04,2024-12-22,2025-01-24,2024-12,36,359.76,1.91,361.67,9.9933,0.0531,0.5309,18,33,,5,True
4692,KOBRAND CORPORATION,13340,2024-12-04,2024-12-22,2025-02-04,2024-12,4808,60936.04,292.49,61228.53,12.6739,0.0608,0.48,18,44,,242,True
90056,SWEET BABY VINEYARD,13367,2024-12-05,2024-12-22,2025-01-20,2024-12,309,2596.28,13.24,2609.52,8.4022,0.0428,0.51,17,29,,4,True
388,ATLANTIC IMPORTING COMPANY,13369,2024-12-06,2024-12-22,2025-01-22,2024-12,39,831.48,4.49,835.97,21.32,0.1151,0.54,16,31,,3,True
90053,INCREDIBREW INC,13376,2024-12-06,2024-12-22,2025-02-02,2024-12,60,527.52,2.9,530.42,8.792,0.0483,0.5497,16,42,,4,True
10000,MAJESTIC FINE WINES,13378,2024-12-06,2024-12-22,2025-01-25,2024-12,10389,81052.09,397.16,81449.25,7.8017,0.0382,0.49,16,34,,40,True
28750,SMOKY QUARTZ DISTILLERY LLC,13381,2024-12-06,2024-12-22,2025-01-24,2024-12,121,2649.97,13.25,2663.22,21.9006,0.1095,0.5,16,33,,4,True
2396,BLACK PRINCE DISTILLERY INC,13415,2024-12-08,2024-12-22,2025-01-29,2024-12,12,52.08,0.28,52.36,4.34,0.0233,0.5376,14,38,,10,True
1590,DIAGEO CHATEAU ESTATE WINES,13418,2024-12-08,2024-12-22,2025-01-21,2024-12,5464,40506.13,198.48,40704.61,7.4133,0.0363,0.49,14,30,,117,True
90017,THE IMPORTED GRAPE LLC,13427,2024-12-08,2024-12-22,2025-01-26,2024-12,24,173.16,0.88,174.04,7.215,0.0367,0.5082,14,35,,40,True
2496,DUGGANS DISTILLED PRODUCTS,13435,2024-12-09,2024-12-22,2025-01-23,2024-12,148,1975.29,9.48,1984.77,13.3466,0.0641,0.4799,13,32,,5,True
7239,REMY COINTREAU USA INC,13345,2024-12-04,2024-12-23,2025-02-04,2024-12,2684,61971.02,316.05,62287.07,23.0891,0.1178,0.51,19,43,,45,True
60,ADAMBA IMPORTS INTL INC,13348,2024-12-05,2024-12-23,2025-01-25,2024-12,230,3727.61,16.77,3744.38,16.207,0.0729,0.4499,18,33,,3,True
2555,DISARONNO INTERNATIONAL LLC,13355,2024-12-05,2024-12-23,2025-02-03,2024-12,4003,39530.93,181.84,39712.77,9.8753,0.0454,0.46,18,42,,12,True
6213,MHW LTD,13360,2024-12-05,2024-12-23,2025-01-31,2024-12,4671,55008.7,280.54,55289.24,11.7766,0.0601,0.51,18,39,,96,True
90057,WALPOLE MTN VIEW WINERY,13390,2024-12-06,2024-12-23,2025-02-04,2024-12,35,379.89,1.98,381.87,10.854,0.0566,0.5212,17,43,,3,True
9552,M S WALKER INC,13395,2024-12-07,2024-12-23,2025-01-24,2024-12,30528,246201.54,1354.11,247555.65,8.0648,0.0444,0.55,16,32,,960,True
12331,STELLAR IMPORTING CO LLC,13407,2024-12-07,2024-12-23,2025-01-22,2024-12,48,469.32,2.21,471.53,9.7775,0.046,0.4709,16,30,,19,True
516,BANFI PRODUCTS CORP,13413,2024-12-08,2024-12-23,2025-01-21,2024-12,3867,31581.13,161.06,31742.19,8.1668,0.0416,0.51,15,29,,149,True
17035,PERNOD RICARD USA,13423,2024-12-08,2024-12-23,2025-01-31,2024-12,39670,581589.12,3024.26,584613.38,14.6607,0.0762,0.52,15,39,Frank Delahunt,277,True
1601,VRANKEN AMERICA,13429,2024-12-08,2024-12-23,2025-01-21,2024-12,375,7221.99,37.55,7259.54,19.2586,0.1001,0.5199,15,29,,21,True
10050,Russian Standard Vodka,13346,2024-12-04,2024-12-24,2025-01-27,2024-12,2182,40036.48,216.2,40252.68,18.3485,0.0991,0.54,20,34,,13,True
1265,BLACK ROCK SPIRITS LLC,13351,2024-12-05,2024-12-24,2025-01-23,2024-12,6,84.3,0.42,84.72,14.05,0.07,0.4982,19,30,,1,True
8150,SEA HAGG DISTILLERY LLC,13364,2024-12-05,2024-12-24,2025-02-04,2024-12,671,8261.69,43.79,8305.48,12.3125,0.0653,0.53,19,42,,9,True
90011,FORTUNE WINE BROKERS LLC,13374,2024-12-06,2024-12-24,2025-02-01,2024-12,73,731.93,3.59,735.52,10.0264,0.0492,0.4905,18,39,,62,True
8352,LUXCO INC,13377,2024-12-06,2024-12-24,2025-01-30,2024-12,6583,53638.0,262.83,53900.83,8.148,0.0399,0.49,18,37,,69,True
6359,OLE SMOKY DISTILLERY LLC,13379,2024-12-06,2024-12-24,2025-01-22,2024-12,6016,14676.05,73.38,14749.43,2.4395,0.0122,0.5,18,29,,18,True
9260,TY KU LLC,13388,2024-12-06,2024-12-24,2025-02-03,2024-12,77,935.49,4.49,939.98,12.1492,0.0583,0.48,18,41,,7,True
3252,E & J GALLO WINERY,13393,2024-12-07,2024-12-24,2025-01-20,2024-12,40760,256432.37,1333.45,257765.82,6.2913,0.0327,0.52,17,27,Frank Delahunt,527,True
4425,MARTIGNETTI COMPANIES,13396,2024-12-07,2024-12-24,2025-01-29,2024-12,60932,744027.42,4092.15,748119.57,12.2108,0.0672,0.55,17,36,Frank Delahunt,1639,True
9206,PHILLIPS PRODUCTS CO.,13400,2024-12-07,2024-12-24,2025-01-20,2024-12,611,6998.49,34.29,7032.78,11.4542,0.0561,0.49,17,27,,33,True
90024,VINILANDIA USA,13411,2024-12-07,2024-12-24,2025-01-19,2024-12,1169,11816.12,60.26,11876.38,10.1079,0.0515,0.51,17,26,,206,True
90051,FULCHINO VINEYARD INC,13420,2024-12-08,2024-12-24,2025-01-21,2024-12,36,405.72,1.99,407.71,11.27,0.0553,0.4905,16,28,,2,True
7154,PREMIER DISTRIBUTORS,13424,2024-12-08,2024-12-24,2025-01-26,2024-12,170,2170.24,9.98,2180.22,12.7661,0.0587,0.4599,16,33,,7,True
2876,CENTEUR IMPORTS LLC,13434,2024-12-09,2024-12-24,2025-01-23,2024-12,6,52.68,0.27,52.95,8.78,0.045,0.5125,15,30,,11,True
8920,TAKARA SAKE USA INC,13442,2024-12-09,2024-12-24,2025-01-20,2024-12,242,1066.79,5.33,1072.12,4.4082,0.022,0.4996,15,27,,3,True
1128,BROWN-FORMAN CORP,13336,2024-12-04,2024-12-25,2025-01-28,2024-12,25341,303869.01,1458.57,305327.58,11.9912,0.0576,0.48,21,34,Frank Delahunt,142,True
1650,Circa Wines,13352,2024-12-05,2024-12-25,2025-02-05,2024-12,36,463.56,2.32,465.88,12.8767,0.0644,0.5005,20,42,,74,True
1392,CONSTELLATION BRANDS INC,13353,2024-12-05,2024-12-25,2025-02-01,2024-12,46898,328262.98,1674.14,329937.12,6.9995,0.0357,0.51,20,38,Frank Delahunt,481,True
6215,MOONLIGHT MEADERY,13361,2024-12-05,2024-12-25,2025-01-21,2024-12,85,754.37,3.55,757.92,8.8749,0.0418,0.4706,20,27,,7,True
6355,NICHE W & S,13362,2024-12-05,2024-12-25,2025-02-01,2024-12,324,3483.87,18.46,3502.33,10.7527,0.057,0.5299,20,38,,8,True
28776,TALL SHIP DISTILLERY LLC,13386,2024-12-06,2024-12-25,2025-02-02,2024-12,156,3426.96,18.16,3445.12,21.9677,0.1164,0.5299,19,39,,4,True
7245,PROXIMO SPIRITS INC.,13401,2024-12-07,2024-12-25,2025-02-04,2024-12,12797,129453.21,582.54,130035.75,10.1159,0.0455,0.45,18,41,,114,True
1587,VINEYARD BRANDS INC,13409,2024-12-07,2024-12-25,2025-02-05,2024-12,2647,21465.16,113.77,21578.93,8.1092,0.043,0.53,18,42,,87,True
1587,VINEYARD BRANDS INC,13410,2024-12-07,2024-12-25,2025-01-25,2024-12,168,4198.32,23.09,4221.41,24.99,0.1374,0.55,18,31,,87,True
99166,STARK BREWING COMPANY,13426,2024-12-08,2024-12-25,2025-01-24,2024-12,34,728.28,3.64,731.92,21.42,0.1071,0.4998,17,30,,1,True
8892,TRINCHERO FAMILY ESTATES,13443,2024-12-09,2024-12-25,2025-02-03,2024-12,7447,49281.22,256.26,49537.48,6.6176,0.0344,0.52,16,40,,153,True
90058,ZORVINO VINEYARDS,13444,2024-12-09,2024-12-25,2025-01-19,2024-12,185,1525.86,8.24,1534.1,8.2479,0.0445,0.54,16,25,,6,True
4950,LATITUDE BEVERAGE COMPANY,13341,2024-12-04,2024-12-26,2025-02-02,2024-12,1217,7594.36,39.49,7633.85,6.2402,0.0324,0.52,22,38,,45,True
5083,LOYAL DOG WINERY,13342,2024-12-04,2024-12-26,2025-01-20,2024-12,12,116.04,0.52,116.56,9.67,0.0433,0.4481,22,25,,1,True
9165,ULTRA BEVERAGE COMPANY LLP,13347,2024-12-04,2024-12-26,2025-01-29,2024-12,18148,255134.41,1250.16,256384.57,14.0585,0.0689,0.49,22,34,Frank Delahunt,965,True
480,BACARDI USA INC,13350,2024-12-05,2024-12-26,2025-01-20,2024-12,30183,325820.26,1694.27,327514.53,10.7948,0.0561,0.52,21,25,Frank Delahunt,184,True
5992,MCCORMICK DISTILLING CO,13359,2024-12-05,2024-12-26,2025-02-04,2024-12,913,10393.61,50.93,10444.54,11.384,0.0558,0.49,21,40,,35,True
7255,PSP WINES,13363,2024-12-05,2024-12-26,2025-01-22,2024-12,329,2489.64,12.7,2502.34,7.5673,0.0386,0.5101,21,27,,32,True
8320,SHAW ROSS INT L IMP LTD,13366,2024-12-05,2024-12-26,2025-02-02,2024-12,1391,12603.43,65.54,12668.97,9.0607,0.0471,0.52,21,38,,38,True
90052,HAUNTING WHISPER VYDS,13375,2024-12-06,2024-12-26,2025-01-20,2024-12,24,188.16,0.87,189.03,7.84,0.0362,0.4624,20,25,,2,True
8664,"STOLI GROUP,(USA) LLC",13384,2024-12-06,2024-12-26,2025-01-26,2024-12,7246,78752.29,393.76,79146.05,10.8684,0.0543,0.5,20,31,,48,True
4380,CHARLES JACQUIN ET CIE INC,13391,2024-12-07,2024-12-26,2025-02-01,2024-12,1419,11217.99,51.6,11269.59,7.9056,0.0364,0.46,19,37,,15,True
17033,SEA BREEZE CELLARS LLC,13404,2024-12-07,2024-12-26,2025-01-28,2024-12,102,1290.84,6.97,1297.81,12.6553,0.0683,0.54,19,33,,16,True
2000,SOUTHERN WINE & SPIRITS NE,13406,2024-12-07,2024-12-26,2025-02-01,2024-12,6228,55616.11,294.77,55910.88,8.93,0.0473,0.53,19,37,,417,True
1655,FABRIZIA SPIRITS LLC,13419,2024-12-08,2024-12-26,2025-01-23,2024-12,897,11398.67,59.27,11457.94,12.7075,0.0661,0.52,18,28,,8,True
7240,"PREMIUM PORT WINES, INC.",13425,2024-12-08,2024-12-26,2025-02-05,2024-12,185,1336.21,6.41,1342.62,7.2228,0.0346,0.4797,18,41,,3,True
4466,AMERICAN VINTAGE BEVERAGE,13432,2024-12-09,2024-12-26,2025-01-27,2024-12,231,2263.43,11.32,2274.75,9.7984,0.049,0.5001,17,32,,3,True
200,AMERICAN SPIRITS EXCHANGE,13445,2024-12-11,2024-12-26,2025-01-28,2024-12,12,90.36,0.47,90.83,7.53,0.0392,0.5201,15,33,,3,True
11567,CAMPARI AMERICA,13447,2024-12-11,2024-12-26,2025-02-12,2024-12,10156,82955.85,423.07,83378.92,8.1682,0.0417,0.51,15,48,,74,True
6213,MHW LTD,13454,2024-12-11,2024-12-26,2025-01-27,2024-12,4957,47907.22,249.12,48156.34,9.6646,0.0503,0.52,15,32,,96,True
2555,DISARONNO INTERNATIONAL LLC,13470,2024-12-12,2024-12-26,2025-01-29,2024-12,4160,34547.79,183.1,34730.89,8.3048,0.044,0.53,14,34,,12,True
7154,PREMIER DISTRIBUTORS,13475,2024-12-12,2024-12-26,2025-02-11,2024-12,176,2171.37,9.77,2181.14,12.3373,0.0555,0.4499,14,47,,7,True
8112,MOET HENNESSY USA INC,13492,2024-12-13,2024-12-26,2025-02-11,2024-12,11063,222243.79,1155.67,223399.46,20.0889,0.1045,0.52,13,47,,129,True
90032,LABELLE VYDS AND WINERY,13505,2024-12-14,2024-12-26,2025-02-04,2024-12,439,4689.31,25.79,4715.1,10.6818,0.0587,0.55,12,40,,10,True
90017,THE IMPORTED GRAPE LLC,13513,2024-12-14,2024-12-26,2025-02-12,2024-12,36,292.16,1.61,293.77,8.1156,0.0447,0.5511,12,48,,40,True
5992,MCCORMICK DISTILLING CO,13524,2024-12-15,2024-12-26,2025-01-28,2024-12,1108,12850.25,59.11,12909.36,11.5977,0.0533,0.46,11,33,,35,True
388,ATLANTIC IMPORTING COMPANY,13535,2024-12-16,2024-12-26,2025-01-27,2024-12,30,639.6,3.26,642.86,21.32,0.1087,0.5097,10,32,,3,True
1189,BULLY BOY DISTILLERS,13536,2024-12-16,2024-12-26,2025-02-09,2024-12,112,2463.64,12.32,2475.96,21.9968,0.11,0.5001,10,45,,6,True
11567,CAMPARI AMERICA,13337,2024-12-04,2024-12-27,2025-01-30,2024-12,9903,85496.49,470.23,85966.72,8.6334,0.0475,0.55,23,34,,74,True
5270,MANGO BOTTLING INC,13358,2024-12-05,2024-12-27,2025-02-02,2024-12,660,4726.59,23.16,4749.75,7.1615,0.0351,0.49,22,37,,6,True
98450,Serralles Usa LLC,13365,2024-12-05,2024-12-27,2025-01-31,2024-12,174,2345.74,12.9,2358.64,13.4813,0.0741,0.5499,22,35,,16,True
1189,BULLY BOY DISTILLERS,13371,2024-12-06,2024-12-27,2025-01-21,2024-12,202,4424.22,23.45,4447.67,21.9021,0.1161,0.53,21,25,,6,True
8673,STE MICHELLE WINE ESTATES,13383,2024-12-06,2024-12-27,2025-01-22,2024-12,7510,63128.69,309.33,63438.02,8.406,0.0412,0.49,21,26,,144,True
8735,SURVILLE ENTERPRISES CORP,13385,2024-12-06,2024-12-27,2025-01-20,2024-12,247,1676.95,7.88,1684.83,6.7893,0.0319,0.4699,21,24,,22,True
173357,TAMWORTH DISTILLING,13387,2024-12-06,2024-12-27,2025-01-26,2024-12,51,1239.81,5.95,1245.76,24.31,0.1167,0.4799,21,30,,4,True
2450,DJINN SPIRITS LLC,13392,2024-12-07,2024-12-27,2025-02-02,2024-12,52,1031.2,5.57,1036.77,19.8308,0.1071,0.5401,20,37,,6,True
17031,FLAG HILL WINERY & VINEYARD,13394,2024-12-07,2024-12-27,2025-02-04,2024-12,584,9390.15,50.71,9440.86,16.079,0.0868,0.54,20,39,,19,True
660,SAZERAC NORTH AMERICA INC.,13403,2024-12-07,2024-12-27,2025-02-05,2024-12,11999,81138.42,438.15,81576.57,6.7621,0.0365,0.54,20,40,,84,True
90047,CRUSH WINES,13417,2024-12-08,2024-12-27,2025-01-29,2024-12,845,9782.91,53.81,9836.72,11.5774,0.0637,0.55,19,33,,165,True
12546,JIM BEAM BRANDS COMPANY,13421,2024-12-08,2024-12-27,2025-01-31,2024-12,57118,472589.43,2410.21,474999.64,8.2739,0.0422,0.51,19,35,Frank Delahunt,415,True
9625,WESTERN SPIRITS BEVERAGE CO,13430,2024-12-08,2024-12-27,2025-02-02,2024-12,1441,7975.93,39.88,8015.81,5.535,0.0277,0.5,19,37,,26,True
4848,LAIRD & CO,13438,2024-12-09,2024-12-27,2025-01-27,2024-12,346,3450.57,17.94,3468.51,9.9727,0.0518,0.5199,18,31,,16,True
2000,SOUTHERN WINE & SPIRITS NE,13441,2024-12-09,2024-12-27,2025-01-22,2024-12,168,4089.12,20.85,4109.97,24.34,0.1241,0.5099,18,26,,417,True
6785,PALM BAY INTERNATIONAL INC,13456,2024-12-11,2024-12-27,2025-02-10,2024-12,7045,52530.0,252.14,52782.14,7.4564,0.0358,0.48,16,45,,174,True
7153,PINE STATE TRADING CO,13457,2024-12-11,2024-12-27,2025-02-11,2024-12,7959,57134.23,302.81,57437.04,7.1786,0.038,0.53,16,46,,480,True
90057,WALPOLE MTN VIEW WINERY,13462,2024-12-11,2024-12-27,2025-01-28,2024-12,24,283.2,1.47,284.67,11.8,0.0612,0.5191,16,32,,3,True
2561,EDRINGTON AMERICAS,13487,2024-12-13,2024-12-27,2025-02-04,2024-12,1714,54027.38,286.35,54313.73,31.5212,0.1671,0.53,14,39,,33,True
9206,PHILLIPS PRODUCTS CO.,13493,2024-12-13,2024-12-27,2025-02-04,2024-12,587,7552.4,39.27,7591.67,12.8661,0.0669,0.52,14,39,,33,True
516,BANFI PRODUCTS CORP,13499,2024-12-14,2024-12-27,2025-02-09,2024-12,3387,25651.3,128.26,25779.56,7.5735,0.0379,0.5,13,44,,149,True
8320,SHAW ROSS INT L IMP LTD,13508,2024-12-14,2024-12-27,2025-01-30,2024-12,1441,13501.92,63.46,13565.38,9.3698,0.044,0.47,13,34,,38,True
17035,PERNOD RICARD USA,13527,2024-12-15,2024-12-27,2025-01-31,2024-12,43300,593991.02,2969.96,596960.98,13.718,0.0686,0.5,12,35,Frank Delahunt,277,True
10050,Russian Standard Vodka,13528,2024-12-15,2024-12-27,2025-02-05,2024-12,271,4077.44,22.43,4099.87,15.0459,0.0828,0.5501,12,40,,13,True
90027,POVERTY LANE ORCHARDS,13545,2024-12-16,2024-12-27,2025-01-26,2024-12,80,644.0,3.09,647.09,8.05,0.0386,0.4798,11,30,,8,True
653,STATE WINE & SPIRITS,13547,2024-12-16,2024-12-27,2025-02-09,2024-12,2267,21832.62,120.08,21952.7,9.6306,0.053,0.55,11,44,,258,True
9260,TY KU LLC,13550,2024-12-16,2024-12-27,2025-01-27,2024-12,114,1635.9,7.53,1643.43,14.35,0.0661,0.4603,11,31,,7,True
1590,DIAGEO CHATEAU ESTATE WINES,13448,2024-12-11,2024-12-28,2025-02-10,2024-12,5519,39645.44,218.05,39863.49,7.1834,0.0395,0.55,17,44,,117,True
8150,SEA HAGG DISTILLERY LLC,13478,2024-12-12,2024-12-28,2025-01-31,2024-12,863,10673.66,55.5,10729.16,12.3681,0.0643,0.52,16,34,,9,True
1601,VRANKEN AMERICA,13481,2024-12-12,2024-12-28,2025-02-11,2024-12,336,6226.56,28.02,6254.58,18.5314,0.0834,0.45,16,45,,21,True
3924,HEAVEN HILL DISTILLERIES,13504,2024-12-14,2024-12-28,2025-01-26,2024-12,6166,45841.48,224.62,46066.1,7.4346,0.0364,0.49,14,29,,69,True
12331,STELLAR IMPORTING CO LLC,13509,2024-12-14,2024-12-28,2025-02-12,2024-12,77,645.12,2.97,648.09,8.3782,0.0386,0.4604,14,46,,19,True
1392,CONSTELLATION BRANDS INC,13518,2024-12-15,2024-12-28,2025-02-07,2024-12,50732,345663.73,1832.02,347495.75,6.8135,0.0361,0.53,13,41,Frank Delahunt,481,True
4692,KOBRAND CORPORATION,13522,2024-12-15,2024-12-28,2025-01-27,2024-12,4342,54131.48,265.24,54396.72,12.4669,0.0611,0.49,13,30,,242,True
6830,PARK STREET IMPORTS LLC,13525,2024-12-15,2024-12-28,2025-02-07,2024-12,354,5643.81,31.04,5674.85,15.943,0.0877,0.55,13,41,,12,True
98450,Serralles Usa LLC,13530,2024-12-15,2024-12-28,2025-01-28,2024-12,170,2328.94,12.11,2341.05,13.6996,0.0712,0.52,13,31,,16,True
90051,FULCHINO VINEYARD INC,13450,2024-12-11,2024-12-29,2025-02-08,2024-12,19,260.11,1.43,261.54,13.69,0.0753,0.5498,18,41,,2,True
8892,TRINCHERO FAMILY ESTATES,13461,2024-12-11,2024-12-29,2025-02-06,2024-12,6662,41744.16,187.85,41932.01,6.266,0.0282,0.45,18,39,,153,True
1273,CALEDONIA SPIRITS INC,13467,2024-12-12,2024-12-29,2025-01-26,2024-12,320,10237.85,46.07,10283.92,31.9933,0.144,0.45,17,28,,5,True
12546,JIM BEAM BRANDS COMPANY,13489,2024-12-13,2024-12-29,2025-02-02,2024-12,62547,564285.07,2652.14,566937.21,9.0218,0.0424,0.47,16,35,Frank Delahunt,415,True
10000,MAJESTIC FINE WINES,13490,2024-12-13,2024-12-29,2025-02-08,2024-12,8884,70859.8,354.3,71214.1,7.9761,0.0399,0.5,16,41,,40,True
5270,MANGO BOTTLING INC,13491,2024-12-13,2024-12-29,2025-02-10,2024-12,1011,7405.78,34.07,7439.85,7.3252,0.0337,0.46,16,43,,6,True
3089,SIDNEY FRANK IMPORTING CO,13494,2024-12-13,2024-12-29,2025-02-06,2024-12,4957,39892.16,195.47,40087.63,8.0476,0.0394,0.49,16,39,,13,True
8920,TAKARA SAKE USA INC,13495,2024-12-13,2024-12-29,2025-01-29,2024-12,180,955.08,5.06,960.14,5.306,0.0281,0.5298,16,31,,3,True
4425,MARTIGNETTI COMPANIES,13506,2024-12-14,2024-12-29,2025-02-12,2024-12,56235,615408.5,3384.75,618793.25,10.9435,0.0602,0.55,15,45,Frank Delahunt,1639,True
9815,WINE GROUP INC,13517,2024-12-14,2024-12-29,2025-01-29,2024-12,17214,103738.42,539.44,104277.86,6.0264,0.0313,0.52,15,31,,215,True
1587,VINEYARD BRANDS INC,13534,2024-12-15,2024-12-29,2025-01-26,2024-12,3007,23113.86,110.95,23224.81,7.6867,0.0369,0.48,14,28,,87,True
2496,DUGGANS DISTILLED PRODUCTS,13539,2024-12-16,2024-12-29,2025-02-11,2024-12,241,3605.95,17.31,3623.26,14.9624,0.0718,0.48,13,44,,5,True
3252,E & J GALLO WINERY,13540,2024-12-16,2024-12-29,2025-01-26,2024-12,41611,264812.69,1271.1,266083.79,6.364,0.0305,0.48,13,28,Frank Delahunt,527,True
4550,KLIN SPIRITS LLC,13542,2024-12-16,2024-12-29,2025-01-29,2024-12,188,2971.08,15.75,2986.83,15.8036,0.0838,0.5301,13,31,,4,True
17033,SEA BREEZE CELLARS LLC,13546,2024-12-16,2024-12-29,2025-02-06,2024-12,150,1626.48,7.97,1634.45,10.8432,0.0531,0.49,13,39,,16,True
7245,PROXIMO SPIRITS INC.,13458,2024-12-11,2024-12-30,2025-02-01,2024-12,13680,137799.41,633.88,138433.29,10.0731,0.0463,0.46,19,33,,114,True
2000,SOUTHERN WINE & SPIRITS NE,13460,2024-12-11,2024-12-30,2025-02-06,2024-12,7106,66506.73,339.18,66845.91,9.3592,0.0477,0.51,19,38,,417,True
17032,JEWELL TOWNE VINEYARDS,13472,2024-12-12,2024-12-30,2025-01-26,2024-12,118,1015.06,5.28,1020.34,8.6022,0.0447,0.5202,18,27,,7,True
6359,OLE SMOKY DISTILLERY LLC,13474,2024-12-12,2024-12-30,2025-02-10,2024-12,6140,15782.66,80.49,15863.15,2.5705,0.0131,0.51,18,42,,18,True
8004,SAZERAC CO INC,13477,2024-12-12,2024-12-30,2025-02-01,2024-12,36745,258401.02,1162.8,259563.82,7.0323,0.0316,0.45,18,33,Frank Delahunt,138,True
28776,TALL SHIP DISTILLERY LLC,13480,2024-12-12,2024-12-30,2025-01-26,2024-12,58,1241.7,5.96,1247.66,21.4086,0.1028,0.48,18,27,,4,True
4466,AMERICAN VINTAGE BEVERAGE,13483,2024-12-13,2024-12-30,2025-02-11,2024-12,221,2178.27,11.33,2189.6,9.8564,0.0513,0.5201,17,43,,3,True
90059,BLACK COVE BEVERAGES,13484,2024-12-13,2024-12-30,2025-01-29,2024-12,101,1589.74,8.58,1598.32,15.74,0.085,0.5397,17,30,,1,True
9625,WESTERN SPIRITS BEVERAGE CO,13516,2024-12-14,2024-12-30,2025-02-05,2024-12,2009,11580.36,55.59,11635.95,5.7642,0.0277,0.48,16,37,,26,True
6355,NICHE W & S,13544,2024-12-16,2024-12-30,2025-02-03,2024-12,201,2993.96,15.27,3009.23,14.8953,0.076,0.51,14,35,,8,True
90010,VINEXTRA INC,13551,2024-12-16,2024-12-30,2025-01-26,2024-12,223,2207.29,11.26,2218.55,9.8982,0.0505,0.5101,14,27,,47,True
2450,DJINN SPIRITS LLC,13449,2024-12-11,2024-12-31,2025-02-03,2024-12,95,1707.62,9.22,1716.84,17.9749,0.0971,0.5399,20,34,,6,True
4848,LAIRD & CO,13452,2024-12-11,2024-12-31,2025-02-07,2024-12,493,5179.45,25.9,5205.35,10.506,0.0525,0.5001,20,38,,16,True
1128,BROWN-FORMAN CORP,13466,2024-12-12,2024-12-31,2025-02-06,2024-12,25337,301771.97,1478.68,303250.65,11.9103,0.0584,0.49,19,37,Frank Delahunt,142,True
1650,Circa Wines,13469,2024-12-12,2024-12-31,2025-02-06,2024-12,36,758.04,3.79,761.83,21.0567,0.1053,0.5,19,37,,74,True
90053,INCREDIBREW INC,13471,2024-12-12,2024-12-31,2025-02-03,2024-12,120,1064.64,4.79,1069.43,8.872,0.0399,0.4499,19,34,,4,True
7240,"PREMIUM PORT WINES, INC.",13476,2024-12-12,2024-12-31,2025-02-06,2024-12,275,2034.97,10.38,2045.35,7.3999,0.0377,0.5101,19,37,,3,True
28750,SMOKY QUARTZ DISTILLERY LLC,13479,2024-12-12,2024-12-31,2025-01-27,2024-12,149,3262.12,15.33,3277.45,21.8934,0.1029,0.4699,19,27,,4,True
3664,WILLIAM GRANT & SONS INC,13482,2024-12-12,2024-12-31,2025-02-09,2024-12,7456,183170.12,1007.44,184177.56,24.5668,0.1351,0.55,19,40,,85,True
90047,CRUSH WINES,13486,2024-12-13,2024-12-31,2025-02-02,2024-12,507,4489.63,22.0,4511.63,8.8553,0.0434,0.49,18,33,,165,True
3960,DIAGEO NORTH AMERICA INC,13501,2024-12-14,2024-12-31,2025-02-08,2024-12,124996,1104187.97,4968.85,1109156.82,8.8338,0.0398,0.45,17,39,Frank Delahunt,449,True
8664,"STOLI GROUP,(USA) LLC",13510,2024-12-14,2024-12-31,2025-02-07,2024-12,7467,83415.13,450.44,83865.57,11.1712,0.0603,0.54,17,38,,48,True
8735,SURVILLE ENTERPRISES CORP,13511,2024-12-14,2024-12-31,2025-01-29,2024-12,158,1079.82,5.51,1085.33,6.8343,0.0349,0.5103,17,29,,22,True
90056,SWEET BABY VINEYARD,13512,2024-12-14,2024-12-31,2025-02-11,2024-12,260,2158.25,9.93,2168.18,8.301,0.0382,0.4601,17,42,,4,True
10754,PERFECTA WINES,13526,2024-12-15,2024-12-31,2025-02-06,2024-12,8616,92721.16,435.79,93156.95,10.7615,0.0506,0.47,16,37,,897,True
99166,STARK BREWING COMPANY,13531,2024-12-15,2024-12-31,2025-02-07,2024-12,71,1520.82,7.0,1527.82,21.42,0.0986,0.4603,16,38,,1,True
9744,FREDERICK WILDMAN & SONS,13541,2024-12-16,2024-12-31,2025-02-06,2024-12,1314,14242.34,65.51,14307.85,10.8389,0.0499,0.46,15,37,,149,True
4950,LATITUDE BEVERAGE COMPANY,13543,2024-12-16,2024-12-31,2025-01-28,2024-12,1066,6334.13,30.4,6364.53,5.942,0.0285,0.4799,15,28,,45,True
8673,STE MICHELLE WINE ESTATES,13548,2024-12-16,2024-12-31,2025-02-01,2024-12,7384,59398.82,326.69,59725.51,8.0443,0.0442,0.55,15,32,,144,True
9819,TREASURY WINE ESTATES,13549,2024-12-16,2024-12-31,2025-01-28,2024-12,8851,76311.09,396.82,76707.91,8.6217,0.0448,0.52,15,28,,111,True
5455,MARSALLE COMPANY,13453,2024-12-11,2025-01-01,2025-02-08,2025-01,157,4250.83,22.53,4273.36,27.0754,0.1435,0.53,21,38,,10,False
90046,CANDIA VINEYARDS,13468,2024-12-12,2025-01-01,2025-02-10,2025-01,46,767.94,3.84,771.78,16.6943,0.0835,0.5,20,40,,5,False
8352,LUXCO INC,13473,2024-12-12,2025-01-01,2025-01-30,2025-01,5656,52546.09,246.97,52793.06,9.2903,0.0437,0.47,20,29,,69,False
1655,FABRIZIA SPIRITS LLC,13488,2024-12-13,2025-01-01,2025-02-03,2025-01,573,7233.59,36.17,7269.76,12.6241,0.0631,0.5,19,33,,8,False
9622,WEIN BAUER INC,13497,2024-12-13,2025-01-01,2025-02-03,2025-01,54,943.26,4.81,948.07,17.4678,0.0891,0.5099,19,33,,6,False
3551,GILMANTON WINERY & VINEYARD,13503,2024-12-14,2025-01-01,2025-02-10,2025-01,12,124.56,0.69,125.25,10.38,0.0575,0.5539,18,40,,2,False
90024,VINILANDIA USA,13515,2024-12-14,2025-01-01,2025-02-02,2025-01,1203,11619.06,61.58,11680.64,9.6584,0.0512,0.53,18,32,,206,False
2242,DELICATO VINEYARDS INC,13519,2024-12-15,2025-01-01,2025-02-10,2025-01,4213,36344.7,167.19,36511.89,8.6268,0.0397,0.46,17,40,,96,False
3951,HIGHLAND WINE MERCHANTS LLC,13451,2024-12-11,2025-01-02,2025-02-06,2025-01,240,3955.44,21.75,3977.19,16.481,0.0906,0.5499,22,35,,11,False
6215,MOONLIGHT MEADERY,13455,2024-12-11,2025-01-02,2025-02-06,2025-01,198,1794.29,9.87,1804.16,9.0621,0.0498,0.5501,22,35,,7,False
287,APPOLO VINEYARDS LLC,13465,2024-12-12,2025-01-02,2025-02-03,2025-01,12,124.8,0.6,125.4,10.4,0.05,0.4808,21,32,,2,False
60,ADAMBA IMPORTS INTL INC,13498,2024-12-14,2025-01-02,2025-02-04,2025-01,82,1334.14,6.0,1340.14,16.27,0.0732,0.4497,19,33,,3,False
1003,BRONCO WINE COMPANY,13500,2024-12-14,2025-01-02,2025-02-11,2025-01,11,42.98,0.2,43.18,3.9073,0.0182,0.4653,19,40,,8,False
6280,UNCORKED,13514,2024-12-14,2025-01-02,2025-02-03,2025-01,5,43.3,0.23,43.53,8.66,0.046,0.5312,19,32,,9,False
9552,M S WALKER INC,13523,2024-12-15,2025-01-02,2025-02-04,2025-01,31536,272715.19,1472.66,274187.85,8.6477,0.0467,0.54,18,33,Frank Delahunt,960,False
173357,TAMWORTH DISTILLING,13533,2024-12-15,2025-01-02,2025-02-03,2025-01,74,1589.53,8.58,1598.11,21.4801,0.1159,0.5398,18,32,,4,False
1485,CASTLE BRANDS CORP.,13537,2024-12-16,2025-01-02,2025-02-06,2025-01,2741,45591.9,237.08,45828.98,16.6333,0.0865,0.52,17,35,,29,False
2876,CENTEUR IMPORTS LLC,13538,2024-12-16,2025-01-02,2025-01-30,2025-01,6,47.94,0.23,48.17,7.99,0.0383,0.4798,17,28,,11,False
6785,PALM BAY INTERNATIONAL INC,13564,2024-12-18,2025-01-02,2025-02-06,2025-01,7908,59747.3,280.81,60028.11,7.5553,0.0355,0.47,15,35,,174,False
388,ATLANTIC IMPORTING COMPANY,13592,2024-12-20,2025-01-02,2025-02-02,2025-01,53,1129.96,6.21,1136.17,21.32,0.1172,0.5496,13,31,,3,False
90037,THE PIERPONT GROUP LLC,13601,2024-12-20,2025-01-02,2025-02-07,2025-01,10,68.0,0.32,68.32,6.8,0.032,0.4706,13,36,,13,False
17037,Dunn Wine Brokers,13609,2024-12-21,2025-01-02,2025-02-03,2025-01,12,183.96,0.85,184.81,15.33,0.0708,0.4621,12,32,,35,False
4692,KOBRAND CORPORATION,13615,2024-12-21,2025-01-02,2025-02-09,2025-01,4532,61291.11,306.46,61597.57,13.5241,0.0676,0.5,12,38,,242,False
90052,HAUNTING WHISPER VYDS,13632,2024-12-22,2025-01-02,2025-02-03,2025-01,24,193.32,0.95,194.27,8.055,0.0396,0.4914,11,32,,2,False
3664,WILLIAM GRANT & SONS INC,13643,2024-12-22,2025-01-02,2025-02-04,2025-01,9848,202815.78,932.95,203748.73,20.5946,0.0947,0.46,11,33,,85,False
6830,PARK STREET IMPORTS LLC,13652,2024-12-23,2025-01-02,2025-02-11,2025-01,253,3844.39,20.38,3864.77,15.1952,0.0806,0.5301,10,40,,12,False
480,BACARDI USA INC,13446,2024-12-11,2025-01-03,2025-02-06,2025-01,30898,317094.31,1553.76,318648.07,10.2626,0.0503,0.49,23,34,Frank Delahunt,184,False
7239,REMY COINTREAU USA INC,13459,2024-12-11,2025-01-03,2025-02-05,2025-01,2597,51161.38,271.16,51432.54,19.7002,0.1044,0.53,23,33,,45,False
90058,ZORVINO VINEYARDS,13463,2024-12-11,2025-01-03,2025-02-10,2025-01,369,2914.63,13.99,2928.62,7.8987,0.0379,0.48,23,38,,6,False
105,ALTAMAR BRANDS LLC,13464,2024-12-12,2025-01-03,2025-02-05,2025-01,6,214.26,1.14,215.4,35.71,0.19,0.5321,22,33,,3,False
4380,CHARLES JACQUIN ET CIE INC,13485,2024-12-13,2025-01-03,2025-02-01,2025-01,1063,8806.58,44.91,8851.49,8.2846,0.0422,0.51,21,29,,15,False
9165,ULTRA BEVERAGE COMPANY LLP,13496,2024-12-13,2025-01-03,2025-01-27,2025-01,20854,275414.91,1404.62,276819.53,13.2068,0.0674,0.51,21,24,Frank Delahunt,965,False
90011,FORTUNE WINE BROKERS LLC,13502,2024-12-14,2025-01-03,2025-02-12,2025-01,24,189.36,0.95,190.31,7.89,0.0396,0.5017,20,40,,62,False
7255,PSP WINES,13507,2024-12-14,2025-01-03,2025-02-09,2025-01,564,4408.42,22.04,4430.46,7.8163,0.0391,0.5,20,37,,32,False
17037,Dunn Wine Brokers,13520,2024-12-15,2025-01-03,2025-02-03,2025-01,94,1470.44,7.35,1477.79,15.643,0.0782,0.4999,19,31,,35,False
17031,FLAG HILL WINERY & VINEYARD,13521,2024-12-15,2025-01-03,2025-02-12,2025-01,698,9171.93,45.86,9217.79,13.1403,0.0657,0.5,19,40,,19,False
660,SAZERAC NORTH AMERICA INC.,13529,2024-12-15,2025-01-03,2025-02-03,2025-01,11593,80886.6,388.26,81274.86,6.9772,0.0335,0.48,19,31,,84,False
172662,SWEETWATER FARM,13532,2024-12-15,2025-01-03,2025-01-29,2025-01,5,97.0,0.46,97.46,19.4,0.092,0.4742,19,26,,5,False
1587,VINEYARD BRANDS INC,13552,2024-12-16,2025-01-03,2025-01-31,2025-01,11,256.63,1.26,257.89,23.33,0.1145,0.491,18,28,,87,False
90053,INCREDIBREW INC,13558,2024-12-18,2025-01-03,2025-02-13,2025-01,108,965.76,4.35,970.11,8.9422,0.0403,0.4504,16,41,,4,False
5270,MANGO BOTTLING INC,13563,2024-12-18,2025-01-03,2025-02-05,2025-01,1179,8397.34,41.99,8439.33,7.1224,0.0356,0.5,16,33,,6,False
9206,PHILLIPS PRODUCTS CO.,13565,2024-12-18,2025-01-03,2025-02-04,2025-01,497,6253.58,33.77,6287.35,12.5827,0.0679,0.54,16,32,,33,False
1601,VRANKEN AMERICA,13573,2024-12-18,2025-01-03,2025-02-18,2025-01,430,7984.51,36.73,8021.24,18.5686,0.0854,0.46,16,46,,21,False
90059,BLACK COVE BEVERAGES,13576,2024-12-19,2025-01-03,2025-02-11,2025-01,82,1290.68,6.32,1297.0,15.74,0.0771,0.4897,15,39,,1,False
1128,BROWN-FORMAN CORP,13577,2024-12-19,2025-01-03,2025-02-13,2025-01,33025,389511.96,2025.46,391537.42,11.7945,0.0613,0.52,15,41,Frank Delahunt,142,False
1485,CASTLE BRANDS CORP.,13579,2024-12-19,2025-01-03,2025-02-02,2025-01,3535,57414.08,304.29,57718.37,16.2416,0.0861,0.53,15,30,,29,False
4425,MARTIGNETTI COMPANIES,13584,2024-12-19,2025-01-03,2025-02-17,2025-01,92470,1010674.21,4952.3,1015626.51,10.9298,0.0536,0.49,15,45,Frank Delahunt,1639,False
2876,CENTEUR IMPORTS LLC,13593,2024-12-20,2025-01-03,2025-02-17,2025-01,108,755.82,4.16,759.98,6.9983,0.0385,0.5504,14,45,,11,False
17035,PERNOD RICARD USA,13597,2024-12-20,2025-01-03,2025-02-16,2025-01,48425,663584.35,3649.71,667234.06,13.7033,0.0754,0.55,14,44,Frank Delahunt,277,False
9815,WINE GROUP INC,13602,2024-12-20,2025-01-03,2025-02-08,2025-01,24747,149007.56,819.54,149827.1,6.0212,0.0331,0.55,14,36,,215,False
7240,"PREMIUM PORT WINES, INC.",13619,2024-12-21,2025-01-03,2025-02-16,2025-01,289,2088.68,10.86,2099.54,7.2273,0.0376,0.5199,13,44,,3,False
8892,TRINCHERO FAMILY ESTATES,13624,2024-12-21,2025-01-03,2025-02-08,2025-01,12486,77135.56,370.25,77505.81,6.1778,0.0297,0.48,13,36,,153,False
1587,VINEYARD BRANDS INC,13625,2024-12-21,2025-01-03,2025-02-11,2025-01,3015,24370.78,109.67,24480.45,8.0832,0.0364,0.45,13,39,,87,False
1590,DIAGEO CHATEAU ESTATE WINES,13630,2024-12-22,2025-01-03,2025-02-15,2025-01,4524,33898.28,176.27,34074.55,7.493,0.039,0.52,12,43,,117,False
2450,DJINN SPIRITS LLC,13631,2024-12-22,2025-01-03,2025-02-04,2025-01,111,1996.86,10.38,2007.24,17.9897,0.0935,0.5198,12,32,,6,False
3951,HIGHLAND WINE MERCHANTS LLC,13633,2024-12-22,2025-01-03,2025-02-14,2025-01,24,261.12,1.28,262.4,10.88,0.0533,0.4902,12,42,,11,False
8112,MOET HENNESSY USA INC,13635,2024-12-22,2025-01-03,2025-02-12,2025-01,15003,316863.94,1457.57,318321.51,21.12,0.0972,0.46,12,40,Frank Delahunt,129,False
1273,CALEDONIA SPIRITS INC,13644,2024-12-23,2025-01-03,2025-02-09,2025-01,223,6823.18,33.43,6856.61,30.5972,0.1499,0.4899,11,37,,5,False
1392,CONSTELLATION BRANDS INC,13646,2024-12-23,2025-01-03,2025-02-07,2025-01,51177,386176.58,1737.79,387914.37,7.5459,0.034,0.45,11,35,Frank Delahunt,481,False
4950,LATITUDE BEVERAGE COMPANY,13560,2024-12-18,2025-01-04,2025-02-07,2025-01,1233,7581.77,39.43,7621.2,6.149,0.032,0.5201,17,34,,45,False
5083,LOYAL DOG WINERY,13561,2024-12-18,2025-01-04,2025-02-02,2025-01,24,232.08,1.28,233.36,9.67,0.0533,0.5515,17,29,,1,False
9819,TREASURY WINE ESTATES,13571,2024-12-18,2025-01-04,2025-02-03,2025-01,10116,74714.55,366.1,75080.65,7.3858,0.0362,0.49,17,30,,111,False
105,ALTAMAR BRANDS LLC,13575,2024-12-19,2025-01-04,2025-02-03,2025-01,18,568.02,2.61,570.63,31.5567,0.145,0.4595,16,30,,3,False
90046,CANDIA VINEYARDS,13578,2024-12-19,2025-01-04,2025-02-18,2025-01,180,2559.72,12.03,2571.75,14.2207,0.0668,0.47,16,45,,5,False
17031,FLAG HILL WINERY & VINEYARD,13581,2024-12-19,2025-01-04,2025-02-09,2025-01,722,10058.14,50.29,10108.43,13.9309,0.0697,0.5,16,36,,19,False
12546,JIM BEAM BRANDS COMPANY,13583,2024-12-19,2025-01-04,2025-02-13,2025-01,63902,663709.26,3650.4,667359.66,10.3864,0.0571,0.55,16,40,Frank Delahunt,415,False
3089,SIDNEY FRANK IMPORTING CO,13590,2024-12-19,2025-01-04,2025-02-18,2025-01,6692,59479.25,291.45,59770.7,8.8881,0.0436,0.49,16,45,,13,False
90056,SWEET BABY VINEYARD,13600,2024-12-20,2025-01-04,2025-02-07,2025-01,618,5180.34,23.31,5203.65,8.3824,0.0377,0.45,15,34,,4,False
1650,Circa Wines,13607,2024-12-21,2025-01-04,2025-02-08,2025-01,84,894.72,4.56,899.28,10.6514,0.0543,0.5097,14,35,,74,False
90011,FORTUNE WINE BROKERS LLC,13611,2024-12-21,2025-01-04,2025-02-11,2025-01,44,374.96,2.06,377.02,8.5218,0.0468,0.5494,14,38,,62,False
1189,BULLY BOY DISTILLERS,13629,2024-12-22,2025-01-04,2025-02-12,2025-01,220,4890.4,26.41,4916.81,22.2291,0.12,0.54,13,39,,6,False
6355,NICHE W & S,13636,2024-12-22,2025-01-04,2025-02-17,2025-01,141,2629.96,13.41,2643.37,18.6522,0.0951,0.5099,13,44,,8,False
98450,Serralles Usa LLC,13654,2024-12-23,2025-01-04,2025-02-05,2025-01,237,3417.5,17.77,3435.27,14.4198,0.075,0.52,12,32,,16,False
90010,VINEXTRA INC,13659,2024-12-23,2025-01-04,2025-02-10,2025-01,195,2599.66,11.7,2611.36,13.3316,0.06,0.4501,12,37,,47,False
90058,ZORVINO VINEYARDS,13574,2024-12-18,2025-01-05,2025-02-12,2025-01,437,3608.11,16.6,3624.71,8.2565,0.038,0.4601,18,38,,6,False
7154,PREMIER DISTRIBUTORS,13586,2024-12-19,2025-01-05,2025-02-04,2025-01,284,4004.65,19.62,4024.27,14.1009,0.0691,0.4899,17,30,,7,False
8352,LUXCO INC,13596,2024-12-20,2025-01-05,2025-02-02,2025-01,6161,47765.92,229.28,47995.2,7.7529,0.0372,0.48,16,28,,69,False
7255,PSP WINES,13598,2024-12-20,2025-01-05,2025-02-18,2025-01,338,2492.2,12.21,2504.41,7.3734,0.0361,0.4899,16,44,,32,False
60,ADAMBA IMPORTS INTL INC,13603,2024-12-21,2025-01-05,2025-02-10,2025-01,221,3595.67,16.54,3612.21,16.27,0.0748,0.46,15,36,,3,False
7153,PINE STATE TRADING CO,13618,2024-12-21,2025-01-05,2025-02-13,2025-01,14115,102949.38,494.16,103443.54,7.2936,0.035,0.48,15,39,,480,False
28750,SMOKY QUARTZ DISTILLERY LLC,13621,2024-12-21,2025-01-05,2025-02-09,2025-01,277,6088.16,28.61,6116.77,21.9789,0.1033,0.4699,15,35,,4,False
6213,MHW LTD,13634,2024-12-22,2025-01-05,2025-02-13,2025-01,5571,61701.42,339.36,62040.78,11.0755,0.0609,0.55,14,39,,96,False
172662,SWEETWATER FARM,13640,2024-12-22,2025-01-05,2025-02-10,2025-01,18,402.84,1.85,404.69,22.38,0.1028,0.4592,14,36,,5,False
90024,VINILANDIA USA,13642,2024-12-22,2025-01-05,2025-02-14,2025-01,1114,10993.64,52.77,11046.41,9.8686,0.0474,0.48,14,40,,206,False
4848,LAIRD & CO,13649,2024-12-23,2025-01-05,2025-02-15,2025-01,511,5285.08,28.01,5313.09,10.3426,0.0548,0.53,13,41,,16,False
2396,BLACK PRINCE DISTILLERY INC,13553,2024-12-18,2025-01-06,2025-02-16,2025-01,27,119.42,0.55,119.97,4.423,0.0204,0.4606,19,41,,10,False
9552,M S WALKER INC,13562,2024-12-18,2025-01-06,2025-02-07,2025-01,35731,368620.38,1879.96,370500.34,10.3165,0.0526,0.51,19,32,Frank Delahunt,960,False
660,SAZERAC NORTH AMERICA INC.,13588,2024-12-19,2025-01-06,2025-02-16,2025-01,10973,69213.17,346.07,69559.24,6.3076,0.0315,0.5,18,41,,84,False
17033,SEA BREEZE CELLARS LLC,13589,2024-12-19,2025-01-06,2025-02-08,2025-01,206,2268.43,12.25,2280.68,11.0118,0.0595,0.54,18,33,,16,False
4380,CHARLES JACQUIN ET CIE INC,13606,2024-12-21,2025-01-06,2025-02-04,2025-01,1267,10809.06,48.64,10857.7,8.5312,0.0384,0.45,16,29,,15,False
3252,E & J GALLO WINERY,13610,2024-12-21,2025-01-06,2025-02-07,2025-01,67079,431362.94,2372.5,433735.44,6.4307,0.0354,0.55,16,32,Frank Delahunt,527,False
3551,GILMANTON WINERY & VINEYARD,13613,2024-12-21,2025-01-06,2025-02-11,2025-01,48,501.6,2.26,503.86,10.45,0.0471,0.4506,16,36,,2,False
8150,SEA HAGG DISTILLERY LLC,13620,2024-12-21,2025-01-06,2025-02-02,2025-01,541,6789.1,30.55,6819.65,12.5492,0.0565,0.45,16,27,,9,False
8664,"STOLI GROUP,(USA) LLC",13623,2024-12-21,2025-01-06,2025-02-08,2025-01,7647,68885.21,344.43,69229.64,9.0081,0.045,0.5,16,33,,48,False
9622,WEIN BAUER INC,13626,2024-12-21,2025-01-06,2025-02-10,2025-01,90,1563.0,8.6,1571.6,17.3667,0.0956,0.5502,16,35,,6,False
90027,POVERTY LANE ORCHARDS,13638,2024-12-22,2025-01-06,2025-02-11,2025-01,92,740.6,3.63,744.23,8.05,0.0395,0.4901,15,36,,8,False
90017,THE IMPORTED GRAPE LLC,13641,2024-12-22,2025-01-06,2025-02-03,2025-01,36,342.48,1.75,344.23,9.5133,0.0486,0.511,15,28,,40,False
11567,CAMPARI AMERICA,13645,2024-12-23,2025-01-06,2025-02-06,2025-01,9745,79904.22,375.55,80279.77,8.1995,0.0385,0.47,14,31,,74,False
3950,"HOOD RIVER DISTILLERS, Inc.",13648,2024-12-23,2025-01-06,2025-02-05,2025-01,2,35.42,0.17,35.59,17.71,0.085,0.48,14,30,,7,False
99166,STARK BREWING COMPANY,13655,2024-12-23,2025-01-06,2025-02-14,2025-01,48,1028.16,5.65,1033.81,21.42,0.1177,0.5495,14,39,,1,False
12331,STELLAR IMPORTING CO LLC,13656,2024-12-23,2025-01-06,2025-02-05,2025-01,83,626.72,3.01,629.73,7.5508,0.0363,0.4803,14,30,,19,False
90051,FULCHINO VINEYARD INC,13557,2024-12-18,2025-01-07,2025-02-10,2025-01,59,724.22,3.84,728.06,12.2749,0.0651,0.5302,20,34,,2,False
8735,SURVILLE ENTERPRISES CORP,13569,2024-12-18,2025-01-07,2025-02-07,2025-01,148,1387.88,6.8,1394.68,9.3776,0.0459,0.49,20,31,,22,False
2555,DISARONNO INTERNATIONAL LLC,13580,2024-12-19,2025-01-07,2025-02-13,2025-01,3035,28940.62,141.81,29082.43,9.5356,0.0467,0.49,19,37,,12,False
5992,MCCORMICK DISTILLING CO,13585,2024-12-19,2025-01-07,2025-02-04,2025-01,690,7400.07,37.74,7437.81,10.7247,0.0547,0.51,19,28,,35,False
90032,LABELLE VYDS AND WINERY,13595,2024-12-20,2025-01-07,2025-02-14,2025-01,723,7949.93,35.77,7985.7,10.9958,0.0495,0.4499,18,38,,10,False
9744,FREDERICK WILDMAN & SONS,13612,2024-12-21,2025-01-07,2025-02-04,2025-01,2845,22504.69,114.77,22619.46,7.9103,0.0403,0.51,17,28,,149,False
653,STATE WINE & SPIRITS,13622,2024-12-21,2025-01-07,2025-02-15,2025-01,4502,48629.23,257.73,48886.96,10.8017,0.0572,0.53,17,39,,258,False
7245,PROXIMO SPIRITS INC.,13653,2024-12-23,2025-01-07,2025-02-05,2025-01,19434,203312.01,1036.89,204348.9,10.4617,0.0534,0.51,15,29,,114,False
90057,WALPOLE MTN VIEW WINERY,13660,2024-12-23,2025-01-07,2025-02-19,2025-01,60,694.68,3.2,697.88,11.578,0.0533,0.4606,15,43,,3,False
2561,EDRINGTON AMERICAS,13556,2024-12-18,2025-01-08,2025-02-10,2025-01,1271,42479.39,191.16,42670.55,33.422,0.1504,0.45,21,33,,33,False
9260,TY KU LLC,13572,2024-12-18,2025-01-08,2025-02-09,2025-01,432,7542.01,40.73,7582.74,17.4584,0.0943,0.54,21,32,,7,False
2000,SOUTHERN WINE & SPIRITS NE,13599,2024-12-20,2025-01-08,2025-02-08,2025-01,6708,68302.33,321.02,68623.35,10.1822,0.0479,0.47,19,31,,417,False
5455,MARSALLE COMPANY,13616,2024-12-21,2025-01-08,2025-02-03,2025-01,214,5206.6,26.03,5232.63,24.3299,0.1216,0.4999,18,26,,10,False
10754,PERFECTA WINES,13617,2024-12-21,2025-01-08,2025-02-08,2025-01,19825,180182.24,810.82,180993.06,9.0886,0.0409,0.45,18,31,,897,False
480,BACARDI USA INC,13628,2024-12-22,2025-01-08,2025-02-03,2025-01,30817,322230.77,1578.93,323809.7,10.4563,0.0512,0.49,17,26,Frank Delahunt,184,False
8673,STE MICHELLE WINE ESTATES,13639,2024-12-22,2025-01-08,2025-02-12,2025-01,8477,79268.54,412.2,79680.74,9.351,0.0486,0.52,17,35,,144,False
10000,MAJESTIC FINE WINES,13650,2024-12-23,2025-01-08,2025-02-19,2025-01,8035,65261.35,293.68,65555.03,8.1221,0.0366,0.45,16,42,,40,False
2496,DUGGANS DISTILLED PRODUCTS,13555,2024-12-18,2025-01-09,2025-02-16,2025-01,119,1699.91,7.65,1707.56,14.285,0.0643,0.45,22,38,,5,False
4550,KLIN SPIRITS LLC,13559,2024-12-18,2025-01-09,2025-02-12,2025-01,248,3740.59,20.57,3761.16,15.083,0.0829,0.5499,22,34,,4,False
8320,SHAW ROSS INT L IMP LTD,13568,2024-12-18,2025-01-09,2025-02-13,2025-01,1437,13382.54,60.22,13442.76,9.3128,0.0419,0.45,22,35,,38,False
8920,TAKARA SAKE USA INC,13570,2024-12-18,2025-01-09,2025-02-02,2025-01,226,1167.28,6.3,1173.58,5.165,0.0279,0.5397,22,24,,3,False
28776,TALL SHIP DISTILLERY LLC,13591,2024-12-19,2025-01-09,2025-02-14,2025-01,210,4659.54,25.16,4684.7,22.1883,0.1198,0.54,21,36,,4,False
90047,CRUSH WINES,13608,2024-12-21,2025-01-09,2025-02-09,2025-01,472,5686.68,26.73,5713.41,12.0481,0.0566,0.47,19,31,,165,False
4466,AMERICAN VINTAGE BEVERAGE,13627,2024-12-22,2025-01-09,2025-02-05,2025-01,413,3985.03,19.53,4004.56,9.649,0.0473,0.4901,18,27,,3,False
6359,OLE SMOKY DISTILLERY LLC,13637,2024-12-22,2025-01-09,2025-02-09,2025-01,1464,9868.19,45.39,9913.58,6.7406,0.031,0.46,18,31,,18,False
1655,FABRIZIA SPIRITS LLC,13647,2024-12-23,2025-01-09,2025-02-02,2025-01,521,6023.53,31.92,6055.45,11.5615,0.0613,0.5299,17,24,,8,False
6215,MOONLIGHT MEADERY,13651,2024-12-23,2025-01-09,2025-02-17,2025-01,301,2709.49,14.9,2724.39,9.0016,0.0495,0.5499,17,39,,7,False
173357,TAMWORTH DISTILLING,13657,2024-12-23,2025-01-09,2025-02-19,2025-01,65,1248.61,5.74,1254.35,19.2094,0.0883,0.4597,17,41,,4,False
2242,DELICATO VINEYARDS INC,13554,2024-12-18,2025-01-10,2025-02-03,2025-01,5210,45684.82,237.56,45922.38,8.7687,0.0456,0.52,23,24,,96,False
10050,Russian Standard Vodka,13566,2024-12-18,2025-01-10,2025-02-06,2025-01,191,3002.44,15.31,3017.75,15.7196,0.0802,0.5099,23,27,,13,False
8004,SAZERAC CO INC,13567,2024-12-18,2025-01-10,2025-02-19,2025-01,43240,318075.65,1494.96,319570.61,7.3561,0.0346,0.47,23,40,Frank Delahunt,138,False
17032,JEWELL TOWNE VINEYARDS,13582,2024-12-19,2025-01-10,2025-02-16,2025-01,322,2520.08,13.86,2533.94,7.8263,0.043,0.55,22,37,,7,False
7239,REMY COINTREAU USA INC,13587,2024-12-19,2025-01-10,2025-02-17,2025-01,3316,73446.31,337.85,73784.16,22.1491,0.1019,0.46,22,38,,45,False
3960,DIAGEO NORTH AMERICA INC,13594,2024-12-20,2025-01-10,2025-02-05,2025-01,129816,1226463.19,6132.32,1232595.51,9.4477,0.0472,0.5,21,26,Frank Delahunt,449,False
516,BANFI PRODUCTS CORP,13604,2024-12-21,2025-01-10,2025-02-02,2025-01,14136,99189.89,476.11,99666.0,7.0168,0.0337,0.48,20,23,,149,False
1003,BRONCO WINE COMPANY,13605,2024-12-21,2025-01-10,2025-02-04,2025-01,18,69.12,0.37,69.49,3.84,0.0206,0.5353,20,25,,8,False
3924,HEAVEN HILL DISTILLERIES,13614,2024-12-21,2025-01-10,2025-02-16,2025-01,5848,43142.02,215.71,43357.73,7.3772,0.0369,0.5,20,37,,69,False
9165,ULTRA BEVERAGE COMPANY LLP,13658,2024-12-23,2025-01-10,2025-02-19,2025-01,38896,502128.05,2761.7,504889.75,12.9095,0.071,0.55,18,40,Frank Delahunt,965,False
9625,WESTERN SPIRITS BEVERAGE CO,13661,2024-12-23,2025-01-10,2025-02-18,2025-01,4617,37300.48,186.5,37486.98,8.0789,0.0404,0.5,18,39,,26,False
