PONumber,VendorNumber,VendorName,InvoiceDate,Quantity,Dollars,Freight,FreightPctOfDollars,ExpectedFreight,FreightVsExpected,Flag_HighValue,Flag_FreightAnomaly,Flag_UnitCostOutlier,Flag_LeadTimeOutlier,Flag_PaymentTermsOutlier,Flag_PossibleDuplicate,RiskReasons,HistoricalManualApproval,ManualApprovalRequired,RiskProbability,ModelFlagged,IsolationAnomalyPct,ControlGap,Split
8120,8920,TAKARA SAKE USA INC,2024-01-04,12,55.08,3.62,6.5723,0.28,13.14,0,1,0,0,0,0,Freight above 1.5x the standard rate,0,1,0.9099,1,0.9776,1,train
8124,105,ALTAMAR BRANDS LLC,2024-01-04,6,214.26,3.47,1.6195,1.07,3.24,0,1,0,0,0,0,Freight above 1.5x the standard rate,0,1,0.8898,1,0.9138,1,train
8132,7153,PINE STATE TRADING CO,2024-01-04,2334,15276.52,338.2,2.2139,76.39,4.43,0,1,0,0,0,0,Freight above 1.5x the standard rate,0,1,0.9647,1,0.8932,1,train
8187,1587,VINEYARD BRANDS INC,2024-01-04,497,3441.66,83.57,2.4282,17.21,4.86,0,1,0,0,0,0,Freight above 1.5x the standard rate,0,1,0.9612,1,0.9237,1,train
8194,1655,FABRIZIA SPIRITS LLC,2024-01-04,46,394.04,16.0,4.0605,1.97,8.12,0,1,0,0,0,0,Freight above 1.5x the standard rate,0,1,0.9695,1,0.9825,1,train
8205,90010,VINEXTRA INC,2024-01-04,24,176.04,9.41,5.3454,0.88,10.69,0,1,0,0,0,0,Freight above 1.5x the standard rate,0,1,0.9796,1,0.9886,1,train
8107,90046,CANDIA VINEYARDS,2024-01-05,24,348.72,9.08,2.6038,1.74,5.21,0,1,0,0,0,0,Freight above 1.5x the standard rate,0,1,0.8438,1,0.7238,1,test
8134,8673,STE MICHELLE WINE ESTATES,2024-01-05,3008,21379.98,571.07,2.6711,106.91,5.34,0,1,0,0,0,0,Freight above 1.5x the standard rate,0,1,0.954,1,0.8322,1,train
8147,9819,TREASURY WINE ESTATES,2024-01-05,1263,7808.74,243.38,3.1168,39.05,6.23,0,1,0,0,0,0,Freight above 1.5x the standard rate,0,1,0.9501,1,0.952,1,test
8159,4425,MARTIGNETTI COMPANIES,2024-01-05,16075,185155.6,4613.45,2.4917,925.89,4.98,0,1,0,0,0,0,Freight above 1.5x the standard rate,0,1,0.9201,1,0.9993,1,train
8162,6355,NICHE W & S,2024-01-05,137,425.1,13.08,3.0769,2.13,6.15,0,1,1,0,0,0,Freight above 1.5x the standard rate; Unit cost far from vendor norm,0,1,0.9698,1,0.9572,1,train
8181,17035,PERNOD RICARD USA,2024-01-05,5772,80916.64,2703.94,3.3416,404.63,6.68,0,1,0,0,0,0,Freight above 1.5x the standard rate,0,1,0.9771,1,0.9798,1,train
8185,2000,SOUTHERN WINE & SPIRITS NE,2024-01-05,1479,12709.58,397.04,3.1239,63.56,6.25,0,1,0,0,0,0,Freight above 1.5x the standard rate,0,1,0.9763,1,0.9731,1,train
8197,7154,PREMIER DISTRIBUTORS,2024-01-05,11,176.11,12.08,6.8593,0.88,13.72,0,1,0,0,0,0,Freight above 1.5x the standard rate,0,1,0.9686,1,0.9973,1,train
8116,9206,PHILLIPS PRODUCTS CO.,2024-01-06,193,920.39,34.73,3.7734,4.6,7.55,0,1,1,0,0,0,Freight above 1.5x the standard rate; Unit cost far from vendor norm,0,1,0.9853,1,0.9531,1,train
8118,10050,Russian Standard Vodka,2024-01-06,222,621.36,14.08,2.266,3.11,4.53,0,1,1,0,0,0,Freight above 1.5x the standard rate; Unit cost far from vendor norm,0,1,0.9692,1,0.9769,1,train
8139,2242,DELICATO VINEYARDS INC,2024-01-06,808,6646.46,127.05,1.9115,33.24,3.82,0,1,0,0,0,0,Freight above 1.5x the standard rate,0,1,0.9789,1,0.7198,1,train
8142,12546,JIM BEAM BRANDS COMPANY,2024-01-06,11611,151890.49,3506.08,2.3083,759.55,4.62,0,1,0,0,0,0,Freight above 1.5x the standard rate,0,1,0.9477,1,0.9982,1,train
8146,90056,SWEET BABY VINEYARD,2024-01-06,118,988.6,5.04,0.5098,4.94,1.02,0,0,0,0,0,0,,0,0,0.0204,0,0.1889,0,train
8151,11567,CAMPARI AMERICA,2024-01-06,1321,12039.71,398.71,3.3116,60.21,6.62,0,1,0,0,0,0,Freight above 1.5x the standard rate,0,1,0.9397,1,0.9596,1,test
8153,4380,CHARLES JACQUIN ET CIE INC,2024-01-06,96,907.69,41.05,4.5225,4.54,9.04,0,1,0,0,0,0,Freight above 1.5x the standard rate,0,1,0.9835,1,0.9056,1,train
8154,17031,FLAG HILL WINERY & VINEYARD,2024-01-06,94,1357.24,62.5,4.6049,6.79,9.21,0,1,0,0,0,0,Freight above 1.5x the standard rate,0,1,0.9765,1,0.9118,1,train
8156,90032,LABELLE VYDS AND WINERY,2024-01-06,92,1044.4,41.13,3.9381,5.22,7.88,0,1,0,0,0,0,Freight above 1.5x the standard rate,0,1,0.8347,1,0.8699,1,test
8160,4425,MARTIGNETTI COMPANIES,2024-01-06,24,193.8,11.38,5.872,0.97,11.74,0,1,0,0,0,0,Freight above 1.5x the standard rate,0,1,0.9627,1,0.9998,1,train
8168,9625,WESTERN SPIRITS BEVERAGE CO,2024-01-06,795,8657.44,169.46,1.9574,43.29,3.91,0,1,0,0,0,0,Freight above 1.5x the standard rate,0,1,0.8916,1,0.7301,1,train
8172,1273,CALEDONIA SPIRITS INC,2024-01-06,5,146.8,15.53,10.579,0.73,21.16,0,1,0,0,0,0,Freight above 1.5x the standard rate,0,1,0.9703,1,0.9917,1,train
8174,2496,DUGGANS DISTILLED PRODUCTS,2024-01-06,24,418.8,11.39,2.7197,2.09,5.44,0,1,0,0,0,0,Freight above 1.5x the standard rate,0,1,0.9743,1,0.8633,1,train
8176,9744,FREDERICK WILDMAN & SONS,2024-01-06,1222,8610.71,212.93,2.4729,43.06,4.95,0,1,0,0,0,0,Freight above 1.5x the standard rate,0,1,0.929,1,0.8779,1,train
8183,3089,SIDNEY FRANK IMPORTING CO,2024-01-06,379,4443.66,133.83,3.0117,22.22,6.02,0,1,0,0,0,0,Freight above 1.5x the standard rate,0,1,0.9818,1,0.9378,1,train
8190,9815,WINE GROUP INC,2024-01-06,3532,21330.38,580.64,2.7221,106.67,5.44,0,1,0,0,0,0,Freight above 1.5x the standard rate,0,1,0.966,1,0.9266,1,train
8126,90047,CRUSH WINES,2024-01-07,90,854.1,16.7,1.9553,4.27,3.91,0,1,0,0,0,0,Freight above 1.5x the standard rate,0,1,0.9198,1,0.9349,1,train
8137,4466,AMERICAN VINTAGE BEVERAGE,2024-01-07,15,140.55,8.57,6.0975,0.7,12.19,0,1,0,0,0,0,Freight above 1.5x the standard rate,0,1,0.8923,1,0.9794,1,test
8143,4848,LAIRD & CO,2024-01-07,12,120.72,13.91,11.5225,0.6,23.04,0,1,0,0,0,0,Freight above 1.5x the standard rate,0,1,0.9519,1,0.9901,1,test
8170,516,BANFI PRODUCTS CORP,2024-01-07,1935,15527.25,429.2,2.7642,77.65,5.53,0,1,0,0,0,0,Freight above 1.5x the standard rate,0,1,0.9384,1,0.9268,1,train
8179,4950,LATITUDE BEVERAGE COMPANY,2024-01-07,153,879.42,19.68,2.2378,4.4,4.48,0,1,0,0,0,0,Freight above 1.5x the standard rate,0,1,0.9299,1,0.878,1,test
8196,4550,KLIN SPIRITS LLC,2024-01-07,7,98.49,9.65,9.7979,0.49,19.59,0,1,0,0,0,0,Freight above 1.5x the standard rate,0,1,0.8993,1,0.9968,1,test
8203,9165,ULTRA BEVERAGE COMPANY LLP,2024-01-07,6002,59168.69,1683.03,2.8445,295.88,5.69,0,1,0,0,0,0,Freight above 1.5x the standard rate,0,1,0.9491,1,0.9971,1,train
8113,8352,LUXCO INC,2024-01-08,819,6139.47,196.61,3.2024,30.7,6.4,0,1,0,0,0,0,Freight above 1.5x the standard rate,0,1,0.9713,1,0.9136,1,test
8114,6785,PALM BAY INTERNATIONAL INC,2024-01-08,715,5533.18,242.73,4.3868,27.67,8.77,0,1,0,0,0,0,Freight above 1.5x the standard rate,0,1,0.9859,1,0.9578,1,train
8121,28776,TALL SHIP DISTILLERY LLC,2024-01-08,6,133.26,10.59,7.9469,0.67,15.89,0,1,0,0,0,0,Freight above 1.5x the standard rate,0,1,0.9739,1,0.9865,1,train
8125,2876,CENTEUR IMPORTS LLC,2024-01-08,12,105.36,0.5,0.4746,0.53,0.95,0,0,0,0,0,0,,0,0,0.0101,0,0.5943,0,train
8145,7245,PROXIMO SPIRITS INC.,2024-01-08,3123,34457.73,943.77,2.7389,172.31,5.48,0,1,0,0,0,0,Freight above 1.5x the standard rate,0,1,0.9514,1,0.9152,1,train
8152,1485,CASTLE BRANDS CORP.,2024-01-08,320,5420.41,179.26,3.3071,27.11,6.61,0,1,0,0,0,0,Freight above 1.5x the standard rate,0,1,0.9794,1,0.9327,1,train
8155,3924,HEAVEN HILL DISTILLERIES,2024-01-08,818,7079.02,200.02,2.8255,35.4,5.65,0,1,0,0,0,0,Freight above 1.5x the standard rate,0,1,0.9843,1,0.8842,1,test
8158,5455,MARSALLE COMPANY,2024-01-08,12,333.6,14.36,4.3046,1.67,8.61,0,1,0,0,0,0,Freight above 1.5x the standard rate,0,1,0.9887,1,0.958,1,train
8163,7239,REMY COINTREAU USA INC,2024-01-08,382,7515.38,348.07,4.6314,37.58,9.26,0,1,0,0,0,0,Freight above 1.5x the standard rate,0,1,0.9502,1,0.9719,1,test
8165,98450,Serralles Usa LLC,2024-01-08,26,376.36,17.21,4.5727,1.88,9.14,0,1,0,0,0,0,Freight above 1.5x the standard rate,0,1,0.9803,1,0.9179,1,train
8166,8320,SHAW ROSS INT L IMP LTD,2024-01-08,279,2392.18,51.37,2.1474,11.96,4.29,0,1,0,0,0,0,Freight above 1.5x the standard rate,0,1,0.9846,1,0.7077,1,train
8175,2561,EDRINGTON AMERICAS,2024-01-08,136,5645.24,218.18,3.8648,28.23,7.73,0,1,0,0,0,0,Freight above 1.5x the standard rate,0,1,0.9773,1,0.9876,1,train
8180,8112,MOET HENNESSY USA INC,2024-01-08,1392,31015.8,938.79,3.0268,155.1,6.05,0,1,0,0,0,0,Freight above 1.5x the standard rate,0,1,0.9699,1,0.9802,1,train
8189,9622,WEIN BAUER INC,2024-01-08,12,228.96,4.76,2.079,1.14,4.16,0,1,0,0,0,0,Freight above 1.5x the standard rate,0,1,0.9431,1,0.808,1,train
8191,2396,BLACK PRINCE DISTILLERY INC,2024-01-08,23,234.83,2.3,0.9794,1.17,1.96,0,1,1,0,0,0,Freight above 1.5x the standard rate; Unit cost far from vendor norm,0,1,0.9286,1,0.9643,1,train
8195,3950,"HOOD RIVER DISTILLERS, Inc.",2024-01-08,6,129.48,3.44,2.6568,0.65,5.31,0,1,0,0,0,0,Freight above 1.5x the standard rate,0,1,0.9233,1,0.9336,1,train
8201,653,STATE WINE & SPIRITS,2024-01-08,541,5544.89,303.7,5.4771,27.73,10.95,0,1,0,0,0,0,Freight above 1.5x the standard rate,0,1,0.9759,1,0.9682,1,train
8110,3252,E & J GALLO WINERY,2024-01-09,8086,56493.23,1300.92,2.3028,282.5,4.61,0,1,0,0,0,0,Freight above 1.5x the standard rate,0,1,0.8642,1,0.9756,1,test
8128,10000,MAJESTIC FINE WINES,2024-01-09,875,7234.88,218.05,3.0139,36.18,6.03,0,1,0,0,0,0,Freight above 1.5x the standard rate,0,1,0.9798,1,0.8941,1,train
8144,6213,MHW LTD,2024-01-09,412,4821.83,177.5,3.6812,24.11,7.36,0,1,0,0,0,0,Freight above 1.5x the standard rate,0,1,0.9889,1,0.967,1,train
8148,8892,TRINCHERO FAMILY ESTATES,2024-01-09,2089,11651.54,403.44,3.4625,58.26,6.92,0,1,0,0,0,0,Freight above 1.5x the standard rate,0,1,0.9557,1,0.932,1,train
8150,1128,BROWN-FORMAN CORP,2024-01-09,4684,65403.57,1808.77,2.7656,327.06,5.53,0,1,0,0,0,0,Freight above 1.5x the standard rate,0,1,0.9421,1,0.9524,1,test
8161,6215,MOONLIGHT MEADERY,2024-01-09,35,322.04,9.02,2.8009,1.61,5.6,0,1,0,0,0,0,Freight above 1.5x the standard rate,0,1,0.9092,1,0.7483,1,test
8169,388,ATLANTIC IMPORTING COMPANY,2024-01-09,5,106.6,4.61,4.3246,0.53,8.65,0,1,0,0,0,0,Freight above 1.5x the standard rate,0,1,0.9376,1,0.9589,1,train
8171,1189,BULLY BOY DISTILLERS,2024-01-09,6,132.3,5.29,3.9985,0.66,8.0,0,1,0,0,0,0,Freight above 1.5x the standard rate,0,1,0.9806,1,0.9767,1,train
8204,9751,VINEDREA WINES LLC,2024-01-09,6,136.32,1.23,0.9023,0.68,1.8,0,1,0,0,0,0,Freight above 1.5x the standard rate,0,1,0.4309,1,0.7492,1,test
8206,90058,ZORVINO VINEYARDS,2024-01-09,23,186.93,21.04,11.2556,0.93,22.51,0,1,0,0,0,0,Freight above 1.5x the standard rate,0,1,0.9912,1,0.9544,1,train
8111,17032,JEWELL TOWNE VINEYARDS,2024-01-10,24,185.4,9.5,5.1241,0.93,10.25,0,1,0,0,0,0,Freight above 1.5x the standard rate,0,1,0.9754,1,0.9782,1,train
8115,10754,PERFECTA WINES,2024-01-10,2398,20861.33,633.9,3.0386,104.32,6.08,0,1,0,0,0,0,Freight above 1.5x the standard rate,0,1,0.9596,1,0.9897,1,train
8130,5992,MCCORMICK DISTILLING CO,2024-01-10,90,892.9,42.4,4.7486,4.47,9.5,0,1,0,0,0,0,Freight above 1.5x the standard rate,0,1,0.9742,1,0.956,1,train
8131,6359,OLE SMOKY DISTILLERY LLC,2024-01-10,134,1914.01,31.53,1.6473,9.57,3.29,0,1,0,0,0,0,Freight above 1.5x the standard rate,0,1,0.8292,1,0.536,1,test
8157,9552,M S WALKER INC,2024-01-10,8061,68620.75,1591.5,2.3193,343.15,4.64,0,1,0,0,0,0,Freight above 1.5x the standard rate,0,1,0.962,1,0.9778,1,train
8173,3960,DIAGEO NORTH AMERICA INC,2024-01-10,16602,180644.92,5972.45,3.3062,903.34,6.61,0,1,0,0,0,0,Freight above 1.5x the standard rate,0,1,0.9119,1,0.9894,1,test
8199,8004,SAZERAC CO INC,2024-01-10,6283,57738.64,1206.72,2.09,288.73,4.18,0,1,0,0,0,0,Freight above 1.5x the standard rate,0,1,0.9063,1,0.8957,1,train
8200,660,SAZERAC NORTH AMERICA INC.,2024-01-10,1393,10819.92,317.76,2.9368,54.11,5.87,0,1,0,0,0,0,Freight above 1.5x the standard rate,0,1,0.9944,1,0.8808,1,train
8108,1392,CONSTELLATION BRANDS INC,2024-01-11,8466,60281.13,1549.81,2.571,301.44,5.14,0,1,0,0,0,0,Freight above 1.5x the standard rate,0,1,0.9657,1,0.9863,1,train
8112,4692,KOBRAND CORPORATION,2024-01-11,427,5336.48,185.93,3.4841,26.69,6.97,0,1,0,0,0,0,Freight above 1.5x the standard rate,0,1,0.9717,1,0.9755,1,train
8117,90027,POVERTY LANE ORCHARDS,2024-01-11,46,364.06,9.27,2.5463,1.82,5.09,0,1,0,0,0,0,Freight above 1.5x the standard rate,0,1,0.8249,1,0.8784,1,test
8119,8663,STAR INDUSTRIES INC.,2024-01-11,12,196.92,0.93,0.4723,0.98,0.94,0,0,0,0,0,0,,0,0,0.0112,0,0.5932,0,train
8135,8735,SURVILLE ENTERPRISES CORP,2024-01-11,29,296.47,7.14,2.4083,1.48,4.82,0,1,0,0,0,0,Freight above 1.5x the standard rate,0,1,0.9321,1,0.8676,1,train
8136,3664,WILLIAM GRANT & SONS INC,2024-01-11,1118,20144.32,617.13,3.0635,100.73,6.13,0,1,0,0,0,0,Freight above 1.5x the standard rate,0,1,0.9616,1,0.9437,1,test
8140,2450,DJINN SPIRITS LLC,2024-01-11,12,199.92,10.05,5.027,1.0,10.05,0,1,0,0,0,0,Freight above 1.5x the standard rate,0,1,0.9586,1,0.9331,1,train
8141,90011,FORTUNE WINE BROKERS LLC,2024-01-11,23,226.95,4.88,2.1503,1.13,4.3,0,1,0,0,0,0,Freight above 1.5x the standard rate,0,1,0.913,1,0.8057,1,test
8182,8150,SEA HAGG DISTILLERY LLC,2024-01-11,5,111.05,3.39,3.0527,0.56,6.1,0,1,0,0,0,0,Freight above 1.5x the standard rate,0,1,0.9551,1,0.9915,1,train
8192,2555,DISARONNO INTERNATIONAL LLC,2024-01-11,385,3506.41,146.86,4.1883,17.53,8.38,0,1,0,0,0,0,Freight above 1.5x the standard rate,0,1,0.9711,1,0.8369,1,train
8198,7255,PSP WINES,2024-01-11,11,66.33,6.09,9.1814,0.33,18.36,0,1,0,0,0,0,Freight above 1.5x the standard rate,0,1,0.9567,1,0.9708,1,train
8223,4550,KLIN SPIRITS LLC,2024-01-11,142,1997.94,8.99,0.45,9.99,0.9,0,0,0,0,0,0,,0,0,0.0115,0,0.2448,0,test
8228,7245,PROXIMO SPIRITS INC.,2024-01-11,19857,234455.46,1266.06,0.54,1172.42,1.08,0,0,0,0,0,0,,0,0,0.2692,0,0.665,0,test
8231,1587,VINEYARD BRANDS INC,2024-01-11,2250,15804.23,75.86,0.48,79.03,0.96,0,0,0,0,0,0,,0,0,0.0229,0,0.5829,0,test
8232,9625,WESTERN SPIRITS BEVERAGE CO,2024-01-11,937,11434.05,51.45,0.45,57.18,0.9,0,0,0,0,0,0,,0,0,0.0156,0,0.3092,0,train
8249,388,ATLANTIC IMPORTING COMPANY,2024-01-11,95,2025.4,10.73,0.5298,10.13,1.06,0,0,0,0,0,0,,0,0,0.0043,0,0.5851,0,train
8251,2876,CENTEUR IMPORTS LLC,2024-01-11,6,52.32,0.28,0.5352,0.26,1.07,0,0,0,0,0,0,,0,0,0.0176,0,0.8059,0,train
8255,4425,MARTIGNETTI COMPANIES,2024-01-11,119,1460.51,6.72,0.4601,7.3,0.92,0,0,0,0,0,0,,0,0,0.1131,0,0.9601,0,test
8260,8663,STAR INDUSTRIES INC.,2024-01-11,12,196.92,1.04,0.5281,0.98,1.06,0,0,0,0,0,0,,0,0,0.0267,0,0.6238,0,train
8261,12331,STELLAR IMPORTING CO LLC,2024-01-11,72,571.2,2.86,0.5007,2.86,1.0,0,0,0,0,0,0,,0,0,0.0071,0,0.5528,0,test
8292,90052,HAUNTING WHISPER VYDS,2024-01-11,60,480.72,2.55,0.5305,2.4,1.06,0,0,0,0,0,0,,0,0,0.0106,0,0.7958,0,train
8106,480,BACARDI USA INC,2024-01-12,10100,137483.78,2935.2,2.1349,687.5,4.27,0,1,0,0,0,0,Freight above 1.5x the standard rate,0,1,0.947,1,0.9969,1,train
8109,1590,DIAGEO CHATEAU ESTATE WINES,2024-01-12,2246,14298.09,408.72,2.8586,71.5,5.72,0,1,0,0,0,0,Freight above 1.5x the standard rate,0,1,0.7709,1,0.9787,1,test
8149,90024,VINILANDIA USA,2024-01-12,145,1126.4,44.36,3.9382,5.63,7.88,0,1,0,0,0,0,Freight above 1.5x the standard rate,0,1,0.958,1,0.9291,1,train
8178,90053,INCREDIBREW INC,2024-01-12,48,416.64,5.65,1.3561,2.08,2.71,0,1,0,0,0,0,Freight above 1.5x the standard rate,0,1,0.8738,1,0.4858,1,train
8188,1601,VRANKEN AMERICA,2024-01-12,28,393.52,22.66,5.7583,1.97,11.52,0,1,0,0,0,0,Freight above 1.5x the standard rate,0,1,0.9869,1,0.9563,1,train
8202,8664,"STOLI GROUP,(USA) LLC",2024-01-12,975,14299.98,349.02,2.4407,71.51,4.88,0,1,0,0,0,0,Freight above 1.5x the standard rate,0,1,0.9949,1,0.9269,1,train
8213,1655,FABRIZIA SPIRITS LLC,2024-01-12,392,3469.36,18.39,0.5301,17.35,1.06,0,0,0,0,0,0,,0,0,0.0116,0,0.2111,0,train
8216,9552,M S WALKER INC,2024-01-12,30388,236369.61,1134.57,0.48,1181.99,0.96,0,0,0,0,0,0,,0,0,0.0216,0,0.8896,0,train
8236,1485,CASTLE BRANDS CORP.,2024-01-12,2714,45057.22,202.76,0.45,225.31,0.9,0,0,0,0,0,0,,0,0,0.0044,0,0.3094,0,train
8237,2555,DISARONNO INTERNATIONAL LLC,2024-01-12,2279,21305.64,106.53,0.5,106.54,1.0,0,0,0,0,0,0,,0,0,0.0044,0,0.1088,0,test
8252,1392,CONSTELLATION BRANDS INC,2024-01-12,36543,248369.62,1291.52,0.52,1242.0,1.04,0,0,0,0,0,0,,0,0,0.224,0,0.8645,0,train
8262,8664,"STOLI GROUP,(USA) LLC",2024-01-12,4387,70460.06,345.25,0.49,352.34,0.98,0,0,0,0,0,0,,0,0,0.0044,0,0.5015,0,train
8263,8735,SURVILLE ENTERPRISES CORP,2024-01-12,298,1882.26,9.98,0.5302,9.41,1.06,0,0,0,0,0,0,,0,0,0.035,0,0.389,0,train
8280,90027,POVERTY LANE ORCHARDS,2024-01-12,917,6068.27,27.31,0.45,30.35,0.9,0,0,0,0,0,0,,0,0,0.0621,0,0.8959,0,train
8289,1590,DIAGEO CHATEAU ESTATE WINES,2024-01-12,4612,31455.1,163.57,0.52,157.3,1.04,0,0,0,0,0,0,,0,0,0.0126,0,0.5975,0,train
8229,7239,REMY COINTREAU USA INC,2024-01-13,2911,64359.09,308.92,0.48,321.84,0.96,0,0,0,0,0,0,,0,0,0.0092,0,0.5035,0,train
8240,17031,FLAG HILL WINERY & VINEYARD,2024-01-13,384,5591.32,28.52,0.5101,27.96,1.02,0,0,0,0,0,0,,0,0,0.0043,0,0.168,0,train
8242,10000,MAJESTIC FINE WINES,2024-01-13,3983,30967.52,145.55,0.47,154.86,0.94,0,0,0,0,0,0,,0,0,0.0194,0,0.2163,0,test
8245,8150,SEA HAGG DISTILLERY LLC,2024-01-13,12,252.72,1.24,0.4907,1.26,0.98,0,0,0,0,0,0,,0,0,0.0961,0,0.8739,0,train
8257,17035,PERNOD RICARD USA,2024-01-13,32002,467506.21,2477.78,0.53,2337.82,1.06,1,0,0,0,0,0,High-value invoice (>= $250K),1,1,0.9995,1,0.8916,0,train
8258,8004,SAZERAC CO INC,2024-01-13,29748,251425.62,1181.7,0.47,1257.28,0.94,1,0,0,0,0,0,High-value invoice (>= $250K),1,1,0.8055,1,0.7842,0,test
8277,5992,MCCORMICK DISTILLING CO,2024-01-13,576,5744.89,27.0,0.47,28.73,0.94,0,0,0,0,0,0,,0,0,0.002,0,0.2033,0,train
8279,6215,MOONLIGHT MEADERY,2024-01-13,286,2521.03,13.11,0.52,12.61,1.04,0,0,0,0,0,0,,0,0,0.0,0,0.3684,0,train
8286,90058,ZORVINO VINEYARDS,2024-01-13,288,2372.4,12.81,0.54,11.86,1.08,0,0,0,0,0,0,,0,0,0.0094,0,0.4133,0,test
8287,287,APPOLO VINEYARDS LLC,2024-01-13,12,124.8,0.66,0.5288,0.62,1.06,0,0,0,0,0,0,,0,0,0.0025,0,0.7054,0,train
8293,90053,INCREDIBREW INC,2024-01-13,58,510.86,2.5,0.4894,2.55,0.98,0,0,0,0,0,0,,0,0,0.0117,0,0.4489,0,train
8208,516,BANFI PRODUCTS CORP,2024-01-14,5458,41823.14,204.93,0.49,209.14,0.98,0,0,0,0,0,0,,0,0,0.0068,0,0.51,0,train
8224,8352,LUXCO INC,2024-01-14,5715,43820.57,197.19,0.45,219.13,0.9,0,0,0,0,0,0,,0,0,0.002,0,0.4624,0,train
8226,7153,PINE STATE TRADING CO,2024-01-14,9824,63606.79,324.39,0.51,318.07,1.02,0,0,0,0,0,0,,0,0,0.0112,0,0.715,0,train
8233,3664,WILLIAM GRANT & SONS INC,2024-01-14,4187,74151.99,385.59,0.52,370.81,1.04,0,0,0,0,0,0,,0,0,0.0106,0,0.7025,0,test
8243,6355,NICHE W & S,2024-01-14,251,1225.58,5.64,0.4602,6.13,0.92,0,0,1,0,0,0,Unit cost far from vendor norm,0,1,0.9244,1,0.7518,1,train
8271,3960,DIAGEO NORTH AMERICA INC,2024-01-14,100183,954454.16,4581.38,0.48,4772.86,0.96,1,0,0,0,0,0,High-value invoice (>= $250K),1,1,0.9948,1,0.9809,0,train
8297,6359,OLE SMOKY DISTILLERY LLC,2024-01-14,264,3771.17,19.61,0.52,18.86,1.04,0,0,0,0,0,0,,0,0,0.0043,0,0.6013,0,train
8303,3089,SIDNEY FRANK IMPORTING CO,2024-01-14,4414,38258.6,175.99,0.46,191.32,0.92,0,0,0,0,0,0,,0,0,0.0044,0,0.5239,0,train
8209,2396,BLACK PRINCE DISTILLERY INC,2024-01-15,48,490.08,2.5,0.5101,2.45,1.02,0,0,1,0,0,0,Unit cost far from vendor norm,0,1,0.6751,1,0.9715,1,test
8210,1128,BROWN-FORMAN CORP,2024-01-15,23351,298902.89,1494.51,0.5,1494.7,1.0,1,0,0,0,0,0,High-value invoice (>= $250K),1,1,0.9884,1,0.8075,0,train
8212,2450,DJINN SPIRITS LLC,2024-01-15,54,1064.52,5.32,0.4998,5.32,1.0,0,0,0,0,0,0,,0,0,0.0061,0,0.7094,0,train
8225,6785,PALM BAY INTERNATIONAL INC,2024-01-15,5275,36300.57,170.61,0.47,181.53,0.94,0,0,0,0,0,0,,0,0,0.0046,0,0.4209,0,test
8239,2561,EDRINGTON AMERICAS,2024-01-15,980,29875.7,143.4,0.48,149.4,0.96,0,0,0,0,0,0,,0,0,0.0223,0,0.5703,0,train
8250,1003,BRONCO WINE COMPANY,2024-01-15,24,104.1,0.57,0.5476,0.52,1.09,0,0,0,0,0,0,,0,0,0.0373,0,0.838,0,train
8278,8112,MOET HENNESSY USA INC,2024-01-15,7717,158211.28,838.52,0.53,791.15,1.06,0,0,0,0,0,0,,0,0,0.0113,0,0.7045,0,train
8284,9622,WEIN BAUER INC,2024-01-15,22,419.76,2.01,0.4788,2.1,0.96,0,0,0,0,0,0,,0,0,0.0173,0,0.4342,0,train
8298,10754,PERFECTA WINES,2024-01-15,14881,164345.2,739.55,0.45,821.83,0.9,0,0,0,0,0,0,,0,0,0.0194,0,0.9197,0,train
8211,1273,CALEDONIA SPIRITS INC,2024-01-16,56,1745.29,9.08,0.5203,8.73,1.04,0,0,0,0,0,0,,0,0,0.0706,0,0.587,0,test
8219,9165,ULTRA BEVERAGE COMPANY LLP,2024-01-16,18593,224355.5,1189.08,0.53,1121.92,1.06,0,0,0,0,0,0,,0,0,0.0553,0,0.9466,0,train
8241,12546,JIM BEAM BRANDS COMPANY,2024-01-16,56213,559691.95,2910.4,0.52,2798.81,1.04,1,0,0,0,0,0,High-value invoice (>= $250K),1,1,0.9974,1,0.9069,0,test
8244,9206,PHILLIPS PRODUCTS CO.,2024-01-16,1537,9289.57,45.52,0.49,46.45,0.98,0,0,0,0,0,0,,0,0,0.132,0,0.3639,0,train
8248,90037,THE PIERPONT GROUP LLC,2024-01-16,12,171.3,0.79,0.4612,0.86,0.92,0,0,0,0,0,0,,0,0,0.0413,0,0.8443,0,train
8253,2242,DELICATO VINEYARDS INC,2024-01-16,2688,23076.33,120.0,0.52,115.4,1.04,0,0,0,0,0,0,,0,0,0.0043,0,0.5629,0,train
8264,90056,SWEET BABY VINEYARD,2024-01-16,1246,10367.3,51.84,0.5,51.84,1.0,0,0,0,0,0,0,,0,0,0.0398,0,0.6805,0,train
8270,4380,CHARLES JACQUIN ET CIE INC,2024-01-16,678,6129.25,29.42,0.48,30.65,0.96,0,0,0,0,0,0,,0,0,0.0022,0,0.2076,0,train
8282,9819,TREASURY WINE ESTATES,2024-01-16,6780,40265.24,197.3,0.49,201.35,0.98,0,0,0,0,0,0,,0,0,0.0,0,0.3332,0,train
8295,90032,LABELLE VYDS AND WINERY,2024-01-16,390,4267.25,21.34,0.5001,21.34,1.0,0,0,0,0,0,0,,0,0,0.0151,0,0.1974,0,test
8296,4950,LATITUDE BEVERAGE COMPANY,2024-01-16,612,3543.18,18.78,0.53,17.72,1.06,0,0,0,0,0,0,,0,0,0.0164,0,0.2414,0,test
8302,98450,Serralles Usa LLC,2024-01-16,284,3894.93,19.09,0.4901,19.48,0.98,0,0,0,0,0,0,,0,0,0.0043,0,0.2091,0,train
8305,8673,STE MICHELLE WINE ESTATES,2024-01-16,6991,52219.32,261.1,0.5,261.13,1.0,0,0,0,0,0,0,,0,0,0.007,0,0.2868,0,train
8306,1601,VRANKEN AMERICA,2024-01-16,261,5288.94,29.09,0.55,26.45,1.1,0,0,0,0,0,0,,0,0,0.0104,0,0.5313,0,train
8214,90011,FORTUNE WINE BROKERS LLC,2024-01-17,72,607.68,3.34,0.5496,3.04,1.1,0,0,0,0,0,0,,0,0,0.0097,0,0.5091,0,train
8215,4692,KOBRAND CORPORATION,2024-01-17,2119,28263.55,132.84,0.47,141.34,0.94,0,0,0,0,0,0,,0,0,0.0112,0,0.5522,0,test
8220,1189,BULLY BOY DISTILLERS,2024-01-17,12,264.6,1.19,0.4497,1.32,0.9,0,0,0,0,0,0,,0,0,0.0595,0,0.704,0,train
8221,90047,CRUSH WINES,2024-01-17,260,2246.19,10.11,0.4501,11.23,0.9,0,0,0,0,0,0,,0,0,0.0211,0,0.4131,0,train
8222,90051,FULCHINO VINEYARD INC,2024-01-17,144,1666.44,7.67,0.4603,8.33,0.92,0,0,0,0,0,0,,0,0,0.0777,0,0.8815,0,train
8234,105,ALTAMAR BRANDS LLC,2024-01-17,12,428.52,2.19,0.5111,2.14,1.02,0,0,0,0,0,0,,0,0,0.0584,0,0.663,0,test
8235,90046,CANDIA VINEYARDS,2024-01-17,132,1639.2,8.36,0.51,8.2,1.02,0,0,0,0,0,0,,0,0,0.0017,0,0.3743,0,train
8254,4848,LAIRD & CO,2024-01-17,160,1213.96,5.83,0.4802,6.07,0.96,0,0,0,0,0,0,,0,0,0.0098,0,0.1588,0,test
8266,9751,VINEDREA WINES LLC,2024-01-17,12,272.64,1.47,0.5392,1.36,1.08,0,0,0,0,0,0,,0,0,0.0327,0,0.6188,0,train
8272,17037,Dunn Wine Brokers,2024-01-17,12,287.88,1.32,0.4585,1.44,0.92,0,0,0,0,0,0,,0,0,0.241,0,0.8847,0,train
8291,9744,FREDERICK WILDMAN & SONS,2024-01-17,2096,16605.64,84.69,0.51,83.04,1.02,0,0,0,0,0,0,,0,0,0.0068,0,0.4691,0,train
8294,17032,JEWELL TOWNE VINEYARDS,2024-01-17,227,1757.16,8.79,0.5002,8.79,1.0,0,0,0,0,0,0,,0,0,0.0091,0,0.1016,0,train
8304,2000,SOUTHERN WINE & SPIRITS NE,2024-01-17,7400,62279.51,336.31,0.54,311.44,1.08,0,0,0,0,0,0,,0,0,0.0042,0,0.3716,0,train
8217,7255,PSP WINES,2024-01-18,202,1320.18,6.6,0.4999,6.6,1.0,0,0,0,0,0,0,,0,0,0.0139,0,0.4222,0,train
8218,8920,TAKARA SAKE USA INC,2024-01-18,168,906.36,4.89,0.5395,4.53,1.08,0,0,0,0,0,0,,0,0,0.0291,0,0.6083,0,train
8230,28776,TALL SHIP DISTILLERY LLC,2024-01-18,11,229.61,1.26,0.5488,1.15,1.1,0,0,0,0,0,0,,0,0,0.071,0,0.5109,0,test
8238,3252,E & J GALLO WINERY,2024-01-18,36991,238980.15,1194.9,0.5,1195.05,1.0,0,0,0,0,0,0,,0,0,0.078,0,0.8909,0,train
8247,653,STATE WINE & SPIRITS,2024-01-18,3284,30646.03,156.29,0.51,153.25,1.02,0,0,0,0,0,0,,0,0,0.0022,0,0.2479,0,train
8256,6213,MHW LTD,2024-01-18,2545,28203.48,138.2,0.49,141.03,0.98,0,0,0,0,0,0,,0,0,0.0,0,0.1333,0,test
8259,660,SAZERAC NORTH AMERICA INC.,2024-01-18,9281,69321.83,346.61,0.5,346.65,1.0,0,0,0,0,0,0,,0,0,0.0,0,0.2419,0,train
8265,9260,TY KU LLC,2024-01-18,42,423.18,2.12,0.501,2.12,1.0,0,0,0,0,0,0,,0,0,0.0069,0,0.271,0,train
8268,90024,VINILANDIA USA,2024-01-18,1020,9399.35,49.82,0.53,47.0,1.06,0,0,0,0,0,0,,0,0,0.0115,0,0.1611,0,train
8273,3924,HEAVEN HILL DISTILLERIES,2024-01-18,5696,49644.13,243.26,0.49,248.25,0.98,0,0,0,0,0,0,,0,0,0.0044,0,0.3191,0,test
8274,3950,"HOOD RIVER DISTILLERS, Inc.",2024-01-18,1,16.41,0.09,0.5484,0.08,1.1,0,0,0,0,0,0,,0,0,0.0366,0,0.8434,0,train
8276,4425,MARTIGNETTI COMPANIES,2024-01-18,42400,458222.53,2336.93,0.51,2291.4,1.02,1,0,0,0,0,0,High-value invoice (>= $250K),1,1,0.9999,1,0.9704,0,train
8281,28750,SMOKY QUARTZ DISTILLERY LLC,2024-01-18,36,775.08,3.95,0.5096,3.88,1.02,0,0,0,0,0,0,,0,0,0.0,0,0.1265,0,train
8285,9815,WINE GROUP INC,2024-01-18,17051,101701.15,518.68,0.51,508.57,1.02,0,0,0,0,0,0,,0,0,0.0113,0,0.3673,0,train
8307,4466,AMERICAN VINTAGE BEVERAGE,2024-01-18,41,383.35,1.99,0.5191,1.92,1.04,0,0,0,0,0,0,,0,0,0.0477,0,0.2187,0,train
8309,1485,CASTLE BRANDS CORP.,2024-01-18,1418,24411.92,124.5,0.51,122.07,1.02,0,0,0,0,0,0,,0,0,0.0,0,0.1984,0,train
8313,5455,MARSALLE COMPANY,2024-01-18,66,1850.94,8.88,0.4798,9.26,0.96,0,0,0,0,0,0,,0,0,0.0266,0,0.4581,0,train
8322,1587,VINEYARD BRANDS INC,2024-01-18,1806,12903.55,61.94,0.48,64.53,0.96,0,0,0,0,0,0,,0,0,0.0091,0,0.1826,0,train
8325,1590,DIAGEO CHATEAU ESTATE WINES,2024-01-18,2658,18373.15,95.54,0.52,91.88,1.04,0,0,0,0,0,0,,0,0,0.0088,0,0.1927,0,train
8327,90011,FORTUNE WINE BROKERS LLC,2024-01-18,13,171.35,0.86,0.5019,0.86,1.0,0,0,0,0,0,0,,0,0,0.0511,0,0.7418,0,train
8342,1655,FABRIZIA SPIRITS LLC,2024-01-18,202,1958.54,9.01,0.46,9.79,0.92,0,0,0,0,0,0,,0,0,0.0311,0,0.7871,0,train
8346,10000,MAJESTIC FINE WINES,2024-01-18,1690,13633.72,66.81,0.49,68.18,0.98,0,0,0,0,0,0,,0,0,0.1274,0,0.3291,0,train
8350,17033,SEA BREEZE CELLARS LLC,2024-01-18,59,581.07,2.91,0.5008,2.91,1.0,0,0,0,0,0,0,,0,0,0.0043,0,0.3184,0,train
8368,28750,SMOKY QUARTZ DISTILLERY LLC,2024-01-18,24,516.72,2.84,0.5496,2.58,1.1,0,0,0,0,0,0,,0,0,0.026,0,0.6018,0,test
8381,17031,FLAG HILL WINERY & VINEYARD,2024-01-18,292,5236.22,26.7,0.5099,26.18,1.02,0,0,0,0,0,0,,0,0,0.0066,0,0.6192,0,train
8389,653,STATE WINE & SPIRITS,2024-01-18,2403,23611.74,106.25,0.45,118.07,0.9,0,0,0,0,0,0,,0,0,0.0068,0,0.6709,0,train
8394,4950,LATITUDE BEVERAGE COMPANY,2024-01-18,720,4146.3,20.32,0.4901,20.73,0.98,0,0,0,0,0,0,,0,0,0.0273,0,0.7575,0,test
8400,90024,VINILANDIA USA,2024-01-18,579,5017.26,22.58,0.45,25.09,0.9,0,0,0,0,0,0,,0,0,0.019,0,0.7307,0,test
8207,4466,AMERICAN VINTAGE BEVERAGE,2024-01-19,335,3142.33,16.97,0.54,15.71,1.08,0,0,0,0,0,0,,0,0,0.0038,0,0.6955,0,train
8227,7240,"PREMIUM PORT WINES, INC.",2024-01-19,158,1133.08,5.89,0.5198,5.67,1.04,0,0,0,0,0,0,,0,0,0.0193,0,0.6435,0,train
8246,8320,SHAW ROSS INT L IMP LTD,2024-01-19,895,7987.83,43.93,0.55,39.94,1.1,0,0,0,0,0,0,,0,0,0.0121,0,0.1647,0,test
8267,90010,VINEXTRA INC,2024-01-19,120,1338.43,6.02,0.4498,6.69,0.9,0,0,0,0,0,0,,0,0,0.009,0,0.7696,0,train
8269,11567,CAMPARI AMERICA,2024-01-19,8662,62473.56,324.86,0.52,312.41,1.04,0,0,0,0,0,0,,0,0,0.0022,0,0.3009,0,train
8275,5455,MARSALLE COMPANY,2024-01-19,131,3850.37,20.79,0.5399,19.25,1.08,0,0,0,0,0,0,,0,0,0.0147,0,0.459,0,train
8283,8892,TRINCHERO FAMILY ESTATES,2024-01-19,7963,47561.83,228.3,0.48,237.84,0.96,0,0,0,0,0,0,,0,0,0.0024,0,0.451,0,train
8288,480,BACARDI USA INC,2024-01-19,32463,396606.13,1864.05,0.47,1983.28,0.94,1,0,0,0,0,0,High-value invoice (>= $250K),1,1,0.9974,1,0.6982,0,train
8290,2496,DUGGANS DISTILLED PRODUCTS,2024-01-19,65,1091.35,5.24,0.4801,5.46,0.96,0,0,0,0,0,0,,0,0,0.0092,0,0.3763,0,train
8299,7154,PREMIER DISTRIBUTORS,2024-01-19,172,2644.78,13.49,0.5101,13.23,1.02,0,0,0,0,0,0,,0,0,0.0025,0,0.2883,0,test
8300,10050,Russian Standard Vodka,2024-01-19,487,1883.15,8.66,0.4599,9.42,0.92,0,0,1,0,0,0,Unit cost far from vendor norm,0,1,0.9655,1,0.6884,1,train
8301,17033,SEA BREEZE CELLARS LLC,2024-01-19,101,1234.26,5.8,0.4699,6.17,0.94,0,0,0,0,0,0,,0,0,0.0183,0,0.5207,0,train
8310,3960,DIAGEO NORTH AMERICA INC,2024-01-19,75392,489727.12,2350.69,0.48,2448.94,0.96,1,0,0,0,0,0,High-value invoice (>= $250K),1,1,0.9702,1,0.8921,0,test
8314,6215,MOONLIGHT MEADERY,2024-01-19,60,515.76,2.58,0.5002,2.58,1.0,0,0,0,0,0,0,,0,0,0.0106,0,0.5971,0,train
8321,9751,VINEDREA WINES LLC,2024-01-19,12,272.64,1.34,0.4915,1.36,0.98,0,0,0,0,0,0,,0,0,0.0444,0,0.5087,0,train
8345,9552,M S WALKER INC,2024-01-19,18247,173132.79,865.66,0.5,865.77,1.0,0,0,0,0,0,0,,0,0,0.0266,0,0.913,0,train
8364,4848,LAIRD & CO,2024-01-19,74,902.01,4.78,0.5299,4.51,1.06,0,0,0,0,0,0,,0,0,0.0268,0,0.7647,0,train
8365,7239,REMY COINTREAU USA INC,2024-01-19,1033,21832.98,117.9,0.54,109.18,1.08,0,0,0,0,0,0,,0,0,0.0714,0,0.8522,0,test
8371,9165,ULTRA BEVERAGE COMPANY LLP,2024-01-19,18575,205977.11,947.49,0.46,1030.01,0.92,0,0,0,0,0,0,,0,0,0.007,0,0.8811,0,train
8374,3664,WILLIAM GRANT & SONS INC,2024-01-19,1739,37350.45,190.49,0.51,186.78,1.02,0,0,0,0,0,0,,0,0,0.1007,0,0.7029,0,test
8380,17037,Dunn Wine Brokers,2024-01-19,51,702.18,3.79,0.5397,3.51,1.08,0,0,0,0,0,0,,0,0,0.0089,0,0.7144,0,test
8384,6213,MHW LTD,2024-01-19,2459,28780.68,143.9,0.5,143.92,1.0,0,0,0,0,0,0,,0,0,0.0024,0,0.3514,0,train
8392,4380,CHARLES JACQUIN ET CIE INC,2024-01-19,463,4680.02,22.0,0.4701,23.4,0.94,0,0,0,0,0,0,,0,0,0.0088,0,0.6448,0,test
8393,2496,DUGGANS DISTILLED PRODUCTS,2024-01-19,101,1693.81,8.47,0.5001,8.47,1.0,0,0,0,0,0,0,,0,0,0.002,0,0.453,0,train
8401,9815,WINE GROUP INC,2024-01-19,12254,80656.07,411.35,0.51,403.33,1.02,0,0,0,0,0,0,,0,0,0.0151,0,0.783,0,train
8317,7154,PREMIER DISTRIBUTORS,2024-01-20,54,847.56,4.66,0.5498,4.24,1.1,0,0,0,0,0,0,,0,0,0.0185,0,0.4389,0,train
8329,17032,JEWELL TOWNE VINEYARDS,2024-01-20,144,1144.2,6.18,0.5401,5.72,1.08,0,0,0,0,0,0,,0,0,0.0217,0,0.7317,0,train
8330,12546,JIM BEAM BRANDS COMPANY,2024-01-20,39001,382617.62,2027.87,0.53,1913.33,1.06,1,0,0,0,0,0,High-value invoice (>= $250K),1,1,0.9973,1,0.8277,0,train
8343,3924,HEAVEN HILL DISTILLERIES,2024-01-20,3716,33078.04,168.7,0.51,165.41,1.02,0,0,0,0,0,0,,0,0,0.0025,0,0.4045,0,train
8363,4692,KOBRAND CORPORATION,2024-01-20,4569,49629.65,233.26,0.47,248.18,0.94,0,0,0,0,0,0,,0,0,0.018,0,0.6625,0,test
8367,8320,SHAW ROSS INT L IMP LTD,2024-01-20,1134,9112.05,47.38,0.52,45.57,1.04,0,0,0,0,0,0,,0,0,0.0221,0,0.19,0,test
8379,2450,DJINN SPIRITS LLC,2024-01-20,9,194.22,1.05,0.5406,0.97,1.08,0,0,0,0,0,0,,0,0,0.0754,0,0.7411,0,test
8388,7255,PSP WINES,2024-01-20,116,769.63,4.23,0.5496,3.85,1.1,0,0,0,0,0,0,,0,0,0.0528,0,0.668,0,train
8319,2000,SOUTHERN WINE & SPIRITS NE,2024-01-21,5024,40163.56,180.74,0.45,200.84,0.9,0,0,0,0,0,0,,0,0,0.0161,0,0.8394,0,test
8332,6359,OLE SMOKY DISTILLERY LLC,2024-01-21,116,1650.38,9.08,0.5502,8.25,1.1,0,0,0,0,0,0,,0,0,0.0933,0,0.5436,0,test
8339,516,BANFI PRODUCTS CORP,2024-01-21,4381,29909.78,140.58,0.47,149.57,0.94,0,0,0,0,0,0,,0,0,0.0085,0,0.4277,0,train
8348,8112,MOET HENNESSY USA INC,2024-01-21,3519,64917.6,324.59,0.5,324.63,1.0,0,0,0,0,0,0,,0,0,0.0187,0,0.7115,0,train
8360,1392,CONSTELLATION BRANDS INC,2024-01-21,23613,163665.26,900.16,0.55,818.43,1.1,0,0,0,0,0,0,,0,0,0.0273,0,0.8342,0,test
8361,2561,EDRINGTON AMERICAS,2024-01-21,433,11724.18,64.48,0.55,58.63,1.1,0,0,0,0,0,0,,0,0,0.113,0,0.6881,0,train
8385,6355,NICHE W & S,2024-01-21,54,482.76,2.51,0.5199,2.41,1.04,0,0,0,0,0,0,,0,0,0.0552,0,0.6814,0,train
8308,480,BACARDI USA INC,2024-01-22,15033,173408.47,832.36,0.48,867.15,0.96,0,0,0,0,0,0,,0,0,0.0271,0,0.6967,0,test
8316,9206,PHILLIPS PRODUCTS CO.,2024-01-22,1149,7229.15,35.42,0.49,36.15,0.98,0,0,0,0,0,0,,0,0,0.1514,0,0.6906,0,test
8320,8673,STE MICHELLE WINE ESTATES,2024-01-22,2697,20329.38,93.52,0.46,101.66,0.92,0,0,0,0,0,0,,0,0,0.0676,0,0.5165,0,train
8326,3252,E & J GALLO WINERY,2024-01-22,22337,151950.9,698.97,0.46,759.85,0.92,0,0,0,0,0,0,,0,0,0.0048,0,0.8077,0,train
8328,90053,INCREDIBREW INC,2024-01-22,48,416.4,2.17,0.5211,2.08,1.04,0,0,0,0,0,0,,0,0,0.0237,0,0.3271,0,train
8333,6785,PALM BAY INTERNATIONAL INC,2024-01-22,4319,29047.82,142.33,0.49,145.26,0.98,0,0,0,0,0,0,,0,0,0.0115,0,0.4443,0,train
8338,9625,WESTERN SPIRITS BEVERAGE CO,2024-01-22,265,3891.24,20.62,0.5299,19.46,1.06,0,0,0,0,0,0,,0,0,0.0235,0,0.6118,0,train
8344,8352,LUXCO INC,2024-01-22,4226,28477.46,142.39,0.5,142.4,1.0,0,0,0,0,0,0,,0,0,0.0084,0,0.5755,0,test
8347,5992,MCCORMICK DISTILLING CO,2024-01-22,286,2979.43,14.9,0.5001,14.9,1.0,0,0,0,0,0,0,,0,0,0.0041,0,0.1048,0,train
8377,1650,Circa Wines,2024-01-22,12,297.96,1.46,0.49,1.49,0.98,0,0,1,0,0,0,Unit cost far from vendor norm,0,1,0.8303,1,0.9224,1,train
8378,2242,DELICATO VINEYARDS INC,2024-01-22,3565,26696.84,136.15,0.51,133.5,1.02,0,0,0,0,0,0,,0,0,0.0117,0,0.4745,0,test
8396,7245,PROXIMO SPIRITS INC.,2024-01-22,8025,84022.1,420.11,0.5,420.16,1.0,0,0,0,0,0,0,,0,0,0.0132,0,0.5797,0,train
8399,8892,TRINCHERO FAMILY ESTATES,2024-01-22,6403,39187.13,195.94,0.5,195.96,1.0,0,0,0,0,0,0,,0,0,0.0239,0,0.8568,0,test
8334,3089,SIDNEY FRANK IMPORTING CO,2024-01-23,2828,18929.16,87.07,0.46,94.66,0.92,0,0,0,0,0,0,,0,0,0.0063,0,0.5466,0,train
8336,90017,THE IMPORTED GRAPE LLC,2024-01-23,48,294.84,1.47,0.4986,1.47,1.0,0,0,0,0,0,0,,0,0,0.0205,0,0.4644,0,train
8353,8664,"STOLI GROUP,(USA) LLC",2024-01-23,2322,30980.69,154.9,0.5,154.92,1.0,0,0,0,0,0,0,,0,0,0.0022,0,0.3226,0,train
8359,90046,CANDIA VINEYARDS,2024-01-23,12,225.48,1.2,0.5322,1.13,1.06,0,0,0,0,0,0,,0,0,0.0347,0,0.6033,0,train
8369,8920,TAKARA SAKE USA INC,2024-01-23,221,1155.99,6.36,0.5502,5.78,1.1,0,0,0,0,0,0,,0,0,0.067,0,0.3361,0,test
8376,11567,CAMPARI AMERICA,2024-01-23,4507,25711.4,131.13,0.51,128.57,1.02,0,0,0,0,0,0,,0,0,0.1124,0,0.4943,0,test
8383,4425,MARTIGNETTI COMPANIES,2024-01-23,104,987.34,4.64,0.4699,4.94,0.94,0,0,0,0,0,0,,0,0,0.0896,0,0.924,0,train
8386,90027,POVERTY LANE ORCHARDS,2024-01-23,108,742.68,3.86,0.5197,3.71,1.04,0,0,0,0,0,0,,0,0,0.0153,0,0.2026,0,train
8387,7240,"PREMIUM PORT WINES, INC.",2024-01-23,120,872.97,4.36,0.4994,4.37,1.0,0,0,0,0,0,0,,0,0,0.0093,0,0.1093,0,train
8395,10754,PERFECTA WINES,2024-01-23,6644,58586.59,322.23,0.55,292.97,1.1,0,0,0,0,0,0,,0,0,0.0201,0,0.7904,0,train
8324,1265,BLACK ROCK SPIRITS LLC,2024-01-24,6,84.3,0.43,0.5101,0.42,1.02,0,0,0,0,0,0,,0,0,0.0134,0,0.67,0,train
8337,9622,WEIN BAUER INC,2024-01-24,29,399.12,2.08,0.5211,2.0,1.04,0,0,0,0,0,0,,0,0,0.0289,0,0.5064,0,test
8351,8150,SEA HAGG DISTILLERY LLC,2024-01-24,16,346.16,1.87,0.5402,1.73,1.08,0,0,0,0,0,0,,0,0,0.1729,0,0.7352,0,test
8355,9819,TREASURY WINE ESTATES,2024-01-24,4363,36291.13,163.31,0.45,181.48,0.9,0,0,0,0,0,0,,0,0,0.0082,0,0.5712,0,train
8356,1601,VRANKEN AMERICA,2024-01-24,39,844.89,4.06,0.4805,4.22,0.96,0,0,0,0,0,0,,0,0,0.0366,0,0.3204,0,train
8366,8004,SAZERAC CO INC,2024-01-24,19874,143691.8,689.72,0.48,718.55,0.96,0,0,0,0,0,0,,0,0,0.0162,0,0.4696,0,test
8370,28776,TALL SHIP DISTILLERY LLC,2024-01-24,48,1020.6,5.1,0.4997,5.1,1.0,0,0,0,0,0,0,,0,0,0.0149,0,0.3626,0,train
8382,9744,FREDERICK WILDMAN & SONS,2024-01-24,1886,16996.3,93.48,0.55,84.99,1.1,0,0,0,0,0,0,,0,0,0.0173,0,0.2782,0,train
8391,9260,TY KU LLC,2024-01-24,11,208.23,0.98,0.4706,1.04,0.94,0,0,0,0,0,0,,0,0,0.0871,0,0.8223,0,test
8397,660,SAZERAC NORTH AMERICA INC.,2024-01-24,5883,47750.1,233.98,0.49,238.78,0.98,0,0,0,0,0,0,,0,0,0.0022,0,0.1546,0,train
8311,2555,DISARONNO INTERNATIONAL LLC,2024-01-25,971,8801.36,48.41,0.55,44.01,1.1,0,0,0,0,0,0,,0,0,0.0229,0,0.7032,0,train
8312,90032,LABELLE VYDS AND WINERY,2024-01-25,108,1153.2,6.34,0.5498,5.77,1.1,0,0,0,0,0,0,,0,0,0.0115,0,0.2408,0,train
8315,17035,PERNOD RICARD USA,2024-01-25,17180,220470.75,1080.31,0.49,1102.49,0.98,0,0,0,0,0,0,,0,0,0.0531,0,0.8981,0,test
8323,388,ATLANTIC IMPORTING COMPANY,2024-01-25,64,1364.48,7.1,0.5203,6.82,1.04,0,0,0,0,0,0,,0,0,0.0191,0,0.5176,0,train
8362,4550,KLIN SPIRITS LLC,2024-01-25,92,1308.02,6.54,0.5,6.54,1.0,0,0,0,0,0,0,,0,0,0.0134,0,0.197,0,train
8373,90057,WALPOLE MTN VIEW WINERY,2024-01-25,12,137.16,0.66,0.4812,0.69,0.96,0,0,0,0,0,0,,0,0,0.0021,0,0.3922,0,train
8390,173357,TAMWORTH DISTILLING,2024-01-25,36,697.32,3.42,0.4904,3.49,0.98,0,0,0,0,0,0,,0,0,0.011,0,0.145,0,train
8413,12331,STELLAR IMPORTING CO LLC,2024-01-25,12,114.24,0.57,0.4989,0.57,1.0,0,0,0,0,0,0,,0,0,0.0418,0,0.5636,0,train
8421,2496,DUGGANS DISTILLED PRODUCTS,2024-01-25,89,1484.41,8.02,0.5403,7.42,1.08,0,0,0,0,0,0,,0,0,0.0047,0,0.1277,0,train
8422,17037,Dunn Wine Brokers,2024-01-25,30,607.26,2.91,0.4792,3.04,0.96,0,0,0,0,0,0,,0,0,0.0204,0,0.8246,0,train
8426,4425,MARTIGNETTI COMPANIES,2024-01-25,28747,326842.06,1568.84,0.48,1634.41,0.96,1,0,0,0,0,0,High-value invoice (>= $250K),1,1,0.9912,1,0.9821,0,train
8438,3252,E & J GALLO WINERY,2024-01-25,23396,156914.13,847.34,0.54,784.67,1.08,0,0,0,0,0,0,,0,0,0.0085,0,0.9354,0,train
8449,3089,SIDNEY FRANK IMPORTING CO,2024-01-25,2741,21504.38,118.27,0.55,107.54,1.1,0,0,0,0,0,0,,0,0,0.0,0,0.206,0,train
8465,660,SAZERAC NORTH AMERICA INC.,2024-01-25,6006,43951.99,215.36,0.49,219.79,0.98,0,0,0,0,0,0,,0,0,0.0068,0,0.3742,0,test
8466,17033,SEA BREEZE CELLARS LLC,2024-01-25,24,176.76,0.83,0.4696,0.88,0.94,0,0,0,0,0,0,,0,0,0.094,0,0.764,0,test
8467,8664,"STOLI GROUP,(USA) LLC",2024-01-25,2111,30379.85,142.79,0.47,151.92,0.94,0,0,0,0,0,0,,0,0,0.0066,0,0.5086,0,train
8494,653,STATE WINE & SPIRITS,2024-01-25,1612,14906.7,68.57,0.46,74.54,0.92,0,0,0,0,0,0,,0,0,0.0206,0,0.7252,0,train
8496,90058,ZORVINO VINEYARDS,2024-01-25,58,473.82,2.18,0.4601,2.37,0.92,0,0,0,0,0,0,,0,0,0.0196,0,0.786,0,train
8318,98450,Serralles Usa LLC,2024-01-26,87,1341.56,6.17,0.4599,6.71,0.92,0,0,0,0,0,0,,0,0,0.0464,0,0.8788,0,test
8331,4425,MARTIGNETTI COMPANIES,2024-01-26,28412,291914.17,1517.95,0.52,1459.75,1.04,1,0,0,0,0,0,High-value invoice (>= $250K),1,1,0.9906,1,0.9903,0,train
8335,90056,SWEET BABY VINEYARD,2024-01-26,166,1378.61,6.34,0.4599,6.89,0.92,0,0,0,0,0,0,,0,0,0.0113,0,0.505,0,train
8340,2396,BLACK PRINCE DISTILLERY INC,2024-01-26,24,245.04,1.13,0.4611,1.23,0.92,0,0,1,0,0,0,Unit cost far from vendor norm,0,1,0.8251,1,0.9246,1,train
8341,90047,CRUSH WINES,2024-01-26,383,3691.11,18.09,0.4901,18.46,0.98,0,0,0,0,0,0,,0,0,0.0133,0,0.4227,0,test
8349,7153,PINE STATE TRADING CO,2024-01-26,5868,39989.32,203.95,0.51,199.97,1.02,0,0,0,0,0,0,,0,0,0.0239,0,0.694,0,test
8352,12331,STELLAR IMPORTING CO LLC,2024-01-26,34,271.32,1.22,0.4497,1.36,0.9,0,0,0,0,0,0,,0,0,0.0134,0,0.6098,0,train
8354,90037,THE PIERPONT GROUP LLC,2024-01-26,18,166.62,0.78,0.4681,0.83,0.94,0,0,0,0,0,0,,0,0,0.0068,0,0.5021,0,train
8357,90058,ZORVINO VINEYARDS,2024-01-26,94,800.22,4.16,0.5199,4.0,1.04,0,0,0,0,0,0,,0,0,0.0138,0,0.2058,0,train
8358,1128,BROWN-FORMAN CORP,2024-01-26,11443,138035.44,690.18,0.5,690.26,1.0,0,0,0,0,0,0,,0,0,0.0225,0,0.9082,0,train
8372,90010,VINEXTRA INC,2024-01-26,96,958.38,5.08,0.5301,4.79,1.06,0,0,0,0,0,0,,0,0,0.009,0,0.5782,0,train
8375,1273,CALEDONIA SPIRITS INC,2024-01-26,59,1732.24,8.49,0.4901,8.66,0.98,0,0,0,0,0,0,,0,0,0.035,0,0.4662,0,train
8398,8735,SURVILLE ENTERPRISES CORP,2024-01-26,66,518.82,2.59,0.4992,2.59,1.0,0,0,0,0,0,0,,0,0,0.0135,0,0.1905,0,test
8418,9625,WESTERN SPIRITS BEVERAGE CO,2024-01-26,183,3041.96,16.73,0.55,15.21,1.1,0,0,0,0,0,0,,0,0,0.0199,0,0.4763,0,train
8431,90024,VINILANDIA USA,2024-01-26,659,5842.06,29.21,0.5,29.21,1.0,0,0,0,0,0,0,,0,0,0.0115,0,0.0945,0,train
8436,1485,CASTLE BRANDS CORP.,2024-01-26,886,14338.45,65.96,0.46,71.7,0.92,0,0,0,0,0,0,,0,0,0.0175,0,0.2057,0,test
8442,3950,"HOOD RIVER DISTILLERS, Inc.",2024-01-26,1,22.55,0.12,0.5322,0.11,1.06,0,0,0,0,0,0,,0,0,0.0711,0,0.8607,0,test
8459,3960,DIAGEO NORTH AMERICA INC,2024-01-26,76438,545477.42,2672.84,0.49,2727.73,0.98,1,0,0,0,0,0,High-value invoice (>= $250K),1,1,0.9806,1,0.9452,0,train
8464,5992,MCCORMICK DISTILLING CO,2024-01-26,428,3873.23,17.43,0.45,19.37,0.9,0,0,0,0,0,0,,0,0,0.0092,0,0.2914,0,test
8472,3924,HEAVEN HILL DISTILLERIES,2024-01-26,4301,33870.43,182.9,0.54,169.37,1.08,0,0,0,0,0,0,,0,0,0.0115,0,0.4061,0,train
8473,90053,INCREDIBREW INC,2024-01-26,36,312.96,1.72,0.5496,1.56,1.1,0,0,0,0,0,0,,0,0,0.0113,0,0.4617,0,train
8479,8673,STE MICHELLE WINE ESTATES,2024-01-26,5103,37313.52,201.49,0.54,186.59,1.08,0,0,0,0,0,0,,0,0,0.0142,0,0.6886,0,train
8495,90017,THE IMPORTED GRAPE LLC,2024-01-26,36,317.64,1.59,0.5006,1.59,1.0,0,0,0,0,0,0,,0,0,0.0445,0,0.9323,0,test
8403,2396,BLACK PRINCE DISTILLERY INC,2024-01-27,47,409.43,2.25,0.5495,2.05,1.1,0,0,1,0,0,0,Unit cost far from vendor norm,0,1,0.7853,1,0.9406,1,train
8420,90047,CRUSH WINES,2024-01-27,520,4392.3,20.2,0.4599,21.96,0.92,0,0,0,0,0,0,,0,0,0.0162,0,0.2861,0,train
8424,17032,JEWELL TOWNE VINEYARDS,2024-01-27,209,1895.28,8.72,0.4601,9.48,0.92,0,0,0,0,0,0,,0,0,0.0063,0,0.1817,0,train
8428,98450,Serralles Usa LLC,2024-01-27,129,1939.08,9.11,0.4698,9.7,0.94,0,0,0,0,0,0,,0,0,0.0043,0,0.6255,0,train
8445,8352,LUXCO INC,2024-01-27,3942,26348.0,137.01,0.52,131.76,1.04,0,0,0,0,0,0,,0,0,0.0103,0,0.3559,0,train
8455,9815,WINE GROUP INC,2024-01-27,12967,78707.63,425.02,0.54,393.59,1.08,0,0,0,0,0,0,,0,0,0.011,0,0.744,0,train
8458,90046,CANDIA VINEYARDS,2024-01-27,12,230.04,1.08,0.4695,1.15,0.94,0,0,0,0,0,0,,0,0,0.0249,0,0.7285,0,train
8469,4466,AMERICAN VINTAGE BEVERAGE,2024-01-27,72,673.2,3.3,0.4902,3.37,0.98,0,0,0,0,0,0,,0,0,0.0216,0,0.5178,0,train
8407,8112,MOET HENNESSY USA INC,2024-01-28,2687,59737.61,316.61,0.53,298.73,1.06,0,0,0,0,0,0,,0,0,0.0367,0,0.8912,0,test
8414,173357,TAMWORTH DISTILLING,2024-01-28,12,232.44,1.09,0.4689,1.16,0.94,0,0,0,0,0,0,,0,0,0.0275,0,0.6655,0,train
8434,1189,BULLY BOY DISTILLERS,2024-01-28,30,661.5,3.04,0.4596,3.31,0.92,0,0,0,0,0,0,,0,0,0.0157,0,0.5488,0,train
8439,1655,FABRIZIA SPIRITS LLC,2024-01-28,96,828.6,4.47,0.5395,4.14,1.08,0,0,0,0,0,0,,0,0,0.0946,0,0.464,0,train
8443,12546,JIM BEAM BRANDS COMPANY,2024-01-28,52651,314118.79,1602.01,0.51,1570.79,1.02,1,0,0,0,0,0,High-value invoice (>= $250K),1,1,0.9739,1,0.9044,0,train
8470,17031,FLAG HILL WINERY & VINEYARD,2024-01-28,243,4201.92,23.11,0.55,21.01,1.1,0,0,0,0,0,0,,0,0,0.0124,0,0.6659,0,train
8477,6355,NICHE W & S,2024-01-28,236,1297.48,6.62,0.5102,6.49,1.02,0,0,1,0,0,0,Unit cost far from vendor norm,0,1,0.8929,1,0.9017,1,train
8485,2555,DISARONNO INTERNATIONAL LLC,2024-01-28,1000,8298.39,45.64,0.55,41.5,1.1,0,0,0,0,0,0,,0,0,0.0292,0,0.685,0,train
8491,7245,PROXIMO SPIRITS INC.,2024-01-28,7786,84159.97,446.05,0.53,420.85,1.06,0,0,0,0,0,0,,0,0,0.0273,0,0.7523,0,train
8493,8320,SHAW ROSS INT L IMP LTD,2024-01-28,1108,9847.5,48.25,0.49,49.24,0.98,0,0,0,0,0,0,,0,0,0.021,0,0.3935,0,test
8406,10000,MAJESTIC FINE WINES,2024-01-29,1879,14255.2,71.28,0.5,71.28,1.0,0,0,0,0,0,0,,0,0,0.1516,0,0.4645,0,test
8415,8892,TRINCHERO FAMILY ESTATES,2024-01-29,5329,33618.19,174.81,0.52,168.11,1.04,0,0,0,0,0,0,,0,0,0.0094,0,0.5192,0,test
8433,480,BACARDI USA INC,2024-01-29,16160,150950.37,815.13,0.54,754.85,1.08,0,0,0,0,0,0,,0,0,0.0225,0,0.8192,0,train
8452,28776,TALL SHIP DISTILLERY LLC,2024-01-29,12,259.8,1.32,0.5081,1.3,1.02,0,0,0,0,0,0,,0,0,0.0457,0,0.5418,0,train
8454,9751,VINEDREA WINES LLC,2024-01-29,6,136.32,0.68,0.4988,0.68,1.0,0,0,0,0,0,0,,0,0,0.026,0,0.7528,0,train
8481,9165,ULTRA BEVERAGE COMPANY LLP,2024-01-29,14792,209201.57,1046.01,0.5,1046.14,1.0,0,0,0,0,0,0,,0,0,0.0413,0,0.9857,0,train
8482,9622,WEIN BAUER INC,2024-01-29,42,801.36,4.33,0.5403,4.01,1.08,0,0,0,0,0,0,,0,0,0.0081,0,0.5212,0,train
8404,4380,CHARLES JACQUIN ET CIE INC,2024-01-30,597,6531.89,32.66,0.5,32.66,1.0,0,0,0,0,0,0,,0,0,0.0067,0,0.3366,0,train
8411,7240,"PREMIUM PORT WINES, INC.",2024-01-30,112,799.04,3.84,0.4806,4.0,0.96,0,0,0,0,0,0,,0,0,0.0093,0,0.4694,0,test
8417,1601,VRANKEN AMERICA,2024-01-30,41,803.6,3.86,0.4803,4.02,0.96,0,0,0,0,0,0,,0,0,0.0404,0,0.444,0,train
8419,1392,CONSTELLATION BRANDS INC,2024-01-30,24638,161291.06,758.07,0.47,806.56,0.94,0,0,0,0,0,0,,0,0,0.011,0,0.8207,0,train
8423,90051,FULCHINO VINEYARD INC,2024-01-30,23,314.87,1.54,0.4891,1.57,0.98,0,0,0,0,0,0,,0,0,0.0311,0,0.5513,0,test
8425,90032,LABELLE VYDS AND WINERY,2024-01-30,85,927.27,4.45,0.4799,4.64,0.96,0,0,0,0,0,0,,0,0,0.0096,0,0.2313,0,test
8440,9744,FREDERICK WILDMAN & SONS,2024-01-30,1952,24450.41,134.48,0.55,122.27,1.1,0,0,0,0,0,0,,0,0,0.0193,0,0.4999,0,train
8441,90052,HAUNTING WHISPER VYDS,2024-01-30,12,94.08,0.52,0.5527,0.47,1.11,0,0,0,0,0,0,,0,0,0.0218,0,0.6296,0,train
8444,4848,LAIRD & CO,2024-01-30,194,1339.14,7.1,0.5302,6.7,1.06,0,0,0,0,0,0,,0,0,0.007,0,0.3011,0,train
8448,7239,REMY COINTREAU USA INC,2024-01-30,977,21894.26,98.52,0.45,109.48,0.9,0,0,0,0,0,0,,0,0,0.0496,0,0.4102,0,train
8462,9552,M S WALKER INC,2024-01-30,19097,161003.31,772.82,0.48,805.12,0.96,0,0,0,0,0,0,,0,0,0.0179,0,0.8533,0,test
8475,4425,MARTIGNETTI COMPANIES,2024-01-30,92,1041.08,5.62,0.5398,5.21,1.08,0,0,0,0,0,0,,0,0,0.1395,0,0.9154,0,test
8486,2561,EDRINGTON AMERICAS,2024-01-30,689,20849.8,100.08,0.48,104.26,0.96,0,0,0,0,0,0,,0,0,0.0172,0,0.4774,0,train
8489,17035,PERNOD RICARD USA,2024-01-30,16159,212926.15,1107.22,0.52,1064.76,1.04,0,0,0,0,0,0,,0,0,0.0335,0,0.7292,0,train
8405,4950,LATITUDE BEVERAGE COMPANY,2024-01-31,811,4627.96,24.53,0.53,23.14,1.06,0,0,0,0,0,0,,0,0,0.018,0,0.3794,0,train
8409,9206,PHILLIPS PRODUCTS CO.,2024-01-31,998,5245.55,25.7,0.4899,26.23,0.98,0,0,1,0,0,0,Unit cost far from vendor norm,0,1,0.8971,1,0.7346,1,train
8412,8150,SEA HAGG DISTILLERY LLC,2024-01-31,41,467.11,2.34,0.501,2.34,1.0,0,0,0,0,0,0,,0,0,0.0567,0,0.6154,0,train
8437,2242,DELICATO VINEYARDS INC,2024-01-31,2537,20426.54,100.09,0.49,102.15,0.98,0,0,0,0,0,0,,0,0,0.0047,0,0.1782,0,train
8447,90027,POVERTY LANE ORCHARDS,2024-01-31,36,265.08,1.35,0.5093,1.33,1.02,0,0,0,0,0,0,,0,0,0.0188,0,0.431,0,test
8450,2000,SOUTHERN WINE & SPIRITS NE,2024-01-31,6006,52102.03,265.72,0.51,260.54,1.02,0,0,0,0,0,0,,0,0,0.0041,0,0.357,0,train
8451,8920,TAKARA SAKE USA INC,2024-01-31,145,840.04,4.2,0.5,4.2,1.0,0,0,0,0,0,0,,0,0,0.0047,0,0.3036,0,train
8456,388,ATLANTIC IMPORTING COMPANY,2024-01-31,18,379.92,1.98,0.5212,1.9,1.04,0,0,0,0,0,0,,0,0,0.0214,0,0.4658,0,train
8471,90011,FORTUNE WINE BROKERS LLC,2024-01-31,24,222.6,1.18,0.5301,1.11,1.06,0,0,0,0,0,0,,0,0,0.0694,0,0.4972,0,test
8476,5612,MILTONS DISTRIBUTING CO,2024-01-31,1,4.14,0.02,0.4831,0.02,0.97,0,0,0,0,0,0,,0,0,0.0747,0,0.9609,0,train
8478,6785,PALM BAY INTERNATIONAL INC,2024-01-31,3982,27284.42,147.34,0.54,136.44,1.08,0,0,0,0,0,0,,0,0,0.0137,0,0.5529,0,test
8484,1590,DIAGEO CHATEAU ESTATE WINES,2024-01-31,2403,16110.19,87.0,0.54,80.56,1.08,0,0,0,0,0,0,,0,0,0.0165,0,0.2214,0,train
8487,6215,MOONLIGHT MEADERY,2024-01-31,96,887.16,4.7,0.5298,4.44,1.06,0,0,0,0,0,0,,0,0,0.0043,0,0.0651,0,train
8402,516,BANFI PRODUCTS CORP,2024-02-01,4252,30048.37,162.26,0.54,150.26,1.08,0,0,0,0,0,0,,0,0,0.0022,0,0.3756,0,train
8408,10754,PERFECTA WINES,2024-02-01,7735,83238.19,457.81,0.55,416.24,1.1,0,0,0,0,0,0,,0,0,0.0043,0,0.9309,0,train
8416,90010,VINEXTRA INC,2024-02-01,100,995.76,4.78,0.48,4.98,0.96,0,0,0,0,0,0,,0,0,0.2184,0,0.7942,0,test
8432,3664,WILLIAM GRANT & SONS INC,2024-02-01,4286,63009.21,321.35,0.51,315.09,1.02,0,0,0,0,0,0,,0,0,0.0,0,0.6275,0,train
8435,1273,CALEDONIA SPIRITS INC,2024-02-01,95,3011.7,15.36,0.51,15.06,1.02,0,0,0,0,0,0,,0,0,0.0048,0,0.5594,0,test
8453,9819,TREASURY WINE ESTATES,2024-02-01,5585,32420.84,152.38,0.47,162.12,0.94,0,0,0,0,0,0,,0,0,0.0087,0,0.527,0,train
8461,4692,KOBRAND CORPORATION,2024-02-01,1516,15167.02,81.9,0.54,75.84,1.08,0,0,0,0,0,0,,0,0,0.005,0,0.2399,0,train
8474,4550,KLIN SPIRITS LLC,2024-02-01,76,1069.32,5.56,0.52,5.35,1.04,0,0,0,0,0,0,,0,0,0.0022,0,0.0622,0,train
8488,6359,OLE SMOKY DISTILLERY LLC,2024-02-01,151,2172.47,10.86,0.4999,10.86,1.0,0,0,0,0,0,0,,0,0,0.0,0,0.0069,0,train
8490,7153,PINE STATE TRADING CO,2024-02-01,6330,41293.25,222.98,0.54,206.49,1.08,0,0,0,0,0,0,,0,0,0.0024,0,0.7314,0,train
8492,8004,SAZERAC CO INC,2024-02-01,18286,112394.48,606.93,0.54,562.04,1.08,0,0,0,0,0,0,,0,0,0.0022,0,0.6058,0,train
8504,4550,KLIN SPIRITS LLC,2024-02-01,104,1418.34,7.09,0.4999,7.09,1.0,0,0,0,0,0,0,,0,0,0.0,0,0.0518,0,train
8519,1439,CAPSTONE INTERNATIONAL,2024-02-01,4,54.64,0.27,0.4941,0.27,0.99,0,0,0,0,0,0,,0,0,0.0041,0,0.974,0,train
8528,5455,MARSALLE COMPANY,2024-02-01,102,2766.22,12.45,0.4501,13.83,0.9,0,0,0,0,0,0,,0,0,0.0113,0,0.1894,0,train
8547,1703,ALISA CARR BEVERAGES,2024-02-01,25,1024.95,5.02,0.4898,5.13,0.98,0,0,0,0,0,0,,0,0,0.0921,0,0.7628,0,train
8553,9552,M S WALKER INC,2024-02-01,25902,195041.48,877.69,0.45,975.33,0.9,0,0,0,0,0,0,,0,0,0.002,0,0.9527,0,train
8554,5992,MCCORMICK DISTILLING CO,2024-02-01,414,3466.76,15.6,0.45,17.34,0.9,0,0,0,0,0,0,,0,0,0.002,0,0.3175,0,train
8561,8004,SAZERAC CO INC,2024-02-01,21868,175127.38,945.69,0.54,875.75,1.08,0,0,0,0,0,0,,0,0,0.0071,0,0.8122,0,train
8562,660,SAZERAC NORTH AMERICA INC.,2024-02-01,7050,51868.42,238.59,0.46,259.37,0.92,0,0,0,0,0,0,,0,0,0.0,0,0.5688,0,train
8563,17033,SEA BREEZE CELLARS LLC,2024-02-01,89,1100.66,6.05,0.5497,5.5,1.1,0,0,0,0,0,0,,0,0,0.0,0,0.4631,0,train
8571,1265,BLACK ROCK SPIRITS LLC,2024-02-01,4,56.2,0.26,0.4626,0.28,0.93,0,0,0,0,0,0,,0,0,0.0068,0,0.9482,0,train
8580,5612,MILTONS DISTRIBUTING CO,2024-02-01,108,778.26,4.2,0.5397,3.89,1.08,0,0,0,0,0,0,,0,0,0.0741,0,0.9464,0,train
8583,7154,PREMIER DISTRIBUTORS,2024-02-01,130,1990.86,10.95,0.55,9.96,1.1,0,0,0,0,0,0,,0,0,0.1236,0,0.7002,0,test
8588,90024,VINILANDIA USA,2024-02-01,607,5536.38,28.24,0.5101,27.69,1.02,0,0,0,0,0,0,,0,0,0.0,0,0.4683,0,train
8589,1273,CALEDONIA SPIRITS INC,2024-02-01,6,176.16,0.79,0.4485,0.88,0.9,0,0,0,0,0,0,,0,0,0.085,0,0.8697,0,train
8591,2561,EDRINGTON AMERICAS,2024-02-01,765,42239.46,219.65,0.52,211.22,1.04,0,0,0,1,0,0,Lead time unusual for vendor,0,1,0.6578,1,0.9737,1,train
8601,1601,VRANKEN AMERICA,2024-02-01,69,1408.73,6.34,0.4501,7.04,0.9,0,0,0,0,0,0,,0,0,0.0101,0,0.7853,0,train
8410,7154,PREMIER DISTRIBUTORS,2024-02-02,87,1351.29,7.16,0.5299,6.76,1.06,0,0,0,1,0,0,Lead time unusual for vendor,0,1,0.3936,1,0.7893,1,test
8427,7255,PSP WINES,2024-02-02,191,1370.32,6.3,0.4597,6.85,0.92,0,0,0,0,0,0,,0,0,0.0056,0,0.6957,0,train
8429,90056,SWEET BABY VINEYARD,2024-02-02,116,973.32,4.48,0.4603,4.87,0.92,0,0,0,0,0,0,,0,0,0.0118,0,0.7978,0,train
8430,1587,VINEYARD BRANDS INC,2024-02-02,1638,11823.28,57.93,0.49,59.12,0.98,0,0,0,0,0,0,,0,0,0.0017,0,0.2708,0,train
8446,6213,MHW LTD,2024-02-02,1747,34590.41,155.66,0.45,172.97,0.9,0,0,0,0,0,0,,0,0,0.0946,0,0.925,0,train
8457,1128,BROWN-FORMAN CORP,2024-02-02,12899,142492.97,755.21,0.53,712.55,1.06,0,0,0,0,0,0,,0,0,0.0049,0,0.7644,0,train
8460,2450,DJINN SPIRITS LLC,2024-02-02,6,129.48,0.7,0.5406,0.65,1.08,0,0,0,0,0,0,,0,0,0.038,0,0.7727,0,train
8463,5455,MARSALLE COMPANY,2024-02-02,104,2614.22,12.03,0.4602,13.07,0.92,0,0,0,0,0,0,,0,0,0.0024,0,0.2158,0,train
8468,8735,SURVILLE ENTERPRISES CORP,2024-02-02,65,491.2,2.31,0.4703,2.46,0.94,0,0,0,0,0,0,,0,0,0.0071,0,0.1829,0,train
8480,9260,TY KU LLC,2024-02-02,12,76.92,0.38,0.494,0.38,0.99,0,0,0,0,0,0,,0,0,0.029,0,0.7003,0,train
8483,11567,CAMPARI AMERICA,2024-02-02,5632,35547.48,159.96,0.45,177.76,0.9,0,0,0,0,0,0,,0,0,0.0259,0,0.7841,0,train
8503,12546,JIM BEAM BRANDS COMPANY,2024-02-02,73562,403519.01,1856.19,0.46,2017.85,0.92,1,0,0,0,0,0,High-value invoice (>= $250K),1,1,0.9629,1,0.8898,0,test
8512,90017,THE IMPORTED GRAPE LLC,2024-02-02,33,127.05,0.58,0.4565,0.64,0.91,0,0,0,0,0,0,,0,0,0.0639,0,0.794,0,train
8513,9165,ULTRA BEVERAGE COMPANY LLP,2024-02-02,25423,337491.88,1552.46,0.46,1687.67,0.92,1,0,0,0,0,0,High-value invoice (>= $250K),1,1,0.997,1,0.873,0,train
8518,1189,BULLY BOY DISTILLERS,2024-02-02,17,374.85,1.99,0.5309,1.87,1.06,0,0,0,0,0,0,,0,0,0.009,0,0.2632,0,train
8520,1485,CASTLE BRANDS CORP.,2024-02-02,1374,22801.47,120.85,0.53,114.02,1.06,0,0,0,0,0,0,,0,0,0.0024,0,0.1196,0,train
8523,90047,CRUSH WINES,2024-02-02,421,4873.49,23.39,0.4799,24.37,0.96,0,0,0,0,0,0,,0,0,0.0,0,0.4032,0,train
8534,11567,CAMPARI AMERICA,2024-02-02,5981,38873.02,182.7,0.47,194.39,0.94,0,0,0,0,0,0,,0,0,0.0,0,0.6803,0,train
8540,4425,MARTIGNETTI COMPANIES,2024-02-02,183,1959.48,9.21,0.47,9.8,0.94,0,0,0,0,0,0,,0,0,0.0112,0,0.9055,0,test
8548,480,BACARDI USA INC,2024-02-02,20647,215769.02,1165.15,0.54,1078.98,1.08,0,0,0,0,0,0,,0,0,0.0923,0,0.943,0,test
8557,9206,PHILLIPS PRODUCTS CO.,2024-02-02,756,5576.41,30.67,0.55,27.89,1.1,0,0,0,0,0,0,,0,0,0.0128,0,0.737,0,train
8569,9625,WESTERN SPIRITS BEVERAGE CO,2024-02-02,852,9749.56,49.72,0.51,48.75,1.02,0,0,0,0,0,0,,0,0,0.0065,0,0.3341,0,train
8573,2242,DELICATO VINEYARDS INC,2024-02-02,2735,21353.35,104.63,0.49,106.78,0.98,0,0,0,0,0,0,,0,0,0.0,0,0.501,0,train
8584,3089,SIDNEY FRANK IMPORTING CO,2024-02-02,2860,25914.44,139.94,0.54,129.59,1.08,0,0,0,0,0,0,,0,0,0.0,0,0.3605,0,train
8592,8352,LUXCO INC,2024-02-02,4057,25458.26,114.56,0.45,127.31,0.9,0,0,0,0,0,0,,0,0,0.0045,0,0.9226,0,train
8596,8150,SEA HAGG DISTILLERY LLC,2024-02-02,120,1804.42,8.66,0.4799,9.02,0.96,0,0,0,0,0,0,,0,0,0.0,0,0.4465,0,train
8597,98450,Serralles Usa LLC,2024-02-02,122,1692.88,9.31,0.55,8.47,1.1,0,0,0,0,0,0,,0,0,0.0,0,0.3215,0,train
8598,2000,SOUTHERN WINE & SPIRITS NE,2024-02-02,11024,108236.18,562.83,0.52,541.25,1.04,0,0,0,0,0,0,,0,0,0.0039,0,0.7684,0,train
8497,388,ATLANTIC IMPORTING COMPANY,2024-02-03,83,2028.52,9.53,0.4698,10.14,0.94,0,0,0,0,0,0,,0,0,0.0024,0,0.5264,0,train
8498,2450,DJINN SPIRITS LLC,2024-02-03,12,199.92,0.9,0.4502,1.0,0.9,0,0,0,0,0,0,,0,0,0.0058,0,0.5865,0,train
8511,8664,"STOLI GROUP,(USA) LLC",2024-02-03,3060,50681.95,238.21,0.47,253.44,0.94,0,0,0,0,0,0,,0,0,0.0,0,0.5304,0,train
8522,1392,CONSTELLATION BRANDS INC,2024-02-03,41912,263882.43,1372.19,0.52,1319.58,1.04,1,0,0,0,0,0,High-value invoice (>= $250K),1,1,0.9879,1,0.8227,0,train
8546,6280,UNCORKED,2024-02-03,2,22.36,0.11,0.4919,0.11,0.98,0,0,0,0,0,0,,0,0,0.0385,0,0.985,0,train
8550,1655,FABRIZIA SPIRITS LLC,2024-02-03,256,2296.02,11.25,0.49,11.48,0.98,0,0,0,0,0,0,,0,0,0.0044,0,0.2845,0,train
8564,8663,STAR INDUSTRIES INC.,2024-02-03,13,213.33,1.15,0.5391,1.07,1.08,0,0,0,0,0,0,,0,0,0.0024,0,0.7996,0,train
8567,90010,VINEXTRA INC,2024-02-03,205,2840.86,12.78,0.4499,14.21,0.9,0,0,0,0,0,0,,0,0,0.0043,0,0.2463,0,train
8575,3960,DIAGEO NORTH AMERICA INC,2024-02-03,94829,823878.62,4531.33,0.55,4119.9,1.1,1,0,0,0,0,0,High-value invoice (>= $250K),1,1,0.998,1,0.9545,0,test
8579,10000,MAJESTIC FINE WINES,2024-02-03,3659,31967.72,150.25,0.47,159.86,0.94,0,0,0,0,0,0,,0,0,0.0,0,0.3484,0,train
8587,1587,VINEYARD BRANDS INC,2024-02-03,1903,14675.75,73.38,0.5,73.39,1.0,0,0,0,0,0,0,,0,0,0.0,0,0.4784,0,train
8602,9815,WINE GROUP INC,2024-02-03,21358,118717.18,617.33,0.52,593.66,1.04,0,0,0,0,0,0,,0,0,0.025,0,0.7408,0,test
8505,4848,LAIRD & CO,2024-02-04,265,2168.1,11.71,0.5401,10.84,1.08,0,0,0,0,0,0,,0,0,0.0,0,0.5645,0,train
8508,7749,R.P.IMPORTS INC,2024-02-04,27,600.88,2.82,0.4693,3.0,0.94,0,0,0,0,0,0,,0,0,0.023,0,0.845,0,train
8509,10050,Russian Standard Vodka,2024-02-04,57,542.1,2.6,0.4796,2.71,0.96,0,0,0,0,0,0,,0,0,0.0109,0,0.5223,0,train
8530,8320,SHAW ROSS INT L IMP LTD,2024-02-04,1228,9950.29,47.76,0.48,49.76,0.96,0,0,0,0,0,0,,0,0,0.0,0,0.3577,0,train
8532,4466,AMERICAN VINTAGE BEVERAGE,2024-02-04,79,740.21,3.48,0.4701,3.7,0.94,0,0,0,0,0,0,,0,0,0.0024,0,0.2979,0,train
8551,9744,FREDERICK WILDMAN & SONS,2024-02-04,3096,26112.12,125.34,0.48,130.58,0.96,0,0,0,0,0,0,,0,0,0.0022,0,0.565,0,train
8585,653,STATE WINE & SPIRITS,2024-02-04,3876,36781.57,187.59,0.51,183.93,1.02,0,0,0,0,0,0,,0,0,0.0,0,0.6343,0,test
8586,8735,SURVILLE ENTERPRISES CORP,2024-02-04,54,293.56,1.61,0.5484,1.47,1.1,0,0,0,0,0,0,,0,0,0.0164,0,0.8126,0,train
8502,3950,"HOOD RIVER DISTILLERS, Inc.",2024-02-05,49,919.31,4.14,0.4503,4.6,0.9,0,0,0,0,0,0,,0,0,0.0065,0,0.775,0,test
8514,9751,VINEDREA WINES LLC,2024-02-05,22,499.84,2.45,0.4902,2.5,0.98,0,0,0,0,0,0,,0,0,0.0365,0,0.9013,0,train
8527,4950,LATITUDE BEVERAGE COMPANY,2024-02-05,992,5553.25,28.88,0.5201,27.77,1.04,0,0,0,0,0,0,,0,0,0.0226,0,0.3031,0,train
8536,2555,DISARONNO INTERNATIONAL LLC,2024-02-05,1300,12481.54,68.65,0.55,62.42,1.1,0,0,0,0,0,0,,0,0,0.0,0,0.4499,0,train
8541,7255,PSP WINES,2024-02-05,416,3247.06,17.21,0.53,16.24,1.06,0,0,0,0,0,0,,0,0,0.0,0,0.147,0,train
8545,28776,TALL SHIP DISTILLERY LLC,2024-02-05,1,22.21,0.12,0.5403,0.11,1.08,0,0,0,0,0,0,,0,0,0.0495,0,0.8642,0,test
8552,90053,INCREDIBREW INC,2024-02-05,12,103.92,0.48,0.4619,0.52,0.92,0,0,0,0,0,0,,0,0,0.0141,0,0.8041,0,test
8555,6213,MHW LTD,2024-02-05,3144,36051.9,187.47,0.52,180.28,1.04,0,0,0,0,0,0,,0,0,0.0,0,0.215,0,train
8506,8112,MOET HENNESSY USA INC,2024-02-06,12437,244562.09,1198.35,0.49,1222.96,0.98,0,0,0,0,0,0,,0,0,0.2135,0,0.8362,0,test
8507,17035,PERNOD RICARD USA,2024-02-06,19883,280480.61,1542.64,0.55,1402.58,1.1,1,0,0,0,0,0,High-value invoice (>= $250K),1,1,0.9494,1,0.8492,0,test
8515,90057,WALPOLE MTN VIEW WINERY,2024-02-06,34,409.3,1.96,0.4789,2.05,0.96,0,0,0,0,0,0,,0,0,0.0046,0,0.3531,0,test
8517,1128,BROWN-FORMAN CORP,2024-02-06,23217,335055.84,1708.78,0.51,1675.49,1.02,1,0,0,0,0,0,High-value invoice (>= $250K),1,1,0.9975,1,0.6953,0,train
8525,3924,HEAVEN HILL DISTILLERIES,2024-02-06,3828,35863.26,175.73,0.49,179.34,0.98,0,0,0,0,0,0,,0,0,0.0,0,0.2596,0,train
8526,90032,LABELLE VYDS AND WINERY,2024-02-06,224,2405.58,12.99,0.54,12.03,1.08,0,0,0,0,0,0,,0,0,0.0,0,0.0419,0,train
8531,8920,TAKARA SAKE USA INC,2024-02-06,186,834.66,4.34,0.52,4.17,1.04,0,0,0,0,0,0,,0,0,0.0228,0,0.3738,0,test
8535,90046,CANDIA VINEYARDS,2024-02-06,48,634.5,3.49,0.55,3.17,1.1,0,0,0,0,0,0,,0,0,0.0022,0,0.1961,0,train
8542,7239,REMY COINTREAU USA INC,2024-02-06,1561,33810.77,185.96,0.55,169.07,1.1,0,0,0,0,0,0,,0,0,0.0,0,0.6336,0,train
8549,4380,CHARLES JACQUIN ET CIE INC,2024-02-06,921,7765.25,39.6,0.51,38.83,1.02,0,0,0,0,0,0,,0,0,0.0,0,0.061,0,train
8570,516,BANFI PRODUCTS CORP,2024-02-06,5023,35384.6,162.77,0.46,176.94,0.92,0,0,0,0,0,0,,0,0,0.0,0,0.4541,0,test
8572,1003,BRONCO WINE COMPANY,2024-02-06,6,35.7,0.17,0.4762,0.18,0.95,0,0,0,0,0,0,,0,0,0.0201,0,0.9015,0,train
8574,1590,DIAGEO CHATEAU ESTATE WINES,2024-02-06,2435,17118.62,90.73,0.53,85.6,1.06,0,0,0,0,0,0,,0,0,0.0,0,0.195,0,train
8603,90058,ZORVINO VINEYARDS,2024-02-06,122,1032.4,5.06,0.4901,5.16,0.98,0,0,0,0,0,0,,0,0,0.0122,0,0.0814,0,train
8516,3664,WILLIAM GRANT & SONS INC,2024-02-07,5376,114038.74,604.41,0.53,570.26,1.06,0,0,0,0,0,0,,0,0,0.0,0,0.7474,0,train
8521,2876,CENTEUR IMPORTS LLC,2024-02-07,34,244.69,1.25,0.5109,1.22,1.02,0,0,0,0,0,0,,0,0,0.0,0,0.5699,0,train
8533,2396,BLACK PRINCE DISTILLERY INC,2024-02-07,48,419.64,1.93,0.4599,2.1,0.92,0,0,1,0,0,0,Unit cost far from vendor norm,0,1,0.8571,1,0.899,1,train
8537,3252,E & J GALLO WINERY,2024-02-07,30013,205882.81,1132.36,0.55,1029.54,1.1,0,0,0,0,0,0,,0,0,0.0089,0,0.8023,0,train
8538,90052,HAUNTING WHISPER VYDS,2024-02-07,1,8.27,0.04,0.4837,0.04,0.97,0,0,0,0,0,0,,0,0,0.0085,0,0.7924,0,train
8543,28750,SMOKY QUARTZ DISTILLERY LLC,2024-02-07,9,187.37,0.9,0.4803,0.94,0.96,0,0,0,0,0,0,,0,0,0.0025,0,0.5317,0,train
8558,7153,PINE STATE TRADING CO,2024-02-07,11032,80596.41,435.22,0.54,403.03,1.08,0,0,0,0,0,0,,0,0,0.0,0,0.5896,0,train
8559,90027,POVERTY LANE ORCHARDS,2024-02-07,177,1330.65,6.52,0.49,6.65,0.98,0,0,0,0,0,0,,0,0,0.0022,0,0.3285,0,train
8576,90011,FORTUNE WINE BROKERS LLC,2024-02-07,125,1092.69,5.14,0.4704,5.46,0.94,0,0,0,0,0,0,,0,0,0.0,0,0.0612,0,test
8577,17032,JEWELL TOWNE VINEYARDS,2024-02-07,193,1664.43,9.15,0.5497,8.32,1.1,0,0,0,0,0,0,,0,0,0.0,0,0.1169,0,train
8590,1650,Circa Wines,2024-02-07,104,1229.98,6.27,0.5098,6.15,1.02,0,0,0,0,0,0,,0,0,0.0087,0,0.4388,0,train
8593,6355,NICHE W & S,2024-02-07,126,839.44,4.28,0.5099,4.2,1.02,0,0,1,0,0,0,Unit cost far from vendor norm,0,1,0.8928,1,0.3262,1,train
8594,10754,PERFECTA WINES,2024-02-07,12895,126698.89,646.16,0.51,633.57,1.02,0,0,0,0,0,0,,0,0,0.0,0,0.7169,0,train
8600,9819,TREASURY WINE ESTATES,2024-02-07,15535,91556.42,421.16,0.46,457.84,0.92,0,0,0,0,0,0,,0,0,0.019,0,0.4301,0,test
8499,2496,DUGGANS DISTILLED PRODUCTS,2024-02-08,119,2042.23,9.39,0.4598,10.21,0.92,0,0,0,0,0,0,,0,0,0.0,0,0.4124,0,test
8500,17031,FLAG HILL WINERY & VINEYARD,2024-02-08,348,5255.92,27.86,0.5301,26.28,1.06,0,0,0,0,0,0,,0,0,0.0,0,0.2336,0,test
8539,5270,MANGO BOTTLING INC,2024-02-08,2,15.36,0.07,0.4557,0.08,0.91,0,0,0,0,0,0,,0,0,0.0242,0,0.8458,0,train
8556,6215,MOONLIGHT MEADERY,2024-02-08,112,1001.84,5.51,0.55,5.01,1.1,0,0,0,0,0,0,,0,0,0.0114,0,0.0936,0,train
8560,7240,"PREMIUM PORT WINES, INC.",2024-02-08,122,903.85,4.25,0.4702,4.52,0.94,0,0,0,0,0,0,,0,0,0.0063,0,0.3126,0,train
8565,8673,STE MICHELLE WINE ESTATES,2024-02-08,11430,71158.98,348.68,0.49,355.84,0.98,0,0,0,0,0,0,,0,0,0.0024,0,0.5232,0,train
8566,8892,TRINCHERO FAMILY ESTATES,2024-02-08,6435,40265.09,181.19,0.45,201.35,0.9,0,0,0,0,0,0,,0,0,0.0,0,0.2309,0,train
8568,9622,WEIN BAUER INC,2024-02-08,22,419.76,2.27,0.5408,2.1,1.08,0,0,0,0,0,0,,0,0,0.0067,0,0.2289,0,train
8578,4692,KOBRAND CORPORATION,2024-02-08,2689,28016.41,126.07,0.45,140.1,0.9,0,0,0,0,0,0,,0,0,0.0,0,0.134,0,train
8609,17035,PERNOD RICARD USA,2024-02-08,22766,323620.48,1650.46,0.51,1618.3,1.02,1,0,0,0,0,0,High-value invoice (>= $250K),1,1,0.9997,1,0.6383,0,train
8625,9744,FREDERICK WILDMAN & SONS,2024-02-08,951,10825.34,53.04,0.49,54.13,0.98,0,0,0,0,0,0,,0,0,0.0,0,0.3904,0,train
8632,516,BANFI PRODUCTS CORP,2024-02-08,4266,28959.56,159.28,0.55,144.82,1.1,0,0,0,0,0,0,,0,0,0.0,0,0.2385,0,train
8634,2496,DUGGANS DISTILLED PRODUCTS,2024-02-08,124,2111.9,9.93,0.4702,10.56,0.94,0,0,0,0,0,0,,0,0,0.0,0,0.112,0,train
8675,388,ATLANTIC IMPORTING COMPANY,2024-02-08,82,1748.24,9.27,0.5302,8.74,1.06,0,0,0,0,0,0,,0,0,0.0019,0,0.6341,0,test
8677,1003,BRONCO WINE COMPANY,2024-02-08,18,109.62,0.52,0.4744,0.55,0.95,0,0,0,0,0,0,,0,0,0.0104,0,0.954,0,train
8678,2242,DELICATO VINEYARDS INC,2024-02-08,3934,30340.16,148.67,0.49,151.72,0.98,0,0,0,0,0,0,,0,0,0.0,0,0.6242,0,train
8501,90051,FULCHINO VINEYARD INC,2024-02-09,50,546.56,2.46,0.4501,2.73,0.9,0,0,0,0,0,0,,0,0,0.0136,0,0.6763,0,train
8510,12331,STELLAR IMPORTING CO LLC,2024-02-09,26,242.76,1.09,0.449,1.21,0.9,0,0,0,0,0,0,,0,0,0.0983,0,0.9645,0,test
8524,17037,Dunn Wine Brokers,2024-02-09,1220,14108.43,70.54,0.5,70.55,1.0,0,0,0,0,0,0,,0,0,0.0548,0,0.9553,0,train
8529,4425,MARTIGNETTI COMPANIES,2024-02-09,38833,447992.41,2463.96,0.55,2240.24,1.1,1,0,0,0,0,0,High-value invoice (>= $250K),1,1,0.9954,1,0.9989,0,train
8544,172662,SWEETWATER FARM,2024-02-09,6,116.4,0.62,0.5326,0.58,1.07,0,0,0,0,1,0,Payment terms unusual for vendor,0,1,0.5449,1,0.9562,1,train
8581,6359,OLE SMOKY DISTILLERY LLC,2024-02-09,153,2196.54,11.42,0.5199,10.98,1.04,0,0,0,0,0,0,,0,0,0.0,0,0.0779,0,train
8582,6785,PALM BAY INTERNATIONAL INC,2024-02-09,4824,32656.36,173.08,0.53,163.3,1.06,0,0,0,0,0,0,,0,0,0.0022,0,0.2428,0,train
8595,7245,PROXIMO SPIRITS INC.,2024-02-09,10260,115110.5,587.06,0.51,575.62,1.02,0,0,0,0,0,0,,0,0,0.0,0,0.162,0,test
8599,90056,SWEET BABY VINEYARD,2024-02-09,636,5401.59,25.93,0.48,27.01,0.96,0,0,0,0,0,0,,0,0,0.0023,0,0.1705,0,test
8604,4466,AMERICAN VINTAGE BEVERAGE,2024-02-09,347,3261.37,17.61,0.54,16.31,1.08,0,0,0,0,0,0,,0,0,0.0,0,0.006,0,train
8622,3960,DIAGEO NORTH AMERICA INC,2024-02-09,89086,707946.21,3752.11,0.53,3540.17,1.06,1,0,0,0,0,0,High-value invoice (>= $250K),1,1,0.998,1,0.91,0,test
8637,90032,LABELLE VYDS AND WINERY,2024-02-09,464,5009.86,25.05,0.5,25.05,1.0,0,0,0,0,0,0,,0,0,0.0,0,0.1947,0,train
8644,10050,Russian Standard Vodka,2024-02-09,2,29.84,0.16,0.5362,0.15,1.07,0,0,0,0,0,0,,0,0,0.0581,0,0.9363,0,test
8653,1650,Circa Wines,2024-02-09,162,5380.02,27.44,0.51,26.9,1.02,0,0,1,0,0,0,Unit cost far from vendor norm,0,1,0.822,1,0.994,1,train
8658,90053,INCREDIBREW INC,2024-02-09,48,423.36,2.2,0.5197,2.12,1.04,0,0,0,0,0,0,,0,0,0.0,0,0.3989,0,test
8670,173357,TAMWORTH DISTILLING,2024-02-09,38,736.06,3.39,0.4606,3.68,0.92,0,0,0,0,0,0,,0,0,0.0081,0,0.8172,0,test
8673,1587,VINEYARD BRANDS INC,2024-02-09,2003,13773.49,67.49,0.49,68.88,0.98,0,0,0,0,0,0,,0,0,0.0,0,0.2666,0,train
8685,98450,Serralles Usa LLC,2024-02-09,258,3566.61,16.76,0.4699,17.84,0.94,0,0,0,0,0,0,,0,0,0.0,0,0.1357,0,train
8697,4425,MARTIGNETTI COMPANIES,2024-02-09,147,1333.24,6.27,0.4703,6.67,0.94,0,0,0,0,0,0,,0,0,0.0217,0,0.9827,0,train
8611,8004,SAZERAC CO INC,2024-02-10,20718,157800.62,820.56,0.52,789.1,1.04,0,0,0,0,0,0,,0,0,0.0,0,0.5421,0,test
8619,1189,BULLY BOY DISTILLERS,2024-02-10,12,264.6,1.3,0.4913,1.32,0.98,0,0,0,0,0,0,,0,0,0.0047,0,0.4043,0,train
8633,11567,CAMPARI AMERICA,2024-02-10,7672,41217.6,226.7,0.55,206.11,1.1,0,0,0,0,0,0,,0,0,0.0187,0,0.621,0,train
8635,17037,Dunn Wine Brokers,2024-02-10,306,3887.14,18.27,0.47,19.44,0.94,0,0,0,0,0,0,,0,0,0.0068,0,0.545,0,train
8638,4848,LAIRD & CO,2024-02-10,289,2242.58,11.66,0.5199,11.21,1.04,0,0,0,0,0,0,,0,0,0.0022,0,0.1021,0,train
8639,8352,LUXCO INC,2024-02-10,5016,31641.97,167.7,0.53,158.23,1.06,0,0,0,0,0,0,,0,0,0.002,0,0.6551,0,test
8661,8112,MOET HENNESSY USA INC,2024-02-10,8259,185662.49,1002.58,0.54,928.43,1.08,0,0,0,0,0,0,,0,0,0.0115,0,0.6926,0,test
8662,6785,PALM BAY INTERNATIONAL INC,2024-02-10,5277,34440.23,182.53,0.53,172.22,1.06,0,0,0,0,0,0,,0,0,0.0,0,0.405,0,train
8668,2000,SOUTHERN WINE & SPIRITS NE,2024-02-10,14808,134148.67,670.74,0.5,670.83,1.0,0,0,0,0,0,0,,0,0,0.0,0,0.6616,0,train
8676,1265,BLACK ROCK SPIRITS LLC,2024-02-10,6,84.3,0.44,0.5219,0.42,1.04,0,0,0,0,0,0,,0,0,0.0108,0,0.904,0,test
8679,2561,EDRINGTON AMERICAS,2024-02-10,920,28830.68,129.74,0.45,144.17,0.9,0,0,0,0,0,0,,0,0,0.0305,0,0.7709,0,test
8681,90011,FORTUNE WINE BROKERS LLC,2024-02-10,155,1455.72,6.99,0.4802,7.28,0.96,0,0,0,0,0,0,,0,0,0.0,0,0.3475,0,train
8692,1590,DIAGEO CHATEAU ESTATE WINES,2024-02-10,1818,12076.88,54.35,0.45,60.39,0.9,0,0,0,0,0,0,,0,0,0.0045,0,0.5607,0,train
8694,4950,LATITUDE BEVERAGE COMPANY,2024-02-10,1227,7007.13,37.14,0.53,35.04,1.06,0,0,0,0,0,0,,0,0,0.0045,0,0.5483,0,train
8701,7154,PREMIER DISTRIBUTORS,2024-02-10,136,1886.45,9.62,0.51,9.43,1.02,0,0,0,0,0,0,,0,0,0.0182,0,0.6702,0,train
8605,2396,BLACK PRINCE DISTILLERY INC,2024-02-11,46,399.22,2.12,0.531,2.0,1.06,0,0,0,0,0,0,,0,0,0.2992,0,0.9576,0,train
8610,7239,REMY COINTREAU USA INC,2024-02-11,1425,31427.32,157.14,0.5,157.16,1.0,0,0,0,0,0,0,,0,0,0.0,0,0.4732,0,train
8613,28776,TALL SHIP DISTILLERY LLC,2024-02-11,42,898.02,4.22,0.4699,4.49,0.94,0,0,0,0,0,0,,0,0,0.004,0,0.414,0,test
8617,90058,ZORVINO VINEYARDS,2024-02-11,393,3209.33,15.4,0.4799,16.05,0.96,0,0,0,0,0,0,,0,0,0.0,0,0.5143,0,train
8620,90046,CANDIA VINEYARDS,2024-02-11,144,1981.68,10.3,0.5198,9.91,1.04,0,0,0,0,0,0,,0,0,0.0,0,0.56,0,train
8636,90052,HAUNTING WHISPER VYDS,2024-02-11,24,193.32,0.95,0.4914,0.97,0.98,0,0,0,0,0,0,,0,0,0.0022,0,0.4903,0,train
8640,6213,MHW LTD,2024-02-11,3325,33218.28,152.8,0.46,166.11,0.92,0,0,0,0,0,0,,0,0,0.0,0,0.278,0,train
8643,7255,PSP WINES,2024-02-11,276,2418.6,12.09,0.4999,12.09,1.0,0,0,0,0,0,0,,0,0,0.0,0,0.3305,0,test
8648,8892,TRINCHERO FAMILY ESTATES,2024-02-11,6040,38034.39,174.96,0.46,190.2,0.92,0,0,0,0,0,0,,0,0,0.0022,0,0.5214,0,train
8663,7153,PINE STATE TRADING CO,2024-02-11,10695,64014.54,313.67,0.49,320.11,0.98,0,0,0,0,0,0,,0,0,0.0,0,0.8804,0,test
8665,660,SAZERAC NORTH AMERICA INC.,2024-02-11,8992,64943.86,331.21,0.51,324.76,1.02,0,0,0,0,0,0,,0,0,0.0,0,0.3816,0,train
8672,90010,VINEXTRA INC,2024-02-11,167,1686.02,8.94,0.5302,8.43,1.06,0,0,0,0,0,0,,0,0,0.0022,0,0.1663,0,train
8687,8920,TAKARA SAKE USA INC,2024-02-11,134,756.66,3.78,0.4996,3.78,1.0,0,0,0,0,0,0,,0,0,0.006,0,0.4088,0,train
8699,6215,MOONLIGHT MEADERY,2024-02-11,180,1602.48,7.85,0.4899,8.01,0.98,0,0,0,0,0,0,,0,0,0.0023,0,0.3202,0,train
8607,90047,CRUSH WINES,2024-02-12,378,4769.38,24.8,0.52,23.85,1.04,0,0,0,0,0,0,,0,0,0.0,0,0.5147,0,train
8621,4380,CHARLES JACQUIN ET CIE INC,2024-02-12,1393,14404.51,79.22,0.55,72.03,1.1,0,0,0,0,0,0,,0,0,0.0023,0,0.4593,0,train
8623,2555,DISARONNO INTERNATIONAL LLC,2024-02-12,1480,16830.31,85.83,0.51,84.16,1.02,0,0,0,0,0,0,,0,0,0.0,0,0.2311,0,train
8626,9552,M S WALKER INC,2024-02-12,22558,175471.77,894.91,0.51,877.47,1.02,0,0,0,0,0,0,,0,0,0.0,0,0.8802,0,train
8646,12331,STELLAR IMPORTING CO LLC,2024-02-12,36,314.16,1.73,0.5507,1.57,1.1,0,0,0,0,0,0,,0,0,0.0047,0,0.3774,0,train
8657,3950,"HOOD RIVER DISTILLERS, Inc.",2024-02-12,18,388.44,1.75,0.4505,1.94,0.9,0,0,0,0,0,0,,0,0,0.0133,0,0.4588,0,train
8669,8735,SURVILLE ENTERPRISES CORP,2024-02-12,197,1687.35,7.76,0.4599,8.44,0.92,0,0,0,0,0,0,,0,0,0.0043,0,0.3051,0,train
8671,9260,TY KU LLC,2024-02-12,66,612.54,2.94,0.48,3.06,0.96,0,0,0,0,0,0,,0,0,0.0022,0,0.2093,0,train
8674,90024,VINILANDIA USA,2024-02-12,917,8114.22,36.51,0.45,40.58,0.9,0,0,0,0,0,0,,0,0,0.0041,0,0.5632,0,train
8606,1273,CALEDONIA SPIRITS INC,2024-02-13,50,1494.7,8.07,0.5399,7.47,1.08,0,0,0,0,0,0,,0,0,0.0287,0,0.4986,0,train
8608,4550,KLIN SPIRITS LLC,2024-02-13,107,1505.49,7.23,0.4802,7.53,0.96,0,0,0,0,0,0,,0,0,0.0016,0,0.1149,0,train
8629,653,STATE WINE & SPIRITS,2024-02-13,3035,28290.47,127.31,0.45,141.47,0.9,0,0,0,0,0,0,,0,0,0.0,0,0.3081,0,train
8641,6355,NICHE W & S,2024-02-13,254,1215.04,5.47,0.4502,6.08,0.9,0,0,1,0,0,0,Unit cost far from vendor norm,0,1,0.909,1,0.8162,1,train
8642,7240,"PREMIUM PORT WINES, INC.",2024-02-13,148,1110.35,5.77,0.5197,5.55,1.04,0,0,0,0,0,0,,0,0,0.0,0,0.2921,0,train
8649,9751,VINEDREA WINES LLC,2024-02-13,6,136.32,0.72,0.5282,0.68,1.06,0,0,0,0,0,0,,0,0,0.0023,0,0.7366,0,train
8682,3924,HEAVEN HILL DISTILLERIES,2024-02-13,4835,45733.75,228.67,0.5,228.7,1.0,0,0,0,0,0,0,,0,0,0.0,0,0.1544,0,train
8688,9165,ULTRA BEVERAGE COMPANY LLP,2024-02-13,18540,224163.93,1232.9,0.55,1120.96,1.1,0,0,0,0,0,0,,0,0,0.1307,0,0.8746,0,train
8691,1392,CONSTELLATION BRANDS INC,2024-02-13,32095,216806.35,1062.35,0.49,1084.17,0.98,0,0,0,0,0,0,,0,0,0.0025,0,0.7869,0,test
8695,5455,MARSALLE COMPANY,2024-02-13,34,1029.13,5.45,0.5296,5.15,1.06,0,0,0,0,0,0,,0,0,0.0563,0,0.582,0,train
8615,90037,THE PIERPONT GROUP LLC,2024-02-14,19,271.54,1.22,0.4493,1.36,0.9,0,0,0,0,0,0,,0,0,0.0298,0,0.7247,0,train
8627,6359,OLE SMOKY DISTILLERY LLC,2024-02-14,423,6079.83,27.36,0.45,30.4,0.9,0,0,0,0,0,0,,0,0,0.0,0,0.2055,0,train
8630,8664,"STOLI GROUP,(USA) LLC",2024-02-14,3257,52596.7,273.5,0.52,263.02,1.04,0,0,0,0,0,0,,0,0,0.0,0,0.2874,0,train
8651,9815,WINE GROUP INC,2024-02-14,17267,100778.73,493.82,0.49,503.96,0.98,0,0,0,0,0,0,,0,0,0.0022,0,0.4849,0,train
8652,2876,CENTEUR IMPORTS LLC,2024-02-14,60,530.88,2.76,0.5199,2.65,1.04,0,0,0,0,0,0,,0,0,0.0537,0,0.4995,0,train
8659,12546,JIM BEAM BRANDS COMPANY,2024-02-14,55209,470641.25,2447.33,0.52,2353.5,1.04,1,0,0,0,0,0,High-value invoice (>= $250K),1,1,1.0,1,0.7469,0,train
8664,7245,PROXIMO SPIRITS INC.,2024-02-14,11438,110819.76,587.34,0.53,554.17,1.06,0,0,0,0,0,0,,0,0,0.0,0,0.6036,0,train
8684,90027,POVERTY LANE ORCHARDS,2024-02-14,225,1752.73,8.76,0.4998,8.76,1.0,0,0,0,0,0,0,,0,0,0.0,0,0.1147,0,train
8686,90056,SWEET BABY VINEYARD,2024-02-14,203,1705.23,8.53,0.5002,8.53,1.0,0,0,0,0,0,0,,0,0,0.0,0,0.2621,0,train
8696,4425,MARTIGNETTI COMPANIES,2024-02-14,36056,421757.88,2235.32,0.53,2109.05,1.06,1,0,0,0,0,0,High-value invoice (>= $250K),1,1,0.9999,1,0.9641,0,train
8703,9622,WEIN BAUER INC,2024-02-14,50,954.0,5.25,0.5503,4.77,1.1,0,0,0,0,0,0,,0,0,0.0068,0,0.1436,0,test
8616,9625,WESTERN SPIRITS BEVERAGE CO,2024-02-15,431,5887.48,30.03,0.5101,29.44,1.02,0,0,0,0,0,0,,0,0,0.0022,0,0.4366,0,train
8624,3252,E & J GALLO WINERY,2024-02-15,28907,198720.32,993.6,0.5,993.72,1.0,0,0,0,0,0,0,,0,0,0.0067,0,0.8329,0,train
8645,8150,SEA HAGG DISTILLERY LLC,2024-02-15,88,1485.18,8.17,0.5501,7.43,1.1,0,0,0,0,0,0,,0,0,0.0176,0,0.7794,0,test
8650,3664,WILLIAM GRANT & SONS INC,2024-02-15,4496,88936.17,462.47,0.52,444.74,1.04,0,0,0,0,0,0,,0,0,0.0044,0,0.4151,0,test
8655,1655,FABRIZIA SPIRITS LLC,2024-02-15,268,2746.82,13.73,0.4999,13.74,1.0,0,0,0,0,0,0,,0,0,0.0,0,0.1099,0,train
8667,3089,SIDNEY FRANK IMPORTING CO,2024-02-15,4638,32527.28,159.38,0.49,162.66,0.98,0,0,0,0,0,0,,0,0,0.0048,0,0.2569,0,train
8680,17031,FLAG HILL WINERY & VINEYARD,2024-02-15,372,5413.39,24.36,0.45,27.07,0.9,0,0,0,0,0,0,,0,0,0.0,0,0.0852,0,train
8689,1128,BROWN-FORMAN CORP,2024-02-15,18863,250689.87,1328.66,0.53,1253.6,1.06,1,0,0,0,0,0,High-value invoice (>= $250K),1,1,0.6693,1,0.5185,0,test
8693,4692,KOBRAND CORPORATION,2024-02-15,2702,29096.67,139.66,0.48,145.5,0.96,0,0,0,0,0,0,,0,0,0.0022,0,0.1209,0,train
8722,3252,E & J GALLO WINERY,2024-02-15,23425,163511.77,866.61,0.53,817.66,1.06,0,0,0,0,0,0,,0,0,0.0022,0,0.7061,0,train
8750,7240,"PREMIUM PORT WINES, INC.",2024-02-15,182,1341.19,6.04,0.4503,6.71,0.9,0,0,0,0,0,0,,0,0,0.0024,0,0.1023,0,train
8752,8673,STE MICHELLE WINE ESTATES,2024-02-15,4804,35366.89,173.3,0.49,176.86,0.98,0,0,0,0,0,0,,0,0,0.0,0,0.422,0,train
8759,90010,VINEXTRA INC,2024-02-15,147,1092.12,4.91,0.4496,5.46,0.9,0,0,0,0,0,0,,0,0,0.0134,0,0.291,0,train
8762,1650,Circa Wines,2024-02-15,21,177.39,0.82,0.4623,0.89,0.92,0,0,0,0,0,0,,0,0,0.0136,0,0.7952,0,train
8765,10000,MAJESTIC FINE WINES,2024-02-15,2761,25849.39,139.59,0.54,129.26,1.08,0,0,0,0,0,0,,0,0,0.0046,0,0.4416,0,train
8766,5270,MANGO BOTTLING INC,2024-02-15,14,90.58,0.45,0.4968,0.45,0.99,0,0,0,0,0,0,,0,0,0.0514,0,0.836,0,test
8785,90032,LABELLE VYDS AND WINERY,2024-02-15,287,3125.11,16.25,0.52,15.63,1.04,0,0,0,0,0,0,,0,0,0.002,0,0.5979,0,test
8792,9622,WEIN BAUER INC,2024-02-15,12,141.9,0.67,0.4722,0.71,0.94,0,0,0,0,0,0,,0,0,0.0165,0,0.807,0,train
8801,4425,MARTIGNETTI COMPANIES,2024-02-15,106,1217.51,6.7,0.5503,6.09,1.1,0,0,0,0,0,0,,0,0,0.0445,0,0.9908,0,train
8612,8673,STE MICHELLE WINE ESTATES,2024-02-16,6343,43804.0,232.16,0.53,219.05,1.06,0,0,0,0,0,0,,0,0,0.0062,0,0.7435,0,test
8614,90017,THE IMPORTED GRAPE LLC,2024-02-16,68,662.77,3.45,0.5205,3.31,1.04,0,0,0,0,0,0,,0,0,0.0083,0,0.7963,0,train
8618,480,BACARDI USA INC,2024-02-16,19253,227503.57,1205.77,0.53,1137.66,1.06,0,0,0,0,0,0,,0,0,0.0832,0,0.7196,0,train
8628,10754,PERFECTA WINES,2024-02-16,7874,78670.16,377.62,0.48,393.4,0.96,0,0,0,0,0,0,,0,0,0.0067,0,0.9201,0,train
8631,1601,VRANKEN AMERICA,2024-02-16,47,912.92,4.29,0.4699,4.57,0.94,0,0,0,0,0,0,,0,0,0.022,0,0.4191,0,test
8647,9819,TREASURY WINE ESTATES,2024-02-16,8233,48241.17,236.38,0.49,241.24,0.98,0,0,0,0,0,0,,0,0,0.009,0,0.8284,0,train
8654,2450,DJINN SPIRITS LLC,2024-02-16,47,929.51,5.11,0.5498,4.65,1.1,0,0,0,0,0,0,,0,0,0.0109,0,0.5519,0,train
8656,3951,HIGHLAND WINE MERCHANTS LLC,2024-02-16,12,156.12,0.83,0.5316,0.78,1.06,0,0,0,0,0,0,,0,0,0.0081,0,0.9625,0,test
8660,10000,MAJESTIC FINE WINES,2024-02-16,3787,32707.18,179.89,0.55,163.56,1.1,0,0,0,0,0,0,,0,0,0.0018,0,0.3482,0,train
8666,8320,SHAW ROSS INT L IMP LTD,2024-02-16,1105,9357.95,48.66,0.52,46.8,1.04,0,0,0,0,0,0,,0,0,0.0,0,0.0585,0,train
8683,17032,JEWELL TOWNE VINEYARDS,2024-02-16,84,651.48,3.06,0.4697,3.26,0.94,0,0,0,0,0,0,,0,0,0.0,0,0.1512,0,train
8690,1485,CASTLE BRANDS CORP.,2024-02-16,1826,29418.76,144.15,0.49,147.11,0.98,0,0,0,0,0,0,,0,0,0.0,0,0.1131,0,test
8698,5992,MCCORMICK DISTILLING CO,2024-02-16,410,4170.92,21.69,0.52,20.86,1.04,0,0,0,0,0,0,,0,0,0.0093,0,0.2677,0,train
8700,9206,PHILLIPS PRODUCTS CO.,2024-02-16,1148,6430.47,29.58,0.46,32.16,0.92,0,0,1,0,0,0,Unit cost far from vendor norm,0,1,0.9117,1,0.7537,1,train
8702,17033,SEA BREEZE CELLARS LLC,2024-02-16,131,2677.14,13.65,0.5099,13.39,1.02,0,0,0,0,0,0,,0,0,0.0183,0,0.4873,0,train
8707,2450,DJINN SPIRITS LLC,2024-02-16,78,1559.76,7.17,0.4597,7.8,0.92,0,0,0,0,0,0,,0,0,0.0047,0,0.1864,0,train
8711,8352,LUXCO INC,2024-02-16,4470,29572.79,153.78,0.52,147.88,1.04,0,0,0,0,0,0,,0,0,0.0021,0,0.2721,0,train
8715,8664,"STOLI GROUP,(USA) LLC",2024-02-16,3989,57699.69,265.42,0.46,288.53,0.92,0,0,0,0,0,0,,0,0,0.0,0,0.4496,0,train
8733,17033,SEA BREEZE CELLARS LLC,2024-02-16,44,1134.56,5.22,0.4601,5.67,0.92,0,0,1,0,0,0,Unit cost far from vendor norm,0,1,0.5967,1,0.7642,1,test
8734,3089,SIDNEY FRANK IMPORTING CO,2024-02-16,2789,23957.73,110.21,0.46,119.8,0.92,0,0,0,0,0,0,,0,0,0.0,0,0.1609,0,train
8737,90056,SWEET BABY VINEYARD,2024-02-16,206,1707.32,9.39,0.55,8.54,1.1,0,0,0,0,0,0,,0,0,0.0,0,0.0227,0,train
8747,4848,LAIRD & CO,2024-02-16,182,976.6,5.27,0.5396,4.88,1.08,0,0,0,0,0,0,,0,0,0.032,0,0.7877,0,train
8777,90058,ZORVINO VINEYARDS,2024-02-16,312,2525.53,11.36,0.4498,12.63,0.9,0,0,0,0,0,0,,0,0,0.0055,0,0.2556,0,test
8789,98450,Serralles Usa LLC,2024-02-16,171,2456.0,13.02,0.5301,12.28,1.06,0,0,0,0,0,0,,0,0,0.002,0,0.1185,0,train
8802,6213,MHW LTD,2024-02-16,13456,29636.63,151.15,0.51,148.2,1.02,0,0,1,0,0,0,Unit cost far from vendor norm,0,1,0.9648,1,0.9157,1,train
8708,2561,EDRINGTON AMERICAS,2024-02-17,757,23895.63,107.53,0.45,119.49,0.9,0,0,0,0,0,0,,0,0,0.0137,0,0.53,0,train
8710,3924,HEAVEN HILL DISTILLERIES,2024-02-17,4536,40395.94,210.06,0.52,202.0,1.04,0,0,0,0,0,0,,0,0,0.0,0,0.1743,0,train
8721,3960,DIAGEO NORTH AMERICA INC,2024-02-17,79259,596868.71,2805.28,0.47,2984.71,0.94,1,0,0,0,0,0,High-value invoice (>= $250K),1,1,0.9888,1,0.9134,0,train
8726,4425,MARTIGNETTI COMPANIES,2024-02-17,30787,337443.53,1720.96,0.51,1687.43,1.02,1,0,0,0,0,0,High-value invoice (>= $250K),1,1,0.9999,1,0.9434,0,train
8728,6785,PALM BAY INTERNATIONAL INC,2024-02-17,4164,28262.94,152.62,0.54,141.33,1.08,0,0,0,0,0,0,,0,0,0.0021,0,0.2784,0,train
8732,8004,SAZERAC CO INC,2024-02-17,21941,161652.8,840.59,0.52,808.36,1.04,0,0,0,0,0,0,,0,0,0.0,0,0.4913,0,train
8739,9165,ULTRA BEVERAGE COMPANY LLP,2024-02-17,14392,172532.77,897.17,0.52,862.77,1.04,0,0,0,0,0,0,,0,0,0.0025,0,0.8106,0,test
8746,90011,FORTUNE WINE BROKERS LLC,2024-02-17,97,878.26,4.04,0.46,4.39,0.92,0,0,0,0,0,0,,0,0,0.0064,0,0.1645,0,train
8755,8920,TAKARA SAKE USA INC,2024-02-17,236,1045.08,5.75,0.5502,5.23,1.1,0,0,0,0,0,0,,0,0,0.0245,0,0.5124,0,train
8758,9751,VINEDREA WINES LLC,2024-02-17,11,249.92,1.12,0.4481,1.25,0.9,0,0,0,0,0,0,,0,0,0.0221,0,0.7231,0,test
8767,6215,MOONLIGHT MEADERY,2024-02-17,63,571.5,2.8,0.4899,2.86,0.98,0,0,0,0,0,0,,0,0,0.0,0,0.234,0,train
8774,8892,TRINCHERO FAMILY ESTATES,2024-02-17,4069,26388.9,126.67,0.48,131.96,0.96,0,0,0,0,0,0,,0,0,0.0,0,0.3637,0,test
8778,2396,BLACK PRINCE DISTILLERY INC,2024-02-17,108,1032.24,4.95,0.4795,5.16,0.96,0,0,1,0,0,0,Unit cost far from vendor norm,0,1,0.8608,1,0.9784,1,train
8788,90027,POVERTY LANE ORCHARDS,2024-02-17,336,3478.8,19.13,0.5499,17.4,1.1,0,0,0,0,0,0,,0,0,0.0088,0,0.8351,0,train
8793,4466,AMERICAN VINTAGE BEVERAGE,2024-02-17,72,675.36,3.17,0.4694,3.38,0.94,0,0,0,0,0,0,,0,0,0.0063,0,0.6166,0,train
8805,17035,PERNOD RICARD USA,2024-02-17,20302,271024.21,1273.81,0.47,1355.29,0.94,1,0,0,0,0,0,High-value invoice (>= $250K),1,1,0.9827,1,0.8039,0,train
8713,6359,OLE SMOKY DISTILLERY LLC,2024-02-18,199,2826.79,12.72,0.45,14.14,0.9,0,0,0,0,0,0,,0,0,0.0021,0,0.3258,0,train
8714,7245,PROXIMO SPIRITS INC.,2024-02-18,9354,109631.51,537.19,0.49,548.23,0.98,0,0,0,0,0,0,,0,0,0.0022,0,0.5308,0,train
8738,90037,THE PIERPONT GROUP LLC,2024-02-18,8,115.04,0.54,0.4694,0.58,0.94,0,0,0,0,0,0,,0,0,0.0181,0,0.9111,0,test
8751,660,SAZERAC NORTH AMERICA INC.,2024-02-18,7578,55939.3,262.91,0.47,279.73,0.94,0,0,0,0,0,0,,0,0,0.0,0,0.5555,0,train
8756,90017,THE IMPORTED GRAPE LLC,2024-02-18,61,417.37,2.05,0.4912,2.09,0.98,0,0,0,0,0,0,,0,0,0.0043,0,0.5459,0,test
8780,90046,CANDIA VINEYARDS,2024-02-18,86,1410.98,7.62,0.5401,7.06,1.08,0,0,0,0,0,0,,0,0,0.004,0,0.5771,0,test
8783,9744,FREDERICK WILDMAN & SONS,2024-02-18,1024,10234.3,51.17,0.5,51.18,1.0,0,0,0,0,0,0,,0,0,0.0,0,0.3274,0,train
8804,6830,PARK STREET IMPORTS LLC,2024-02-18,12,86.16,0.44,0.5107,0.43,1.02,0,0,1,0,0,0,Unit cost far from vendor norm,0,1,0.8426,1,0.9073,1,train
8704,388,ATLANTIC IMPORTING COMPANY,2024-02-19,24,511.68,2.4,0.469,2.56,0.94,0,0,0,0,0,0,,0,0,0.007,0,0.5149,0,train
8709,17031,FLAG HILL WINERY & VINEYARD,2024-02-19,259,3111.41,14.62,0.4699,15.56,0.94,0,0,0,0,0,0,,0,0,0.0,0,0.2612,0,train
8718,9815,WINE GROUP INC,2024-02-19,12163,76385.9,412.48,0.54,381.98,1.08,0,0,0,0,0,0,,0,0,0.0,0,0.6426,0,train
8723,3951,HIGHLAND WINE MERCHANTS LLC,2024-02-19,24,404.28,1.86,0.4601,2.02,0.92,0,0,0,0,0,0,,0,0,0.0217,0,0.9618,0,train
8724,3950,"HOOD RIVER DISTILLERS, Inc.",2024-02-19,12,258.96,1.37,0.529,1.29,1.06,0,0,0,0,0,0,,0,0,0.0184,0,0.5634,0,test
8727,8112,MOET HENNESSY USA INC,2024-02-19,5756,124709.7,636.02,0.51,623.63,1.02,0,0,0,0,0,0,,0,0,0.0,0,0.7703,0,train
8735,2000,SOUTHERN WINE & SPIRITS NE,2024-02-19,6554,58128.38,319.71,0.55,290.68,1.1,0,0,0,0,0,0,,0,0,0.002,0,0.672,0,train
8754,172662,SWEETWATER FARM,2024-02-19,10,229.54,1.03,0.4487,1.15,0.9,0,0,0,0,0,0,,0,0,0.0175,0,0.5778,0,test
8764,4950,LATITUDE BEVERAGE COMPANY,2024-02-19,650,3774.13,17.74,0.47,18.87,0.94,0,0,0,0,0,0,,0,0,0.0045,0,0.3955,0,test
8771,8150,SEA HAGG DISTILLERY LLC,2024-02-19,182,1916.42,10.16,0.5302,9.58,1.06,0,0,0,0,0,0,,0,0,0.0,0,0.2515,0,test
8781,1392,CONSTELLATION BRANDS INC,2024-02-19,25061,164809.59,873.49,0.53,824.15,1.06,0,0,0,0,0,0,,0,0,0.0,0,0.8006,0,train
8784,4550,KLIN SPIRITS LLC,2024-02-19,113,1651.02,8.59,0.5203,8.26,1.04,0,0,0,0,0,0,,0,0,0.0,0,0.2495,0,train
8798,90052,HAUNTING WHISPER VYDS,2024-02-19,48,386.64,2.01,0.5199,1.93,1.04,0,0,0,0,0,0,,0,0,0.0,0,0.4701,0,train
8800,12546,JIM BEAM BRANDS COMPANY,2024-02-19,36221,293274.0,1613.01,0.55,1466.55,1.1,1,0,0,0,0,0,High-value invoice (>= $250K),1,1,0.984,1,0.9385,0,train
8705,516,BANFI PRODUCTS CORP,2024-02-20,2519,17609.83,82.77,0.47,88.06,0.94,0,0,0,0,0,0,,0,0,0.0,0,0.2607,0,train
8706,1485,CASTLE BRANDS CORP.,2024-02-20,1397,21656.33,103.95,0.48,108.3,0.96,0,0,0,0,0,0,,0,0,0.0,0,0.3747,0,train
8716,8735,SURVILLE ENTERPRISES CORP,2024-02-20,53,272.52,1.31,0.4807,1.36,0.96,0,0,0,0,0,0,,0,0,0.0338,0,0.7386,0,train
8729,10754,PERFECTA WINES,2024-02-20,12148,114985.16,551.93,0.48,575.0,0.96,0,0,0,0,0,0,,0,0,0.0,0,0.8382,0,train
8768,9206,PHILLIPS PRODUCTS CO.,2024-02-20,918,4373.09,21.87,0.5001,21.87,1.0,0,0,1,0,0,0,Unit cost far from vendor norm,0,1,0.9639,1,0.7738,1,train
8772,8320,SHAW ROSS INT L IMP LTD,2024-02-20,1175,9654.85,44.41,0.46,48.28,0.92,0,0,0,0,0,0,,0,0,0.0,0,0.0821,0,train
8773,173357,TAMWORTH DISTILLING,2024-02-20,60,1162.2,6.04,0.5197,5.81,1.04,0,0,0,0,0,0,,0,0,0.0,0,0.4023,0,train
8779,1273,CALEDONIA SPIRITS INC,2024-02-20,41,1358.29,6.79,0.4999,6.79,1.0,0,0,0,0,0,0,,0,0,0.0552,0,0.5582,0,test
8807,3664,WILLIAM GRANT & SONS INC,2024-02-20,3205,51189.01,261.06,0.51,255.98,1.02,0,0,0,0,0,0,,0,0,0.0022,0,0.4054,0,test
8720,11567,CAMPARI AMERICA,2024-02-21,7237,54481.65,277.86,0.51,272.44,1.02,0,0,0,0,0,0,,0,0,0.0022,0,0.2042,0,train
8745,17037,Dunn Wine Brokers,2024-02-21,380,6743.06,35.74,0.53,33.72,1.06,0,0,0,0,0,0,,0,0,0.0601,0,0.9305,0,test
8753,12331,STELLAR IMPORTING CO LLC,2024-02-21,33,235.62,1.25,0.5305,1.18,1.06,0,0,0,0,0,0,,0,0,0.0019,0,0.3451,0,train
8760,1189,BULLY BOY DISTILLERS,2024-02-21,16,352.8,1.87,0.53,1.76,1.06,0,0,0,0,0,0,,0,0,0.0088,0,0.4213,0,train
8782,2555,DISARONNO INTERNATIONAL LLC,2024-02-21,1477,15007.72,78.04,0.52,75.05,1.04,0,0,0,0,0,0,,0,0,0.0,0,0.0348,0,train
8794,1003,BRONCO WINE COMPANY,2024-02-21,12,73.92,0.4,0.5411,0.37,1.08,0,0,0,0,0,0,,0,0,0.0098,0,0.77,0,train
8795,2876,CENTEUR IMPORTS LLC,2024-02-21,22,191.44,0.88,0.4597,0.96,0.92,0,0,0,0,0,0,,0,0,0.0,0,0.3431,0,train
8799,17032,JEWELL TOWNE VINEYARDS,2024-02-21,84,657.96,3.22,0.4894,3.29,0.98,0,0,0,0,0,0,,0,0,0.007,0,0.1339,0,train
8803,5612,MILTONS DISTRIBUTING CO,2024-02-21,12,69.6,0.38,0.546,0.35,1.09,0,0,0,0,0,0,,0,0,0.0044,0,0.6257,0,train
8730,7255,PSP WINES,2024-02-22,279,2213.88,11.07,0.5,11.07,1.0,0,0,0,0,0,0,,0,0,0.0,0,0.0572,0,train
8731,10050,Russian Standard Vodka,2024-02-22,2151,4725.24,23.15,0.4899,23.63,0.98,0,0,1,0,0,0,Unit cost far from vendor norm,0,1,0.9789,1,0.8311,1,train
8736,8663,STAR INDUSTRIES INC.,2024-02-22,24,393.84,1.97,0.5002,1.97,1.0,0,0,0,0,0,0,,0,0,0.0085,0,0.3224,0,train
8740,1587,VINEYARD BRANDS INC,2024-02-22,1482,10043.38,45.2,0.45,50.22,0.9,0,0,0,0,0,0,,0,0,0.0,0,0.2286,0,train
8743,90047,CRUSH WINES,2024-02-22,777,8917.99,48.16,0.54,44.6,1.08,0,0,0,0,0,0,,0,0,0.0,0,0.416,0,train
8749,7153,PINE STATE TRADING CO,2024-02-22,5272,34113.93,177.39,0.52,170.59,1.04,0,0,0,0,0,0,,0,0,0.0038,0,0.6096,0,train
8763,1655,FABRIZIA SPIRITS LLC,2024-02-22,253,2483.5,12.42,0.5001,12.42,1.0,0,0,0,0,0,0,,0,0,0.0,0,0.0262,0,train
8769,7154,PREMIER DISTRIBUTORS,2024-02-22,41,638.97,3.19,0.4992,3.2,1.0,0,0,0,0,0,0,,0,0,0.0092,0,0.7395,0,train
8770,7239,REMY COINTREAU USA INC,2024-02-22,1482,40949.15,225.22,0.55,204.77,1.1,0,0,0,0,0,0,,0,0,0.0122,0,0.5082,0,train
8776,1601,VRANKEN AMERICA,2024-02-22,75,997.26,4.99,0.5004,4.99,1.0,0,0,0,0,0,0,,0,0,0.007,0,0.1604,0,train
8786,5455,MARSALLE COMPANY,2024-02-22,168,4354.96,23.52,0.5401,21.78,1.08,0,0,0,0,0,0,,0,0,0.007,0,0.1485,0,train
8787,6355,NICHE W & S,2024-02-22,32,472.08,2.22,0.4703,2.36,0.94,0,0,0,0,0,0,,0,0,0.0024,0,0.0637,0,train
8790,653,STATE WINE & SPIRITS,2024-02-22,2399,28560.52,151.37,0.53,142.82,1.06,0,0,0,0,0,0,,0,0,0.0045,0,0.265,0,test
8791,9260,TY KU LLC,2024-02-22,66,753.54,3.54,0.4698,3.77,0.94,0,0,0,0,0,0,,0,0,0.0068,0,0.3855,0,train
8796,2242,DELICATO VINEYARDS INC,2024-02-22,2809,22869.11,107.48,0.47,114.36,0.94,0,0,0,0,0,0,,0,0,0.0,0,0.0626,0,train
8797,1590,DIAGEO CHATEAU ESTATE WINES,2024-02-22,2821,22399.94,114.24,0.51,112.01,1.02,0,0,0,0,0,0,,0,0,0.0,0,0.0765,0,test
8806,28750,SMOKY QUARTZ DISTILLERY LLC,2024-02-22,12,248.76,1.24,0.4985,1.24,1.0,0,0,0,0,0,0,,0,0,0.0286,0,0.6385,0,test
8816,90027,POVERTY LANE ORCHARDS,2024-02-22,117,836.73,3.93,0.4697,4.18,0.94,0,0,0,0,0,0,,0,0,0.0082,0,0.0595,0,train
8817,7154,PREMIER DISTRIBUTORS,2024-02-22,106,1535.7,6.91,0.45,7.68,0.9,0,0,0,0,0,0,,0,0,0.0064,0,0.2578,0,train
8819,10050,Russian Standard Vodka,2024-02-22,777,1866.66,8.96,0.48,9.33,0.96,0,0,1,0,0,0,Unit cost far from vendor norm,0,1,0.9847,1,0.7308,1,train
8831,5992,MCCORMICK DISTILLING CO,2024-02-22,483,4659.54,25.63,0.5501,23.3,1.1,0,0,0,0,0,0,,0,0,0.0,0,0.0931,0,train
8836,105,ALTAMAR BRANDS LLC,2024-02-22,18,642.78,3.02,0.4698,3.21,0.94,0,0,0,0,0,0,,0,0,0.0345,0,0.7076,0,train
8845,1655,FABRIZIA SPIRITS LLC,2024-02-22,265,2838.08,15.33,0.5402,14.19,1.08,0,0,0,0,0,0,,0,0,0.0,0,0.1723,0,test
8848,2,"IRA GOLDMAN AND WILLIAMS, LLP",2024-02-22,5,119.3,0.61,0.5113,0.6,1.02,0,0,0,0,0,0,,0,0,0.0189,0,0.9948,0,train
8851,10754,PERFECTA WINES,2024-02-22,6201,60511.39,278.35,0.46,302.59,0.92,0,0,0,0,0,0,,0,0,0.0044,0,0.7104,0,train
8868,8150,SEA HAGG DISTILLERY LLC,2024-02-22,88,1217.2,6.21,0.5102,6.09,1.02,0,0,0,0,0,0,,0,0,0.0041,0,0.2194,0,train
8870,8673,STE MICHELLE WINE ESTATES,2024-02-22,5345,38374.51,172.69,0.45,191.9,0.9,0,0,0,0,0,0,,0,0,0.0,0,0.5414,0,train
8875,90024,VINILANDIA USA,2024-02-22,891,8477.51,42.39,0.5,42.39,1.0,0,0,0,0,0,0,,0,0,0.0022,0,0.5253,0,test
8898,1590,DIAGEO CHATEAU ESTATE WINES,2024-02-22,2217,17090.76,87.16,0.51,85.46,1.02,0,0,0,0,0,0,,0,0,0.0,0,0.6228,0,train
8903,12546,JIM BEAM BRANDS COMPANY,2024-02-22,43499,349034.5,1814.98,0.52,1745.39,1.04,1,0,0,0,0,0,High-value invoice (>= $250K),1,1,0.9893,1,0.9343,0,test
8910,7749,R.P.IMPORTS INC,2024-02-22,96,3633.29,17.8,0.4899,18.17,0.98,0,0,0,0,0,0,,0,0,0.099,0,0.9738,0,train
8712,9552,M S WALKER INC,2024-02-23,19400,148860.92,818.74,0.55,744.4,1.1,0,0,0,0,0,0,,0,0,0.0198,0,0.9742,0,train
8717,28776,TALL SHIP DISTILLERY LLC,2024-02-23,6,122.58,0.63,0.514,0.61,1.03,0,0,0,0,0,0,,0,0,0.0629,0,0.9275,0,train
8719,480,BACARDI USA INC,2024-02-23,15365,163835.98,802.8,0.49,819.28,0.98,0,0,0,0,0,0,,0,0,0.0017,0,0.6993,0,train
8725,4692,KOBRAND CORPORATION,2024-02-23,2928,31800.27,159.0,0.5,159.02,1.0,0,0,0,0,0,0,,0,0,0.0158,0,0.8082,0,test
8741,9625,WESTERN SPIRITS BEVERAGE CO,2024-02-23,424,6144.93,29.5,0.4801,30.73,0.96,0,0,0,0,0,0,,0,0,0.0,0,0.5881,0,train
8742,1128,BROWN-FORMAN CORP,2024-02-23,11876,165219.61,743.49,0.45,826.2,0.9,0,0,0,0,0,0,,0,0,0.0128,0,0.928,0,train
8744,2496,DUGGANS DISTILLED PRODUCTS,2024-02-23,96,1572.24,7.86,0.4999,7.86,1.0,0,0,0,0,0,0,,0,0,0.0,0,0.6404,0,train
8748,5992,MCCORMICK DISTILLING CO,2024-02-23,481,4591.39,24.79,0.5399,22.96,1.08,0,0,0,0,0,0,,0,0,0.0,0,0.1218,0,train
8757,9819,TREASURY WINE ESTATES,2024-02-23,7176,45925.35,215.85,0.47,229.66,0.94,0,0,0,0,0,0,,0,0,0.0,0,0.4932,0,train
8761,4380,CHARLES JACQUIN ET CIE INC,2024-02-23,833,7874.4,40.95,0.52,39.38,1.04,0,0,0,0,0,0,,0,0,0.0137,0,0.6578,0,train
8775,90024,VINILANDIA USA,2024-02-23,692,6950.75,33.36,0.4799,34.76,0.96,0,0,0,0,0,0,,0,0,0.0113,0,0.2798,0,test
8815,7153,PINE STATE TRADING CO,2024-02-23,5961,40679.06,211.53,0.52,203.42,1.04,0,0,0,0,0,0,,0,0,0.0,0,0.3518,0,train
8822,172662,SWEETWATER FARM,2024-02-23,3,58.2,0.31,0.5326,0.29,1.07,0,0,0,0,0,0,,0,0,0.051,0,0.6924,0,train
8828,9744,FREDERICK WILDMAN & SONS,2024-02-23,988,9805.88,49.03,0.5,49.04,1.0,0,0,0,0,0,0,,0,0,0.0,0,0.5934,0,train
8838,1128,BROWN-FORMAN CORP,2024-02-23,17574,203550.59,956.69,0.47,1017.88,0.94,0,0,0,0,0,0,,0,0,0.0,0,0.7357,0,train
8853,90026,SILVER MOUNTAIN CIDERS,2024-02-23,12,54.48,0.25,0.4589,0.27,0.92,0,0,0,0,0,0,,0,0,0.0423,0,0.9841,0,test
8861,2876,CENTEUR IMPORTS LLC,2024-02-23,3,26.16,0.14,0.5352,0.13,1.07,0,0,0,0,0,0,,0,0,0.0638,0,0.9053,0,train
8876,9815,WINE GROUP INC,2024-02-23,12723,78956.49,394.78,0.5,394.83,1.0,0,0,0,0,0,0,,0,0,0.0,0,0.5412,0,train
8881,4550,KLIN SPIRITS LLC,2024-02-23,66,928.62,4.27,0.4598,4.64,0.92,0,0,0,0,0,0,,0,0,0.0135,0,0.5654,0,test
8885,8663,STAR INDUSTRIES INC.,2024-02-23,15,246.15,1.28,0.52,1.23,1.04,0,0,0,0,0,0,,0,0,0.0,0,0.5277,0,train
8890,90010,VINEXTRA INC,2024-02-23,144,1998.84,10.39,0.5198,10.0,1.04,0,0,0,0,0,0,,0,0,0.0024,0,0.3334,0,train
8894,1003,BRONCO WINE COMPANY,2024-02-23,6,36.96,0.19,0.5141,0.18,1.03,0,0,0,0,0,0,,0,0,0.0062,0,0.9764,0,train
8897,1392,CONSTELLATION BRANDS INC,2024-02-23,27441,167405.64,770.07,0.46,837.13,0.92,0,0,0,0,0,0,,0,0,0.0047,0,0.9567,0,train
8901,90053,INCREDIBREW INC,2024-02-23,72,637.44,3.44,0.5397,3.19,1.08,0,0,0,0,0,0,,0,0,0.0019,0,0.4057,0,test
8905,4425,MARTIGNETTI COMPANIES,2024-02-23,178,1975.74,9.09,0.4601,9.88,0.92,0,0,0,0,0,0,,0,0,0.0196,0,0.9663,0,train
8906,6215,MOONLIGHT MEADERY,2024-02-23,94,865.54,4.41,0.5095,4.33,1.02,0,0,0,0,0,0,,0,0,0.0048,0,0.4447,0,train
8808,2555,DISARONNO INTERNATIONAL LLC,2024-02-24,2477,19943.33,93.73,0.47,99.73,0.94,0,0,0,0,0,0,,0,0,0.0046,0,0.2793,0,test
8820,660,SAZERAC NORTH AMERICA INC.,2024-02-24,8135,58145.02,273.28,0.47,290.76,0.94,0,0,0,0,0,0,,0,0,0.0,0,0.6863,0,train
8829,4950,LATITUDE BEVERAGE COMPANY,2024-02-24,596,3445.73,15.51,0.4501,17.23,0.9,0,0,0,0,0,0,,0,0,0.0,0,0.1683,0,train
8834,7255,PSP WINES,2024-02-24,213,2166.79,10.4,0.48,10.84,0.96,0,0,0,0,0,0,,0,0,0.0023,0,0.2636,0,test
8842,4380,CHARLES JACQUIN ET CIE INC,2024-02-24,570,4974.48,24.87,0.5,24.88,1.0,0,0,0,0,0,0,,0,0,0.0,0,0.1057,0,train
8849,5455,MARSALLE COMPANY,2024-02-24,132,3718.02,17.47,0.4699,18.59,0.94,0,0,0,0,0,0,,0,0,0.0087,0,0.5957,0,test
8859,3664,WILLIAM GRANT & SONS INC,2024-02-24,4733,76608.49,398.36,0.52,383.09,1.04,0,0,0,0,0,0,,0,0,0.0,0,0.3933,0,test
8862,2450,DJINN SPIRITS LLC,2024-02-24,30,624.72,3.25,0.5202,3.12,1.04,0,0,0,0,0,0,,0,0,0.0,0,0.3027,0,train
8809,17037,Dunn Wine Brokers,2024-02-25,95,1149.12,5.98,0.5204,5.75,1.04,0,0,0,0,0,0,,0,0,0.0,0,0.4941,0,train
8811,4692,KOBRAND CORPORATION,2024-02-25,2680,27523.88,129.36,0.47,137.64,0.94,0,0,0,0,0,0,,0,0,0.0,0,0.4467,0,train
8813,10000,MAJESTIC FINE WINES,2024-02-25,3053,25634.49,115.36,0.45,128.19,0.9,0,0,0,0,0,0,,0,0,0.007,0,0.5501,0,train
8827,2242,DELICATO VINEYARDS INC,2024-02-25,3258,26570.61,132.85,0.5,132.87,1.0,0,0,0,0,0,0,,0,0,0.0,0,0.4543,0,test
8832,8112,MOET HENNESSY USA INC,2024-02-25,4696,88961.9,489.29,0.55,444.86,1.1,0,0,0,0,0,0,,0,0,0.0067,0,0.7058,0,train
8833,6785,PALM BAY INTERNATIONAL INC,2024-02-25,5099,35717.39,175.02,0.49,178.61,0.98,0,0,0,0,0,0,,0,0,0.0,0,0.4422,0,test
8840,90046,CANDIA VINEYARDS,2024-02-25,32,494.26,2.57,0.52,2.47,1.04,0,0,0,0,0,0,,0,0,0.0022,0,0.6237,0,train
8846,17031,FLAG HILL WINERY & VINEYARD,2024-02-25,187,2640.29,13.73,0.52,13.2,1.04,0,0,0,0,0,0,,0,0,0.0,0,0.1986,0,train
8854,12331,STELLAR IMPORTING CO LLC,2024-02-25,60,420.48,2.06,0.4899,2.1,0.98,0,0,0,0,0,0,,0,0,0.0024,0,0.5964,0,train
8855,8735,SURVILLE ENTERPRISES CORP,2024-02-25,103,855.06,4.19,0.49,4.28,0.98,0,0,0,0,0,0,,0,0,0.0022,0,0.1717,0,train
8856,90017,THE IMPORTED GRAPE LLC,2024-02-25,58,348.41,1.57,0.4506,1.74,0.9,0,0,0,0,0,0,,0,0,0.0068,0,0.6794,0,train
8869,3089,SIDNEY FRANK IMPORTING CO,2024-02-25,3478,26552.78,140.73,0.53,132.78,1.06,0,0,0,0,0,0,,0,0,0.0,0,0.4415,0,train
8879,3252,E & J GALLO WINERY,2024-02-25,27341,186668.7,989.34,0.53,933.46,1.06,0,0,0,0,0,0,,0,0,0.0047,0,0.849,0,test
8891,90058,ZORVINO VINEYARDS,2024-02-25,92,739.8,3.55,0.4799,3.7,0.96,0,0,0,0,0,0,,0,0,0.0,0,0.3949,0,train
8893,388,ATLANTIC IMPORTING COMPANY,2024-02-25,12,255.84,1.18,0.4612,1.28,0.92,0,0,0,0,0,0,,0,0,0.0025,0,0.6828,0,train
8909,7240,"PREMIUM PORT WINES, INC.",2024-02-25,212,1582.09,7.91,0.5,7.91,1.0,0,0,0,0,0,0,,0,0,0.0,0,0.4314,0,train
8818,7239,REMY COINTREAU USA INC,2024-02-26,2161,45294.61,235.53,0.52,226.5,1.04,0,0,0,0,0,0,,0,0,0.0,0,0.5457,0,train
8821,17033,SEA BREEZE CELLARS LLC,2024-02-26,128,1280.52,6.15,0.4803,6.4,0.96,0,0,0,0,0,0,,0,0,0.0,0,0.3157,0,test
8826,9625,WESTERN SPIRITS BEVERAGE CO,2024-02-26,200,3314.93,16.91,0.5101,16.58,1.02,0,0,0,0,0,0,,0,0,0.0023,0,0.7281,0,train
8863,3950,"HOOD RIVER DISTILLERS, Inc.",2024-02-26,30,647.4,3.04,0.4696,3.24,0.94,0,0,0,0,0,0,,0,0,0.002,0,0.4651,0,train
8865,9552,M S WALKER INC,2024-02-26,20787,149413.91,821.78,0.55,747.16,1.1,0,0,0,0,0,0,,0,0,0.0041,0,0.926,0,train
8866,17035,PERNOD RICARD USA,2024-02-26,23045,345003.69,1725.02,0.5,1725.23,1.0,1,0,0,0,0,0,High-value invoice (>= $250K),1,1,0.9968,1,0.7777,0,test
8882,6213,MHW LTD,2024-02-26,4014,28959.03,130.32,0.45,144.81,0.9,0,0,0,0,0,0,,0,0,0.0,0,0.6321,0,train
8889,9751,VINEDREA WINES LLC,2024-02-26,6,136.32,0.72,0.5282,0.68,1.06,0,0,0,0,0,0,,0,0,0.0078,0,0.7121,0,train
8896,1650,Circa Wines,2024-02-26,27,175.23,0.82,0.468,0.88,0.94,0,0,0,0,0,0,,0,0,0.036,0,0.9172,0,train
8904,90032,LABELLE VYDS AND WINERY,2024-02-26,228,2545.32,11.71,0.4601,12.73,0.92,0,0,0,0,0,0,,0,0,0.0038,0,0.2062,0,test
8812,8352,LUXCO INC,2024-02-27,5664,43660.27,196.47,0.45,218.33,0.9,0,0,0,0,0,0,,0,0,0.0,0,0.2695,0,train
8825,9622,WEIN BAUER INC,2024-02-27,30,572.4,2.58,0.4507,2.86,0.9,0,0,0,0,0,0,,0,0,0.0046,0,0.7126,0,train
8835,8320,SHAW ROSS INT L IMP LTD,2024-02-27,1193,9696.74,45.57,0.47,48.49,0.94,0,0,0,0,0,0,,0,0,0.0,0,0.1059,0,test
8839,11567,CAMPARI AMERICA,2024-02-27,6641,56586.79,311.23,0.55,282.97,1.1,0,0,0,0,0,0,,0,0,0.0,0,0.4577,0,train
8844,2496,DUGGANS DISTILLED PRODUCTS,2024-02-27,140,2340.04,11.7,0.5,11.7,1.0,0,0,0,0,0,0,,0,0,0.0,0,0.0429,0,train
8867,8004,SAZERAC CO INC,2024-02-27,20226,133269.51,693.0,0.52,666.43,1.04,0,0,0,0,0,0,,0,0,0.0045,0,0.608,0,train
8874,90037,THE PIERPONT GROUP LLC,2024-02-27,46,565.69,2.83,0.5003,2.83,1.0,0,0,0,0,0,0,,0,0,0.007,0,0.6082,0,train
8886,653,STATE WINE & SPIRITS,2024-02-27,2216,24131.17,132.72,0.55,120.67,1.1,0,0,0,0,0,0,,0,0,0.0,0,0.5053,0,train
8814,5270,MANGO BOTTLING INC,2024-02-28,26,175.87,0.93,0.5288,0.88,1.06,0,0,0,0,0,0,,0,0,0.0477,0,0.6612,0,train
8824,9165,ULTRA BEVERAGE COMPANY LLP,2024-02-28,12930,156318.62,812.86,0.52,781.69,1.04,0,0,0,0,0,0,,0,0,0.0135,0,0.9419,0,test
8850,6359,OLE SMOKY DISTILLERY LLC,2024-02-28,316,4503.53,20.72,0.4601,22.52,0.92,0,0,0,0,0,0,,0,0,0.0,0,0.0938,0,test
8852,7245,PROXIMO SPIRITS INC.,2024-02-28,9214,104723.79,523.62,0.5,523.68,1.0,0,0,0,0,0,0,,0,0,0.0,0,0.2268,0,train
8857,8892,TRINCHERO FAMILY ESTATES,2024-02-28,5246,32984.63,174.82,0.53,164.94,1.06,0,0,0,0,0,0,,0,0,0.0022,0,0.4162,0,train
8860,516,BANFI PRODUCTS CORP,2024-02-28,3039,21701.14,115.02,0.53,108.52,1.06,0,0,0,0,0,0,,0,0,0.0,0,0.0909,0,train
8872,90056,SWEET BABY VINEYARD,2024-02-28,226,1894.83,8.53,0.4502,9.48,0.9,0,0,0,0,0,0,,0,0,0.0,0,0.0467,0,train
8887,28776,TALL SHIP DISTILLERY LLC,2024-02-28,6,122.58,0.65,0.5303,0.61,1.06,0,0,0,0,0,0,,0,0,0.0059,0,0.5683,0,train
8895,1273,CALEDONIA SPIRITS INC,2024-02-28,63,1938.68,9.89,0.5101,9.69,1.02,0,0,0,0,0,0,,0,0,0.0043,0,0.5908,0,train
8823,8920,TAKARA SAKE USA INC,2024-02-29,187,974.49,4.58,0.47,4.87,0.94,0,0,0,0,0,0,,0,0,0.0133,0,0.5456,0,train
8837,2396,BLACK PRINCE DISTILLERY INC,2024-02-29,59,531.95,2.71,0.5094,2.66,1.02,0,0,1,0,0,0,Unit cost far from vendor norm,0,1,0.8803,1,0.9441,1,train
8847,90051,FULCHINO VINEYARD INC,2024-02-29,12,120.72,0.57,0.4722,0.6,0.94,0,0,0,0,0,0,,0,0,0.0046,0,0.3897,0,train
8864,4848,LAIRD & CO,2024-02-29,284,1637.53,8.19,0.5001,8.19,1.0,0,0,0,0,0,0,,0,0,0.0111,0,0.3134,0,train
8871,8664,"STOLI GROUP,(USA) LLC",2024-02-29,2838,41324.14,198.36,0.48,206.65,0.96,0,0,0,0,0,0,,0,0,0.0,0,0.2113,0,train
8880,90011,FORTUNE WINE BROKERS LLC,2024-02-29,87,678.66,3.73,0.5496,3.39,1.1,0,0,0,0,0,0,,0,0,0.0,0,0.2273,0,train
8883,98450,Serralles Usa LLC,2024-02-29,113,1692.54,7.79,0.4603,8.46,0.92,0,0,0,0,0,0,,0,0,0.0,0,0.0502,0,test
8884,28750,SMOKY QUARTZ DISTILLERY LLC,2024-02-29,12,263.88,1.21,0.4585,1.32,0.92,0,0,0,0,0,0,,0,0,0.0223,0,0.6549,0,train
8899,3960,DIAGEO NORTH AMERICA INC,2024-02-29,83623,693871.23,3191.81,0.46,3469.79,0.92,1,0,0,0,0,0,High-value invoice (>= $250K),1,1,0.9996,1,0.8708,0,train
8900,2561,EDRINGTON AMERICAS,2024-02-29,779,32945.29,148.25,0.45,164.75,0.9,0,0,0,0,0,0,,0,0,0.0918,0,0.6495,0,train
8907,6355,NICHE W & S,2024-02-29,7,106.82,0.52,0.4868,0.53,0.97,0,0,0,0,0,0,,0,0,0.015,0,0.4727,0,train
8908,9206,PHILLIPS PRODUCTS CO.,2024-02-29,1277,17132.56,89.09,0.52,85.67,1.04,0,0,0,0,0,0,,0,0,0.0,0,0.087,0,test
8917,4425,MARTIGNETTI COMPANIES,2024-02-29,47119,401827.41,1808.22,0.45,2009.39,0.9,1,0,0,0,0,0,High-value invoice (>= $250K),1,1,0.9963,1,0.9926,0,train
8922,90058,ZORVINO VINEYARDS,2024-02-29,106,887.1,4.7,0.5298,4.44,1.06,0,0,0,0,0,0,,0,0,0.0043,0,0.0224,0,train
8929,8352,LUXCO INC,2024-02-29,5117,35091.02,168.44,0.48,175.48,0.96,0,0,0,0,0,0,,0,0,0.0,0,0.4178,0,train
8930,10000,MAJESTIC FINE WINES,2024-02-29,12337,82976.16,398.29,0.48,414.93,0.96,0,0,0,0,0,0,,0,0,0.002,0,0.3121,0,test
8938,660,SAZERAC NORTH AMERICA INC.,2024-02-29,8595,61540.36,326.16,0.53,307.74,1.06,0,0,0,0,0,0,,0,0,0.0,0,0.6291,0,test
8939,8673,STE MICHELLE WINE ESTATES,2024-02-29,9675,63359.35,329.47,0.52,316.84,1.04,0,0,0,0,0,0,,0,0,0.0,0,0.2477,0,train
8942,9165,ULTRA BEVERAGE COMPANY LLP,2024-02-29,16693,203870.81,1039.74,0.51,1019.48,1.02,0,0,0,0,0,0,,0,0,0.0,0,0.8488,0,train
8943,9815,WINE GROUP INC,2024-02-29,16576,97326.86,457.44,0.47,486.69,0.94,0,0,0,0,0,0,,0,0,0.0,0,0.4842,0,train
8962,388,ATLANTIC IMPORTING COMPANY,2024-02-29,29,618.28,3.34,0.5402,3.09,1.08,0,0,0,0,0,0,,0,0,0.0044,0,0.3677,0,test
8969,17032,JEWELL TOWNE VINEYARDS,2024-02-29,32,245.08,1.25,0.51,1.23,1.02,0,0,0,0,0,0,,0,0,0.0022,0,0.3718,0,train
8974,2000,SOUTHERN WINE & SPIRITS NE,2024-02-29,5668,52614.03,263.07,0.5,263.1,1.0,0,0,0,0,0,0,,0,0,0.0,0,0.4582,0,test
8987,4848,LAIRD & CO,2024-02-29,207,1622.55,8.76,0.5399,8.11,1.08,0,0,0,0,0,0,,0,0,0.0,0,0.831,0,train
8992,7749,R.P.IMPORTS INC,2024-02-29,73,2364.63,12.53,0.5299,11.82,1.06,0,0,0,0,0,0,,0,0,0.0429,0,0.8003,0,test
8999,3252,E & J GALLO WINERY,2024-02-29,39725,269463.12,1212.58,0.45,1347.48,0.9,1,0,0,0,0,0,High-value invoice (>= $250K),1,1,0.9701,1,0.9282,0,train
9001,90053,INCREDIBREW INC,2024-02-29,72,638.16,3.0,0.4701,3.19,0.94,0,0,0,0,0,0,,0,0,0.0042,0,0.5441,0,train
9002,8112,MOET HENNESSY USA INC,2024-02-29,5365,108549.52,510.18,0.47,542.81,0.94,0,0,0,0,0,0,,0,0,0.0066,0,0.7615,0,train
9006,17033,SEA BREEZE CELLARS LLC,2024-02-29,134,1294.49,5.95,0.4596,6.47,0.92,0,0,0,0,0,0,,0,0,0.0153,0,0.8604,0,train
9011,9751,VINEDREA WINES LLC,2024-02-29,12,272.64,1.47,0.5392,1.36,1.08,0,0,0,0,0,0,,0,0,0.0164,0,0.847,0,train
8810,3924,HEAVEN HILL DISTILLERIES,2024-03-01,4936,43503.79,226.22,0.52,217.55,1.04,0,0,0,0,0,0,,0,0,0.0152,0,0.7074,0,train
8830,4425,MARTIGNETTI COMPANIES,2024-03-01,30193,322094.29,1481.63,0.46,1610.67,0.92,1,0,0,0,0,0,High-value invoice (>= $250K),1,1,0.9965,1,0.9966,0,train
8841,1485,CASTLE BRANDS CORP.,2024-03-01,1290,20060.24,102.31,0.51,100.31,1.02,0,0,0,0,0,0,,0,0,0.0024,0,0.4234,0,train
8843,90047,CRUSH WINES,2024-03-01,385,3923.36,20.79,0.5299,19.62,1.06,0,0,0,0,0,0,,0,0,0.0,0,0.1799,0,train
8858,1601,VRANKEN AMERICA,2024-03-01,131,2263.41,10.64,0.4701,11.32,0.94,0,0,0,0,0,0,,0,0,0.0,0,0.1393,0,train
8873,173357,TAMWORTH DISTILLING,2024-03-01,11,213.07,1.15,0.5397,1.07,1.08,0,0,0,0,0,0,,0,0,0.0165,0,0.7009,0,train
8877,480,BACARDI USA INC,2024-03-01,15297,172888.12,778.0,0.45,864.55,0.9,0,0,0,0,0,0,,0,0,0.0,0,0.4781,0,train
8878,1189,BULLY BOY DISTILLERS,2024-03-01,36,793.8,3.57,0.4497,3.97,0.9,0,0,0,0,0,0,,0,0,0.0024,0,0.2203,0,train
8888,9819,TREASURY WINE ESTATES,2024-03-01,6688,40254.85,201.27,0.5,201.3,1.0,0,0,0,0,0,0,,0,0,0.0,0,0.4,0,train
8892,4466,AMERICAN VINTAGE BEVERAGE,2024-03-01,117,1096.05,5.15,0.4699,5.48,0.94,0,0,0,0,0,0,,0,0,0.0,0,0.166,0,test
8902,17032,JEWELL TOWNE VINEYARDS,2024-03-01,107,861.65,3.96,0.4596,4.31,0.92,0,0,0,0,0,0,,0,0,0.0,0,0.0482,0,train
8911,2000,SOUTHERN WINE & SPIRITS NE,2024-03-01,5880,56274.03,287.0,0.51,281.41,1.02,0,0,0,0,0,0,,0,0,0.0,0,0.2524,0,train
8912,9260,TY KU LLC,2024-03-01,17,208.18,1.06,0.5092,1.04,1.02,0,0,0,0,0,0,,0,0,0.0,0,0.6273,0,train
8913,1587,VINEYARD BRANDS INC,2024-03-01,1859,13554.46,71.84,0.53,67.78,1.06,0,0,0,0,0,0,,0,0,0.0021,0,0.0709,0,test
8920,8320,SHAW ROSS INT L IMP LTD,2024-03-01,1213,9820.62,45.17,0.46,49.11,0.92,0,0,0,0,0,0,,0,0,0.0,0,0.5226,0,train
8950,2450,DJINN SPIRITS LLC,2024-03-01,51,1114.26,5.68,0.5098,5.57,1.02,0,0,0,0,0,0,,0,0,0.002,0,0.5733,0,train
8964,1650,Circa Wines,2024-03-01,23,171.35,0.84,0.4902,0.86,0.98,0,0,0,0,0,0,,0,0,0.0175,0,0.5638,0,train
8984,90051,FULCHINO VINEYARD INC,2024-03-01,12,120.72,0.59,0.4887,0.6,0.98,0,0,0,0,0,0,,0,0,0.0,0,0.615,0,train
8991,7240,"PREMIUM PORT WINES, INC.",2024-03-01,126,907.47,4.63,0.5102,4.54,1.02,0,0,0,0,0,0,,0,0,0.0,0,0.1698,0,train
8993,90017,THE IMPORTED GRAPE LLC,2024-03-01,45,237.39,1.31,0.5518,1.19,1.1,0,0,0,0,0,0,,0,0,0.0087,0,0.7676,0,test
8994,3664,WILLIAM GRANT & SONS INC,2024-03-01,6231,114517.43,515.33,0.45,572.66,0.9,0,0,0,0,0,0,,0,0,0.0,0,0.8338,0,test
8997,2396,BLACK PRINCE DISTILLERY INC,2024-03-01,22,154.18,0.82,0.5318,0.77,1.06,0,0,0,0,0,0,,0,0,0.022,0,0.9165,0,train
9005,7255,PSP WINES,2024-03-01,429,3731.97,16.79,0.4499,18.66,0.9,0,0,0,0,0,0,,0,0,0.0162,0,0.6331,0,test
9007,98450,Serralles Usa LLC,2024-03-01,119,1648.96,7.42,0.45,8.25,0.9,0,0,0,0,0,0,,0,0,0.0022,0,0.6816,0,train
9009,9819,TREASURY WINE ESTATES,2024-03-01,7508,47024.06,239.82,0.51,235.15,1.02,0,0,0,0,0,0,,0,0,0.0,0,0.8822,0,train
9010,8892,TRINCHERO FAMILY ESTATES,2024-03-01,6475,40115.27,192.55,0.48,200.6,0.96,0,0,0,0,0,0,,0,0,0.0,0,0.6401,0,train
8919,90027,POVERTY LANE ORCHARDS,2024-03-02,60,427.32,2.05,0.4797,2.14,0.96,0,0,0,0,0,0,,0,0,0.0024,0,0.1914,0,train
8926,17037,Dunn Wine Brokers,2024-03-02,72,839.76,4.62,0.5502,4.2,1.1,0,0,0,0,0,0,,0,0,0.0,0,0.0745,0,test
8934,6215,MOONLIGHT MEADERY,2024-03-02,119,1079.47,5.94,0.5503,5.4,1.1,0,0,0,0,0,0,,0,0,0.0,0,0.0576,0,train
8935,7239,REMY COINTREAU USA INC,2024-03-02,1840,39488.94,209.29,0.53,197.47,1.06,0,0,0,0,0,0,,0,0,0.0,0,0.4418,0,train
8945,1128,BROWN-FORMAN CORP,2024-03-02,27342,313177.52,1691.16,0.54,1566.08,1.08,1,0,0,0,0,0,High-value invoice (>= $250K),1,1,0.9888,1,0.7747,0,train
8952,90032,LABELLE VYDS AND WINERY,2024-03-02,132,1417.68,6.8,0.4797,7.09,0.96,0,0,0,0,0,0,,0,0,0.0,0,0.2466,0,test
8956,7245,PROXIMO SPIRITS INC.,2024-03-02,16544,183412.54,917.06,0.5,917.18,1.0,0,0,0,0,0,0,,0,0,0.0067,0,0.4434,0,test
8961,9622,WEIN BAUER INC,2024-03-02,37,705.96,3.53,0.5,3.53,1.0,0,0,0,0,0,0,,0,0,0.0,0,0.1564,0,train
8968,17031,FLAG HILL WINERY & VINEYARD,2024-03-02,268,3911.98,19.17,0.49,19.56,0.98,0,0,0,0,0,0,,0,0,0.0,0,0.0864,0,train
8978,90024,VINILANDIA USA,2024-03-02,465,4008.51,21.25,0.5301,20.05,1.06,0,0,0,0,0,0,,0,0,0.0064,0,0.1483,0,test
9014,1601,VRANKEN AMERICA,2024-03-02,98,1851.91,9.26,0.5,9.26,1.0,0,0,0,0,0,0,,0,0,0.0,0,0.65,0,train
9015,9625,WESTERN SPIRITS BEVERAGE CO,2024-03-02,235,4230.72,23.27,0.55,21.16,1.1,0,0,0,0,0,0,,0,0,0.0575,0,0.7786,0,train
8924,90046,CANDIA VINEYARDS,2024-03-03,57,974.25,4.77,0.4896,4.87,0.98,0,0,0,0,0,0,,0,0,0.0043,0,0.309,0,test
8925,2496,DUGGANS DISTILLED PRODUCTS,2024-03-03,163,2767.13,13.28,0.4799,13.84,0.96,0,0,0,0,0,0,,0,0,0.0024,0,0.2248,0,test
8937,8004,SAZERAC CO INC,2024-03-03,22178,160485.86,722.19,0.45,802.53,0.9,0,0,0,0,0,0,,0,0,0.002,0,0.6487,0,train
8946,1189,BULLY BOY DISTILLERS,2024-03-03,5,110.25,0.54,0.4898,0.55,0.98,0,0,0,0,0,0,,0,0,0.0168,0,0.7328,0,train
8960,8920,TAKARA SAKE USA INC,2024-03-03,229,1058.03,5.18,0.4896,5.29,0.98,0,0,0,0,0,0,,0,0,0.0223,0,0.4676,0,train
8982,90047,CRUSH WINES,2024-03-03,263,2764.29,15.2,0.5499,13.82,1.1,0,0,0,0,0,0,,0,0,0.0,0,0.5255,0,train
8983,9744,FREDERICK WILDMAN & SONS,2024-03-03,784,8062.68,40.31,0.5,40.32,1.0,0,0,0,0,0,0,,0,0,0.0,0,0.3532,0,test
8986,3950,"HOOD RIVER DISTILLERS, Inc.",2024-03-03,13,276.27,1.52,0.5502,1.38,1.1,0,0,0,0,0,0,,0,0,0.0023,0,0.6172,0,test
8989,10754,PERFECTA WINES,2024-03-03,13919,104300.09,490.21,0.47,521.57,0.94,0,0,0,0,0,0,,0,0,0.0022,0,0.8963,0,train
8990,9206,PHILLIPS PRODUCTS CO.,2024-03-03,852,6842.8,36.95,0.54,34.22,1.08,0,0,0,0,0,0,,0,0,0.0022,0,0.5152,0,train
8915,4380,CHARLES JACQUIN ET CIE INC,2024-03-04,572,4700.66,23.97,0.5099,23.51,1.02,0,0,0,0,0,0,,0,0,0.0,0,0.1598,0,test
8936,10050,Russian Standard Vodka,2024-03-04,379,1644.95,8.72,0.5301,8.23,1.06,0,0,1,0,0,0,Unit cost far from vendor norm,0,1,0.9387,1,0.8393,1,train
8963,11567,CAMPARI AMERICA,2024-03-04,12995,135576.01,677.88,0.5,677.96,1.0,0,0,0,0,0,0,,0,0,0.0047,0,0.5701,0,test
8972,7154,PREMIER DISTRIBUTORS,2024-03-04,121,1853.71,8.34,0.4499,9.27,0.9,0,0,0,0,0,0,,0,0,0.0024,0,0.2196,0,train
8980,1003,BRONCO WINE COMPANY,2024-03-04,18,69.12,0.37,0.5353,0.35,1.07,0,0,0,0,0,0,,0,0,0.0589,0,0.9493,0,test
9012,90010,VINEXTRA INC,2024-03-04,96,1106.22,5.53,0.4999,5.53,1.0,0,0,0,0,0,0,,0,0,0.0,0,0.1331,0,train
8916,9552,M S WALKER INC,2024-03-05,33229,203918.36,1121.55,0.55,1019.72,1.1,0,0,0,0,0,0,,0,0,0.0072,0,0.9614,0,test
8918,17035,PERNOD RICARD USA,2024-03-05,41769,729783.09,3940.83,0.54,3649.37,1.08,1,0,0,0,0,0,High-value invoice (>= $250K),1,1,0.992,1,0.9785,0,test
8931,5270,MANGO BOTTLING INC,2024-03-05,1,6.47,0.03,0.4637,0.03,0.93,0,0,0,0,0,0,,0,0,0.0199,0,0.8889,0,train
8941,173357,TAMWORTH DISTILLING,2024-03-05,35,677.95,3.19,0.4705,3.39,0.94,0,0,0,0,0,0,,0,0,0.0,0,0.1615,0,train
8948,2876,CENTEUR IMPORTS LLC,2024-03-05,6,48.3,0.23,0.4762,0.24,0.95,0,0,0,0,0,0,,0,0,0.0022,0,0.6601,0,test
8949,2242,DELICATO VINEYARDS INC,2024-03-05,9006,63875.31,319.38,0.5,319.42,1.0,0,0,0,0,0,0,,0,0,0.0,0,0.4243,0,train
8959,8664,"STOLI GROUP,(USA) LLC",2024-03-05,3317,50461.92,232.12,0.46,252.34,0.92,0,0,0,0,0,0,,0,0,0.0,0,0.2154,0,train
8967,2561,EDRINGTON AMERICAS,2024-03-05,856,26214.27,136.31,0.52,131.09,1.04,0,0,0,0,0,0,,0,0,0.0108,0,0.4487,0,train
8970,4550,KLIN SPIRITS LLC,2024-03-05,111,1561.77,7.81,0.5001,7.81,1.0,0,0,0,0,0,0,,0,0,0.0,0,0.0245,0,train
8977,9260,TY KU LLC,2024-03-05,67,658.55,3.62,0.5497,3.29,1.1,0,0,0,0,0,0,,0,0,0.0,0,0.3749,0,test
8979,105,ALTAMAR BRANDS LLC,2024-03-05,6,214.26,1.11,0.5181,1.07,1.04,0,0,0,0,0,0,,0,0,0.0141,0,0.7463,0,train
8988,6355,NICHE W & S,2024-03-05,13,195.02,0.92,0.4717,0.98,0.94,0,0,0,0,0,0,,0,0,0.0022,0,0.304,0,train
8998,2555,DISARONNO INTERNATIONAL LLC,2024-03-05,2105,24002.56,112.81,0.47,120.03,0.94,0,0,0,0,0,0,,0,0,0.0,0,0.1887,0,train
8914,480,BACARDI USA INC,2024-03-06,13341,148069.14,695.92,0.47,740.44,0.94,0,0,0,0,0,0,,0,0,0.0071,0,0.6069,0,train
8921,653,STATE WINE & SPIRITS,2024-03-06,1807,17908.99,94.92,0.53,89.56,1.06,0,0,0,0,0,0,,0,0,0.011,0,0.4889,0,test
8932,5455,MARSALLE COMPANY,2024-03-06,104,2797.78,13.71,0.49,13.99,0.98,0,0,0,0,0,0,,0,0,0.002,0,0.4914,0,train
8944,1703,ALISA CARR BEVERAGES,2024-03-06,18,1705.68,8.7,0.5101,8.53,1.02,0,0,0,0,0,0,,0,0,0.082,0,0.761,0,train
8947,1485,CASTLE BRANDS CORP.,2024-03-06,2166,34854.21,188.21,0.54,174.29,1.08,0,0,0,0,0,0,,0,0,0.0,0,0.1734,0,train
8957,8150,SEA HAGG DISTILLERY LLC,2024-03-06,130,1729.42,8.65,0.5002,8.65,1.0,0,0,0,0,0,0,,0,0,0.0,0,0.0548,0,train
8958,3089,SIDNEY FRANK IMPORTING CO,2024-03-06,5408,55292.39,248.82,0.45,276.5,0.9,0,0,0,0,0,0,,0,0,0.0,0,0.2769,0,test
8971,4425,MARTIGNETTI COMPANIES,2024-03-06,100,1218.7,6.22,0.5104,6.09,1.02,0,0,0,0,0,0,,0,0,0.0259,0,0.897,0,train
8975,8735,SURVILLE ENTERPRISES CORP,2024-03-06,114,821.8,3.7,0.4502,4.11,0.9,0,0,0,0,0,0,,0,0,0.0022,0,0.0695,0,train
8976,90056,SWEET BABY VINEYARD,2024-03-06,84,700.8,3.15,0.4495,3.5,0.9,0,0,0,0,0,0,,0,0,0.0048,0,0.0711,0,test
8981,1392,CONSTELLATION BRANDS INC,2024-03-06,54005,351339.49,1897.23,0.54,1756.92,1.08,1,0,0,0,0,0,High-value invoice (>= $250K),1,1,0.9975,1,0.842,0,train
8927,1655,FABRIZIA SPIRITS LLC,2024-03-07,226,2338.68,12.16,0.52,11.69,1.04,0,0,0,0,0,0,,0,0,0.0,0,0.0824,0,train
8928,12546,JIM BEAM BRANDS COMPANY,2024-03-07,48620,420607.81,2018.92,0.48,2103.3,0.96,1,0,0,0,0,0,High-value invoice (>= $250K),1,1,0.9939,1,0.9188,0,train
8933,6213,MHW LTD,2024-03-07,4546,31105.97,139.98,0.45,155.55,0.9,0,0,0,0,0,0,,0,0,0.0169,0,0.7472,0,train
8954,5992,MCCORMICK DISTILLING CO,2024-03-07,354,3150.87,16.7,0.53,15.76,1.06,0,0,0,0,0,0,,0,0,0.0,0,0.0489,0,train
8955,6359,OLE SMOKY DISTILLERY LLC,2024-03-07,225,3206.09,17.31,0.5399,16.03,1.08,0,0,0,0,0,0,,0,0,0.0018,0,0.1295,0,test
8965,1590,DIAGEO CHATEAU ESTATE WINES,2024-03-07,1644,11665.46,64.16,0.55,58.33,1.1,0,0,0,0,0,0,,0,0,0.0,0,0.1763,0,train
8966,3960,DIAGEO NORTH AMERICA INC,2024-03-07,92377,834764.05,4006.87,0.48,4174.34,0.96,1,0,0,0,0,0,High-value invoice (>= $250K),1,1,0.9996,1,0.8477,0,test
8973,90026,SILVER MOUNTAIN CIDERS,2024-03-07,5,22.7,0.11,0.4846,0.11,0.97,0,0,0,0,0,0,,0,0,0.0615,0,0.9942,0,train
8995,4466,AMERICAN VINTAGE BEVERAGE,2024-03-07,129,1209.27,5.44,0.4499,6.05,0.9,0,0,0,0,0,0,,0,0,0.0,0,0.2244,0,test
8996,516,BANFI PRODUCTS CORP,2024-03-07,2782,18983.48,98.71,0.52,94.93,1.04,0,0,0,0,0,0,,0,0,0.0022,0,0.0693,0,train
9000,90011,FORTUNE WINE BROKERS LLC,2024-03-07,31,331.38,1.79,0.5402,1.66,1.08,0,0,0,0,0,0,,0,0,0.0,0,0.2396,0,train
9003,6785,PALM BAY INTERNATIONAL INC,2024-03-07,10026,69269.69,332.49,0.48,346.39,0.96,0,0,0,0,0,0,,0,0,0.0,0,0.632,0,train
9017,1128,BROWN-FORMAN CORP,2024-03-07,15019,195521.15,1036.26,0.53,977.73,1.06,0,0,0,0,0,0,,0,0,0.0042,0,0.6865,0,train
9024,4950,LATITUDE BEVERAGE COMPANY,2024-03-07,925,5206.81,25.51,0.4899,26.04,0.98,0,0,0,0,0,0,,0,0,0.0019,0,0.0916,0,train
9035,3252,E & J GALLO WINERY,2024-03-07,27972,196885.44,905.67,0.46,984.55,0.92,0,0,0,0,0,0,,0,0,0.009,0,0.6787,0,test
9040,653,STATE WINE & SPIRITS,2024-03-07,1831,16723.94,86.96,0.52,83.63,1.04,0,0,0,0,0,0,,0,0,0.0,0,0.1005,0,train
9048,17031,FLAG HILL WINERY & VINEYARD,2024-03-07,172,1970.08,10.64,0.5401,9.85,1.08,0,0,0,0,0,0,,0,0,0.0095,0,0.4833,0,test
9050,4425,MARTIGNETTI COMPANIES,2024-03-07,59,750.9,3.68,0.4901,3.75,0.98,0,0,0,0,0,0,,0,0,0.0977,0,0.9421,0,test
9066,90047,CRUSH WINES,2024-03-07,223,2418.93,11.61,0.48,12.1,0.96,0,0,0,0,0,0,,0,0,0.0022,0,0.2758,0,test
9078,2000,SOUTHERN WINE & SPIRITS NE,2024-03-07,4749,40257.84,181.16,0.45,201.31,0.9,0,0,0,0,0,0,,0,0,0.0067,0,0.8973,0,train
9086,2450,DJINN SPIRITS LLC,2024-03-07,35,805.91,3.79,0.4703,4.03,0.94,0,0,0,0,0,0,,0,0,0.0,0,0.6269,0,train
9087,12546,JIM BEAM BRANDS COMPANY,2024-03-07,42366,352234.19,1620.28,0.46,1761.39,0.92,1,0,0,0,0,0,High-value invoice (>= $250K),1,1,0.994,1,0.8934,0,train
9093,28776,TALL SHIP DISTILLERY LLC,2024-03-07,24,519.6,2.75,0.5293,2.6,1.06,0,0,0,0,0,0,,0,0,0.0082,0,0.7178,0,train
8923,1273,CALEDONIA SPIRITS INC,2024-03-08,78,2396.88,11.03,0.4602,11.99,0.92,0,0,0,0,0,0,,0,0,0.0164,0,0.5625,0,test
8940,28776,TALL SHIP DISTILLERY LLC,2024-03-08,11,231.99,1.23,0.5302,1.16,1.06,0,0,0,0,0,0,,0,0,0.0096,0,0.5793,0,test
8951,4692,KOBRAND CORPORATION,2024-03-08,6635,51036.15,275.6,0.54,255.21,1.08,0,0,0,0,0,0,,0,0,0.0045,0,0.4738,0,train
8953,4950,LATITUDE BEVERAGE COMPANY,2024-03-08,2729,14874.03,75.86,0.51,74.38,1.02,0,0,0,0,0,0,,0,0,0.0815,0,0.7889,0,test
8985,3924,HEAVEN HILL DISTILLERIES,2024-03-08,5482,45457.32,218.2,0.48,227.31,0.96,0,0,0,0,0,0,,0,0,0.0,0,0.2713,0,train
9004,7153,PINE STATE TRADING CO,2024-03-08,5596,38942.84,190.82,0.49,194.74,0.98,0,0,0,0,0,0,,0,0,0.0,0,0.4068,0,train
9008,12331,STELLAR IMPORTING CO LLC,2024-03-08,33,235.62,1.06,0.4499,1.18,0.9,0,0,0,0,0,0,,0,0,0.0019,0,0.2432,0,train
9013,1587,VINEYARD BRANDS INC,2024-03-08,7066,37834.58,174.04,0.46,189.2,0.92,0,0,0,0,0,0,,0,0,0.0299,0,0.4557,0,train
9026,6355,NICHE W & S,2024-03-08,6,89.88,0.45,0.5007,0.45,1.0,0,0,0,0,0,0,,0,0,0.0044,0,0.5353,0,train
9027,6359,OLE SMOKY DISTILLERY LLC,2024-03-08,148,2116.62,10.37,0.4899,10.58,0.98,0,0,0,0,0,0,,0,0,0.0,0,0.0161,0,train
9034,4380,CHARLES JACQUIN ET CIE INC,2024-03-08,534,4566.18,24.66,0.5401,22.83,1.08,0,0,0,0,0,0,,0,0,0.0,0,0.0328,0,test
9043,90024,VINILANDIA USA,2024-03-08,898,8065.15,39.52,0.49,40.33,0.98,0,0,0,0,0,0,,0,0,0.0,0,0.052,0,train
9052,660,SAZERAC NORTH AMERICA INC.,2024-03-08,7652,55702.65,295.22,0.53,278.55,1.06,0,0,0,0,0,0,,0,0,0.0,0,0.0888,0,train
9055,8664,"STOLI GROUP,(USA) LLC",2024-03-08,3495,56664.98,305.99,0.54,283.36,1.08,0,0,0,0,0,0,,0,0,0.0,0,0.5017,0,train
9061,3664,WILLIAM GRANT & SONS INC,2024-03-08,5350,113134.5,554.36,0.49,565.74,0.98,0,0,0,0,0,0,,0,0,0.0022,0,0.7496,0,train
9069,8352,LUXCO INC,2024-03-08,4398,34198.36,157.31,0.46,171.01,0.92,0,0,0,0,0,0,,0,0,0.0,0,0.179,0,train
9070,10000,MAJESTIC FINE WINES,2024-03-08,4940,36458.68,164.06,0.45,182.32,0.9,0,0,0,0,0,0,,0,0,0.0,0,0.3835,0,train
9075,7749,R.P.IMPORTS INC,2024-03-08,6,119.94,0.66,0.5503,0.6,1.1,0,0,0,0,0,0,,0,0,0.0835,0,0.79,0,train
9085,2242,DELICATO VINEYARDS INC,2024-03-08,4242,33721.02,158.49,0.47,168.63,0.94,0,0,0,0,0,0,,0,0,0.0,0,0.5409,0,train
9088,5992,MCCORMICK DISTILLING CO,2024-03-08,494,4570.31,23.77,0.5201,22.85,1.04,0,0,0,0,0,0,,0,0,0.0,0,0.1932,0,test
9090,6785,PALM BAY INTERNATIONAL INC,2024-03-08,6720,48878.76,239.51,0.49,244.42,0.98,0,0,0,0,0,0,,0,0,0.0,0,0.4202,0,train
9095,388,ATLANTIC IMPORTING COMPANY,2024-03-08,54,1151.28,6.22,0.5403,5.76,1.08,0,0,0,0,0,0,,0,0,0.0024,0,0.6556,0,train
9105,7239,REMY COINTREAU USA INC,2024-03-08,1712,39089.06,195.45,0.5,195.47,1.0,0,0,0,0,0,0,,0,0,0.0387,0,0.8017,0,train
9107,98450,Serralles Usa LLC,2024-03-08,168,2456.5,12.04,0.4901,12.28,0.98,0,0,0,0,0,0,,0,0,0.002,0,0.333,0,test
9023,4848,LAIRD & CO,2024-03-09,206,1508.95,7.24,0.4798,7.55,0.96,0,0,0,0,0,0,,0,0,0.0,0,0.1066,0,train
9025,8112,MOET HENNESSY USA INC,2024-03-09,3920,67791.83,318.62,0.47,339.0,0.94,0,0,0,0,0,0,,0,0,0.002,0,0.5181,0,train
9028,17035,PERNOD RICARD USA,2024-03-09,24956,373558.63,1718.37,0.46,1868.02,0.92,1,0,0,0,0,0,High-value invoice (>= $250K),1,1,0.9997,1,0.7792,0,train
9047,2561,EDRINGTON AMERICAS,2024-03-09,1166,39079.34,207.12,0.53,195.42,1.06,0,0,0,0,0,0,,0,0,0.0122,0,0.5174,0,train
9056,8735,SURVILLE ENTERPRISES CORP,2024-03-09,50,408.22,2.2,0.5389,2.04,1.08,0,0,0,0,0,0,,0,0,0.0018,0,0.3354,0,train
9060,9622,WEIN BAUER INC,2024-03-09,47,896.76,4.21,0.4695,4.48,0.94,0,0,0,0,0,0,,0,0,0.0,0,0.2814,0,train
9074,7255,PSP WINES,2024-03-09,117,890.43,4.36,0.4897,4.45,0.98,0,0,0,0,0,0,,0,0,0.0022,0,0.6441,0,train
9080,12331,STELLAR IMPORTING CO LLC,2024-03-09,12,85.68,0.4,0.4669,0.43,0.93,0,0,0,0,0,0,,0,0,0.0137,0,0.6139,0,test
9082,1601,VRANKEN AMERICA,2024-03-09,213,5829.75,28.57,0.4901,29.15,0.98,0,0,0,0,0,0,,0,0,0.0182,0,0.7303,0,train
9099,17037,Dunn Wine Brokers,2024-03-09,60,684.0,3.76,0.5497,3.42,1.1,0,0,0,0,0,0,,0,0,0.0,0,0.4433,0,train
9018,3960,DIAGEO NORTH AMERICA INC,2024-03-10,86177,730295.96,3797.54,0.52,3651.93,1.04,1,0,0,0,0,0,High-value invoice (>= $250K),1,1,0.9968,1,0.9356,0,train
9020,4550,KLIN SPIRITS LLC,2024-03-10,181,2546.67,11.97,0.47,12.73,0.94,0,0,0,0,0,0,,0,0,0.0,0,0.2183,0,train
9063,90046,CANDIA VINEYARDS,2024-03-10,24,345.84,1.69,0.4887,1.73,0.98,0,0,0,0,0,0,,0,0,0.0023,0,0.494,0,train
9072,7240,"PREMIUM PORT WINES, INC.",2024-03-10,120,929.4,4.65,0.5003,4.65,1.0,0,0,0,0,0,0,,0,0,0.0,0,0.1597,0,train
9084,11567,CAMPARI AMERICA,2024-03-10,7752,83210.37,374.45,0.45,416.1,0.9,0,0,0,0,0,0,,0,0,0.0,0,0.6403,0,train
9103,5455,MARSALLE COMPANY,2024-03-10,154,3985.74,19.93,0.5,19.93,1.0,0,0,0,0,0,0,,0,0,0.0,0,0.6215,0,train
9106,8150,SEA HAGG DISTILLERY LLC,2024-03-10,158,1787.78,8.76,0.49,8.94,0.98,0,0,0,0,0,0,,0,0,0.0024,0,0.5272,0,train
9108,8320,SHAW ROSS INT L IMP LTD,2024-03-10,1048,9030.46,49.67,0.55,45.16,1.1,0,0,0,0,0,0,,0,0,0.0,0,0.3596,0,train
9031,173357,TAMWORTH DISTILLING,2024-03-11,12,232.44,1.21,0.5206,1.16,1.04,0,0,0,0,0,0,,0,0,0.0087,0,0.5585,0,test
9037,9744,FREDERICK WILDMAN & SONS,2024-03-11,656,6646.77,31.9,0.4799,33.24,0.96,0,0,0,0,0,0,,0,0,0.0,0,0.5129,0,test
9041,9819,TREASURY WINE ESTATES,2024-03-11,5085,30213.67,148.05,0.49,151.09,0.98,0,0,0,0,0,0,,0,0,0.0,0,0.5136,0,train
9049,9552,M S WALKER INC,2024-03-11,21263,147815.75,694.73,0.47,739.17,0.94,0,0,0,0,0,0,,0,0,0.0,0,0.89,0,train
9064,1485,CASTLE BRANDS CORP.,2024-03-11,1493,21806.11,111.21,0.51,109.04,1.02,0,0,0,0,0,0,,0,0,0.0,0,0.4498,0,train
9068,3924,HEAVEN HILL DISTILLERIES,2024-03-11,6997,41070.22,188.92,0.46,205.38,0.92,0,0,0,0,0,0,,0,0,0.002,0,0.5055,0,train
9077,8004,SAZERAC CO INC,2024-03-11,20330,141608.15,665.56,0.47,708.13,0.94,0,0,0,0,0,0,,0,0,0.0,0,0.5127,0,train
9083,1189,BULLY BOY DISTILLERS,2024-03-11,24,529.2,2.65,0.5008,2.65,1.0,0,0,0,0,0,0,,0,0,0.0141,0,0.3458,0,train
9101,90053,INCREDIBREW INC,2024-03-11,56,496.56,2.43,0.4894,2.48,0.98,0,0,0,0,0,0,,0,0,0.0024,0,0.5001,0,test
9110,1587,VINEYARD BRANDS INC,2024-03-11,3477,21766.68,111.01,0.51,108.85,1.02,0,0,0,0,0,0,,0,0,0.0049,0,0.6554,0,test
9022,90032,LABELLE VYDS AND WINERY,2024-03-12,162,1851.4,9.07,0.4899,9.26,0.98,0,0,0,0,0,0,,0,0,0.0,0,0.1463,0,train
9033,4466,AMERICAN VINTAGE BEVERAGE,2024-03-12,147,1377.87,6.61,0.4797,6.89,0.96,0,0,0,0,0,0,,0,0,0.0,0,0.0785,0,test
9039,9206,PHILLIPS PRODUCTS CO.,2024-03-12,871,8157.32,39.97,0.49,40.79,0.98,0,0,0,0,0,0,,0,0,0.0,0,0.0833,0,test
9076,10050,Russian Standard Vodka,2024-03-12,254,1026.55,4.82,0.4695,5.13,0.94,0,0,1,0,0,0,Unit cost far from vendor norm,0,1,0.8736,1,0.6206,1,test
9092,7154,PREMIER DISTRIBUTORS,2024-03-12,125,1909.36,10.12,0.53,9.55,1.06,0,0,0,0,0,0,,0,0,0.0,0,0.0413,0,train
9109,8892,TRINCHERO FAMILY ESTATES,2024-03-12,4998,31176.3,162.12,0.52,155.9,1.04,0,0,0,0,0,0,,0,0,0.0,0,0.2605,0,train
9016,105,ALTAMAR BRANDS LLC,2024-03-13,6,214.26,1.09,0.5087,1.07,1.02,0,0,0,0,0,0,,0,0,0.0086,0,0.742,0,test
9029,3089,SIDNEY FRANK IMPORTING CO,2024-03-13,4513,41457.36,223.87,0.54,207.31,1.08,0,0,0,0,0,0,,0,0,0.0,0,0.2558,0,train
9038,10754,PERFECTA WINES,2024-03-13,10096,80831.73,387.99,0.48,404.21,0.96,0,0,0,0,0,0,,0,0,0.0063,0,0.8862,0,test
9042,90010,VINEXTRA INC,2024-03-13,57,545.58,2.62,0.4802,2.73,0.96,0,0,0,0,0,0,,0,0,0.0311,0,0.7721,0,train
9045,9815,WINE GROUP INC,2024-03-13,15777,94686.98,511.31,0.54,473.49,1.08,0,0,0,0,0,0,,0,0,0.0024,0,0.669,0,train
9051,6215,MOONLIGHT MEADERY,2024-03-13,72,646.08,3.3,0.5108,3.23,1.02,0,0,0,0,0,0,,0,0,0.0,0,0.2306,0,train
9054,8673,STE MICHELLE WINE ESTATES,2024-03-13,5743,39969.19,207.84,0.52,199.87,1.04,0,0,0,0,0,0,,0,0,0.0,0,0.4281,0,train
9065,1392,CONSTELLATION BRANDS INC,2024-03-13,36477,246611.41,1233.06,0.5,1233.21,1.0,0,0,0,0,0,0,,0,0,0.1645,0,0.7213,0,train
9073,7245,PROXIMO SPIRITS INC.,2024-03-13,14656,178499.09,874.65,0.49,892.61,0.98,0,0,0,0,0,0,,0,0,0.0025,0,0.4018,0,train
9079,8663,STAR INDUSTRIES INC.,2024-03-13,5,82.05,0.38,0.4631,0.41,0.93,0,0,0,0,0,0,,0,0,0.0024,0,0.5856,0,train
9081,9165,ULTRA BEVERAGE COMPANY LLP,2024-03-13,14363,175289.35,788.8,0.45,876.56,0.9,0,0,0,0,0,0,,0,0,0.0107,0,0.9394,0,train
9094,9751,VINEDREA WINES LLC,2024-03-13,12,272.64,1.31,0.4805,1.36,0.96,0,0,0,0,0,0,,0,0,0.0,0,0.4867,0,train
9100,90011,FORTUNE WINE BROKERS LLC,2024-03-13,44,469.38,2.3,0.49,2.35,0.98,0,0,0,0,0,0,,0,0,0.0024,0,0.1977,0,train
9104,4425,MARTIGNETTI COMPANIES,2024-03-13,31903,281229.61,1490.52,0.53,1406.32,1.06,1,0,0,0,0,0,High-value invoice (>= $250K),1,1,0.9965,1,0.9668,0,train
9021,4692,KOBRAND CORPORATION,2024-03-14,3808,31057.88,164.61,0.53,155.31,1.06,0,0,0,0,0,0,,0,0,0.0,0,0.6558,0,train
9030,28750,SMOKY QUARTZ DISTILLERY LLC,2024-03-14,12,258.36,1.32,0.5109,1.29,1.02,0,0,0,0,0,0,,0,0,0.0084,0,0.6478,0,train
9036,1655,FABRIZIA SPIRITS LLC,2024-03-14,255,2538.84,13.46,0.5302,12.7,1.06,0,0,0,0,0,0,,0,0,0.0044,0,0.2715,0,train
9044,9625,WESTERN SPIRITS BEVERAGE CO,2024-03-14,141,2577.34,13.4,0.5199,12.89,1.04,0,0,0,0,0,0,,0,0,0.058,0,0.727,0,test
9046,516,BANFI PRODUCTS CORP,2024-03-14,2627,17693.86,79.62,0.45,88.48,0.9,0,0,0,0,0,0,,0,0,0.0,0,0.1494,0,train
9053,17033,SEA BREEZE CELLARS LLC,2024-03-14,24,230.48,1.18,0.512,1.15,1.02,0,0,0,0,0,0,,0,0,0.0047,0,0.5815,0,train
9071,90027,POVERTY LANE ORCHARDS,2024-03-14,60,381.0,1.98,0.5197,1.91,1.04,0,0,0,0,0,0,,0,0,0.0,0,0.344,0,train
9111,90058,ZORVINO VINEYARDS,2024-03-14,192,1511.52,8.31,0.5498,7.56,1.1,0,0,0,0,0,0,,0,0,0.0,0,0.0493,0,train
9120,10000,MAJESTIC FINE WINES,2024-03-14,5467,40919.79,204.6,0.5,204.62,1.0,0,0,0,0,0,0,,0,0,0.0,0,0.2259,0,test
9121,5455,MARSALLE COMPANY,2024-03-14,179,4476.4,24.62,0.55,22.38,1.1,0,0,0,0,0,0,,0,0,0.0047,0,0.219,0,train
9131,105,ALTAMAR BRANDS LLC,2024-03-14,3,107.13,0.57,0.5321,0.54,1.06,0,0,0,0,0,0,,0,0,0.0257,0,0.7117,0,test
9132,516,BANFI PRODUCTS CORP,2024-03-14,3027,21072.23,109.58,0.52,105.37,1.04,0,0,0,0,0,0,,0,0,0.0022,0,0.0687,0,test
9138,4550,KLIN SPIRITS LLC,2024-03-14,151,2172.1,11.08,0.5101,10.86,1.02,0,0,0,0,0,0,,0,0,0.0,0,0.0846,0,train
9143,6785,PALM BAY INTERNATIONAL INC,2024-03-14,5312,39056.87,183.57,0.47,195.31,0.94,0,0,0,0,0,0,,0,0,0.0,0,0.2221,0,train
9144,90027,POVERTY LANE ORCHARDS,2024-03-14,143,1020.25,5.31,0.5205,5.1,1.04,0,0,0,0,0,0,,0,0,0.0092,0,0.4862,0,train
9183,2561,EDRINGTON AMERICAS,2024-03-14,946,29350.99,137.95,0.47,146.77,0.94,0,0,0,0,0,0,,0,0,0.1318,0,0.7868,0,train
9191,12331,STELLAR IMPORTING CO LLC,2024-03-14,36,202.32,0.95,0.4696,1.01,0.94,0,0,0,0,0,0,,0,0,0.0021,0,0.9529,0,train
9197,4380,CHARLES JACQUIN ET CIE INC,2024-03-14,671,5800.34,30.16,0.52,29.01,1.04,0,0,0,0,0,0,,0,0,0.0022,0,0.6186,0,test
9019,3950,"HOOD RIVER DISTILLERS, Inc.",2024-03-15,18,388.44,1.98,0.5097,1.94,1.02,0,0,0,0,0,0,,0,0,0.0625,0,0.788,0,train
9032,90057,WALPOLE MTN VIEW WINERY,2024-03-15,12,156.12,0.73,0.4676,0.78,0.94,0,0,0,0,0,0,,0,0,0.0,0,0.773,0,train
9057,90056,SWEET BABY VINEYARD,2024-03-15,272,2257.1,12.19,0.5401,11.29,1.08,0,0,0,0,0,0,,0,0,0.0,0,0.2421,0,test
9058,8920,TAKARA SAKE USA INC,2024-03-15,99,653.81,3.27,0.5001,3.27,1.0,0,0,0,0,0,0,,0,0,0.007,0,0.635,0,train
9059,9260,TY KU LLC,2024-03-15,84,970.32,5.05,0.5204,4.85,1.04,0,0,0,0,0,0,,0,0,0.0042,0,0.3181,0,train
9062,480,BACARDI USA INC,2024-03-15,12618,137129.12,699.36,0.51,685.73,1.02,0,0,0,0,0,0,,0,0,0.0046,0,0.5723,0,train
9067,2496,DUGGANS DISTILLED PRODUCTS,2024-03-15,104,1737.58,8.34,0.48,8.69,0.96,0,0,0,0,0,0,,0,0,0.0,0,0.0718,0,train
9089,6213,MHW LTD,2024-03-15,4293,29660.18,151.27,0.51,148.32,1.02,0,0,0,0,0,0,,0,0,0.0022,0,0.2298,0,train
9091,7153,PINE STATE TRADING CO,2024-03-15,4978,34428.27,182.47,0.53,172.16,1.06,0,0,0,0,0,0,,0,0,0.0017,0,0.4038,0,train
9096,1273,CALEDONIA SPIRITS INC,2024-03-15,30,880.8,4.05,0.4598,4.4,0.92,0,0,0,0,0,0,,0,0,0.087,0,0.6302,0,test
9097,1590,DIAGEO CHATEAU ESTATE WINES,2024-03-15,1923,15325.04,68.96,0.45,76.63,0.9,0,0,0,0,0,0,,0,0,0.0,0,0.1387,0,train
9098,2555,DISARONNO INTERNATIONAL LLC,2024-03-15,1515,15011.21,79.56,0.53,75.07,1.06,0,0,0,0,0,0,,0,0,0.0,0,0.0285,0,test
9102,17032,JEWELL TOWNE VINEYARDS,2024-03-15,48,382.32,1.87,0.4891,1.91,0.98,0,0,0,0,0,0,,0,0,0.0,0,0.5151,0,train
9127,90056,SWEET BABY VINEYARD,2024-03-15,310,2572.01,13.89,0.54,12.86,1.08,0,0,0,0,0,0,,0,0,0.0,0,0.0114,0,train
9145,7154,PREMIER DISTRIBUTORS,2024-03-15,108,1526.22,8.39,0.5497,7.63,1.1,0,0,0,0,0,0,,0,0,0.0,0,0.1077,0,train
9147,28776,TALL SHIP DISTILLERY LLC,2024-03-15,36,750.12,3.53,0.4706,3.75,0.94,0,0,0,0,0,0,,0,0,0.0,0,0.2553,0,test
9163,1265,BLACK ROCK SPIRITS LLC,2024-03-15,1,14.05,0.07,0.4982,0.07,1.0,0,0,0,0,0,0,,0,0,0.011,0,0.8721,0,train
9170,3950,"HOOD RIVER DISTILLERS, Inc.",2024-03-15,5,107.9,0.51,0.4727,0.54,0.95,0,0,0,0,0,0,,0,0,0.0,0,0.7108,0,test
9174,8320,SHAW ROSS INT L IMP LTD,2024-03-15,1021,8457.72,38.06,0.45,42.29,0.9,0,0,0,0,0,0,,0,0,0.007,0,0.6946,0,train
9208,2000,SOUTHERN WINE & SPIRITS NE,2024-03-15,4631,35842.96,179.21,0.5,179.24,1.0,0,0,0,0,0,0,,0,0,0.004,0,0.6841,0,train
9119,9552,M S WALKER INC,2024-03-16,20549,147984.0,665.93,0.45,740.01,0.9,0,0,0,0,0,0,,0,0,0.0,0,0.8255,0,train
9134,1392,CONSTELLATION BRANDS INC,2024-03-16,34613,227509.18,1023.79,0.45,1137.69,0.9,0,0,0,0,0,0,,0,0,0.0111,0,0.8358,0,train
9139,4950,LATITUDE BEVERAGE COMPANY,2024-03-16,1118,6225.39,30.5,0.4899,31.13,0.98,0,0,0,0,0,0,,0,0,0.007,0,0.5658,0,train
9148,9165,ULTRA BEVERAGE COMPANY LLP,2024-03-16,13004,177584.33,905.68,0.51,888.03,1.02,0,0,0,0,0,0,,0,0,0.0071,0,0.8387,0,train
9159,98450,Serralles Usa LLC,2024-03-16,205,2997.2,14.39,0.4801,14.99,0.96,0,0,0,0,0,0,,0,0,0.0,0,0.0507,0,train
9160,8664,"STOLI GROUP,(USA) LLC",2024-03-16,2729,40998.15,204.99,0.5,205.02,1.0,0,0,0,0,0,0,,0,0,0.0,0,0.4351,0,train
9168,2555,DISARONNO INTERNATIONAL LLC,2024-03-16,1082,11239.14,51.7,0.46,56.2,0.92,0,0,0,0,0,0,,0,0,0.0,0,0.4265,0,train
9171,8112,MOET HENNESSY USA INC,2024-03-16,4186,78589.73,353.65,0.45,393.0,0.9,0,0,0,0,0,0,,0,0,0.0022,0,0.4757,0,train
9173,7245,PROXIMO SPIRITS INC.,2024-03-16,9426,96735.15,503.02,0.52,483.74,1.04,0,0,0,0,0,0,,0,0,0.0022,0,0.3287,0,train
9178,9622,WEIN BAUER INC,2024-03-16,53,1011.24,5.26,0.5202,5.06,1.04,0,0,0,0,0,0,,0,0,0.0022,0,0.1943,0,train
9179,3664,WILLIAM GRANT & SONS INC,2024-03-16,4209,75690.31,408.73,0.54,378.5,1.08,0,0,0,0,0,0,,0,0,0.0,0,0.4203,0,train
9180,4466,AMERICAN VINTAGE BEVERAGE,2024-03-16,211,1979.33,9.5,0.48,9.9,0.96,0,0,0,0,0,0,,0,0,0.0,0,0.1434,0,train
9200,2450,DJINN SPIRITS LLC,2024-03-16,18,329.4,1.48,0.4493,1.65,0.9,0,0,0,0,0,0,,0,0,0.0067,0,0.7334,0,train
9206,7240,"PREMIUM PORT WINES, INC.",2024-03-16,147,1079.52,5.83,0.5401,5.4,1.08,0,0,0,0,0,0,,0,0,0.0,0,0.3056,0,test
9210,8892,TRINCHERO FAMILY ESTATES,2024-03-16,4424,26775.85,123.17,0.46,133.9,0.92,0,0,0,0,0,0,,0,0,0.0092,0,0.901,0,test
9113,480,BACARDI USA INC,2024-03-17,12843,145436.94,741.73,0.51,727.27,1.02,0,0,0,0,0,0,,0,0,0.002,0,0.8878,0,train
9125,3089,SIDNEY FRANK IMPORTING CO,2024-03-17,3064,22442.92,109.97,0.49,112.23,0.98,0,0,0,0,0,0,,0,0,0.0,0,0.4149,0,train
9126,28750,SMOKY QUARTZ DISTILLERY LLC,2024-03-17,13,270.75,1.27,0.4691,1.35,0.94,0,0,0,0,0,0,,0,0,0.0039,0,0.641,0,train
9149,1601,VRANKEN AMERICA,2024-03-17,31,587.3,3.05,0.5193,2.94,1.04,0,0,0,0,0,0,,0,0,0.0096,0,0.403,0,test
9154,4425,MARTIGNETTI COMPANIES,2024-03-17,58,819.54,4.34,0.5296,4.1,1.06,0,0,0,0,0,0,,0,0,0.0506,0,0.9632,0,train
9156,17035,PERNOD RICARD USA,2024-03-17,26938,364414.82,1676.31,0.46,1822.3,0.92,1,0,0,0,0,0,High-value invoice (>= $250K),1,1,0.9997,1,0.8797,0,train
9172,7153,PINE STATE TRADING CO,2024-03-17,4977,36173.12,191.72,0.53,180.89,1.06,0,0,0,0,0,0,,0,0,0.0,0,0.7225,0,test
9176,90017,THE IMPORTED GRAPE LLC,2024-03-17,12,48.6,0.26,0.535,0.24,1.07,0,0,0,0,0,0,,0,0,0.0515,0,0.9666,0,train
9181,1128,BROWN-FORMAN CORP,2024-03-17,14855,170276.77,902.47,0.53,851.49,1.06,0,0,0,0,0,0,,0,0,0.0085,0,0.8367,0,train
9182,17037,Dunn Wine Brokers,2024-03-17,47,535.8,2.79,0.5207,2.68,1.04,0,0,0,0,0,0,,0,0,0.0091,0,0.5649,0,test
9189,10050,Russian Standard Vodka,2024-03-17,392,1760.53,7.92,0.4499,8.8,0.9,0,0,1,0,0,0,Unit cost far from vendor norm,0,1,0.9776,1,0.7202,1,train
9201,1655,FABRIZIA SPIRITS LLC,2024-03-17,148,1435.58,7.18,0.5001,7.18,1.0,0,0,0,0,0,0,,0,0,0.007,0,0.7839,0,train
9207,8150,SEA HAGG DISTILLERY LLC,2024-03-17,73,803.53,3.86,0.4804,4.02,0.96,0,0,0,0,0,0,,0,0,0.0105,0,0.4815,0,train
9115,1485,CASTLE BRANDS CORP.,2024-03-18,1429,19867.87,89.41,0.45,99.35,0.9,0,0,0,0,0,0,,0,0,0.0022,0,0.3769,0,train
9136,2496,DUGGANS DISTILLED PRODUCTS,2024-03-18,134,2241.06,10.31,0.4601,11.21,0.92,0,0,0,0,0,0,,0,0,0.0,0,0.5089,0,test
9146,653,STATE WINE & SPIRITS,2024-03-18,3674,34692.66,169.99,0.49,173.48,0.98,0,0,0,0,0,0,,0,0,0.0,0,0.2897,0,train
9152,90053,INCREDIBREW INC,2024-03-18,35,303.58,1.37,0.4513,1.52,0.9,0,0,0,0,0,0,,0,0,0.0,0,0.2511,0,train
9169,3252,E & J GALLO WINERY,2024-03-18,24381,163113.82,799.26,0.49,815.67,0.98,0,0,0,0,0,0,,0,0,0.0,0,0.7918,0,train
9188,6359,OLE SMOKY DISTILLERY LLC,2024-03-18,215,3053.3,16.18,0.5299,15.27,1.06,0,0,0,0,0,0,,0,0,0.0,0,0.1084,0,train
9194,90024,VINILANDIA USA,2024-03-18,892,8232.01,38.69,0.47,41.17,0.94,0,0,0,0,0,0,,0,0,0.0,0,0.2473,0,test
9209,9819,TREASURY WINE ESTATES,2024-03-18,8410,53093.04,276.08,0.52,265.5,1.04,0,0,0,0,0,0,,0,0,0.0,0,0.413,0,train
9117,17032,JEWELL TOWNE VINEYARDS,2024-03-19,48,383.64,2.07,0.5396,1.92,1.08,0,0,0,0,0,0,,0,0,0.0,0,0.2165,0,train
9118,12546,JIM BEAM BRANDS COMPANY,2024-03-19,43098,404299.74,1900.21,0.47,2021.75,0.94,1,0,0,0,0,0,High-value invoice (>= $250K),1,1,0.9969,1,0.8283,0,train
9122,7255,PSP WINES,2024-03-19,176,1247.24,5.86,0.4698,6.24,0.94,0,0,0,0,0,0,,0,0,0.0,0,0.1472,0,train
9162,2396,BLACK PRINCE DISTILLERY INC,2024-03-19,18,113.34,0.51,0.45,0.57,0.9,0,0,0,0,0,0,,0,0,0.0199,0,0.7693,0,test
9165,11567,CAMPARI AMERICA,2024-03-19,10094,66991.8,321.56,0.48,335.0,0.96,0,0,0,0,0,0,,0,0,0.002,0,0.2401,0,test
9187,4848,LAIRD & CO,2024-03-19,153,1285.12,6.81,0.5299,6.43,1.06,0,0,0,0,0,0,,0,0,0.0131,0,0.3132,0,train
9190,8663,STAR INDUSTRIES INC.,2024-03-19,6,98.46,0.51,0.518,0.49,1.04,0,0,0,0,0,0,,0,0,0.0,0,0.5295,0,train
9196,1273,CALEDONIA SPIRITS INC,2024-03-19,43,1293.63,6.34,0.4901,6.47,0.98,0,0,0,0,0,0,,0,0,0.0374,0,0.2825,0,test
9198,90047,CRUSH WINES,2024-03-19,383,4162.53,22.06,0.53,20.82,1.06,0,0,0,0,0,0,,0,0,0.0045,0,0.1241,0,train
9212,90010,VINEXTRA INC,2024-03-19,70,891.84,4.01,0.4496,4.46,0.9,0,0,0,0,0,0,,0,0,0.0044,0,0.2652,0,test
9130,9625,WESTERN SPIRITS BEVERAGE CO,2024-03-20,140,2154.95,11.42,0.5299,10.78,1.06,0,0,0,0,0,0,,0,0,0.0131,0,0.4525,0,train
9135,2242,DELICATO VINEYARDS INC,2024-03-20,3842,32299.41,171.19,0.53,161.52,1.06,0,0,0,0,0,0,,0,0,0.0,0,0.1239,0,train
9140,4425,MARTIGNETTI COMPANIES,2024-03-20,48908,414544.2,1865.45,0.45,2072.98,0.9,1,0,0,0,0,0,High-value invoice (>= $250K),1,1,0.9975,1,0.9933,0,train
9151,90046,CANDIA VINEYARDS,2024-03-20,23,334.11,1.5,0.449,1.67,0.9,0,0,0,0,0,0,,0,0,0.002,0,0.3554,0,train
9155,10754,PERFECTA WINES,2024-03-20,9437,94060.62,517.33,0.55,470.36,1.1,0,0,0,0,0,0,,0,0,0.0,0,0.7828,0,test
9157,8004,SAZERAC CO INC,2024-03-20,21127,156297.38,781.49,0.5,781.58,1.0,0,0,0,0,0,0,,0,0,0.0,0,0.3807,0,train
9158,17033,SEA BREEZE CELLARS LLC,2024-03-20,50,974.64,4.97,0.5099,4.87,1.02,0,0,0,0,0,0,,0,0,0.0045,0,0.5093,0,train
9161,8735,SURVILLE ENTERPRISES CORP,2024-03-20,54,467.76,2.48,0.5302,2.34,1.06,0,0,0,0,0,0,,0,0,0.0,0,0.1838,0,train
9164,1003,BRONCO WINE COMPANY,2024-03-20,12,31.44,0.14,0.4453,0.16,0.89,0,0,1,0,0,0,Unit cost far from vendor norm,0,1,0.9307,1,0.891,1,train
9193,173357,TAMWORTH DISTILLING,2024-03-20,25,484.25,2.28,0.4708,2.42,0.94,0,0,0,0,0,0,,0,0,0.0042,0,0.2053,0,test
9195,90058,ZORVINO VINEYARDS,2024-03-20,154,1192.15,6.56,0.5503,5.96,1.1,0,0,0,0,0,0,,0,0,0.0,0,0.1828,0,test
9202,17031,FLAG HILL WINERY & VINEYARD,2024-03-20,331,5866.33,27.57,0.47,29.34,0.94,0,0,0,0,0,0,,0,0,0.0,0,0.4505,0,train
9211,9260,TY KU LLC,2024-03-20,51,567.27,3.01,0.5306,2.84,1.06,0,0,0,0,0,0,,0,0,0.0,0,0.0817,0,train
9116,3924,HEAVEN HILL DISTILLERIES,2024-03-21,5124,39037.09,195.19,0.5,195.21,1.0,0,0,0,0,0,0,,0,0,0.0,0,0.368,0,train
9128,9751,VINEDREA WINES LLC,2024-03-21,13,295.36,1.42,0.4808,1.48,0.96,0,0,0,0,0,0,,0,0,0.067,0,0.8138,0,test
9129,1587,VINEYARD BRANDS INC,2024-03-21,4655,25608.64,128.04,0.5,128.06,1.0,0,0,0,0,0,0,,0,0,0.0189,0,0.6332,0,train
9133,1650,Circa Wines,2024-03-21,5,225.15,1.15,0.5108,1.13,1.02,0,0,1,0,0,0,Unit cost far from vendor norm,0,1,0.8756,1,0.9975,1,train
9137,90011,FORTUNE WINE BROKERS LLC,2024-03-21,34,246.92,1.33,0.5386,1.23,1.08,0,0,0,0,0,0,,0,0,0.0073,0,0.5802,0,train
9142,6215,MOONLIGHT MEADERY,2024-03-21,108,968.56,4.65,0.4801,4.84,0.96,0,0,0,0,0,0,,0,0,0.0,0,0.3177,0,train
9153,8352,LUXCO INC,2024-03-21,3814,29404.46,155.84,0.53,147.04,1.06,0,0,0,0,0,0,,0,0,0.0021,0,0.1285,0,test
9167,1590,DIAGEO CHATEAU ESTATE WINES,2024-03-21,1684,13960.12,68.4,0.49,69.81,0.98,0,0,0,0,0,0,,0,0,0.0022,0,0.1452,0,train
9175,8673,STE MICHELLE WINE ESTATES,2024-03-21,4986,36046.31,176.63,0.49,180.25,0.98,0,0,0,0,0,0,,0,0,0.0,0,0.1268,0,train
9177,90037,THE PIERPONT GROUP LLC,2024-03-21,28,398.83,2.03,0.509,1.99,1.02,0,0,0,0,0,0,,0,0,0.0536,0,0.7355,0,test
9184,9744,FREDERICK WILDMAN & SONS,2024-03-21,791,8341.36,44.21,0.53,41.71,1.06,0,0,0,0,0,0,,0,0,0.0,0,0.144,0,train
9185,4692,KOBRAND CORPORATION,2024-03-21,2960,27471.41,140.1,0.51,137.37,1.02,0,0,0,0,0,0,,0,0,0.0,0,0.1106,0,train
9192,8920,TAKARA SAKE USA INC,2024-03-21,169,899.29,4.68,0.5204,4.5,1.04,0,0,0,0,0,0,,0,0,0.0022,0,0.0978,0,train
9199,3960,DIAGEO NORTH AMERICA INC,2024-03-21,81147,676529.18,3044.38,0.45,3383.07,0.9,1,0,0,0,0,0,High-value invoice (>= $250K),1,1,0.9996,1,0.8486,0,train
9227,9819,TREASURY WINE ESTATES,2024-03-21,6199,37825.11,208.04,0.55,189.15,1.1,0,0,0,0,0,0,,0,0,0.0,0,0.33,0,test
9231,3924,HEAVEN HILL DISTILLERIES,2024-03-21,4847,39368.55,204.72,0.52,196.87,1.04,0,0,0,0,0,0,,0,0,0.0,0,0.042,0,test
9235,6213,MHW LTD,2024-03-21,2854,22288.34,106.98,0.48,111.46,0.96,0,0,0,0,0,0,,0,0,0.0,0,0.3007,0,train
9239,8735,SURVILLE ENTERPRISES CORP,2024-03-21,73,622.5,3.05,0.49,3.11,0.98,0,0,0,0,0,0,,0,0,0.0,0,0.3267,0,test
9243,1703,ALISA CARR BEVERAGES,2024-03-21,2,189.52,0.99,0.5224,0.95,1.04,0,0,0,0,0,0,,0,0,0.1474,0,0.8519,0,test
9260,3252,E & J GALLO WINERY,2024-03-21,21411,140925.87,718.72,0.51,704.72,1.02,0,0,0,0,0,0,,0,0,0.0,0,0.7729,0,train
9269,8150,SEA HAGG DISTILLERY LLC,2024-03-21,181,2178.37,9.8,0.4499,10.89,0.9,0,0,0,0,0,0,,0,0,0.0,0,0.214,0,test
9271,8663,STAR INDUSTRIES INC.,2024-03-21,25,410.25,2.05,0.4997,2.05,1.0,0,0,0,0,0,0,,0,0,0.0052,0,0.8356,0,train
9274,9751,VINEDREA WINES LLC,2024-03-21,1,22.72,0.12,0.5282,0.11,1.06,0,0,0,0,0,0,,0,0,0.0163,0,0.8658,0,train
9287,90051,FULCHINO VINEYARD INC,2024-03-21,12,120.72,0.64,0.5302,0.6,1.06,0,0,0,0,0,0,,0,0,0.0022,0,0.6964,0,test
9292,7153,PINE STATE TRADING CO,2024-03-21,6314,40752.55,207.84,0.51,203.79,1.02,0,0,0,0,0,0,,0,0,0.0016,0,0.7444,0,train
9299,90024,VINILANDIA USA,2024-03-21,563,5609.43,28.61,0.51,28.05,1.02,0,0,0,0,0,0,,0,0,0.0023,0,0.5066,0,train
9310,7240,"PREMIUM PORT WINES, INC.",2024-03-21,132,972.75,4.67,0.4801,4.86,0.96,0,0,0,0,0,0,,0,0,0.0066,0,0.5695,0,train
9311,7245,PROXIMO SPIRITS INC.,2024-03-21,9257,90775.1,472.03,0.52,453.93,1.04,0,0,0,0,0,0,,0,0,0.0064,0,0.8559,0,train
9112,388,ATLANTIC IMPORTING COMPANY,2024-03-22,36,812.6,4.31,0.5304,4.06,1.06,0,0,0,0,0,0,,0,0,0.0086,0,0.6127,0,train
9114,1189,BULLY BOY DISTILLERS,2024-03-22,12,264.6,1.46,0.5518,1.32,1.1,0,0,0,0,0,0,,0,0,0.0514,0,0.917,0,train
9123,7239,REMY COINTREAU USA INC,2024-03-22,2396,55858.34,273.71,0.49,279.33,0.98,0,0,0,0,0,0,,0,0,0.0559,0,0.9455,0,test
9124,660,SAZERAC NORTH AMERICA INC.,2024-03-22,7586,54664.94,256.93,0.47,273.36,0.94,0,0,0,0,0,0,,0,0,0.0122,0,0.9206,0,train
9141,6213,MHW LTD,2024-03-22,4435,30827.07,169.55,0.55,154.15,1.1,0,0,0,0,0,0,,0,0,0.0045,0,0.6437,0,train
9150,9815,WINE GROUP INC,2024-03-22,15115,88478.31,442.39,0.5,442.45,1.0,0,0,0,0,0,0,,0,0,0.0023,0,0.6904,0,train
9166,2876,CENTEUR IMPORTS LLC,2024-03-22,10,80.2,0.43,0.5362,0.4,1.07,0,0,0,0,0,0,,0,0,0.0,0,0.648,0,train
9186,90032,LABELLE VYDS AND WINERY,2024-03-22,225,2519.07,11.59,0.4601,12.6,0.92,0,0,0,0,0,0,,0,0,0.0,0,0.0121,0,test
9203,5992,MCCORMICK DISTILLING CO,2024-03-22,377,3591.95,17.96,0.5,17.96,1.0,0,0,0,0,0,0,,0,0,0.0,0,0.039,0,train
9204,6355,NICHE W & S,2024-03-22,20,305.2,1.56,0.5111,1.53,1.02,0,0,0,0,0,0,,0,0,0.0159,0,0.3123,0,train
9205,9206,PHILLIPS PRODUCTS CO.,2024-03-22,1023,8851.95,47.8,0.54,44.27,1.08,0,0,0,0,0,0,,0,0,0.0,0,0.1275,0,train
9214,2396,BLACK PRINCE DISTILLERY INC,2024-03-22,22,224.62,1.17,0.5209,1.12,1.04,0,0,1,0,0,0,Unit cost far from vendor norm,0,1,0.7317,1,0.8856,1,test
9221,6785,PALM BAY INTERNATIONAL INC,2024-03-22,5862,41486.04,207.43,0.5,207.46,1.0,0,0,0,0,0,0,,0,0,0.0,0,0.0664,0,train
9229,1265,BLACK ROCK SPIRITS LLC,2024-03-22,1,14.05,0.07,0.4982,0.07,1.0,0,0,0,0,0,0,,0,0,0.0045,0,0.7833,0,train
9257,1189,BULLY BOY DISTILLERS,2024-03-22,42,926.1,5.0,0.5399,4.63,1.08,0,0,0,0,0,0,,0,0,0.0,0,0.2253,0,train
9258,2242,DELICATO VINEYARDS INC,2024-03-22,3242,27465.37,142.82,0.52,137.34,1.04,0,0,0,0,0,0,,0,0,0.0,0,0.0855,0,train
9261,17032,JEWELL TOWNE VINEYARDS,2024-03-22,108,816.12,3.75,0.4595,4.08,0.92,0,0,0,0,0,0,,0,0,0.0,0,0.1063,0,test
9264,5455,MARSALLE COMPANY,2024-03-22,64,1673.76,8.37,0.5001,8.37,1.0,0,0,0,0,0,0,,0,0,0.0,0,0.4766,0,train
9276,3664,WILLIAM GRANT & SONS INC,2024-03-22,3138,58560.22,281.09,0.48,292.84,0.96,0,0,0,0,0,0,,0,0,0.0,0,0.6807,0,train
9286,90011,FORTUNE WINE BROKERS LLC,2024-03-22,12,149.88,0.72,0.4804,0.75,0.96,0,0,0,0,0,0,,0,0,0.0078,0,0.7714,0,train
9291,17035,PERNOD RICARD USA,2024-03-22,23183,318218.51,1591.09,0.5,1591.29,1.0,1,0,0,0,0,0,High-value invoice (>= $250K),1,1,0.9904,1,0.9089,0,train
9298,9165,ULTRA BEVERAGE COMPANY LLP,2024-03-22,11560,141718.8,651.91,0.46,708.68,0.92,0,0,0,0,0,0,,0,0,0.0022,0,0.9459,0,test
9307,4848,LAIRD & CO,2024-03-22,229,2356.06,12.25,0.5199,11.78,1.04,0,0,0,0,0,0,,0,0,0.0,0,0.6762,0,train
9309,4425,MARTIGNETTI COMPANIES,2024-03-22,32193,290103.52,1537.55,0.53,1450.7,1.06,1,0,0,0,0,0,High-value invoice (>= $250K),1,1,0.9885,1,0.9906,0,train
9213,480,BACARDI USA INC,2024-03-23,13411,131921.07,712.37,0.54,659.69,1.08,0,0,0,0,0,0,,0,0,0.0022,0,0.5847,0,train
9225,12331,STELLAR IMPORTING CO LLC,2024-03-23,24,134.88,0.69,0.5116,0.67,1.02,0,0,0,0,0,0,,0,0,0.0045,0,0.829,0,train
9226,8920,TAKARA SAKE USA INC,2024-03-23,153,689.55,3.1,0.4496,3.45,0.9,0,0,0,0,0,0,,0,0,0.0138,0,0.7749,0,train
9237,98450,Serralles Usa LLC,2024-03-23,164,2387.29,11.22,0.47,11.94,0.94,0,0,0,0,0,0,,0,0,0.0,0,0.0382,0,test
9244,4466,AMERICAN VINTAGE BEVERAGE,2024-03-23,161,1510.69,6.95,0.4601,7.55,0.92,0,0,0,0,0,0,,0,0,0.0,0,0.1236,0,train
9252,8112,MOET HENNESSY USA INC,2024-03-23,4072,71771.06,380.39,0.53,358.9,1.06,0,0,0,0,0,0,,0,0,0.0,0,0.4716,0,test
9262,4692,KOBRAND CORPORATION,2024-03-23,2554,25795.42,118.66,0.46,128.99,0.92,0,0,0,0,0,0,,0,0,0.0,0,0.4378,0,test
9265,9206,PHILLIPS PRODUCTS CO.,2024-03-23,965,8553.54,39.35,0.46,42.77,0.92,0,0,0,0,0,0,,0,0,0.0,0,0.2822,0,train
9272,8892,TRINCHERO FAMILY ESTATES,2024-03-23,4689,29095.29,151.3,0.52,145.49,1.04,0,0,0,0,0,0,,0,0,0.0,0,0.4317,0,train
9277,9815,WINE GROUP INC,2024-03-23,13056,78626.74,416.72,0.53,393.18,1.06,0,0,0,0,0,0,,0,0,0.0,0,0.733,0,test
9301,516,BANFI PRODUCTS CORP,2024-03-23,2910,18325.33,89.79,0.49,91.64,0.98,0,0,0,0,0,0,,0,0,0.0,0,0.442,0,train
9305,12546,JIM BEAM BRANDS COMPANY,2024-03-23,40321,333536.88,1834.45,0.55,1667.89,1.1,1,0,0,0,0,0,High-value invoice (>= $250K),1,1,0.9983,1,0.884,0,train
9217,4550,KLIN SPIRITS LLC,2024-03-24,130,1829.1,8.23,0.4499,9.15,0.9,0,0,0,0,0,0,,0,0,0.0022,0,0.449,0,train
9218,9552,M S WALKER INC,2024-03-24,20303,141641.88,750.7,0.53,708.3,1.06,0,0,0,0,0,0,,0,0,0.0,0,0.923,0,train
9223,660,SAZERAC NORTH AMERICA INC.,2024-03-24,6792,49123.1,270.18,0.55,245.65,1.1,0,0,0,0,0,0,,0,0,0.0,0,0.4725,0,train
9248,2561,EDRINGTON AMERICAS,2024-03-24,930,27042.94,129.81,0.48,135.23,0.96,0,0,0,0,0,0,,0,0,0.0066,0,0.5261,0,train
9255,90057,WALPOLE MTN VIEW WINERY,2024-03-24,12,137.16,0.66,0.4812,0.69,0.96,0,0,0,0,0,0,,0,0,0.0,0,0.484,0,train
9266,90027,POVERTY LANE ORCHARDS,2024-03-24,84,592.68,3.26,0.55,2.96,1.1,0,0,0,0,0,0,,0,0,0.0,0,0.306,0,train
9275,1601,VRANKEN AMERICA,2024-03-24,78,1829.14,8.23,0.4499,9.15,0.9,0,0,0,0,0,0,,0,0,0.002,0,0.6506,0,train
9282,1650,Circa Wines,2024-03-24,90,1071.48,4.93,0.4601,5.36,0.92,0,0,0,0,0,0,,0,0,0.0042,0,0.6574,0,train
9285,2496,DUGGANS DISTILLED PRODUCTS,2024-03-24,99,1624.59,8.61,0.53,8.12,1.06,0,0,0,0,0,0,,0,0,0.0,0,0.4535,0,train
9288,10000,MAJESTIC FINE WINES,2024-03-24,4333,31783.84,168.45,0.53,158.94,1.06,0,0,0,0,0,0,,0,0,0.0,0,0.5385,0,train
9290,10754,PERFECTA WINES,2024-03-24,7077,70042.4,378.23,0.54,350.26,1.08,0,0,0,0,0,0,,0,0,0.0,0,0.934,0,train
9215,1128,BROWN-FORMAN CORP,2024-03-25,13010,164097.83,804.08,0.49,820.59,0.98,0,0,0,0,0,0,,0,0,0.0022,0,0.7332,0,train
9234,5992,MCCORMICK DISTILLING CO,2024-03-25,399,3525.75,15.87,0.4501,17.63,0.9,0,0,0,0,0,0,,0,0,0.0,0,0.2201,0,train
9246,4380,CHARLES JACQUIN ET CIE INC,2024-03-25,579,5399.01,28.61,0.5299,27.0,1.06,0,0,0,0,0,0,,0,0,0.0,0,0.1957,0,train
9249,1655,FABRIZIA SPIRITS LLC,2024-03-25,161,1436.52,7.76,0.5402,7.18,1.08,0,0,0,0,0,0,,0,0,0.0067,0,0.2156,0,train
9250,3950,"HOOD RIVER DISTILLERS, Inc.",2024-03-25,18,337.2,1.75,0.519,1.69,1.04,0,0,0,0,0,0,,0,0,0.0114,0,0.4021,0,test
9251,90053,INCREDIBREW INC,2024-03-25,35,303.82,1.52,0.5003,1.52,1.0,0,0,0,0,0,0,,0,0,0.0,0,0.2345,0,train
9270,8320,SHAW ROSS INT L IMP LTD,2024-03-25,956,7928.7,40.44,0.51,39.65,1.02,0,0,0,0,0,0,,0,0,0.0,0,0.1689,0,train
9273,9260,TY KU LLC,2024-03-25,46,635.28,3.24,0.51,3.18,1.02,0,0,0,0,0,0,,0,0,0.0024,0,0.4429,0,test
9279,1273,CALEDONIA SPIRITS INC,2024-03-25,79,2478.42,13.14,0.5302,12.39,1.06,0,0,0,0,0,0,,0,0,0.0065,0,0.3762,0,test
9280,90046,CANDIA VINEYARDS,2024-03-25,48,483.0,2.32,0.4803,2.42,0.96,0,0,0,0,0,0,,0,0,0.0,0,0.3491,0,train
9216,2450,DJINN SPIRITS LLC,2024-03-26,6,129.48,0.65,0.502,0.65,1.0,0,0,0,0,0,0,,0,0,0.0099,0,0.853,0,train
9220,6359,OLE SMOKY DISTILLERY LLC,2024-03-26,194,2740.27,13.7,0.5,13.7,1.0,0,0,0,0,0,0,,0,0,0.0,0,0.332,0,train
9228,388,ATLANTIC IMPORTING COMPANY,2024-03-26,84,2422.0,11.38,0.4699,12.11,0.94,0,0,0,0,0,0,,0,0,0.0114,0,0.8153,0,train
9236,7239,REMY COINTREAU USA INC,2024-03-26,1947,46108.69,235.15,0.51,230.57,1.02,0,0,0,0,0,0,,0,0,0.0,0,0.3439,0,test
9267,7154,PREMIER DISTRIBUTORS,2024-03-26,66,1046.34,5.02,0.4798,5.23,0.96,0,0,0,0,0,0,,0,0,0.0,0,0.0944,0,train
9284,1590,DIAGEO CHATEAU ESTATE WINES,2024-03-26,1193,9646.22,53.05,0.55,48.24,1.1,0,0,0,0,0,0,,0,0,0.0,0,0.4034,0,train
9293,17033,SEA BREEZE CELLARS LLC,2024-03-26,23,255.3,1.33,0.521,1.28,1.04,0,0,0,0,0,0,,0,0,0.0073,0,0.7525,0,train
9295,90056,SWEET BABY VINEYARD,2024-03-26,143,1197.74,6.11,0.5101,5.99,1.02,0,0,0,0,0,0,,0,0,0.0,0,0.1319,0,train
9297,90017,THE IMPORTED GRAPE LLC,2024-03-26,22,114.18,0.55,0.4817,0.57,0.96,0,0,0,0,0,0,,0,0,0.0124,0,0.7638,0,train
9303,17037,Dunn Wine Brokers,2024-03-26,20,228.0,1.03,0.4518,1.14,0.9,0,0,0,0,0,0,,0,0,0.0048,0,0.3541,0,train
9304,17031,FLAG HILL WINERY & VINEYARD,2024-03-26,534,7239.07,39.09,0.54,36.2,1.08,0,0,0,0,0,0,,0,0,0.0025,0,0.1286,0,test
9233,4425,MARTIGNETTI COMPANIES,2024-03-27,22,682.0,3.27,0.4795,3.41,0.96,0,0,1,0,0,0,Unit cost far from vendor norm,0,1,0.8102,1,0.9986,1,train
9238,3089,SIDNEY FRANK IMPORTING CO,2024-03-27,2525,21473.87,118.11,0.55,107.38,1.1,0,0,0,0,0,0,,0,0,0.0,0,0.1146,0,train
9240,173357,TAMWORTH DISTILLING,2024-03-27,91,1762.67,7.93,0.4499,8.81,0.9,0,0,0,0,0,0,,0,0,0.0,0,0.4548,0,train
9242,90058,ZORVINO VINEYARDS,2024-03-27,130,1163.59,5.24,0.4503,5.82,0.9,0,0,0,0,0,0,,0,0,0.0,0,0.0906,0,train
9245,11567,CAMPARI AMERICA,2024-03-27,10252,57451.19,270.02,0.47,287.29,0.94,0,0,0,0,0,0,,0,0,0.0113,0,0.5737,0,train
9259,2555,DISARONNO INTERNATIONAL LLC,2024-03-27,1324,14815.94,74.08,0.5,74.09,1.0,0,0,0,0,0,0,,0,0,0.0,0,0.1389,0,train
9263,8352,LUXCO INC,2024-03-27,3579,26996.71,137.68,0.51,135.0,1.02,0,0,0,0,0,0,,0,0,0.0,0,0.0861,0,train
9268,7255,PSP WINES,2024-03-27,147,1057.0,5.71,0.5402,5.29,1.08,0,0,0,0,0,0,,0,0,0.0138,0,0.1283,0,train
9314,653,STATE WINE & SPIRITS,2024-03-27,1260,12183.49,62.14,0.51,60.93,1.02,0,0,0,0,0,0,,0,0,0.011,0,0.3238,0,train
9222,10050,Russian Standard Vodka,2024-03-28,156,2315.03,11.81,0.5101,11.58,1.02,0,0,0,0,0,0,,0,0,0.0,0,0.0812,0,train
9232,4950,LATITUDE BEVERAGE COMPANY,2024-03-28,798,4467.86,21.0,0.47,22.34,0.94,0,0,0,0,0,0,,0,0,0.0186,0,0.1701,0,test
9241,90010,VINEXTRA INC,2024-03-28,66,514.2,2.78,0.5406,2.57,1.08,0,0,0,0,0,0,,0,0,0.0707,0,0.7148,0,test
9253,8673,STE MICHELLE WINE ESTATES,2024-03-28,3644,26275.16,136.63,0.52,131.39,1.04,0,0,0,0,0,0,,0,0,0.0,0,0.5407,0,train
9254,1587,VINEYARD BRANDS INC,2024-03-28,2534,15031.42,76.66,0.51,75.17,1.02,0,0,0,0,0,0,,0,0,0.0023,0,0.1607,0,train
9256,9625,WESTERN SPIRITS BEVERAGE CO,2024-03-28,166,2842.69,14.5,0.5101,14.22,1.02,0,0,0,0,0,0,,0,0,0.0,0,0.407,0,train
9278,1003,BRONCO WINE COMPANY,2024-03-28,24,146.58,0.72,0.4912,0.73,0.98,0,0,0,0,0,0,,0,0,0.004,0,0.3893,0,train
9283,1392,CONSTELLATION BRANDS INC,2024-03-28,27345,173680.82,885.77,0.51,868.51,1.02,0,0,0,0,0,0,,0,0,0.002,0,0.7036,0,test
9289,6215,MOONLIGHT MEADERY,2024-03-28,36,333.84,1.74,0.5212,1.67,1.04,0,0,0,0,0,0,,0,0,0.0089,0,0.0835,0,train
9302,3960,DIAGEO NORTH AMERICA INC,2024-03-28,81771,645253.01,3032.69,0.47,3226.67,0.94,1,0,0,0,0,0,High-value invoice (>= $250K),1,1,0.9974,1,0.8429,0,test
9308,5270,MANGO BOTTLING INC,2024-03-28,6,45.04,0.23,0.5107,0.23,1.02,0,0,0,0,0,0,,0,0,0.0259,0,0.6837,0,train
9313,2000,SOUTHERN WINE & SPIRITS NE,2024-03-28,6000,55828.91,284.73,0.51,279.18,1.02,0,0,0,0,0,0,,0,0,0.0,0,0.1155,0,train
9315,90037,THE PIERPONT GROUP LLC,2024-03-28,32,367.31,1.76,0.4792,1.84,0.96,0,0,0,0,0,0,,0,0,0.0045,0,0.5131,0,train
9329,8892,TRINCHERO FAMILY ESTATES,2024-03-28,4601,28943.94,141.83,0.49,144.74,0.98,0,0,0,0,0,0,,0,0,0.0024,0,0.1182,0,train
9330,11567,CAMPARI AMERICA,2024-03-28,8195,56623.14,271.79,0.48,283.15,0.96,0,0,0,0,0,0,,0,0,0.0,0,0.2443,0,train
9376,4950,LATITUDE BEVERAGE COMPANY,2024-03-28,801,4444.76,22.67,0.51,22.23,1.02,0,0,0,0,0,0,,0,0,0.0159,0,0.6594,0,train
9387,9625,WESTERN SPIRITS BEVERAGE CO,2024-03-28,162,2861.6,14.59,0.5099,14.31,1.02,0,0,0,0,0,0,,0,0,0.0587,0,0.9024,0,train
9397,17032,JEWELL TOWNE VINEYARDS,2024-03-28,60,518.76,2.54,0.4896,2.59,0.98,0,0,0,0,0,0,,0,0,0.0043,0,0.8108,0,train
9411,9260,TY KU LLC,2024-03-28,25,473.25,2.32,0.4902,2.37,0.98,0,0,0,0,0,0,,0,0,0.1863,0,0.9239,0,train
9219,6355,NICHE W & S,2024-03-29,6,91.56,0.49,0.5352,0.46,1.07,0,0,0,0,0,0,,0,0,0.0439,0,0.8151,0,train
9224,28750,SMOKY QUARTZ DISTILLERY LLC,2024-03-29,75,1623.39,7.47,0.4601,8.12,0.92,0,0,0,0,0,0,,0,0,0.0071,0,0.6143,0,train
9230,9744,FREDERICK WILDMAN & SONS,2024-03-29,648,10407.07,57.24,0.55,52.04,1.1,0,0,0,0,0,0,,0,0,0.0038,0,0.7429,0,train
9247,90047,CRUSH WINES,2024-03-29,639,8671.54,45.96,0.53,43.36,1.06,0,0,0,0,0,0,,0,0,0.0043,0,0.398,0,test
9281,1485,CASTLE BRANDS CORP.,2024-03-29,937,13661.96,65.58,0.48,68.32,0.96,0,0,0,0,0,0,,0,0,0.0,0,0.2416,0,test
9294,8664,"STOLI GROUP,(USA) LLC",2024-03-29,2671,43603.15,218.02,0.5,218.04,1.0,0,0,0,0,0,0,,0,0,0.0045,0,0.6285,0,train
9296,28776,TALL SHIP DISTILLERY LLC,2024-03-29,12,249.12,1.35,0.5419,1.25,1.08,0,0,0,0,0,0,,0,0,0.0022,0,0.3603,0,test
9300,9622,WEIN BAUER INC,2024-03-29,54,1030.32,5.67,0.5503,5.15,1.1,0,0,0,0,0,0,,0,0,0.0047,0,0.1634,0,test
9306,90032,LABELLE VYDS AND WINERY,2024-03-29,144,1541.4,8.17,0.53,7.71,1.06,0,0,0,0,0,0,,0,0,0.0152,0,0.4822,0,train
9312,8004,SAZERAC CO INC,2024-03-29,17574,110768.59,509.54,0.46,553.91,0.92,0,0,0,0,0,0,,0,0,0.0045,0,0.3911,0,test
9317,2396,BLACK PRINCE DISTILLERY INC,2024-03-29,22,154.18,0.83,0.5383,0.77,1.08,0,0,0,0,0,0,,0,0,0.018,0,0.7146,0,test
9326,7154,PREMIER DISTRIBUTORS,2024-03-29,119,1640.83,8.2,0.4997,8.21,1.0,0,0,0,0,0,0,,0,0,0.0,0,0.0336,0,train
9336,4550,KLIN SPIRITS LLC,2024-03-29,77,1083.39,5.31,0.4901,5.42,0.98,0,0,0,0,0,0,,0,0,0.0,0,0.138,0,train
9358,2242,DELICATO VINEYARDS INC,2024-03-29,3291,27920.25,134.02,0.48,139.62,0.96,0,0,0,0,0,0,,0,0,0.0,0,0.169,0,test
9361,4848,LAIRD & CO,2024-03-29,135,1177.37,5.77,0.4901,5.89,0.98,0,0,0,0,0,0,,0,0,0.0,0,0.4894,0,train
9365,8004,SAZERAC CO INC,2024-03-29,17653,104643.36,481.36,0.46,523.28,0.92,0,0,0,0,0,0,,0,0,0.0022,0,0.7678,0,train
9381,28750,SMOKY QUARTZ DISTILLERY LLC,2024-03-29,36,775.08,4.26,0.5496,3.88,1.1,0,0,0,0,0,0,,0,0,0.0022,0,0.7503,0,train
9384,9751,VINEDREA WINES LLC,2024-03-29,6,136.32,0.74,0.5428,0.68,1.09,0,0,0,0,0,0,,0,0,0.0018,0,0.8109,0,train
9395,90011,FORTUNE WINE BROKERS LLC,2024-03-29,93,733.77,3.6,0.4906,3.67,0.98,0,0,0,0,0,0,,0,0,0.0043,0,0.6125,0,train
9398,12546,JIM BEAM BRANDS COMPANY,2024-03-29,42045,337334.88,1787.87,0.53,1686.88,1.06,1,0,0,0,0,0,High-value invoice (>= $250K),1,1,0.9906,1,0.9156,0,train
9338,6213,MHW LTD,2024-03-30,2578,24504.72,127.42,0.52,122.54,1.04,0,0,0,0,0,0,,0,0,0.0,0,0.2159,0,train
9354,12331,STELLAR IMPORTING CO LLC,2024-03-30,267,2583.12,12.14,0.47,12.92,0.94,0,0,0,0,0,0,,0,0,0.0232,0,0.9195,0,test
9357,388,ATLANTIC IMPORTING COMPANY,2024-03-30,42,895.44,4.84,0.5405,4.48,1.08,0,0,0,0,0,0,,0,0,0.0,0,0.5546,0,test
9363,4425,MARTIGNETTI COMPANIES,2024-03-30,269,2868.35,14.92,0.5202,14.34,1.04,0,0,0,0,0,0,,0,0,0.0284,0,0.9352,0,train
9367,28776,TALL SHIP DISTILLERY LLC,2024-03-30,24,511.68,2.56,0.5003,2.56,1.0,0,0,0,0,0,0,,0,0,0.0,0,0.427,0,train
9372,2496,DUGGANS DISTILLED PRODUCTS,2024-03-30,118,1956.14,10.56,0.5398,9.78,1.08,0,0,0,0,0,0,,0,0,0.002,0,0.2017,0,train
9385,90010,VINEXTRA INC,2024-03-30,68,725.48,3.92,0.5403,3.63,1.08,0,0,0,0,0,0,,0,0,0.0022,0,0.6576,0,test
9386,9622,WEIN BAUER INC,2024-03-30,60,1144.8,5.27,0.4603,5.72,0.92,0,0,0,0,0,0,,0,0,0.0,0,0.383,0,test
9401,10754,PERFECTA WINES,2024-03-30,6257,51255.14,235.77,0.46,256.31,0.92,0,0,0,0,0,0,,0,0,0.0017,0,0.9244,0,train
9328,98450,Serralles Usa LLC,2024-03-31,89,1268.56,6.6,0.5203,6.34,1.04,0,0,0,0,0,0,,0,0,0.0044,0,0.4893,0,train
9341,8663,STAR INDUSTRIES INC.,2024-03-31,2,32.82,0.18,0.5484,0.16,1.1,0,0,0,0,0,0,,0,0,0.021,0,0.8183,0,train
9344,90056,SWEET BABY VINEYARD,2024-03-31,129,1090.8,5.45,0.4996,5.45,1.0,0,0,0,0,0,0,,0,0,0.0,0,0.2242,0,train
9359,2555,DISARONNO INTERNATIONAL LLC,2024-03-31,1350,14004.63,63.02,0.45,70.03,0.9,0,0,0,0,0,0,,0,0,0.0022,0,0.4393,0,train
9369,9819,TREASURY WINE ESTATES,2024-03-31,6141,32794.21,150.85,0.46,163.99,0.92,0,0,0,0,0,0,,0,0,0.016,0,0.5822,0,train
9371,4466,AMERICAN VINTAGE BEVERAGE,2024-03-31,176,1649.2,8.91,0.5403,8.25,1.08,0,0,0,0,0,0,,0,0,0.0,0,0.3448,0,train
9377,8112,MOET HENNESSY USA INC,2024-03-31,3430,70566.24,331.66,0.47,352.87,0.94,0,0,0,0,0,0,,0,0,0.0,0,0.6994,0,train
9403,7153,PINE STATE TRADING CO,2024-03-31,4729,31813.61,146.34,0.46,159.09,0.92,0,0,0,0,0,0,,0,0,0.0,0,0.7519,0,train
9406,10050,Russian Standard Vodka,2024-03-31,72,322.56,1.68,0.5208,1.61,1.04,0,0,1,0,0,0,Unit cost far from vendor norm,0,1,0.8718,1,0.9091,1,train
9409,8735,SURVILLE ENTERPRISES CORP,2024-03-31,83,693.24,3.54,0.5106,3.47,1.02,0,0,0,0,0,0,,0,0,0.0,0,0.2939,0,train
9410,8920,TAKARA SAKE USA INC,2024-03-31,171,920.13,4.78,0.5195,4.6,1.04,0,0,0,0,0,0,,0,0,0.0,0,0.5952,0,train
9319,4380,CHARLES JACQUIN ET CIE INC,2024-04-01,521,4340.54,20.83,0.4799,21.71,0.96,0,0,0,0,0,0,,0,0,0.0,0,0.1492,0,train
9322,8352,LUXCO INC,2024-04-01,3774,29583.0,142.0,0.48,147.93,0.96,0,0,0,0,0,0,,0,0,0.0,0,0.366,0,train
9333,2450,DJINN SPIRITS LLC,2024-04-01,12,199.92,1.1,0.5502,1.0,1.1,0,0,0,0,0,0,,0,0,0.0071,0,0.4604,0,train
9337,4692,KOBRAND CORPORATION,2024-04-01,2594,23906.57,119.53,0.5,119.55,1.0,0,0,0,0,0,0,,0,0,0.0,0,0.3159,0,train
9339,17035,PERNOD RICARD USA,2024-04-01,21462,280795.82,1460.14,0.52,1404.15,1.04,1,0,0,0,0,0,High-value invoice (>= $250K),1,1,0.9913,1,0.8481,0,train
9340,3089,SIDNEY FRANK IMPORTING CO,2024-04-01,2331,19262.4,98.24,0.51,96.32,1.02,0,0,0,0,0,0,,0,0,0.0,0,0.3983,0,train
9346,90024,VINILANDIA USA,2024-04-01,536,4981.54,23.41,0.4699,24.91,0.94,0,0,0,0,0,0,,0,0,0.0039,0,0.1862,0,train
9347,9815,WINE GROUP INC,2024-04-01,13355,79751.99,438.64,0.55,398.81,1.1,0,0,0,0,0,0,,0,0,0.0048,0,0.6278,0,train
9348,1273,CALEDONIA SPIRITS INC,2024-04-01,45,1374.6,7.42,0.5398,6.87,1.08,0,0,0,0,0,0,,0,0,0.0223,0,0.3395,0,train
9350,4425,MARTIGNETTI COMPANIES,2024-04-01,33233,292322.07,1461.61,0.5,1461.79,1.0,1,0,0,0,0,0,High-value invoice (>= $250K),1,1,0.9909,1,0.9811,0,train
9364,7240,"PREMIUM PORT WINES, INC.",2024-04-01,162,1155.51,5.55,0.4803,5.78,0.96,0,0,0,0,0,0,,0,0,0.0,0,0.0556,0,train
9382,2000,SOUTHERN WINE & SPIRITS NE,2024-04-01,4456,43440.11,234.58,0.54,217.23,1.08,0,0,0,0,0,0,,0,0,0.0,0,0.4474,0,train
9383,90017,THE IMPORTED GRAPE LLC,2024-04-01,105,503.94,2.52,0.5001,2.52,1.0,0,0,0,0,0,0,,0,0,0.0271,0,0.8793,0,train
9394,17037,Dunn Wine Brokers,2024-04-01,59,719.76,3.24,0.4502,3.6,0.9,0,0,0,0,0,0,,0,0,0.0023,0,0.4272,0,train
9396,3950,"HOOD RIVER DISTILLERS, Inc.",2024-04-01,29,625.82,3.19,0.5097,3.13,1.02,0,0,0,0,0,0,,0,0,0.0025,0,0.5827,0,train
9404,7255,PSP WINES,2024-04-01,108,712.2,3.7,0.5195,3.56,1.04,0,0,0,0,0,0,,0,0,0.0049,0,0.4959,0,train
9405,7239,REMY COINTREAU USA INC,2024-04-01,1988,47069.42,254.17,0.54,235.38,1.08,0,0,0,0,0,0,,0,0,0.0,0,0.5762,0,train
9408,17033,SEA BREEZE CELLARS LLC,2024-04-01,18,505.56,2.28,0.451,2.53,0.9,0,0,1,0,0,0,Unit cost far from vendor norm,0,1,0.8572,1,0.9208,1,train
9412,9165,ULTRA BEVERAGE COMPANY LLP,2024-04-01,11200,143620.79,732.47,0.51,718.19,1.02,0,0,0,0,0,0,,0,0,0.0046,0,0.8562,0,train
9413,1587,VINEYARD BRANDS INC,2024-04-01,2287,14870.15,78.81,0.53,74.36,1.06,0,0,0,0,0,0,,0,0,0.0,0,0.5281,0,test
9320,3960,DIAGEO NORTH AMERICA INC,2024-04-02,80495,604197.73,2900.15,0.48,3021.36,0.96,1,0,0,0,0,0,High-value invoice (>= $250K),1,1,0.9797,1,0.9426,0,test
9323,9552,M S WALKER INC,2024-04-02,20092,153107.58,734.92,0.48,765.63,0.96,0,0,0,0,0,0,,0,0,0.0,0,0.8831,0,train
9334,2561,EDRINGTON AMERICAS,2024-04-02,951,26168.64,120.38,0.46,130.86,0.92,0,0,0,0,0,0,,0,0,0.0179,0,0.6276,0,train
9335,17031,FLAG HILL WINERY & VINEYARD,2024-04-02,253,3581.66,17.91,0.5,17.91,1.0,0,0,0,0,0,0,,0,0,0.0,0,0.1351,0,train
9352,6359,OLE SMOKY DISTILLERY LLC,2024-04-02,125,1783.42,8.56,0.48,8.92,0.96,0,0,0,0,0,0,,0,0,0.0023,0,0.0218,0,train
9360,3924,HEAVEN HILL DISTILLERIES,2024-04-02,5104,37985.47,186.13,0.49,189.95,0.98,0,0,0,0,0,0,,0,0,0.0,0,0.0642,0,train
9375,9744,FREDERICK WILDMAN & SONS,2024-04-02,686,7811.59,38.28,0.49,39.06,0.98,0,0,0,0,0,0,,0,0,0.0,0,0.1622,0,test
9378,6215,MOONLIGHT MEADERY,2024-04-02,72,619.68,2.97,0.4793,3.1,0.96,0,0,0,0,0,0,,0,0,0.0,0,0.0523,0,train
9379,6830,PARK STREET IMPORTS LLC,2024-04-02,6,162.72,0.83,0.5101,0.81,1.02,0,0,0,0,0,0,,0,0,0.0976,0,0.8521,0,test
9389,480,BACARDI USA INC,2024-04-02,12719,137470.25,714.85,0.52,687.44,1.04,0,0,0,0,0,0,,0,0,0.0047,0,0.6922,0,test
9391,1189,BULLY BOY DISTILLERS,2024-04-02,12,264.6,1.22,0.4611,1.32,0.92,0,0,0,0,0,0,,0,0,0.0106,0,0.3908,0,test
9393,90047,CRUSH WINES,2024-04-02,225,2509.67,11.29,0.4499,12.55,0.9,0,0,0,0,0,0,,0,0,0.0,0,0.1257,0,train
9316,516,BANFI PRODUCTS CORP,2024-04-03,2194,15426.4,77.13,0.5,77.14,1.0,0,0,0,0,0,0,,0,0,0.0,0,0.3964,0,train
9325,90027,POVERTY LANE ORCHARDS,2024-04-03,48,336.96,1.79,0.5312,1.69,1.06,0,0,0,0,0,0,,0,0,0.0022,0,0.4122,0,train
9356,90058,ZORVINO VINEYARDS,2024-04-03,141,1122.39,5.61,0.4998,5.61,1.0,0,0,0,0,0,0,,0,0,0.0069,0,0.0137,0,train
9362,5455,MARSALLE COMPANY,2024-04-03,80,1935.2,9.68,0.5002,9.68,1.0,0,0,0,0,0,0,,0,0,0.0072,0,0.5685,0,train
9366,8673,STE MICHELLE WINE ESTATES,2024-04-03,3744,25958.49,137.58,0.53,129.81,1.06,0,0,0,0,0,0,,0,0,0.0022,0,0.1671,0,train
9370,3664,WILLIAM GRANT & SONS INC,2024-04-03,3900,73646.97,368.23,0.5,368.28,1.0,0,0,0,0,0,0,,0,0,0.0,0,0.1625,0,train
9388,1703,ALISA CARR BEVERAGES,2024-04-03,8,623.36,2.93,0.47,3.12,0.94,0,0,0,0,0,0,,0,0,0.0628,0,0.573,0,train
9390,1128,BROWN-FORMAN CORP,2024-04-03,13312,158392.02,712.76,0.45,792.06,0.9,0,0,0,0,0,0,,0,0,0.0101,0,0.6525,0,train
9399,10000,MAJESTIC FINE WINES,2024-04-03,4403,33682.3,158.31,0.47,168.43,0.94,0,0,0,0,0,0,,0,0,0.0,0,0.0337,0,train
9402,9206,PHILLIPS PRODUCTS CO.,2024-04-03,848,12692.19,68.54,0.54,63.47,1.08,0,0,0,0,0,0,,0,0,0.0,0,0.208,0,train
9407,660,SAZERAC NORTH AMERICA INC.,2024-04-03,7124,51309.31,241.15,0.47,256.58,0.94,0,0,0,0,0,0,,0,0,0.0,0,0.0496,0,train
9318,1003,BRONCO WINE COMPANY,2024-04-04,6,35.7,0.2,0.5602,0.18,1.12,0,0,0,0,0,0,,0,0,0.0256,0,0.8346,0,train
9321,90032,LABELLE VYDS AND WINERY,2024-04-04,108,1167.72,5.25,0.4496,5.84,0.9,0,0,0,0,0,0,,0,0,0.0084,0,0.1306,0,test
9331,1392,CONSTELLATION BRANDS INC,2024-04-04,32632,200462.77,922.13,0.46,1002.44,0.92,0,0,0,0,0,0,,0,0,0.0022,0,0.805,0,train
9332,1590,DIAGEO CHATEAU ESTATE WINES,2024-04-04,1395,10713.13,52.49,0.49,53.57,0.98,0,0,0,0,0,0,,0,0,0.0,0,0.3078,0,train
9342,653,STATE WINE & SPIRITS,2024-04-04,1838,18861.84,90.54,0.48,94.32,0.96,0,0,0,0,0,0,,0,0,0.0263,0,0.7689,0,test
9345,172662,SWEETWATER FARM,2024-04-04,297,6546.39,34.7,0.5301,32.74,1.06,0,0,0,0,0,0,,0,0,0.0201,0,0.8669,0,train
9349,90053,INCREDIBREW INC,2024-04-04,36,312.24,1.53,0.49,1.56,0.98,0,0,0,0,0,0,,0,0,0.002,0,0.0796,0,test
9351,5992,MCCORMICK DISTILLING CO,2024-04-04,279,2715.34,12.49,0.46,13.58,0.92,0,0,0,0,0,0,,0,0,0.0,0,0.0193,0,train
9353,8320,SHAW ROSS INT L IMP LTD,2024-04-04,977,8083.94,37.99,0.4699,40.42,0.94,0,0,0,0,0,0,,0,0,0.0018,0,0.2459,0,train
9355,1601,VRANKEN AMERICA,2024-04-04,63,1218.93,5.85,0.4799,6.1,0.96,0,0,0,0,0,0,,0,0,0.0024,0,0.0568,0,train
9373,3252,E & J GALLO WINERY,2024-04-04,22760,151855.6,728.91,0.48,759.37,0.96,0,0,0,0,0,0,,0,0,0.0045,0,0.6704,0,test
9374,1655,FABRIZIA SPIRITS LLC,2024-04-04,239,2204.84,9.92,0.4499,11.03,0.9,0,0,0,0,0,0,,0,0,0.0113,0,0.5867,0,train
9414,1703,ALISA CARR BEVERAGES,2024-04-04,74,5803.08,30.18,0.5201,29.02,1.04,0,0,0,0,0,0,,0,0,0.2127,0,0.989,0,test
9421,4550,KLIN SPIRITS LLC,2024-04-04,100,1407.0,7.46,0.5302,7.04,1.06,0,0,0,0,0,0,,0,0,0.0093,0,0.177,0,test
9423,5992,MCCORMICK DISTILLING CO,2024-04-04,295,2924.96,16.09,0.5501,14.63,1.1,0,0,0,0,0,0,,0,0,0.0024,0,0.0873,0,train
9424,6215,MOONLIGHT MEADERY,2024-04-04,61,545.96,2.89,0.5293,2.73,1.06,0,0,0,0,0,0,,0,0,0.0022,0,0.0144,0,test
9444,8892,TRINCHERO FAMILY ESTATES,2024-04-04,8313,51982.8,259.91,0.5,259.95,1.0,0,0,0,0,0,0,,0,0,0.0022,0,0.2295,0,train
9448,3664,WILLIAM GRANT & SONS INC,2024-04-04,5712,137338.89,672.96,0.49,686.78,0.98,0,0,0,0,0,0,,0,0,0.0018,0,0.6688,0,train
9456,90051,FULCHINO VINEYARD INC,2024-04-04,12,120.72,0.6,0.497,0.6,0.99,0,0,0,0,0,0,,0,0,0.0,0,0.4052,0,train
9459,8352,LUXCO INC,2024-04-04,3978,29144.0,131.15,0.45,145.74,0.9,0,0,0,0,0,0,,0,0,0.0069,0,0.8115,0,test
9462,8112,MOET HENNESSY USA INC,2024-04-04,7181,163167.38,832.15,0.51,815.94,1.02,0,0,0,0,0,0,,0,0,0.0,0,0.4907,0,test
9466,98450,Serralles Usa LLC,2024-04-04,145,1912.37,9.56,0.4999,9.56,1.0,0,0,0,0,0,0,,0,0,0.0,0,0.1425,0,test
9481,4425,MARTIGNETTI COMPANIES,2024-04-04,51209,564655.38,2710.35,0.48,2823.63,0.96,1,0,0,0,0,0,High-value invoice (>= $250K),1,1,0.9992,1,0.991,0,train
9483,7153,PINE STATE TRADING CO,2024-04-04,7801,51169.59,260.96,0.51,255.88,1.02,0,0,0,0,0,0,,0,0,0.0,0,0.8683,0,train
9487,8735,SURVILLE ENTERPRISES CORP,2024-04-04,83,481.62,2.17,0.4506,2.41,0.9,0,0,0,0,0,0,,0,0,0.007,0,0.602,0,train
9498,4848,LAIRD & CO,2024-04-04,165,1328.27,6.11,0.46,6.64,0.92,0,0,0,0,0,0,,0,0,0.0,0,0.3971,0,train
9499,7245,PROXIMO SPIRITS INC.,2024-04-04,17059,239003.88,1147.22,0.48,1195.17,0.96,0,0,0,0,0,0,,0,0,0.0823,0,0.8706,0,test
9517,1601,VRANKEN AMERICA,2024-04-04,2049,18697.11,91.62,0.49,93.5,0.98,0,0,0,0,0,0,,0,0,0.1425,0,0.9109,0,train
9324,6785,PALM BAY INTERNATIONAL INC,2024-04-05,4882,35641.12,178.21,0.5,178.23,1.0,0,0,0,0,0,0,,0,0,0.0019,0,0.6641,0,train
9327,7245,PROXIMO SPIRITS INC.,2024-04-05,11492,90258.08,478.37,0.53,451.35,1.06,0,0,0,0,0,0,,0,0,0.0215,0,0.8674,0,train
9343,8664,"STOLI GROUP,(USA) LLC",2024-04-05,2521,40067.18,180.3,0.45,200.36,0.9,0,0,0,0,0,0,,0,0,0.0102,0,0.7711,0,train
9368,90037,THE PIERPONT GROUP LLC,2024-04-05,11,157.13,0.77,0.49,0.79,0.98,0,0,0,0,0,0,,0,0,0.0044,0,0.656,0,train
9380,8150,SEA HAGG DISTILLERY LLC,2024-04-05,164,1853.14,9.45,0.5099,9.27,1.02,0,0,0,0,0,0,,0,0,0.0,0,0.0027,0,test
9392,1485,CASTLE BRANDS CORP.,2024-04-05,3786,68607.71,336.18,0.49,343.08,0.98,0,0,0,0,0,0,,0,0,0.0138,0,0.7687,0,test
9400,6355,NICHE W & S,2024-04-05,12,183.12,1.01,0.5516,0.92,1.1,0,0,0,0,0,0,,0,0,0.0065,0,0.3348,0,train
9416,1128,BROWN-FORMAN CORP,2024-04-05,18422,257419.46,1390.07,0.54,1287.26,1.08,1,0,0,0,0,0,High-value invoice (>= $250K),1,1,0.9738,1,0.5728,0,train
9418,17037,Dunn Wine Brokers,2024-04-05,58,846.99,4.07,0.4805,4.24,0.96,0,0,0,0,0,0,,0,0,0.0,0,0.1322,0,test
9420,12546,JIM BEAM BRANDS COMPANY,2024-04-05,52943,540430.75,2431.94,0.45,2702.49,0.9,1,0,0,0,0,0,High-value invoice (>= $250K),1,1,0.9997,1,0.9415,0,test
9426,90027,POVERTY LANE ORCHARDS,2024-04-05,107,807.73,4.12,0.5101,4.04,1.02,0,0,0,0,0,0,,0,0,0.0022,0,0.0238,0,train
9430,172662,SWEETWATER FARM,2024-04-05,157,3081.34,16.02,0.5199,15.41,1.04,0,0,0,0,0,0,,0,0,0.0326,0,0.855,0,train
9439,6355,NICHE W & S,2024-04-05,25,374.78,1.8,0.4803,1.87,0.96,0,0,0,0,0,0,,0,0,0.0043,0,0.252,0,train
9441,2000,SOUTHERN WINE & SPIRITS NE,2024-04-05,6389,60254.34,331.4,0.55,301.31,1.1,0,0,0,0,0,0,,0,0,0.0,0,0.32,0,train
9464,9206,PHILLIPS PRODUCTS CO.,2024-04-05,920,8864.0,44.32,0.5,44.33,1.0,0,0,0,0,0,0,,0,0,0.0025,0,0.6258,0,train
9465,8150,SEA HAGG DISTILLERY LLC,2024-04-05,116,1394.24,6.55,0.4698,6.97,0.94,0,0,0,0,0,0,,0,0,0.0,0,0.322,0,train
9478,1655,FABRIZIA SPIRITS LLC,2024-04-05,709,10315.3,55.7,0.54,51.58,1.08,0,0,0,0,0,0,,0,0,0.0046,0,0.3071,0,train
9482,6785,PALM BAY INTERNATIONAL INC,2024-04-05,5708,45570.33,227.85,0.5,227.88,1.0,0,0,0,0,0,0,,0,0,0.0,0,0.2087,0,train
9500,7749,R.P.IMPORTS INC,2024-04-05,2,217.1,1.11,0.5113,1.09,1.02,0,0,1,0,0,0,Unit cost far from vendor norm,0,1,0.8076,1,0.993,1,train
9505,1189,BULLY BOY DISTILLERS,2024-04-05,6,132.3,0.6,0.4535,0.66,0.91,0,0,0,0,0,0,,0,0,0.0353,0,0.8032,0,train
9510,7240,"PREMIUM PORT WINES, INC.",2024-04-05,175,1327.16,6.5,0.4898,6.64,0.98,0,0,0,0,0,0,,0,0,0.0022,0,0.313,0,train
9415,480,BACARDI USA INC,2024-04-06,19525,252445.47,1262.23,0.5,1262.38,1.0,1,0,0,0,0,0,High-value invoice (>= $250K),1,1,0.9711,1,0.6163,0,train
9432,90058,ZORVINO VINEYARDS,2024-04-06,106,900.3,4.77,0.5298,4.5,1.06,0,0,0,0,0,0,,0,0,0.0,0,0.041,0,train
9442,90017,THE IMPORTED GRAPE LLC,2024-04-06,80,909.84,5.0,0.5495,4.55,1.1,0,0,0,0,0,0,,0,0,0.0068,0,0.6345,0,test
9451,3960,DIAGEO NORTH AMERICA INC,2024-04-06,106205,1162576.08,5812.88,0.5,5813.6,1.0,1,0,0,0,0,0,High-value invoice (>= $250K),1,1,1.0,1,0.9177,0,test
9461,6213,MHW LTD,2024-04-06,2000,19953.38,99.77,0.5,99.78,1.0,0,0,0,0,0,0,,0,0,0.0018,0,0.2145,0,train
9468,12331,STELLAR IMPORTING CO LLC,2024-04-06,70,570.28,2.79,0.4892,2.85,0.98,0,0,0,0,0,0,,0,0,0.0138,0,0.4747,0,test
9476,90047,CRUSH WINES,2024-04-06,485,4694.28,24.41,0.52,23.47,1.04,0,0,0,0,0,0,,0,0,0.0,0,0.1126,0,train
9479,90011,FORTUNE WINE BROKERS LLC,2024-04-06,18,143.28,0.73,0.5095,0.72,1.02,0,0,0,0,0,0,,0,0,0.0046,0,0.6543,0,train
9504,388,ATLANTIC IMPORTING COMPANY,2024-04-06,4,85.28,0.41,0.4808,0.43,0.96,0,0,0,0,0,0,,0,0,0.0088,0,0.8145,0,train
9506,11567,CAMPARI AMERICA,2024-04-06,6815,45851.26,252.18,0.55,229.28,1.1,0,0,0,0,0,0,,0,0,0.0,0,0.5973,0,train
9508,10000,MAJESTIC FINE WINES,2024-04-06,18621,169430.87,931.87,0.55,847.26,1.1,0,0,0,0,0,0,,0,0,0.0421,0,0.8436,0,train
9511,7239,REMY COINTREAU USA INC,2024-04-06,1946,45176.55,234.92,0.52,225.91,1.04,0,0,0,0,0,0,,0,0,0.0,0,0.7485,0,train
9516,9819,TREASURY WINE ESTATES,2024-04-06,16839,71790.82,344.6,0.48,359.0,0.96,0,0,0,0,0,0,,0,0,0.1691,0,0.8696,0,test
9419,3950,"HOOD RIVER DISTILLERS, Inc.",2024-04-07,12,258.96,1.29,0.4981,1.29,1.0,0,0,0,0,0,0,,0,0,0.0,0,0.6156,0,train
9450,1650,Circa Wines,2024-04-07,12,114.24,0.56,0.4902,0.57,0.98,0,0,0,0,0,0,,0,0,0.0065,0,0.6493,0,train
9457,90053,INCREDIBREW INC,2024-04-07,60,527.76,2.74,0.5192,2.64,1.04,0,0,0,0,0,0,,0,0,0.0047,0,0.2342,0,test
9467,3089,SIDNEY FRANK IMPORTING CO,2024-04-07,2832,21652.88,116.93,0.54,108.28,1.08,0,0,0,0,0,0,,0,0,0.0,0,0.3049,0,train
9470,28776,TALL SHIP DISTILLERY LLC,2024-04-07,6,133.26,0.73,0.5478,0.67,1.1,0,0,0,0,0,0,,0,0,0.0049,0,0.7205,0,train
9475,2876,CENTEUR IMPORTS LLC,2024-04-07,32,276.74,1.27,0.4589,1.38,0.92,0,0,0,0,0,0,,0,0,0.0044,0,0.6368,0,train
9477,3252,E & J GALLO WINERY,2024-04-07,33887,205379.19,1088.51,0.53,1027.02,1.06,0,0,0,0,0,0,,0,0,0.0,0,0.864,0,train
9485,660,SAZERAC NORTH AMERICA INC.,2024-04-07,6885,49487.7,262.28,0.53,247.47,1.06,0,0,0,0,0,0,,0,0,0.0,0,0.2762,0,train
9488,90056,SWEET BABY VINEYARD,2024-04-07,224,1871.04,8.42,0.45,9.36,0.9,0,0,0,0,0,0,,0,0,0.0,0,0.1025,0,train
9495,2561,EDRINGTON AMERICAS,2024-04-07,989,28488.09,131.05,0.46,142.46,0.92,0,0,0,0,0,0,,0,0,0.0046,0,0.6809,0,train
9497,3924,HEAVEN HILL DISTILLERIES,2024-04-07,5054,40328.61,205.68,0.51,201.67,1.02,0,0,0,0,0,0,,0,0,0.0,0,0.2601,0,test
9422,9552,M S WALKER INC,2024-04-08,21817,160987.37,724.44,0.45,805.04,0.9,0,0,0,0,0,0,,0,0,0.0167,0,0.9293,0,train
9435,1590,DIAGEO CHATEAU ESTATE WINES,2024-04-08,1444,15462.19,69.58,0.45,77.32,0.9,0,0,0,0,0,0,,0,0,0.0042,0,0.5766,0,train
9438,5455,MARSALLE COMPANY,2024-04-08,75,2163.99,11.25,0.5199,10.82,1.04,0,0,0,0,0,0,,0,0,0.0042,0,0.3854,0,test
9452,2555,DISARONNO INTERNATIONAL LLC,2024-04-08,1007,10989.65,58.25,0.53,54.96,1.06,0,0,0,0,0,0,,0,0,0.0,0,0.0922,0,train
9471,1587,VINEYARD BRANDS INC,2024-04-08,4879,31759.64,174.68,0.55,158.82,1.1,0,0,0,0,0,0,,0,0,0.002,0,0.5944,0,train
9474,2396,BLACK PRINCE DISTILLERY INC,2024-04-08,26,265.46,1.33,0.501,1.33,1.0,0,0,1,0,0,0,Unit cost far from vendor norm,0,1,0.8702,1,0.8983,1,train
9484,10050,Russian Standard Vodka,2024-04-08,62,799.24,3.84,0.4805,4.0,0.96,0,0,0,0,0,0,,0,0,0.0,0,0.1422,0,train
9493,1392,CONSTELLATION BRANDS INC,2024-04-08,63652,397663.8,1789.49,0.45,1988.57,0.9,1,0,0,0,0,0,High-value invoice (>= $250K),1,1,0.9903,1,0.9215,0,train
9509,7154,PREMIER DISTRIBUTORS,2024-04-08,39,678.07,3.53,0.5206,3.39,1.04,0,0,0,0,0,0,,0,0,0.0,0,0.5315,0,train
9428,8320,SHAW ROSS INT L IMP LTD,2024-04-09,947,8738.89,46.32,0.53,43.7,1.06,0,0,0,0,0,0,,0,0,0.002,0,0.2024,0,train
9429,653,STATE WINE & SPIRITS,2024-04-09,2706,26133.13,128.05,0.49,130.68,0.98,0,0,0,0,0,0,,0,0,0.0,0,0.3785,0,train
9443,90037,THE PIERPONT GROUP LLC,2024-04-09,33,470.97,2.26,0.4799,2.36,0.96,0,0,0,0,0,0,,0,0,0.0088,0,0.6312,0,train
9449,105,ALTAMAR BRANDS LLC,2024-04-09,6,214.26,1.07,0.4994,1.07,1.0,0,0,0,0,0,0,,0,0,0.0132,0,0.6024,0,test
9454,2496,DUGGANS DISTILLED PRODUCTS,2024-04-09,70,1221.5,5.86,0.4797,6.11,0.96,0,0,0,0,0,0,,0,0,0.0161,0,0.2161,0,train
9455,9744,FREDERICK WILDMAN & SONS,2024-04-09,1052,9873.8,49.37,0.5,49.38,1.0,0,0,0,0,0,0,,0,0,0.0,0,0.3016,0,train
9460,4425,MARTIGNETTI COMPANIES,2024-04-09,130,1637.59,8.84,0.5398,8.19,1.08,0,0,0,0,0,0,,0,0,0.0129,0,0.9033,0,test
9480,90032,LABELLE VYDS AND WINERY,2024-04-09,156,1712.28,9.42,0.5501,8.56,1.1,0,0,0,0,0,0,,0,0,0.0,0,0.0446,0,test
9490,9625,WESTERN SPIRITS BEVERAGE CO,2024-04-09,189,3120.81,14.67,0.4701,15.61,0.94,0,0,0,0,0,0,,0,0,0.0024,0,0.5075,0,train
9491,4466,AMERICAN VINTAGE BEVERAGE,2024-04-09,215,2016.43,10.08,0.4999,10.08,1.0,0,0,0,0,0,0,,0,0,0.0,0,0.0298,0,train
9496,17031,FLAG HILL WINERY & VINEYARD,2024-04-09,701,13358.44,73.47,0.55,66.8,1.1,0,0,0,0,0,0,,0,0,0.0025,0,0.4586,0,train
9431,9751,VINEDREA WINES LLC,2024-04-10,18,408.96,2.21,0.5404,2.05,1.08,0,0,0,0,0,0,,0,0,0.013,0,0.8136,0,train
9433,1265,BLACK ROCK SPIRITS LLC,2024-04-10,1,14.05,0.07,0.4982,0.07,1.0,0,0,0,0,0,0,,0,0,0.0,0,0.7546,0,test
9434,90046,CANDIA VINEYARDS,2024-04-10,36,566.76,2.78,0.4905,2.83,0.98,0,0,0,0,0,0,,0,0,0.0017,0,0.1759,0,train
9436,17032,JEWELL TOWNE VINEYARDS,2024-04-10,132,1114.44,5.8,0.5204,5.57,1.04,0,0,0,0,0,0,,0,0,0.0,0,0.0658,0,train
9440,17035,PERNOD RICARD USA,2024-04-10,27707,376231.43,2069.27,0.55,1881.39,1.1,1,0,0,0,0,0,High-value invoice (>= $250K),1,1,0.9966,1,0.7994,0,train
9458,4950,LATITUDE BEVERAGE COMPANY,2024-04-10,668,3919.69,21.17,0.5401,19.6,1.08,0,0,0,0,0,0,,0,0,0.0,0,0.0837,0,train
9472,90057,WALPOLE MTN VIEW WINERY,2024-04-10,24,293.28,1.53,0.5217,1.47,1.04,0,0,0,0,0,0,,0,0,0.0,0,0.3698,0,train
9489,9260,TY KU LLC,2024-04-10,22,266.22,1.41,0.5296,1.33,1.06,0,0,0,0,0,0,,0,0,0.0,0,0.2502,0,train
9507,1485,CASTLE BRANDS CORP.,2024-04-10,1882,50218.31,266.16,0.53,251.12,1.06,0,0,0,0,0,0,,0,0,0.0186,0,0.7265,0,train
9417,4380,CHARLES JACQUIN ET CIE INC,2024-04-11,520,4330.02,19.92,0.46,21.65,0.92,0,0,0,0,0,0,,0,0,0.0022,0,0.6666,0,train
9425,6359,OLE SMOKY DISTILLERY LLC,2024-04-11,1428,19999.61,100.0,0.5,100.01,1.0,0,0,0,0,0,0,,0,0,0.0084,0,0.6049,0,train
9437,4692,KOBRAND CORPORATION,2024-04-11,8947,78743.76,417.34,0.53,393.77,1.06,0,0,0,0,0,0,,0,0,0.0022,0,0.5549,0,train
9445,9165,ULTRA BEVERAGE COMPANY LLP,2024-04-11,19693,228876.57,1258.82,0.55,1144.52,1.1,0,0,0,0,0,0,,0,0,0.115,0,0.9365,0,train
9447,9622,WEIN BAUER INC,2024-04-11,42,801.36,4.25,0.5303,4.01,1.06,0,0,0,0,0,0,,0,0,0.0,0,0.3173,0,train
9463,10754,PERFECTA WINES,2024-04-11,16690,140517.77,772.85,0.55,702.68,1.1,0,0,0,0,0,0,,0,0,0.0022,0,0.889,0,train
9492,1273,CALEDONIA SPIRITS INC,2024-04-11,173,5159.38,25.8,0.5001,25.8,1.0,0,0,0,0,0,0,,0,0,0.0022,0,0.0951,0,train
9501,8663,STAR INDUSTRIES INC.,2024-04-11,10,164.1,0.79,0.4814,0.82,0.96,0,0,0,0,0,0,,0,0,0.011,0,0.6756,0,train
9503,9815,WINE GROUP INC,2024-04-11,13571,79960.01,431.78,0.54,399.85,1.08,0,0,0,0,0,0,,0,0,0.0,0,0.249,0,train
9514,8920,TAKARA SAKE USA INC,2024-04-11,131,749.25,3.9,0.5205,3.75,1.04,0,0,0,0,0,0,,0,0,0.002,0,0.0792,0,train
9515,173357,TAMWORTH DISTILLING,2024-04-11,8,154.96,0.85,0.5485,0.77,1.1,0,0,0,0,0,0,,0,0,0.0085,0,0.3504,0,test
9526,4425,MARTIGNETTI COMPANIES,2024-04-11,78,879.48,4.13,0.4696,4.4,0.94,0,0,0,0,0,0,,0,0,0.0186,0,0.8999,0,train
9536,3252,E & J GALLO WINERY,2024-04-11,25053,164742.94,840.19,0.51,823.82,1.02,0,0,0,0,0,0,,0,0,0.0,0,0.6015,0,train
9555,8150,SEA HAGG DISTILLERY LLC,2024-04-11,169,1725.49,9.49,0.55,8.63,1.1,0,0,0,0,0,0,,0,0,0.0,0,0.5887,0,test
9558,173357,TAMWORTH DISTILLING,2024-04-11,40,774.8,4.03,0.5201,3.87,1.04,0,0,0,0,0,0,,0,0,0.0,0,0.3105,0,train
9562,1189,BULLY BOY DISTILLERS,2024-04-11,12,264.6,1.27,0.48,1.32,0.96,0,0,0,0,0,0,,0,0,0.005,0,0.438,0,train
9595,3089,SIDNEY FRANK IMPORTING CO,2024-04-11,2682,23298.56,111.83,0.48,116.51,0.96,0,0,0,0,0,0,,0,0,0.0,0,0.2932,0,train
9601,90047,CRUSH WINES,2024-04-11,222,2427.54,11.17,0.4601,12.14,0.92,0,0,0,0,0,0,,0,0,0.0043,0,0.611,0,train
9603,17037,Dunn Wine Brokers,2024-04-11,58,661.2,3.37,0.5097,3.31,1.02,0,0,0,0,0,0,,0,0,0.0,0,0.5872,0,test
9608,6213,MHW LTD,2024-04-11,2016,19141.7,103.37,0.54,95.72,1.08,0,0,0,0,0,0,,0,0,0.0,0,0.8586,0,train
9427,7255,PSP WINES,2024-04-12,182,1314.06,7.23,0.5502,6.57,1.1,0,0,0,0,0,0,,0,0,0.015,0,0.551,0,test
9446,90024,VINILANDIA USA,2024-04-12,810,7663.42,42.15,0.55,38.32,1.1,0,0,0,0,0,0,,0,0,0.007,0,0.6504,0,train
9453,2450,DJINN SPIRITS LLC,2024-04-12,42,920.04,4.69,0.5098,4.6,1.02,0,0,0,0,0,0,,0,0,0.0,0,0.4362,0,test
9469,8664,"STOLI GROUP,(USA) LLC",2024-04-12,3151,50163.56,245.8,0.49,250.85,0.98,0,0,0,0,0,0,,0,0,0.0,0,0.2535,0,train
9473,516,BANFI PRODUCTS CORP,2024-04-12,3335,21639.98,106.04,0.49,108.21,0.98,0,0,0,0,0,0,,0,0,0.0024,0,0.1631,0,test
9486,17033,SEA BREEZE CELLARS LLC,2024-04-12,34,342.09,1.88,0.5496,1.71,1.1,0,0,0,0,0,0,,0,0,0.0048,0,0.2452,0,train
9494,2242,DELICATO VINEYARDS INC,2024-04-12,6094,65042.59,318.71,0.49,325.25,0.98,0,0,0,0,0,0,,0,0,0.005,0,0.6132,0,test
9502,90010,VINEXTRA INC,2024-04-12,48,616.68,2.78,0.4508,3.08,0.9,0,0,0,0,0,0,,0,0,0.0095,0,0.5432,0,train
9512,8004,SAZERAC CO INC,2024-04-12,20593,150734.41,708.45,0.47,753.77,0.94,0,0,0,0,0,0,,0,0,0.0,0,0.2582,0,train
9513,8673,STE MICHELLE WINE ESTATES,2024-04-12,12870,84970.03,441.84,0.52,424.9,1.04,0,0,0,0,0,0,,0,0,0.0019,0,0.6536,0,train
9518,105,ALTAMAR BRANDS LLC,2024-04-12,6,214.26,1.11,0.5181,1.07,1.04,0,0,0,0,0,0,,0,0,0.0064,0,0.595,0,train
9528,6215,MOONLIGHT MEADERY,2024-04-12,72,622.56,3.24,0.5204,3.11,1.04,0,0,0,0,0,0,,0,0,0.0,0,0.256,0,train
9532,90058,ZORVINO VINEYARDS,2024-04-12,187,1534.78,8.44,0.5499,7.67,1.1,0,0,0,0,0,0,,0,0,0.0,0,0.0128,0,train
9537,1655,FABRIZIA SPIRITS LLC,2024-04-12,396,4951.18,22.28,0.45,24.76,0.9,0,0,0,0,0,0,,0,0,0.0024,0,0.0386,0,train
9543,90056,SWEET BABY VINEYARD,2024-04-12,164,1392.91,7.52,0.5399,6.97,1.08,0,0,0,0,0,0,,0,0,0.0,0,0.1337,0,train
9546,90057,WALPOLE MTN VIEW WINERY,2024-04-12,12,137.16,0.66,0.4812,0.69,0.96,0,0,0,0,0,0,,0,0,0.0,0,0.433,0,train
9549,2561,EDRINGTON AMERICAS,2024-04-12,182,4739.64,25.59,0.5399,23.7,1.08,0,0,0,0,0,0,,0,0,0.0824,0,0.3412,0,train
9550,90051,FULCHINO VINEYARD INC,2024-04-12,12,164.28,0.79,0.4809,0.82,0.96,0,0,0,0,0,0,,0,0,0.002,0,0.4456,0,test
9553,7240,"PREMIUM PORT WINES, INC.",2024-04-12,154,1167.08,6.07,0.5201,5.84,1.04,0,0,0,0,0,0,,0,0,0.0,0,0.1553,0,train
9560,90010,VINEXTRA INC,2024-04-12,96,969.72,4.85,0.5001,4.85,1.0,0,0,0,0,0,0,,0,0,0.0,0,0.0797,0,train
9582,3664,WILLIAM GRANT & SONS INC,2024-04-12,3640,68896.9,344.48,0.5,344.53,1.0,0,0,0,0,0,0,,0,0,0.0,0,0.6933,0,train
9588,4848,LAIRD & CO,2024-04-12,307,2006.7,9.23,0.46,10.03,0.92,0,0,0,0,0,0,,0,0,0.0,0,0.6736,0,train
9607,8352,LUXCO INC,2024-04-12,4667,30868.12,163.6,0.53,154.36,1.06,0,0,0,0,0,0,,0,0,0.0066,0,0.702,0,train
9613,28750,SMOKY QUARTZ DISTILLERY LLC,2024-04-12,12,248.76,1.32,0.5306,1.24,1.06,0,0,0,0,0,0,,0,0,0.0047,0,0.7671,0,train
9615,8673,STE MICHELLE WINE ESTATES,2024-04-12,4645,32290.41,167.91,0.52,161.47,1.04,0,0,0,0,0,0,,0,0,0.0,0,0.5914,0,train
9522,11567,CAMPARI AMERICA,2024-04-13,6964,51666.78,232.5,0.45,258.37,0.9,0,0,0,0,0,0,,0,0,0.0,0,0.201,0,test
9524,9744,FREDERICK WILDMAN & SONS,2024-04-13,720,6426.7,32.78,0.5101,32.14,1.02,0,0,0,0,0,0,,0,0,0.0024,0,0.4485,0,test
9548,2555,DISARONNO INTERNATIONAL LLC,2024-04-13,1220,13573.06,66.51,0.49,67.87,0.98,0,0,0,0,0,0,,0,0,0.0,0,0.0431,0,train
9563,1485,CASTLE BRANDS CORP.,2024-04-13,891,13771.87,61.97,0.45,68.87,0.9,0,0,0,0,0,0,,0,0,0.0,0,0.1593,0,train
9568,17032,JEWELL TOWNE VINEYARDS,2024-04-13,24,231.12,1.2,0.5192,1.16,1.04,0,0,0,0,0,0,,0,0,0.0071,0,0.3188,0,test
9576,12331,STELLAR IMPORTING CO LLC,2024-04-13,36,238.8,1.17,0.4899,1.19,0.98,0,0,0,0,0,0,,0,0,0.0018,0,0.7896,0,train
9578,90017,THE IMPORTED GRAPE LLC,2024-04-13,24,137.16,0.63,0.4593,0.69,0.92,0,0,0,0,0,0,,0,0,0.0066,0,0.6484,0,train
9584,1273,CALEDONIA SPIRITS INC,2024-04-13,115,3597.68,18.35,0.5101,17.99,1.02,0,0,0,0,0,0,,0,0,0.0021,0,0.3707,0,test
9599,9815,WINE GROUP INC,2024-04-13,11679,75226.93,361.09,0.48,376.18,0.96,0,0,0,0,0,0,,0,0,0.0022,0,0.6,0,train
9609,9206,PHILLIPS PRODUCTS CO.,2024-04-13,934,7568.15,37.08,0.4899,37.85,0.98,0,0,0,0,0,0,,0,0,0.0066,0,0.781,0,train
9616,8664,"STOLI GROUP,(USA) LLC",2024-04-13,2886,46618.45,219.11,0.47,233.12,0.94,0,0,0,0,0,0,,0,0,0.0,0,0.5935,0,train
9534,2876,CENTEUR IMPORTS LLC,2024-04-14,36,237.48,1.19,0.5011,1.19,1.0,0,0,0,0,0,0,,0,0,0.0,0,0.7752,0,train
9542,10050,Russian Standard Vodka,2024-04-14,169,2463.38,11.33,0.4599,12.32,0.92,0,0,0,0,0,0,,0,0,0.0,0,0.1999,0,train
9547,516,BANFI PRODUCTS CORP,2024-04-14,3197,24284.01,116.56,0.48,121.44,0.96,0,0,0,0,0,0,,0,0,0.0024,0,0.4104,0,train
9552,10754,PERFECTA WINES,2024-04-14,10332,82812.69,397.5,0.48,414.11,0.96,0,0,0,0,0,0,,0,0,0.0,0,0.8021,0,train
9554,7245,PROXIMO SPIRITS INC.,2024-04-14,10696,131835.28,698.73,0.53,659.26,1.06,0,0,0,0,0,0,,0,0,0.0,0,0.61,0,train
9577,28776,TALL SHIP DISTILLERY LLC,2024-04-14,6,122.58,0.55,0.4487,0.61,0.9,0,0,0,0,0,0,,0,0,0.0293,0,0.7633,0,test
9581,9625,WESTERN SPIRITS BEVERAGE CO,2024-04-14,156,2662.85,13.31,0.4998,13.32,1.0,0,0,0,0,0,0,,0,0,0.0022,0,0.5194,0,train
9587,3950,"HOOD RIVER DISTILLERS, Inc.",2024-04-14,23,496.34,2.48,0.4997,2.48,1.0,0,0,0,0,0,0,,0,0,0.0091,0,0.5364,0,train
9589,10000,MAJESTIC FINE WINES,2024-04-14,6439,53224.62,276.77,0.52,266.16,1.04,0,0,0,0,0,0,,0,0,0.0,0,0.5024,0,train
9602,1590,DIAGEO CHATEAU ESTATE WINES,2024-04-14,1377,10446.22,51.19,0.49,52.24,0.98,0,0,0,0,0,0,,0,0,0.0,0,0.4655,0,train
9617,172662,SWEETWATER FARM,2024-04-14,90,1787.52,8.94,0.5001,8.94,1.0,0,0,0,0,0,0,,0,0,0.002,0,0.5806,0,test
9519,388,ATLANTIC IMPORTING COMPANY,2024-04-15,17,362.44,1.85,0.5104,1.81,1.02,0,0,0,0,0,0,,0,0,0.0025,0,0.4276,0,train
9521,1128,BROWN-FORMAN CORP,2024-04-15,17366,214028.06,1027.33,0.48,1070.27,0.96,0,0,0,0,0,0,,0,0,0.0025,0,0.597,0,train
9540,6359,OLE SMOKY DISTILLERY LLC,2024-04-15,170,2445.41,13.21,0.5402,12.23,1.08,0,0,0,0,0,0,,0,0,0.0018,0,0.0844,0,train
9541,6785,PALM BAY INTERNATIONAL INC,2024-04-15,4553,33016.61,171.69,0.52,165.1,1.04,0,0,0,0,0,0,,0,0,0.0,0,0.3659,0,test
9559,9165,ULTRA BEVERAGE COMPANY LLP,2024-04-15,15283,204150.85,959.51,0.47,1020.88,0.94,0,0,0,0,0,0,,0,0,0.0135,0,0.9733,0,test
9565,2450,DJINN SPIRITS LLC,2024-04-15,68,1401.86,6.45,0.4601,7.01,0.92,0,0,0,0,0,0,,0,0,0.0022,0,0.376,0,train
9575,7154,PREMIER DISTRIBUTORS,2024-04-15,72,1013.22,5.07,0.5004,5.07,1.0,0,0,0,0,0,0,,0,0,0.0,0,0.0644,0,test
9580,1587,VINEYARD BRANDS INC,2024-04-15,2227,15456.36,71.1,0.46,77.29,0.92,0,0,0,0,0,0,,0,0,0.0,0,0.1972,0,test
9585,3960,DIAGEO NORTH AMERICA INC,2024-04-15,82443,768199.19,3764.18,0.49,3841.47,0.98,1,0,0,0,0,0,High-value invoice (>= $250K),1,1,0.9967,1,0.9116,0,train
9592,90027,POVERTY LANE ORCHARDS,2024-04-15,36,261.96,1.31,0.5001,1.31,1.0,0,0,0,0,0,0,,0,0,0.0046,0,0.5003,0,train
9594,8004,SAZERAC CO INC,2024-04-15,17433,126189.4,593.09,0.47,631.03,0.94,0,0,0,0,0,0,,0,0,0.0,0,0.6767,0,test
9598,9622,WEIN BAUER INC,2024-04-15,35,638.78,2.94,0.4603,3.19,0.92,0,0,0,0,0,0,,0,0,0.0,0,0.1925,0,train
9611,660,SAZERAC NORTH AMERICA INC.,2024-04-15,8063,57966.53,272.44,0.47,289.87,0.94,0,0,0,0,0,0,,0,0,0.0,0,0.3444,0,test
9533,480,BACARDI USA INC,2024-04-16,17537,219952.32,1055.77,0.48,1099.9,0.96,0,0,0,0,0,0,,0,0,0.0025,0,0.7278,0,train
9535,4380,CHARLES JACQUIN ET CIE INC,2024-04-16,563,4741.89,24.18,0.5099,23.71,1.02,0,0,0,0,0,0,,0,0,0.0,0,0.217,0,train
9538,90053,INCREDIBREW INC,2024-04-16,12,110.88,0.51,0.46,0.55,0.92,0,0,0,0,0,0,,0,0,0.0042,0,0.4196,0,test
9539,4425,MARTIGNETTI COMPANIES,2024-04-16,38318,394249.34,1813.55,0.46,1971.49,0.92,1,0,0,0,0,0,High-value invoice (>= $250K),1,1,0.9963,1,0.9762,0,train
9557,2000,SOUTHERN WINE & SPIRITS NE,2024-04-16,5046,58688.03,287.57,0.49,293.48,0.98,0,0,0,0,0,0,,0,0,0.0178,0,0.7436,0,test
9569,4692,KOBRAND CORPORATION,2024-04-16,5825,48086.42,264.48,0.55,240.46,1.1,0,0,0,0,0,0,,0,0,0.0025,0,0.3505,0,train
9571,9552,M S WALKER INC,2024-04-16,18769,144893.28,681.0,0.47,724.56,0.94,0,0,0,0,0,0,,0,0,0.0024,0,0.8275,0,test
9573,8112,MOET HENNESSY USA INC,2024-04-16,4485,83151.24,407.44,0.49,415.81,0.98,0,0,0,0,0,0,,0,0,0.0,0,0.6621,0,train
9586,2496,DUGGANS DISTILLED PRODUCTS,2024-04-16,99,1661.77,8.81,0.5302,8.31,1.06,0,0,0,0,0,0,,0,0,0.0,0,0.031,0,train
9593,7239,REMY COINTREAU USA INC,2024-04-16,2629,65793.96,309.23,0.47,329.01,0.94,0,0,0,0,0,0,,0,0,0.0024,0,0.3767,0,train
9604,90052,HAUNTING WHISPER VYDS,2024-04-16,12,99.24,0.46,0.4635,0.5,0.93,0,0,0,0,0,0,,0,0,0.0,0,0.7447,0,test
9614,653,STATE WINE & SPIRITS,2024-04-16,2182,21823.69,117.85,0.54,109.13,1.08,0,0,0,0,0,0,,0,0,0.0,0,0.1876,0,test
9520,2396,BLACK PRINCE DISTILLERY INC,2024-04-17,12,52.08,0.27,0.5184,0.26,1.04,0,0,0,0,0,0,,0,0,0.0056,0,0.8111,0,train
9523,1392,CONSTELLATION BRANDS INC,2024-04-17,40614,264586.04,1455.22,0.55,1323.09,1.1,1,0,0,0,0,0,High-value invoice (>= $250K),1,1,0.9655,1,0.8605,0,test
9525,3924,HEAVEN HILL DISTILLERIES,2024-04-17,4871,38094.99,205.71,0.54,190.5,1.08,0,0,0,0,0,0,,0,0,0.0,0,0.2933,0,train
9527,5992,MCCORMICK DISTILLING CO,2024-04-17,466,4638.25,23.19,0.5,23.19,1.0,0,0,0,0,0,0,,0,0,0.0,0,0.0577,0,train
9529,98450,Serralles Usa LLC,2024-04-17,108,1509.48,8.0,0.53,7.55,1.06,0,0,0,0,0,0,,0,0,0.0,0,0.0859,0,train
9530,8735,SURVILLE ENTERPRISES CORP,2024-04-17,35,184.54,0.87,0.4714,0.92,0.94,0,0,0,0,0,0,,0,0,0.0286,0,0.6428,0,test
9531,1601,VRANKEN AMERICA,2024-04-17,82,1658.19,8.46,0.5102,8.29,1.02,0,0,0,0,0,0,,0,0,0.0019,0,0.3163,0,train
9561,1003,BRONCO WINE COMPANY,2024-04-17,24,146.58,0.73,0.498,0.73,1.0,0,0,0,0,0,0,,0,0,0.004,0,0.429,0,train
9579,9819,TREASURY WINE ESTATES,2024-04-17,8964,40264.95,209.38,0.52,201.35,1.04,0,0,0,0,0,0,,0,0,0.1057,0,0.3992,0,train
9583,4466,AMERICAN VINTAGE BEVERAGE,2024-04-17,110,1035.1,5.69,0.5497,5.18,1.1,0,0,0,0,0,0,,0,0,0.0043,0,0.3632,0,train
9596,9260,TY KU LLC,2024-04-17,18,216.78,1.06,0.489,1.08,0.98,0,0,0,0,0,0,,0,0,0.0046,0,0.2172,0,test
9605,12546,JIM BEAM BRANDS COMPANY,2024-04-17,42827,381919.3,1718.64,0.45,1909.83,0.9,1,0,0,0,0,0,High-value invoice (>= $250K),1,1,0.9997,1,0.6518,0,train
9610,7255,PSP WINES,2024-04-17,437,4161.35,19.97,0.4799,20.81,0.96,0,0,0,0,0,0,,0,0,0.0,0,0.4048,0,train
9544,8920,TAKARA SAKE USA INC,2024-04-18,174,779.58,4.29,0.5503,3.9,1.1,0,0,0,0,0,0,,0,0,0.0116,0,0.4891,0,test
9545,8892,TRINCHERO FAMILY ESTATES,2024-04-18,5830,35695.06,189.18,0.53,178.5,1.06,0,0,0,0,0,0,,0,0,0.0022,0,0.1858,0,test
9564,2242,DELICATO VINEYARDS INC,2024-04-18,3092,25317.53,129.12,0.51,126.6,1.02,0,0,0,0,0,0,,0,0,0.0,0,0.0808,0,test
9567,90011,FORTUNE WINE BROKERS LLC,2024-04-18,36,284.04,1.51,0.5316,1.42,1.06,0,0,0,0,0,0,,0,0,0.0024,0,0.4288,0,train
9570,4950,LATITUDE BEVERAGE COMPANY,2024-04-18,705,4036.38,18.16,0.4499,20.18,0.9,0,0,0,0,0,0,,0,0,0.0059,0,0.0323,0,train
9572,5455,MARSALLE COMPANY,2024-04-18,216,5255.24,24.17,0.4599,26.28,0.92,0,0,0,0,0,0,,0,0,0.0045,0,0.12,0,train
9574,6355,NICHE W & S,2024-04-18,311,4572.82,21.49,0.47,22.87,0.94,0,0,0,0,0,0,,0,0,0.0248,0,0.766,0,train
9590,17035,PERNOD RICARD USA,2024-04-18,20868,275609.94,1488.29,0.54,1378.22,1.08,1,0,0,0,0,0,High-value invoice (>= $250K),1,1,0.9863,1,0.8885,0,train
9591,7153,PINE STATE TRADING CO,2024-04-18,5959,39810.31,187.11,0.47,199.08,0.94,0,0,0,0,0,0,,0,0,0.0,0,0.5234,0,train
9597,90024,VINILANDIA USA,2024-04-18,1009,8427.69,44.67,0.53,42.14,1.06,0,0,0,0,0,0,,0,0,0.0,0,0.1156,0,train
9624,3960,DIAGEO NORTH AMERICA INC,2024-04-18,75649,606067.92,3151.55,0.52,3030.72,1.04,1,0,0,0,0,0,High-value invoice (>= $250K),1,1,0.9932,1,0.8544,0,train
9635,7245,PROXIMO SPIRITS INC.,2024-04-18,11024,116687.4,548.43,0.47,583.51,0.94,0,0,0,0,0,0,,0,0,0.0,0,0.2028,0,train
9637,90010,VINEXTRA INC,2024-04-18,110,1043.64,5.11,0.4896,5.22,0.98,0,0,0,0,0,0,,0,0,0.0094,0,0.0143,0,test
9652,28776,TALL SHIP DISTILLERY LLC,2024-04-18,30,635.46,2.92,0.4595,3.18,0.92,0,0,0,0,0,0,,0,0,0.0022,0,0.2771,0,test
9655,1587,VINEYARD BRANDS INC,2024-04-18,2033,15401.59,83.17,0.54,77.02,1.08,0,0,0,0,0,0,,0,0,0.0024,0,0.0722,0,train
9671,90058,ZORVINO VINEYARDS,2024-04-18,143,1253.37,5.77,0.4604,6.27,0.92,0,0,0,0,0,0,,0,0,0.0024,0,0.2587,0,train
9672,1128,BROWN-FORMAN CORP,2024-04-18,14873,190511.13,857.3,0.45,952.67,0.9,0,0,0,0,0,0,,0,0,0.0022,0,0.7788,0,train
9686,7239,REMY COINTREAU USA INC,2024-04-18,1862,47426.17,241.87,0.51,237.16,1.02,0,0,0,0,0,0,,0,0,0.0044,0,0.6782,0,train
9551,90032,LABELLE VYDS AND WINERY,2024-04-19,107,1157.01,5.9,0.5099,5.79,1.02,0,0,0,0,0,0,,0,0,0.0,0,0.0464,0,train
9556,8320,SHAW ROSS INT L IMP LTD,2024-04-19,1032,8443.89,39.69,0.47,42.22,0.94,0,0,0,0,0,0,,0,0,0.0024,0,0.6042,0,test
9566,17031,FLAG HILL WINERY & VINEYARD,2024-04-19,355,6027.95,28.93,0.4799,30.14,0.96,0,0,0,0,0,0,,0,0,0.0,0,0.1032,0,train
9600,1650,Circa Wines,2024-04-19,12,123.84,0.58,0.4683,0.62,0.94,0,0,0,0,0,0,,0,0,0.0043,0,0.4734,0,train
9606,4550,KLIN SPIRITS LLC,2024-04-19,76,1069.32,5.56,0.52,5.35,1.04,0,0,0,0,0,0,,0,0,0.0022,0,0.4225,0,train
9612,17033,SEA BREEZE CELLARS LLC,2024-04-19,24,877.92,4.3,0.4898,4.39,0.98,0,0,1,0,0,0,Unit cost far from vendor norm,0,1,0.8966,1,0.8939,1,train
9622,4380,CHARLES JACQUIN ET CIE INC,2024-04-19,482,5186.37,25.41,0.4899,25.94,0.98,0,0,0,0,0,0,,0,0,0.0,0,0.0204,0,test
9648,7154,PREMIER DISTRIBUTORS,2024-04-19,32,527.68,2.43,0.4605,2.64,0.92,0,0,0,0,0,0,,0,0,0.0067,0,0.5576,0,train
9656,90024,VINILANDIA USA,2024-04-19,1423,12883.31,64.42,0.5,64.42,1.0,0,0,0,0,0,0,,0,0,0.0,0,0.0379,0,train
9690,516,BANFI PRODUCTS CORP,2024-04-19,3668,26944.41,126.64,0.47,134.74,0.94,0,0,0,0,0,0,,0,0,0.0,0,0.4929,0,train
9696,4692,KOBRAND CORPORATION,2024-04-19,3318,32410.84,165.3,0.51,162.07,1.02,0,0,0,0,0,0,,0,0,0.0,0,0.7741,0,train
9704,12331,STELLAR IMPORTING CO LLC,2024-04-19,48,353.04,1.77,0.5014,1.77,1.0,0,0,0,0,0,0,,0,0,0.0049,0,0.3821,0,test
9714,2000,SOUTHERN WINE & SPIRITS NE,2024-04-19,4026,36993.13,192.36,0.52,184.99,1.04,0,0,0,0,0,0,,0,0,0.0,0,0.7079,0,train
9639,4466,AMERICAN VINTAGE BEVERAGE,2024-04-20,515,5323.01,25.02,0.47,26.62,0.94,0,0,0,0,0,0,,0,0,0.0,0,0.3547,0,train
9650,8673,STE MICHELLE WINE ESTATES,2024-04-20,5747,40672.94,183.03,0.45,203.39,0.9,0,0,0,0,0,0,,0,0,0.0,0,0.1923,0,train
9653,9819,TREASURY WINE ESTATES,2024-04-20,7553,39358.67,181.05,0.46,196.82,0.92,0,0,0,0,0,0,,0,0,0.0195,0,0.4869,0,train
9658,480,BACARDI USA INC,2024-04-20,16607,198302.71,1051.0,0.53,991.64,1.06,0,0,0,0,0,0,,0,0,0.0097,0,0.643,0,test
9674,90047,CRUSH WINES,2024-04-20,281,2503.56,13.02,0.5201,12.52,1.04,0,0,0,0,0,0,,0,0,0.0,0,0.1678,0,train
9693,17037,Dunn Wine Brokers,2024-04-20,71,828.36,4.31,0.5203,4.14,1.04,0,0,0,0,0,0,,0,0,0.0,0,0.1566,0,test
9701,17033,SEA BREEZE CELLARS LLC,2024-04-20,66,922.8,4.98,0.5397,4.61,1.08,0,0,0,0,0,0,,0,0,0.0,0,0.7675,0,train
9703,653,STATE WINE & SPIRITS,2024-04-20,2923,25043.52,125.22,0.5,125.23,1.0,0,0,0,0,0,0,,0,0,0.0,0,0.44,0,train
9705,2450,DJINN SPIRITS LLC,2024-04-20,27,504.54,2.62,0.5193,2.52,1.04,0,0,0,0,0,0,,0,0,0.0045,0,0.4633,0,train
9707,90051,FULCHINO VINEYARD INC,2024-04-20,24,328.56,1.58,0.4809,1.64,0.96,0,0,0,0,0,0,,0,0,0.0023,0,0.6635,0,test
9708,12546,JIM BEAM BRANDS COMPANY,2024-04-20,39751,334420.92,1805.87,0.54,1672.31,1.08,1,0,0,0,0,0,High-value invoice (>= $250K),1,1,0.9995,1,0.8809,0,test
9711,6215,MOONLIGHT MEADERY,2024-04-20,131,1172.72,6.45,0.55,5.86,1.1,0,0,0,0,0,0,,0,0,0.0,0,0.2968,0,train
9717,3664,WILLIAM GRANT & SONS INC,2024-04-20,3409,62428.87,343.36,0.55,312.18,1.1,0,0,0,0,0,0,,0,0,0.0,0,0.7617,0,train
9626,17031,FLAG HILL WINERY & VINEYARD,2024-04-21,412,5483.61,25.22,0.4599,27.42,0.92,0,0,0,0,0,0,,0,0,0.0,0,0.4884,0,train
9633,90027,POVERTY LANE ORCHARDS,2024-04-21,72,520.8,2.4,0.4608,2.6,0.92,0,0,0,0,0,0,,0,0,0.0,0,0.4292,0,train
9642,1003,BRONCO WINE COMPANY,2024-04-21,24,147.84,0.8,0.5411,0.74,1.08,0,0,0,0,0,0,,0,0,0.0082,0,0.6996,0,train
9645,4848,LAIRD & CO,2024-04-21,250,1510.66,7.25,0.4799,7.55,0.96,0,0,0,0,0,0,,0,0,0.0,0,0.3679,0,train
9666,172662,SWEETWATER FARM,2024-04-21,149,2787.18,15.33,0.55,13.94,1.1,0,0,0,0,0,0,,0,0,0.0372,0,0.8609,0,train
9681,5455,MARSALLE COMPANY,2024-04-21,121,3195.89,16.3,0.51,15.98,1.02,0,0,0,0,0,0,,0,0,0.0,0,0.293,0,train
9682,4425,MARTIGNETTI COMPANIES,2024-04-21,29819,345415.39,1657.99,0.48,1727.29,0.96,1,0,0,0,0,0,High-value invoice (>= $250K),1,1,1.0,1,0.963,0,train
9697,90032,LABELLE VYDS AND WINERY,2024-04-21,180,1899.0,8.55,0.4502,9.5,0.9,0,0,0,0,0,0,,0,0,0.0,0,0.3146,0,train
9699,4425,MARTIGNETTI COMPANIES,2024-04-21,162,3354.3,16.44,0.4901,16.77,0.98,0,0,0,0,0,0,,0,0,0.1367,0,0.9904,0,test
9634,7240,"PREMIUM PORT WINES, INC.",2024-04-22,75,562.92,2.87,0.5098,2.81,1.02,0,0,0,0,0,0,,0,0,0.0043,0,0.554,0,train
9641,1265,BLACK ROCK SPIRITS LLC,2024-04-22,3,42.15,0.23,0.5457,0.21,1.09,0,0,0,0,0,0,,0,0,0.002,0,0.6854,0,train
9661,3924,HEAVEN HILL DISTILLERIES,2024-04-22,5142,46733.73,224.32,0.48,233.7,0.96,0,0,0,0,0,0,,0,0,0.0,0,0.1591,0,train
9663,660,SAZERAC NORTH AMERICA INC.,2024-04-22,8483,62883.7,282.98,0.45,314.46,0.9,0,0,0,0,0,0,,0,0,0.0,0,0.5739,0,train
9670,9815,WINE GROUP INC,2024-04-22,10313,68825.97,378.54,0.55,344.17,1.1,0,0,0,0,0,0,,0,0,0.0,0,0.4516,0,test
9675,90011,FORTUNE WINE BROKERS LLC,2024-04-22,96,802.8,3.85,0.4796,4.01,0.96,0,0,0,0,0,0,,0,0,0.0,0,0.1234,0,train
9677,3950,"HOOD RIVER DISTILLERS, Inc.",2024-04-22,18,388.44,1.86,0.4788,1.94,0.96,0,0,0,0,0,0,,0,0,0.0025,0,0.337,0,test
9692,2242,DELICATO VINEYARDS INC,2024-04-22,2148,16640.46,89.86,0.54,83.21,1.08,0,0,0,0,0,0,,0,0,0.0,0,0.2069,0,test
9698,9552,M S WALKER INC,2024-04-22,18040,139523.38,753.43,0.54,697.7,1.08,0,0,0,0,0,0,,0,0,0.0065,0,0.9085,0,test
9623,1392,CONSTELLATION BRANDS INC,2024-04-23,34559,221135.53,1172.02,0.53,1105.81,1.06,0,0,0,0,0,0,,0,0,0.0203,0,0.821,0,train
9631,17035,PERNOD RICARD USA,2024-04-23,19348,247475.37,1336.37,0.54,1237.53,1.08,0,0,0,0,0,0,,0,0,0.2144,0,0.8254,0,train
9638,9622,WEIN BAUER INC,2024-04-23,30,418.2,1.92,0.4591,2.09,0.92,0,0,0,0,0,0,,0,0,0.0091,0,0.3906,0,train
9643,1590,DIAGEO CHATEAU ESTATE WINES,2024-04-23,1786,12608.48,69.35,0.55,63.05,1.1,0,0,0,0,0,0,,0,0,0.0,0,0.2538,0,train
9644,3252,E & J GALLO WINERY,2024-04-23,25047,159548.86,813.7,0.51,797.84,1.02,0,0,0,0,0,0,,0,0,0.0,0,0.7267,0,train
9646,6213,MHW LTD,2024-04-23,2009,20789.94,103.95,0.5,103.96,1.0,0,0,0,0,0,0,,0,0,0.0,0,0.0963,0,test
9657,9625,WESTERN SPIRITS BEVERAGE CO,2024-04-23,210,3873.93,20.14,0.5199,19.37,1.04,0,0,0,0,0,0,,0,0,0.0632,0,0.6966,0,train
9669,1601,VRANKEN AMERICA,2024-04-23,39,826.26,3.88,0.4696,4.13,0.94,0,0,0,0,0,0,,0,0,0.0165,0,0.3926,0,test
9678,17032,JEWELL TOWNE VINEYARDS,2024-04-23,108,836.76,4.1,0.49,4.18,0.98,0,0,0,0,0,0,,0,0,0.0,0,0.0451,0,train
9684,8112,MOET HENNESSY USA INC,2024-04-23,5884,111979.28,604.69,0.54,559.97,1.08,0,0,0,0,0,0,,0,0,0.0,0,0.4373,0,train
9687,3089,SIDNEY FRANK IMPORTING CO,2024-04-23,2562,23258.94,109.32,0.47,116.31,0.94,0,0,0,0,0,0,,0,0,0.0,0,0.0915,0,train
9689,90017,THE IMPORTED GRAPE LLC,2024-04-23,84,503.88,2.32,0.4604,2.52,0.92,0,0,0,0,0,0,,0,0,0.0,0,0.488,0,train
9710,10000,MAJESTIC FINE WINES,2024-04-23,6074,46757.49,243.14,0.52,233.82,1.04,0,0,0,0,0,0,,0,0,0.0,0,0.3199,0,test
9618,1189,BULLY BOY DISTILLERS,2024-04-24,156,3460.92,19.04,0.5501,17.31,1.1,0,0,0,0,0,0,,0,0,0.002,0,0.2482,0,train
9629,6359,OLE SMOKY DISTILLERY LLC,2024-04-24,154,2199.06,10.78,0.4902,11.0,0.98,0,0,0,0,0,0,,0,0,0.0022,0,0.3587,0,train
9630,6785,PALM BAY INTERNATIONAL INC,2024-04-24,4330,30326.25,154.66,0.51,151.65,1.02,0,0,0,0,0,0,,0,0,0.0025,0,0.6607,0,train
9632,9206,PHILLIPS PRODUCTS CO.,2024-04-24,711,5283.27,28.53,0.54,26.42,1.08,0,0,0,0,0,0,,0,0,0.0,0,0.2423,0,train
9636,8150,SEA HAGG DISTILLERY LLC,2024-04-24,41,490.61,2.45,0.4994,2.45,1.0,0,0,0,0,0,0,,0,0,0.0018,0,0.1427,0,train
9640,388,ATLANTIC IMPORTING COMPANY,2024-04-24,18,383.76,2.03,0.529,1.92,1.06,0,0,0,0,0,0,,0,0,0.0,0,0.3872,0,train
9649,8320,SHAW ROSS INT L IMP LTD,2024-04-24,942,7996.59,43.18,0.54,39.99,1.08,0,0,0,0,0,0,,0,0,0.0,0,0.1122,0,train
9654,9165,ULTRA BEVERAGE COMPANY LLP,2024-04-24,19665,212884.32,1064.42,0.5,1064.55,1.0,0,0,0,0,0,0,,0,0,0.0047,0,0.877,0,test
9662,7255,PSP WINES,2024-04-24,253,2006.55,10.23,0.5098,10.03,1.02,0,0,0,0,0,0,,0,0,0.0,0,0.0097,0,train
9667,8920,TAKARA SAKE USA INC,2024-04-24,116,526.08,2.63,0.4999,2.63,1.0,0,0,0,0,0,0,,0,0,0.0025,0,0.3211,0,train
9676,9744,FREDERICK WILDMAN & SONS,2024-04-24,875,7422.04,37.85,0.51,37.11,1.02,0,0,0,0,0,0,,0,0,0.0,0,0.0668,0,train
9691,2396,BLACK PRINCE DISTILLERY INC,2024-04-24,12,54.0,0.28,0.5185,0.27,1.04,0,0,0,0,0,0,,0,0,0.0123,0,0.6646,0,train
9694,1655,FABRIZIA SPIRITS LLC,2024-04-24,326,3915.84,20.75,0.5299,19.58,1.06,0,0,0,0,0,0,,0,0,0.0,0,0.0146,0,train
9695,90053,INCREDIBREW INC,2024-04-24,36,313.2,1.63,0.5204,1.57,1.04,0,0,0,0,0,0,,0,0,0.0,0,0.1001,0,train
9706,2561,EDRINGTON AMERICAS,2024-04-24,1435,40316.98,221.74,0.55,201.61,1.1,0,0,0,0,0,0,,0,0,0.0,0,0.5237,0,train
9709,4950,LATITUDE BEVERAGE COMPANY,2024-04-24,387,2509.52,12.05,0.4802,12.55,0.96,0,0,0,0,0,0,,0,0,0.0022,0,0.0384,0,train
9619,1273,CALEDONIA SPIRITS INC,2024-04-25,182,5762.29,28.81,0.5,28.82,1.0,0,0,0,0,0,0,,0,0,0.0,0,0.3956,0,train
9620,90046,CANDIA VINEYARDS,2024-04-25,23,226.87,1.25,0.551,1.13,1.1,0,0,0,0,0,0,,0,0,0.0154,0,0.5643,0,train
9621,1485,CASTLE BRANDS CORP.,2024-04-25,1077,13694.91,65.74,0.48,68.48,0.96,0,0,0,0,0,0,,0,0,0.0,0,0.4665,0,train
9625,2555,DISARONNO INTERNATIONAL LLC,2024-04-25,1175,12109.99,59.34,0.49,60.56,0.98,0,0,0,0,0,0,,0,0,0.0063,0,0.4337,0,train
9647,7153,PINE STATE TRADING CO,2024-04-25,4811,33305.92,163.2,0.49,166.55,0.98,0,0,0,0,0,0,,0,0,0.0061,0,0.5751,0,train
9659,11567,CAMPARI AMERICA,2024-04-25,6378,43298.61,233.81,0.54,216.52,1.08,0,0,0,0,0,0,,0,0,0.0,0,0.182,0,train
9668,9260,TY KU LLC,2024-04-25,12,76.92,0.35,0.455,0.38,0.91,0,0,0,0,0,0,,0,0,0.0206,0,0.6754,0,train
9673,2876,CENTEUR IMPORTS LLC,2024-04-25,12,105.42,0.51,0.4838,0.53,0.97,0,0,0,0,0,0,,0,0,0.0023,0,0.2829,0,train
9679,4550,KLIN SPIRITS LLC,2024-04-25,86,1210.02,6.53,0.5397,6.05,1.08,0,0,0,0,0,0,,0,0,0.0,0,0.0233,0,train
9680,8352,LUXCO INC,2024-04-25,4151,30726.99,150.56,0.49,153.65,0.98,0,0,0,0,0,0,,0,0,0.0,0,0.0655,0,train
9683,5612,MILTONS DISTRIBUTING CO,2024-04-25,12,104.4,0.52,0.4981,0.52,1.0,0,0,0,0,0,0,,0,0,0.0135,0,0.8596,0,train
9700,10050,Russian Standard Vodka,2024-04-25,77,883.42,4.77,0.5399,4.42,1.08,0,0,0,0,0,0,,0,0,0.0044,0,0.0188,0,train
9702,28750,SMOKY QUARTZ DISTILLERY LLC,2024-04-25,24,516.72,2.79,0.5399,2.58,1.08,0,0,0,0,0,0,,0,0,0.0128,0,0.0758,0,train
9712,10754,PERFECTA WINES,2024-04-25,9755,88871.84,488.8,0.55,444.41,1.1,0,0,0,0,0,0,,0,0,0.0044,0,0.8975,0,train
9713,8004,SAZERAC CO INC,2024-04-25,20832,153535.17,829.09,0.54,767.77,1.08,0,0,0,0,0,0,,0,0,0.0,0,0.2656,0,train
9715,8735,SURVILLE ENTERPRISES CORP,2024-04-25,276,2960.7,15.1,0.51,14.81,1.02,0,0,0,0,0,0,,0,0,0.0,0,0.3256,0,train
9716,8892,TRINCHERO FAMILY ESTATES,2024-04-25,5366,32818.22,157.53,0.48,164.11,0.96,0,0,0,0,0,0,,0,0,0.0,0,0.1653,0,train
9737,90058,ZORVINO VINEYARDS,2024-04-25,130,1074.9,4.84,0.4503,5.38,0.9,0,0,0,0,0,0,,0,0,0.002,0,0.05,0,train
9760,90010,VINEXTRA INC,2024-04-25,198,2143.08,10.93,0.51,10.72,1.02,0,0,0,0,0,0,,0,0,0.0,0,0.0393,0,train
9765,4380,CHARLES JACQUIN ET CIE INC,2024-04-25,645,6861.53,34.31,0.5,34.31,1.0,0,0,0,0,0,0,,0,0,0.007,0,0.7467,0,train
9787,11567,CAMPARI AMERICA,2024-04-25,6779,56585.54,305.56,0.54,282.96,1.08,0,0,0,0,0,0,,0,0,0.0022,0,0.4808,0,train
9627,90052,HAUNTING WHISPER VYDS,2024-04-26,12,99.24,0.54,0.5441,0.5,1.09,0,0,0,0,0,0,,0,0,0.0043,0,0.7933,0,train
9628,5992,MCCORMICK DISTILLING CO,2024-04-26,434,4140.05,19.46,0.47,20.7,0.94,0,0,0,0,0,0,,0,0,0.0023,0,0.6146,0,train
9651,8664,"STOLI GROUP,(USA) LLC",2024-04-26,2251,38600.48,189.14,0.49,193.03,0.98,0,0,0,0,0,0,,0,0,0.0017,0,0.5311,0,train
9660,2496,DUGGANS DISTILLED PRODUCTS,2024-04-26,104,1806.22,9.39,0.5199,9.03,1.04,0,0,0,0,0,0,,0,0,0.0,0,0.4804,0,train
9664,98450,Serralles Usa LLC,2024-04-26,94,1409.76,6.91,0.4902,7.05,0.98,0,0,0,0,0,0,,0,0,0.0024,0,0.2629,0,train
9665,90056,SWEET BABY VINEYARD,2024-04-26,166,1389.15,7.64,0.55,6.95,1.1,0,0,0,0,0,0,,0,0,0.0,0,0.4241,0,train
9685,6355,NICHE W & S,2024-04-26,69,1014.3,5.07,0.4999,5.07,1.0,0,0,0,0,0,0,,0,0,0.002,0,0.0361,0,test
9688,173357,TAMWORTH DISTILLING,2024-04-26,294,5524.26,28.17,0.5099,27.62,1.02,0,0,0,0,0,0,,0,0,0.0198,0,0.7987,0,train
9722,17031,FLAG HILL WINERY & VINEYARD,2024-04-26,275,3410.45,17.39,0.5099,17.05,1.02,0,0,0,0,0,0,,0,0,0.002,0,0.0079,0,train
9726,7245,PROXIMO SPIRITS INC.,2024-04-26,11584,123624.17,605.76,0.49,618.2,0.98,0,0,0,0,0,0,,0,0,0.0,0,0.1095,0,train
9742,90032,LABELLE VYDS AND WINERY,2024-04-26,103,1083.11,4.87,0.4496,5.42,0.9,0,0,0,0,0,0,,0,0,0.002,0,0.0415,0,train
9743,4950,LATITUDE BEVERAGE COMPANY,2024-04-26,409,2360.86,10.86,0.46,11.81,0.92,0,0,0,0,0,0,,0,0,0.002,0,0.0702,0,train
9744,6359,OLE SMOKY DISTILLERY LLC,2024-04-26,2810,39590.28,193.99,0.49,197.98,0.98,0,0,0,0,0,0,,0,0,0.0221,0,0.6908,0,train
9745,7240,"PREMIUM PORT WINES, INC.",2024-04-26,222,1637.31,8.51,0.5198,8.19,1.04,0,0,0,0,0,0,,0,0,0.0,0,0.007,0,train
9767,2555,DISARONNO INTERNATIONAL LLC,2024-04-26,1400,16208.67,87.53,0.54,81.05,1.08,0,0,0,0,0,0,,0,0,0.0,0,0.0673,0,train
9777,6215,MOONLIGHT MEADERY,2024-04-26,72,649.68,3.44,0.5295,3.25,1.06,0,0,0,0,0,0,,0,0,0.0,0,0.1685,0,train
9783,90024,VINILANDIA USA,2024-04-26,618,5093.46,27.5,0.5399,25.47,1.08,0,0,0,0,0,0,,0,0,0.0022,0,0.4286,0,train
9786,1189,BULLY BOY DISTILLERS,2024-04-26,667,14364.91,74.7,0.52,71.83,1.04,0,0,0,0,0,0,,0,0,0.0177,0,0.8452,0,train
9789,2242,DELICATO VINEYARDS INC,2024-04-26,2048,15868.5,73.0,0.46,79.35,0.92,0,0,0,0,0,0,,0,0,0.0,0,0.2277,0,train
9799,1601,VRANKEN AMERICA,2024-04-26,90,1769.23,8.32,0.4703,8.85,0.94,0,0,0,0,0,0,,0,0,0.0,0,0.4837,0,test
9804,90053,INCREDIBREW INC,2024-04-26,22,203.28,0.96,0.4723,1.02,0.94,0,0,0,0,0,0,,0,0,0.0,0,0.8389,0,train
9806,9552,M S WALKER INC,2024-04-26,18525,141764.71,652.12,0.46,708.91,0.92,0,0,0,0,0,0,,0,0,0.0016,0,0.9273,0,test
9724,6785,PALM BAY INTERNATIONAL INC,2024-04-27,5231,37130.96,185.65,0.5,185.68,1.0,0,0,0,0,0,0,,0,0,0.0,0,0.1479,0,train
9729,8004,SAZERAC CO INC,2024-04-27,20075,133873.24,736.3,0.55,669.45,1.1,0,0,0,0,0,0,,0,0,0.0022,0,0.5297,0,train
9792,7255,PSP WINES,2024-04-27,327,2728.85,12.83,0.4702,13.65,0.94,0,0,0,0,0,0,,0,0,0.0022,0,0.3303,0,train
9813,660,SAZERAC NORTH AMERICA INC.,2024-04-27,10126,74165.72,407.91,0.55,370.87,1.1,0,0,0,0,0,0,,0,0,0.0024,0,0.6935,0,train
9719,105,ALTAMAR BRANDS LLC,2024-04-28,12,428.52,2.31,0.5391,2.14,1.08,0,0,0,0,0,0,,0,0,0.0129,0,0.9296,0,train
9720,2876,CENTEUR IMPORTS LLC,2024-04-28,12,109.8,0.6,0.5464,0.55,1.09,0,0,0,0,0,0,,0,0,0.0,0,0.6017,0,test
9727,7239,REMY COINTREAU USA INC,2024-04-28,2569,61950.03,322.14,0.52,309.79,1.04,0,0,0,0,0,0,,0,0,0.0,0,0.6168,0,train
9746,9819,TREASURY WINE ESTATES,2024-04-28,7702,38545.07,188.87,0.49,192.75,0.98,0,0,0,0,0,0,,0,0,0.0269,0,0.6477,0,train
9749,1392,CONSTELLATION BRANDS INC,2024-04-28,34773,225706.96,1196.25,0.53,1128.67,1.06,0,0,0,0,0,0,,0,0,0.0498,0,0.9046,0,train
9751,3252,E & J GALLO WINERY,2024-04-28,27479,178492.84,856.77,0.48,892.57,0.96,0,0,0,0,0,0,,0,0,0.0048,0,0.7478,0,test
9778,6355,NICHE W & S,2024-04-28,59,870.66,4.53,0.5203,4.35,1.04,0,0,0,0,0,0,,0,0,0.002,0,0.254,0,train
9780,8673,STE MICHELLE WINE ESTATES,2024-04-28,5379,37677.06,177.08,0.47,188.41,0.94,0,0,0,0,0,0,,0,0,0.0,0,0.543,0,train
9784,9622,WEIN BAUER INC,2024-04-28,24,457.92,2.34,0.511,2.29,1.02,0,0,0,0,0,0,,0,0,0.0,0,0.5506,0,train
9793,98450,Serralles Usa LLC,2024-04-28,146,2061.34,11.13,0.5399,10.31,1.08,0,0,0,0,0,0,,0,0,0.0,0,0.1274,0,train
9794,2000,SOUTHERN WINE & SPIRITS NE,2024-04-28,4882,44145.21,216.31,0.49,220.75,0.98,0,0,0,0,0,0,,0,0,0.0,0,0.5953,0,train
9815,12331,STELLAR IMPORTING CO LLC,2024-04-28,24,199.92,1.1,0.5502,1.0,1.1,0,0,0,0,0,0,,0,0,0.0069,0,0.7014,0,train
9817,9625,WESTERN SPIRITS BEVERAGE CO,2024-04-28,290,4820.6,26.03,0.54,24.11,1.08,0,0,0,0,0,0,,0,0,0.0,0,0.8001,0,train
9732,28750,SMOKY QUARTZ DISTILLERY LLC,2024-04-29,12,263.88,1.35,0.5116,1.32,1.02,0,0,0,0,0,0,,0,0,0.0095,0,0.5097,0,test
9734,8892,TRINCHERO FAMILY ESTATES,2024-04-29,5192,33331.61,169.99,0.51,166.68,1.02,0,0,0,0,0,0,,0,0,0.0,0,0.4741,0,train
9739,516,BANFI PRODUCTS CORP,2024-04-29,2962,22653.42,101.94,0.45,113.28,0.9,0,0,0,0,0,0,,0,0,0.0065,0,0.2064,0,train
9741,90011,FORTUNE WINE BROKERS LLC,2024-04-29,188,1842.2,9.03,0.4902,9.21,0.98,0,0,0,0,0,0,,0,0,0.0018,0,0.1901,0,test
9759,9165,ULTRA BEVERAGE COMPANY LLP,2024-04-29,14316,172558.04,828.28,0.48,862.9,0.96,0,0,0,0,0,0,,0,0,0.0,0,0.8598,0,train
9762,388,ATLANTIC IMPORTING COMPANY,2024-04-29,24,511.68,2.61,0.5101,2.56,1.02,0,0,0,0,0,0,,0,0,0.0065,0,0.2143,0,train
9771,3950,"HOOD RIVER DISTILLERS, Inc.",2024-04-29,12,258.96,1.17,0.4518,1.29,0.9,0,0,0,0,0,0,,0,0,0.0163,0,0.4947,0,test
9791,7153,PINE STATE TRADING CO,2024-04-29,7837,62251.82,305.03,0.49,311.3,0.98,0,0,0,0,0,0,,0,0,0.0025,0,0.6818,0,train
9800,4466,AMERICAN VINTAGE BEVERAGE,2024-04-29,275,2775.01,13.6,0.4901,13.88,0.98,0,0,0,0,0,0,,0,0,0.0,0,0.0648,0,train
9801,1590,DIAGEO CHATEAU ESTATE WINES,2024-04-29,1358,9703.42,45.61,0.47,48.52,0.94,0,0,0,0,0,0,,0,0,0.0,0,0.3323,0,train
9805,17032,JEWELL TOWNE VINEYARDS,2024-04-29,59,459.89,2.53,0.5501,2.3,1.1,0,0,0,0,0,0,,0,0,0.0,0,0.3752,0,train
9809,4425,MARTIGNETTI COMPANIES,2024-04-29,101,1410.35,6.91,0.4899,7.05,0.98,0,0,0,0,0,0,,0,0,0.0154,0,0.9681,0,train
9810,8112,MOET HENNESSY USA INC,2024-04-29,6348,145177.66,798.48,0.55,725.98,1.1,0,0,0,0,0,0,,0,0,0.0,0,0.7552,0,train
9718,1703,ALISA CARR BEVERAGES,2024-04-30,3,233.76,1.26,0.539,1.17,1.08,0,0,0,0,0,0,,0,0,0.0715,0,0.895,0,train
9728,10050,Russian Standard Vodka,2024-04-30,118,1504.76,7.22,0.4798,7.52,0.96,0,0,0,0,0,0,,0,0,0.0,0,0.1052,0,train
9730,17033,SEA BREEZE CELLARS LLC,2024-04-30,12,94.68,0.46,0.4858,0.47,0.97,0,0,0,0,0,0,,0,0,0.0409,0,0.6561,0,test
9733,90017,THE IMPORTED GRAPE LLC,2024-04-30,12,125.4,0.69,0.5502,0.63,1.1,0,0,0,0,0,0,,0,0,0.0014,0,0.7276,0,train
9735,1587,VINEYARD BRANDS INC,2024-04-30,1790,15161.49,80.36,0.53,75.82,1.06,0,0,0,0,0,0,,0,0,0.0024,0,0.287,0,test
9738,480,BACARDI USA INC,2024-04-30,21648,257338.55,1209.49,0.47,1286.85,0.94,1,0,0,0,0,0,High-value invoice (>= $250K),1,1,0.9539,1,0.7128,0,train
9740,17037,Dunn Wine Brokers,2024-04-30,41,571.2,2.97,0.52,2.86,1.04,0,0,0,0,0,0,,0,0,0.0,0,0.4189,0,train
9750,90047,CRUSH WINES,2024-04-30,222,2497.88,12.99,0.52,12.49,1.04,0,0,0,0,0,0,,0,0,0.0,0,0.0581,0,train
9752,1655,FABRIZIA SPIRITS LLC,2024-04-30,335,4292.7,22.32,0.52,21.47,1.04,0,0,0,0,0,0,,0,0,0.0,0,0.0096,0,train
9764,1273,CALEDONIA SPIRITS INC,2024-04-30,73,2169.98,11.72,0.5401,10.85,1.08,0,0,0,0,0,0,,0,0,0.0127,0,0.6071,0,train
9770,3924,HEAVEN HILL DISTILLERIES,2024-04-30,5917,53331.59,282.66,0.53,266.69,1.06,0,0,0,0,0,0,,0,0,0.0,0,0.1856,0,test
9772,12546,JIM BEAM BRANDS COMPANY,2024-04-30,43915,375658.64,1728.03,0.46,1878.53,0.92,1,0,0,0,0,0,High-value invoice (>= $250K),1,1,1.0,1,0.8986,0,test
9779,8150,SEA HAGG DISTILLERY LLC,2024-04-30,152,1551.92,8.54,0.5503,7.76,1.1,0,0,0,0,0,0,,0,0,0.0024,0,0.0352,0,train
9797,90037,THE PIERPONT GROUP LLC,2024-04-30,12,81.6,0.41,0.5025,0.41,1.0,0,0,0,0,0,0,,0,0,0.0024,0,0.4857,0,train
9807,5455,MARSALLE COMPANY,2024-04-30,176,4414.22,22.95,0.5199,22.07,1.04,0,0,0,0,0,0,,0,0,0.0023,0,0.2688,0,train
9731,3089,SIDNEY FRANK IMPORTING CO,2024-05-01,3058,27659.46,152.13,0.55,138.31,1.1,0,0,0,0,0,0,,0,0,0.002,0,0.1348,0,train
9754,6213,MHW LTD,2024-05-01,2520,30601.13,159.13,0.52,153.02,1.04,0,0,0,0,0,0,,0,0,0.0,0,0.0774,0,train
9766,3960,DIAGEO NORTH AMERICA INC,2024-05-01,87795,768037.55,3532.97,0.46,3840.66,0.92,1,0,0,0,0,0,High-value invoice (>= $250K),1,1,1.0,1,0.8178,0,train
9769,90051,FULCHINO VINEYARD INC,2024-05-01,24,241.44,1.3,0.5384,1.21,1.08,0,0,0,0,0,0,,0,0,0.0,0,0.3069,0,train
9785,1265,BLACK ROCK SPIRITS LLC,2024-05-01,15,210.75,0.97,0.4603,1.05,0.92,0,0,0,0,0,0,,0,0,0.0022,0,0.4041,0,train
9790,9744,FREDERICK WILDMAN & SONS,2024-05-01,1180,12022.41,61.31,0.51,60.12,1.02,0,0,0,0,0,0,,0,0,0.0,0,0.0081,0,test
9811,17035,PERNOD RICARD USA,2024-05-01,26260,360566.36,1694.66,0.47,1803.06,0.94,1,0,0,0,0,0,High-value invoice (>= $250K),1,1,0.9954,1,0.7122,0,train
9812,7154,PREMIER DISTRIBUTORS,2024-05-01,151,2301.85,11.51,0.5,11.51,1.0,0,0,0,0,0,0,,0,0,0.0023,0,0.1138,0,train
9814,653,STATE WINE & SPIRITS,2024-05-01,2959,39562.6,185.94,0.47,197.84,0.94,0,0,0,0,0,0,,0,0,0.0045,0,0.3135,0,train
9721,1650,Circa Wines,2024-05-02,137,1647.98,7.75,0.4703,8.24,0.94,0,0,0,0,0,0,,0,0,0.0116,0,0.8734,0,train
9723,5992,MCCORMICK DISTILLING CO,2024-05-02,435,4582.65,24.75,0.5401,22.92,1.08,0,0,0,0,0,0,,0,0,0.0034,0,0.0911,0,train
9753,4550,KLIN SPIRITS LLC,2024-05-02,123,1730.61,8.48,0.49,8.65,0.98,0,0,0,0,0,0,,0,0,0.0,0,0.0076,0,train
9755,10754,PERFECTA WINES,2024-05-02,7000,65397.16,294.29,0.45,327.03,0.9,0,0,0,0,0,0,,0,0,0.0022,0,0.7819,0,train
9768,2450,DJINN SPIRITS LLC,2024-05-02,30,624.72,2.87,0.4594,3.12,0.92,0,0,0,0,0,0,,0,0,0.0,0,0.4308,0,train
9773,4692,KOBRAND CORPORATION,2024-05-02,2384,21486.51,116.03,0.54,107.45,1.08,0,0,0,0,0,0,,0,0,0.0025,0,0.1501,0,test
9782,173357,TAMWORTH DISTILLING,2024-05-02,20,387.4,1.94,0.5008,1.94,1.0,0,0,0,0,0,0,,0,0,0.0,0,0.0783,0,train
9796,8920,TAKARA SAKE USA INC,2024-05-02,221,1047.28,5.13,0.4898,5.24,0.98,0,0,0,0,0,0,,0,0,0.0096,0,0.1737,0,train
9798,9260,TY KU LLC,2024-05-02,52,498.85,2.39,0.4791,2.49,0.96,0,0,0,0,0,0,,0,0,0.0,0,0.0215,0,train
9802,2496,DUGGANS DISTILLED PRODUCTS,2024-05-02,123,2077.71,11.01,0.5299,10.39,1.06,0,0,0,0,0,0,,0,0,0.0,0,0.0029,0,test
9808,4425,MARTIGNETTI COMPANIES,2024-05-02,27965,311577.83,1589.05,0.51,1558.08,1.02,1,0,0,0,0,0,High-value invoice (>= $250K),1,1,0.9967,1,0.9103,0,test
9816,172662,SWEETWATER FARM,2024-05-02,60,1323.6,7.02,0.5304,6.62,1.06,0,0,0,0,0,0,,0,0,0.0193,0,0.5674,0,test
9821,2450,DJINN SPIRITS LLC,2024-05-02,24,399.84,2.16,0.5402,2.0,1.08,0,0,0,0,0,0,,0,0,0.0,0,0.1883,0,train
9823,90032,LABELLE VYDS AND WINERY,2024-05-02,107,1197.91,6.59,0.5501,5.99,1.1,0,0,0,0,0,0,,0,0,0.0,0,0.0168,0,test
9842,7153,PINE STATE TRADING CO,2024-05-02,6391,50665.71,243.2,0.48,253.36,0.96,0,0,0,0,0,0,,0,0,0.0,0,0.2951,0,test
9845,10050,Russian Standard Vodka,2024-05-02,60,864.06,4.06,0.4699,4.32,0.94,0,0,0,0,0,0,,0,0,0.0022,0,0.0213,0,train
9861,3089,SIDNEY FRANK IMPORTING CO,2024-05-02,5634,77837.4,396.97,0.51,389.24,1.02,0,0,0,0,0,0,,0,0,0.0094,0,0.8892,0,train
9875,1590,DIAGEO CHATEAU ESTATE WINES,2024-05-02,1541,10430.23,55.28,0.53,52.16,1.06,0,0,0,0,0,0,,0,0,0.0025,0,0.3987,0,test
9881,7245,PROXIMO SPIRITS INC.,2024-05-02,23943,230103.86,1196.54,0.52,1150.66,1.04,0,0,0,0,0,0,,0,0,0.2171,0,0.7272,0,test
9882,98450,Serralles Usa LLC,2024-05-02,165,2364.5,12.3,0.5202,11.82,1.04,0,0,0,0,0,0,,0,0,0.0,0,0.0444,0,test
9884,8673,STE MICHELLE WINE ESTATES,2024-05-02,6510,44595.39,209.6,0.47,223.0,0.94,0,0,0,0,0,0,,0,0,0.0023,0,0.2995,0,train
9899,9751,VINEDREA WINES LLC,2024-05-02,6,136.32,0.64,0.4695,0.68,0.94,0,0,0,0,0,0,,0,0,0.004,0,0.8762,0,test
9725,90027,POVERTY LANE ORCHARDS,2024-05-03,36,237.24,1.19,0.5016,1.19,1.0,0,0,0,0,0,0,,0,0,0.0276,0,0.7761,0,train
9736,90057,WALPOLE MTN VIEW WINERY,2024-05-03,36,391.32,2.0,0.5111,1.96,1.02,0,0,0,0,0,0,,0,0,0.0046,0,0.5818,0,train
9747,3664,WILLIAM GRANT & SONS INC,2024-05-03,4349,93246.56,456.91,0.49,466.29,0.98,0,0,0,0,0,0,,0,0,0.0,0,0.6459,0,train
9748,90046,CANDIA VINEYARDS,2024-05-03,12,120.72,0.54,0.4473,0.6,0.89,0,0,0,0,0,0,,0,0,0.0282,0,0.5912,0,train
9756,9206,PHILLIPS PRODUCTS CO.,2024-05-03,687,6872.48,37.8,0.55,34.37,1.1,0,0,0,0,0,0,,0,0,0.0,0,0.1595,0,train
9757,8320,SHAW ROSS INT L IMP LTD,2024-05-03,1124,10247.07,50.21,0.49,51.24,0.98,0,0,0,0,0,0,,0,0,0.0,0,0.4121,0,train
9758,8664,"STOLI GROUP,(USA) LLC",2024-05-03,3562,55123.44,248.06,0.45,275.65,0.9,0,0,0,0,0,0,,0,0,0.0,0,0.2533,0,train
9761,9815,WINE GROUP INC,2024-05-03,11724,76212.76,411.55,0.54,381.11,1.08,0,0,0,0,0,0,,0,0,0.0043,0,0.8324,0,train
9763,1128,BROWN-FORMAN CORP,2024-05-03,16090,199050.33,1035.06,0.52,995.38,1.04,0,0,0,0,0,0,,0,0,0.0,0,0.4167,0,test
9774,4848,LAIRD & CO,2024-05-03,227,1632.61,7.35,0.4502,8.16,0.9,0,0,0,0,0,0,,0,0,0.0,0,0.1037,0,train
9775,8352,LUXCO INC,2024-05-03,4772,34470.55,158.56,0.46,172.37,0.92,0,0,0,0,0,0,,0,0,0.0,0,0.1203,0,test
9776,10000,MAJESTIC FINE WINES,2024-05-03,7228,54374.47,244.69,0.45,271.91,0.9,0,0,0,0,0,0,,0,0,0.0,0,0.193,0,train
9781,8735,SURVILLE ENTERPRISES CORP,2024-05-03,113,778.48,3.81,0.4894,3.89,0.98,0,0,0,0,0,0,,0,0,0.002,0,0.1301,0,train
9788,1485,CASTLE BRANDS CORP.,2024-05-03,1408,20470.25,110.54,0.54,102.36,1.08,0,0,0,0,0,0,,0,0,0.0,0,0.1395,0,train
9795,90056,SWEET BABY VINEYARD,2024-05-03,198,1657.7,8.95,0.5399,8.29,1.08,0,0,0,0,0,0,,0,0,0.0,0,0.2712,0,train
9803,2561,EDRINGTON AMERICAS,2024-05-03,1012,25661.06,133.44,0.52,128.32,1.04,0,0,0,0,0,0,,0,0,0.0172,0,0.7005,0,train
9830,90037,THE PIERPONT GROUP LLC,2024-05-03,8,114.2,0.56,0.4904,0.57,0.98,0,0,0,0,0,0,,0,0,0.0044,0,0.7113,0,train
9839,5992,MCCORMICK DISTILLING CO,2024-05-03,1073,11867.76,54.59,0.46,59.35,0.92,0,0,0,0,0,0,,0,0,0.0,0,0.1811,0,train
9863,90056,SWEET BABY VINEYARD,2024-05-03,166,1385.4,6.93,0.5002,6.93,1.0,0,0,0,0,0,0,,0,0,0.0019,0,0.0054,0,train
9866,9165,ULTRA BEVERAGE COMPANY LLP,2024-05-03,25433,264647.84,1296.77,0.49,1323.4,0.98,1,0,0,0,0,0,High-value invoice (>= $250K),1,1,0.9938,1,0.8647,0,train
9869,9622,WEIN BAUER INC,2024-05-03,60,738.6,3.47,0.4698,3.69,0.94,0,0,0,0,0,0,,0,0,0.0092,0,0.1223,0,train
9876,1655,FABRIZIA SPIRITS LLC,2024-05-03,2062,24547.02,127.64,0.52,122.75,1.04,0,0,0,0,0,0,,0,0,0.004,0,0.5248,0,train
9902,1189,BULLY BOY DISTILLERS,2024-05-03,90,1992.18,8.96,0.4498,9.96,0.9,0,0,0,0,0,0,,0,0,0.0024,0,0.5515,0,train
9903,4380,CHARLES JACQUIN ET CIE INC,2024-05-03,447,4198.88,23.09,0.5499,21.0,1.1,0,0,0,0,0,0,,0,0,0.002,0,0.8328,0,train
9906,3950,"HOOD RIVER DISTILLERS, Inc.",2024-05-03,6,129.48,0.6,0.4634,0.65,0.93,0,0,0,0,0,0,,0,0,0.004,0,0.7999,0,test
9824,6215,MOONLIGHT MEADERY,2024-05-04,120,1071.48,5.25,0.49,5.36,0.98,0,0,0,0,0,0,,0,0,0.0,0,0.3617,0,train
9828,8735,SURVILLE ENTERPRISES CORP,2024-05-04,66,552.72,2.6,0.4704,2.76,0.94,0,0,0,0,0,0,,0,0,0.0,0,0.157,0,train
9836,9744,FREDERICK WILDMAN & SONS,2024-05-04,1129,11642.76,55.89,0.48,58.22,0.96,0,0,0,0,0,0,,0,0,0.0,0,0.0725,0,train
9838,4425,MARTIGNETTI COMPANIES,2024-05-04,42259,430408.39,2367.25,0.55,2152.31,1.1,1,0,0,0,0,0,High-value invoice (>= $250K),1,1,0.9987,1,0.9652,0,test
9841,9206,PHILLIPS PRODUCTS CO.,2024-05-04,580,4063.01,21.13,0.5201,20.32,1.04,0,0,0,0,0,0,,0,0,0.004,0,0.1903,0,train
9843,7154,PREMIER DISTRIBUTORS,2024-05-04,120,1740.38,8.01,0.4602,8.7,0.92,0,0,0,0,0,0,,0,0,0.0024,0,0.0761,0,train
9848,1128,BROWN-FORMAN CORP,2024-05-04,15193,220984.85,1127.02,0.51,1105.06,1.02,0,0,0,0,0,0,,0,0,0.0256,0,0.5735,0,test
9856,17032,JEWELL TOWNE VINEYARDS,2024-05-04,96,788.52,3.86,0.4895,3.94,0.98,0,0,0,0,0,0,,0,0,0.0,0,0.0256,0,train
9858,8352,LUXCO INC,2024-05-04,4274,28606.11,143.03,0.5,143.05,1.0,0,0,0,0,0,0,,0,0,0.0082,0,0.1929,0,train
9870,3664,WILLIAM GRANT & SONS INC,2024-05-04,6539,148689.56,817.79,0.55,743.54,1.1,0,0,0,0,0,0,,0,0,0.0,0,0.7564,0,train
9879,10754,PERFECTA WINES,2024-05-04,7665,74724.66,366.15,0.49,373.67,0.98,0,0,0,0,0,0,,0,0,0.0,0,0.6883,0,train
9880,7240,"PREMIUM PORT WINES, INC.",2024-05-04,133,959.12,4.32,0.4504,4.8,0.9,0,0,0,0,0,0,,0,0,0.0,0,0.4553,0,train
9885,90010,VINEXTRA INC,2024-05-04,228,2117.28,9.53,0.4501,10.59,0.9,0,0,0,0,0,0,,0,0,0.0,0,0.2141,0,train
9892,6355,NICHE W & S,2024-05-04,53,786.94,4.33,0.5502,3.94,1.1,0,0,0,0,0,0,,0,0,0.0,0,0.2742,0,test
9896,8664,"STOLI GROUP,(USA) LLC",2024-05-04,4722,82884.81,372.98,0.45,414.48,0.9,0,0,0,0,0,0,,0,0,0.0022,0,0.6141,0,train
9907,12546,JIM BEAM BRANDS COMPANY,2024-05-04,49749,498593.97,2343.39,0.47,2493.28,0.94,1,0,0,0,0,0,High-value invoice (>= $250K),1,1,0.9994,1,0.972,0,train
9913,6785,PALM BAY INTERNATIONAL INC,2024-05-04,14208,86137.91,396.23,0.46,430.74,0.92,0,0,0,0,0,0,,0,0,0.0167,0,0.8364,0,test
9826,8150,SEA HAGG DISTILLERY LLC,2024-05-05,165,1756.65,8.43,0.4799,8.78,0.96,0,0,0,0,0,0,,0,0,0.0,0,0.2049,0,test
9837,10000,MAJESTIC FINE WINES,2024-05-05,9997,76393.92,374.33,0.49,382.02,0.98,0,0,0,0,0,0,,0,0,0.0,0,0.5448,0,train
9840,17035,PERNOD RICARD USA,2024-05-05,30722,436431.2,2356.73,0.54,2182.43,1.08,1,0,0,0,0,0,High-value invoice (>= $250K),1,1,0.9994,1,0.8181,0,train
9844,7255,PSP WINES,2024-05-05,327,3254.61,14.65,0.4501,16.28,0.9,0,0,0,0,0,0,,0,0,0.0,0,0.274,0,test
9857,4950,LATITUDE BEVERAGE COMPANY,2024-05-05,553,3354.88,15.43,0.4599,16.78,0.92,0,0,0,0,0,0,,0,0,0.0041,0,0.28,0,test
9859,8004,SAZERAC CO INC,2024-05-05,23128,178056.77,943.7,0.53,890.39,1.06,0,0,0,0,0,0,,0,0,0.0041,0,0.6044,0,train
9883,653,STATE WINE & SPIRITS,2024-05-05,2065,20514.58,110.78,0.54,102.59,1.08,0,0,0,0,0,0,,0,0,0.0018,0,0.3619,0,train
9900,1601,VRANKEN AMERICA,2024-05-05,238,3296.98,16.48,0.4999,16.49,1.0,0,0,0,0,0,0,,0,0,0.0022,0,0.2787,0,train
9908,4550,KLIN SPIRITS LLC,2024-05-05,79,1111.53,5.45,0.4903,5.56,0.98,0,0,0,0,0,0,,0,0,0.0043,0,0.5769,0,train
9911,5455,MARSALLE COMPANY,2024-05-05,62,1628.33,7.33,0.4502,8.14,0.9,0,0,0,0,0,0,,0,0,0.0064,0,0.8317,0,train
9833,90046,CANDIA VINEYARDS,2024-05-06,1,10.06,0.05,0.497,0.05,0.99,0,0,0,0,0,0,,0,0,0.0175,0,0.8501,0,train
9834,2876,CENTEUR IMPORTS LLC,2024-05-06,6,48.3,0.22,0.4555,0.24,0.91,0,0,0,0,0,0,,0,0,0.0088,0,0.8584,0,test
9853,90052,HAUNTING WHISPER VYDS,2024-05-06,36,292.56,1.61,0.5503,1.46,1.1,0,0,0,0,0,0,,0,0,0.0024,0,0.3489,0,train
9872,516,BANFI PRODUCTS CORP,2024-05-06,6762,54823.63,257.67,0.47,274.15,0.94,0,0,0,0,0,0,,0,0,0.0,0,0.5849,0,train
9873,1485,CASTLE BRANDS CORP.,2024-05-06,3775,72656.12,399.61,0.55,363.33,1.1,0,0,0,0,0,0,,0,0,0.0022,0,0.7579,0,train
9888,2496,DUGGANS DISTILLED PRODUCTS,2024-05-06,113,1868.89,10.28,0.5501,9.35,1.1,0,0,0,0,0,0,,0,0,0.0,0,0.2546,0,test
9889,17037,Dunn Wine Brokers,2024-05-06,48,594.36,3.27,0.5502,2.97,1.1,0,0,0,0,0,0,,0,0,0.0,0,0.1865,0,train
9895,17033,SEA BREEZE CELLARS LLC,2024-05-06,47,409.35,1.96,0.4788,2.05,0.96,0,0,0,0,0,0,,0,0,0.0142,0,0.7712,0,train
9897,8920,TAKARA SAKE USA INC,2024-05-06,82,396.02,2.18,0.5505,1.98,1.1,0,0,0,0,0,0,,0,0,0.014,0,0.6056,0,train
9901,90058,ZORVINO VINEYARDS,2024-05-06,291,2298.26,11.26,0.4899,11.49,0.98,0,0,0,0,0,0,,0,0,0.0,0,0.1696,0,train
9912,4425,MARTIGNETTI COMPANIES,2024-05-06,107,1262.72,6.31,0.4997,6.31,1.0,0,0,0,0,0,0,,0,0,0.0087,0,0.9383,0,train
9914,173357,TAMWORTH DISTILLING,2024-05-06,18,345.18,1.62,0.4693,1.73,0.94,0,0,0,0,0,0,,0,0,0.0024,0,0.6211,0,train
9847,480,BACARDI USA INC,2024-05-07,23002,295393.87,1358.81,0.46,1477.15,0.92,1,0,0,0,0,0,High-value invoice (>= $250K),1,1,0.9974,1,0.6152,0,train
9852,17031,FLAG HILL WINERY & VINEYARD,2024-05-07,295,4280.25,21.4,0.5,21.4,1.0,0,0,0,0,0,0,,0,0,0.0,0,0.0148,0,train
9860,660,SAZERAC NORTH AMERICA INC.,2024-05-07,9281,68144.49,306.65,0.45,340.76,0.9,0,0,0,0,0,0,,0,0,0.0,0,0.2998,0,train
9865,9260,TY KU LLC,2024-05-07,135,2555.55,13.8,0.54,12.78,1.08,0,0,0,0,0,0,,0,0,0.0593,0,0.8643,0,train
9867,90024,VINILANDIA USA,2024-05-07,833,8183.1,39.28,0.48,40.92,0.96,0,0,0,0,0,0,,0,0,0.0043,0,0.2262,0,train
9894,7239,REMY COINTREAU USA INC,2024-05-07,2215,47090.84,230.75,0.49,235.48,0.98,0,0,0,0,0,0,,0,0,0.0,0,0.2522,0,train
9904,3960,DIAGEO NORTH AMERICA INC,2024-05-07,112194,1041834.26,4792.44,0.46,5209.82,0.92,1,0,0,0,0,0,High-value invoice (>= $250K),1,1,0.9972,1,0.8798,0,train
9909,4692,KOBRAND CORPORATION,2024-05-07,3006,31458.07,169.87,0.54,157.31,1.08,0,0,0,0,0,0,,0,0,0.0,0,0.3776,0,test
9915,9819,TREASURY WINE ESTATES,2024-05-07,11942,68134.04,347.48,0.51,340.71,1.02,0,0,0,0,0,0,,0,0,0.0046,0,0.3666,0,train
9916,1587,VINEYARD BRANDS INC,2024-05-07,1572,12865.18,60.47,0.47,64.33,0.94,0,0,0,0,0,0,,0,0,0.0,0,0.1367,0,test
9820,2555,DISARONNO INTERNATIONAL LLC,2024-05-08,3818,53411.39,272.4,0.51,267.09,1.02,0,0,0,0,0,0,,0,0,0.0,0,0.5916,0,train
9822,90011,FORTUNE WINE BROKERS LLC,2024-05-08,205,1805.1,8.48,0.4698,9.03,0.94,0,0,0,0,0,0,,0,0,0.0,0,0.5006,0,train
9835,2242,DELICATO VINEYARDS INC,2024-05-08,1635,12727.28,66.18,0.52,63.64,1.04,0,0,0,0,0,0,,0,0,0.0,0,0.315,0,train
9862,2000,SOUTHERN WINE & SPIRITS NE,2024-05-08,10929,91229.37,465.27,0.51,456.2,1.02,0,0,0,0,0,0,,0,0,0.0024,0,0.4768,0,test
9874,90047,CRUSH WINES,2024-05-08,312,3150.49,16.38,0.5199,15.75,1.04,0,0,0,0,0,0,,0,0,0.0,0,0.0458,0,test
9878,8112,MOET HENNESSY USA INC,2024-05-08,6920,186168.14,874.99,0.47,930.96,0.94,0,0,0,0,0,0,,0,0,0.0318,0,0.8142,0,test
9893,6359,OLE SMOKY DISTILLERY LLC,2024-05-08,413,5425.07,24.96,0.4601,27.13,0.92,0,0,0,0,0,0,,0,0,0.0,0,0.0092,0,train
9910,4848,LAIRD & CO,2024-05-08,274,1280.9,6.4,0.4996,6.41,1.0,0,0,0,0,0,0,,0,0,0.1168,0,0.3422,0,train
9818,388,ATLANTIC IMPORTING COMPANY,2024-05-09,29,618.28,2.97,0.4804,3.09,0.96,0,0,0,0,0,0,,0,0,0.0047,0,0.6148,0,train
9819,1392,CONSTELLATION BRANDS INC,2024-05-09,52624,354588.2,1666.56,0.47,1773.16,0.94,1,0,0,0,0,0,High-value invoice (>= $250K),1,1,0.9992,1,0.8441,0,train
9825,90027,POVERTY LANE ORCHARDS,2024-05-09,107,802.09,3.61,0.4501,4.01,0.9,0,0,0,0,0,0,,0,0,0.0024,0,0.446,0,train
9827,8320,SHAW ROSS INT L IMP LTD,2024-05-09,1180,9991.7,53.96,0.54,49.96,1.08,0,0,0,0,0,0,,0,0,0.0,0,0.076,0,train
9831,9625,WESTERN SPIRITS BEVERAGE CO,2024-05-09,244,4106.79,18.48,0.45,20.54,0.9,0,0,0,0,0,0,,0,0,0.0039,0,0.5196,0,train
9846,9815,WINE GROUP INC,2024-05-09,23289,127484.16,611.92,0.48,637.5,0.96,0,0,0,0,0,0,,0,0,0.0174,0,0.6742,0,train
9849,1273,CALEDONIA SPIRITS INC,2024-05-09,110,3207.03,14.43,0.4499,16.04,0.9,0,0,0,0,0,0,,0,0,0.0108,0,0.247,0,train
9850,1650,Circa Wines,2024-05-09,1,9.72,0.05,0.5144,0.05,1.03,0,0,0,0,0,0,,0,0,0.1096,0,0.9558,0,train
9851,2561,EDRINGTON AMERICAS,2024-05-09,1009,36575.55,197.51,0.54,182.9,1.08,0,0,0,0,0,0,,0,0,0.0318,0,0.7274,0,train
9855,2,"IRA GOLDMAN AND WILLIAMS, LLP",2024-05-09,320,5440.0,26.11,0.48,27.2,0.96,0,0,0,0,0,0,,0,0,0.0182,0,0.8483,0,train
9868,90057,WALPOLE MTN VIEW WINERY,2024-05-09,12,137.16,0.7,0.5104,0.69,1.02,0,0,0,0,0,0,,0,0,0.0,0,0.2834,0,train
9886,4466,AMERICAN VINTAGE BEVERAGE,2024-05-09,312,3050.86,13.73,0.45,15.26,0.9,0,0,0,0,0,0,,0,0,0.0,0,0.0011,0,train
9891,6213,MHW LTD,2024-05-09,2396,23250.76,123.23,0.53,116.27,1.06,0,0,0,0,0,0,,0,0,0.0022,0,0.0778,0,test
9905,3252,E & J GALLO WINERY,2024-05-09,47385,301415.42,1356.37,0.45,1507.26,0.9,1,0,0,0,0,0,High-value invoice (>= $250K),1,1,0.9993,1,0.7862,0,train
9922,6213,MHW LTD,2024-05-09,7275,37561.07,172.78,0.46,187.83,0.92,0,0,1,0,0,0,Unit cost far from vendor norm,0,1,0.7653,1,0.4398,1,train
9924,8004,SAZERAC CO INC,2024-05-09,23554,175715.01,861.0,0.49,878.68,0.98,0,0,0,0,0,0,,0,0,0.0024,0,0.4214,0,train
9926,3089,SIDNEY FRANK IMPORTING CO,2024-05-09,3906,39017.2,187.28,0.48,195.11,0.96,0,0,0,0,0,0,,0,0,0.0042,0,0.5955,0,test
9935,9744,FREDERICK WILDMAN & SONS,2024-05-09,1778,18405.95,92.03,0.5,92.04,1.0,0,0,0,0,0,0,,0,0,0.0,0,0.0363,0,train
9941,6359,OLE SMOKY DISTILLERY LLC,2024-05-09,18445,30002.72,135.01,0.45,150.03,0.9,0,0,1,0,0,0,Unit cost far from vendor norm,0,1,0.9774,1,0.9457,1,train
9956,90047,CRUSH WINES,2024-05-09,376,3521.03,17.96,0.5101,17.61,1.02,0,0,0,0,0,0,,0,0,0.0,0,0.079,0,test
9971,17031,FLAG HILL WINERY & VINEYARD,2024-05-09,482,6749.18,35.77,0.53,33.75,1.06,0,0,0,0,0,0,,0,0,0.0,0,0.1012,0,train
9975,7153,PINE STATE TRADING CO,2024-05-09,7386,57740.96,265.61,0.46,288.74,0.92,0,0,0,0,0,0,,0,0,0.0,0,0.8651,0,train
9985,516,BANFI PRODUCTS CORP,2024-05-09,6611,50969.7,259.95,0.51,254.88,1.02,0,0,0,0,0,0,,0,0,0.0,0,0.5605,0,train
9993,2000,SOUTHERN WINE & SPIRITS NE,2024-05-09,8724,75028.11,375.14,0.5,375.19,1.0,0,0,0,0,0,0,,0,0,0.002,0,0.9051,0,train
9994,9260,TY KU LLC,2024-05-09,76,776.65,4.04,0.5202,3.88,1.04,0,0,0,0,0,0,,0,0,0.0477,0,0.716,0,train
9996,90024,VINILANDIA USA,2024-05-09,4485,37928.72,182.06,0.48,189.67,0.96,0,0,0,0,0,0,,0,0,0.0046,0,0.7629,0,test
10008,90032,LABELLE VYDS AND WINERY,2024-05-09,359,3880.55,20.95,0.5399,19.41,1.08,0,0,0,0,0,0,,0,0,0.0018,0,0.6128,0,train
10020,90058,ZORVINO VINEYARDS,2024-05-09,180,1495.56,6.73,0.45,7.48,0.9,0,0,0,0,0,0,,0,0,0.0062,0,0.6421,0,test
9829,28776,TALL SHIP DISTILLERY LLC,2024-05-10,24,502.2,2.66,0.5297,2.51,1.06,0,0,0,0,0,0,,0,0,0.0209,0,0.7911,0,train
9832,1703,ALISA CARR BEVERAGES,2024-05-10,2,155.84,0.72,0.462,0.78,0.92,0,0,0,0,0,0,,0,0,0.1207,0,0.9495,0,test
9854,90053,INCREDIBREW INC,2024-05-10,36,319.2,1.53,0.4793,1.6,0.96,0,0,0,0,0,0,,0,0,0.002,0,0.3343,0,test
9864,90017,THE IMPORTED GRAPE LLC,2024-05-10,12,125.4,0.69,0.5502,0.63,1.1,0,0,0,0,0,0,,0,0,0.0014,0,0.7359,0,train
9871,105,ALTAMAR BRANDS LLC,2024-05-10,6,214.26,1.18,0.5507,1.07,1.1,0,0,0,0,0,0,,0,0,0.0086,0,0.7133,0,train
9877,9552,M S WALKER INC,2024-05-10,21416,169623.82,915.97,0.54,848.22,1.08,0,0,0,0,0,0,,0,0,0.0,0,0.8688,0,test
9887,11567,CAMPARI AMERICA,2024-05-10,7990,68066.78,360.75,0.53,340.38,1.06,0,0,0,0,0,0,,0,0,0.0,0,0.1757,0,train
9890,3924,HEAVEN HILL DISTILLERIES,2024-05-10,5920,47650.67,262.08,0.55,238.28,1.1,0,0,0,0,0,0,,0,0,0.0,0,0.1342,0,train
9898,8892,TRINCHERO FAMILY ESTATES,2024-05-10,5176,31129.9,161.88,0.52,155.67,1.04,0,0,0,0,0,0,,0,0,0.0024,0,0.1297,0,train
9919,3960,DIAGEO NORTH AMERICA INC,2024-05-10,98001,900613.12,4052.76,0.45,4503.62,0.9,1,0,0,0,0,0,High-value invoice (>= $250K),1,1,1.0,1,0.8465,0,train
9920,2555,DISARONNO INTERNATIONAL LLC,2024-05-10,2012,25236.88,113.57,0.45,126.2,0.9,0,0,0,0,0,0,,0,0,0.0063,0,0.5382,0,train
9928,9819,TREASURY WINE ESTATES,2024-05-10,10168,62028.82,310.14,0.5,310.18,1.0,0,0,0,0,0,0,,0,0,0.0,0,0.1097,0,train
9931,2242,DELICATO VINEYARDS INC,2024-05-10,2487,18563.67,102.1,0.55,92.83,1.1,0,0,0,0,0,0,,0,0,0.0025,0,0.098,0,test
9940,5612,MILTONS DISTRIBUTING CO,2024-05-10,12,104.4,0.51,0.4885,0.52,0.98,0,0,0,0,0,0,,0,0,0.0,0,0.7602,0,test
9948,8920,TAKARA SAKE USA INC,2024-05-10,246,1201.84,5.65,0.4701,6.01,0.94,0,0,0,0,0,0,,0,0,0.0213,0,0.302,0,train
9951,9625,WESTERN SPIRITS BEVERAGE CO,2024-05-10,350,6103.83,31.13,0.51,30.52,1.02,0,0,0,0,0,0,,0,0,0.0022,0,0.3161,0,test
9959,90052,HAUNTING WHISPER VYDS,2024-05-10,24,193.32,1.01,0.5224,0.97,1.04,0,0,0,0,0,0,,0,0,0.0,0,0.2517,0,train
9964,7239,REMY COINTREAU USA INC,2024-05-10,2871,59748.89,298.74,0.5,298.78,1.0,0,0,0,0,0,0,,0,0,0.0,0,0.479,0,train
9966,8664,"STOLI GROUP,(USA) LLC",2024-05-10,10195,92675.15,472.64,0.51,463.43,1.02,0,0,0,0,0,0,,0,0,0.0154,0,0.5611,0,train
9972,4848,LAIRD & CO,2024-05-10,1745,18846.64,88.58,0.47,94.24,0.94,0,0,0,0,0,0,,0,0,0.025,0,0.8777,0,train
9982,90037,THE PIERPONT GROUP LLC,2024-05-10,24,153.0,0.73,0.4771,0.77,0.95,0,0,0,0,0,0,,0,0,0.0,0,0.8468,0,train
9983,9815,WINE GROUP INC,2024-05-10,19205,113221.79,532.14,0.47,566.18,0.94,0,0,0,0,0,0,,0,0,0.0,0,0.5479,0,train
9989,4950,LATITUDE BEVERAGE COMPANY,2024-05-10,403,2359.08,12.27,0.5201,11.8,1.04,0,0,0,0,0,0,,0,0,0.0,0,0.3538,0,train
10001,1128,BROWN-FORMAN CORP,2024-05-10,16679,227776.44,1138.88,0.5,1139.02,1.0,0,0,0,0,0,0,,0,0,0.0255,0,0.8308,0,train
10014,17035,PERNOD RICARD USA,2024-05-10,30005,413006.63,1982.43,0.48,2065.29,0.96,1,0,0,0,0,0,High-value invoice (>= $250K),1,1,0.9972,1,0.8541,0,train
10015,10050,Russian Standard Vodka,2024-05-10,218,1675.51,9.22,0.5503,8.38,1.1,0,0,0,0,0,0,,0,0,0.0156,0,0.6262,0,train
9927,28776,TALL SHIP DISTILLERY LLC,2024-05-11,37,821.77,4.44,0.5403,4.11,1.08,0,0,0,0,0,0,,0,0,0.0,0,0.1627,0,train
9944,8150,SEA HAGG DISTILLERY LLC,2024-05-11,175,1858.75,8.92,0.4799,9.29,0.96,0,0,0,0,0,0,,0,0,0.0,0,0.0155,0,train
9955,1392,CONSTELLATION BRANDS INC,2024-05-11,41880,285808.66,1486.21,0.52,1429.22,1.04,1,0,0,0,0,0,High-value invoice (>= $250K),1,1,0.9969,1,0.8066,0,test
9961,8352,LUXCO INC,2024-05-11,4513,34497.68,169.04,0.49,172.51,0.98,0,0,0,0,0,0,,0,0,0.0,0,0.1784,0,train
9968,1703,ALISA CARR BEVERAGES,2024-05-11,3,233.76,1.17,0.5005,1.17,1.0,0,0,0,0,0,0,,0,0,0.0603,0,0.7622,0,train
9969,388,ATLANTIC IMPORTING COMPANY,2024-05-11,17,362.44,1.96,0.5408,1.81,1.08,0,0,0,0,0,0,,0,0,0.0,0,0.3074,0,train
9973,4425,MARTIGNETTI COMPANIES,2024-05-11,46545,459435.46,2251.23,0.49,2297.46,0.98,1,0,0,0,0,0,High-value invoice (>= $250K),1,1,0.9997,1,0.9803,0,train
9979,8673,STE MICHELLE WINE ESTATES,2024-05-11,6349,47127.99,212.08,0.45,235.67,0.9,0,0,0,0,0,0,,0,0,0.0,0,0.3648,0,test
9987,1655,FABRIZIA SPIRITS LLC,2024-05-11,3119,42862.36,222.88,0.52,214.34,1.04,0,0,0,0,0,0,,0,0,0.0234,0,0.8432,0,test
9998,3664,WILLIAM GRANT & SONS INC,2024-05-11,5537,110082.62,539.4,0.49,550.48,0.98,0,0,0,0,0,0,,0,0,0.0,0,0.589,0,train
10012,6355,NICHE W & S,2024-05-11,35,514.5,2.62,0.5092,2.57,1.02,0,0,0,0,0,0,,0,0,0.0019,0,0.6329,0,train
9930,1485,CASTLE BRANDS CORP.,2024-05-12,2274,35269.65,176.35,0.5,176.37,1.0,0,0,0,0,0,0,,0,0,0.0,0,0.4303,0,train
9947,90056,SWEET BABY VINEYARD,2024-05-12,323,2700.04,13.77,0.51,13.5,1.02,0,0,0,0,0,0,,0,0,0.0,0,0.0828,0,test
9949,1601,VRANKEN AMERICA,2024-05-12,135,2282.4,11.64,0.51,11.41,1.02,0,0,0,0,0,0,,0,0,0.0,0,0.114,0,train
9958,3252,E & J GALLO WINERY,2024-05-12,38524,253473.94,1343.41,0.53,1267.53,1.06,1,0,0,0,0,0,High-value invoice (>= $250K),1,1,0.9884,1,0.8194,0,test
9962,4425,MARTIGNETTI COMPANIES,2024-05-12,140,1466.84,6.89,0.4697,7.34,0.94,0,0,0,0,0,0,,0,0,0.009,0,0.9185,0,train
9970,1590,DIAGEO CHATEAU ESTATE WINES,2024-05-12,1682,12660.36,62.04,0.49,63.31,0.98,0,0,0,0,0,0,,0,0,0.0,0,0.4348,0,train
9984,287,APPOLO VINEYARDS LLC,2024-05-12,24,250.44,1.23,0.4911,1.25,0.98,0,0,0,0,0,0,,0,0,0.0,0,0.5991,0,train
10003,2876,CENTEUR IMPORTS LLC,2024-05-12,30,258.36,1.27,0.4916,1.29,0.98,0,0,0,0,0,0,,0,0,0.0041,0,0.6978,0,test
10004,2496,DUGGANS DISTILLED PRODUCTS,2024-05-12,175,2873.57,14.94,0.5199,14.37,1.04,0,0,0,0,0,0,,0,0,0.0,0,0.2735,0,train
10007,12546,JIM BEAM BRANDS COMPANY,2024-05-12,45587,426994.13,1964.17,0.46,2135.24,0.92,1,0,0,0,0,0,High-value invoice (>= $250K),1,1,1.0,1,0.93,0,test
10010,5455,MARSALLE COMPANY,2024-05-12,147,4039.98,20.6,0.5099,20.2,1.02,0,0,0,0,0,0,,0,0,0.0,0,0.6376,0,train
10013,6785,PALM BAY INTERNATIONAL INC,2024-05-12,8469,61355.19,300.64,0.49,306.81,0.98,0,0,0,0,0,0,,0,0,0.0024,0,0.7491,0,train
10017,8320,SHAW ROSS INT L IMP LTD,2024-05-12,1286,10683.29,55.55,0.52,53.42,1.04,0,0,0,0,0,0,,0,0,0.0,0,0.3915,0,train
10018,8892,TRINCHERO FAMILY ESTATES,2024-05-12,6506,39191.33,207.71,0.53,195.98,1.06,0,0,0,0,0,0,,0,0,0.0,0,0.6372,0,test
10019,1587,VINEYARD BRANDS INC,2024-05-12,2639,22329.89,122.81,0.55,111.66,1.1,0,0,0,0,0,0,,0,0,0.0,0,0.6314,0,test
9921,90051,FULCHINO VINEYARD INC,2024-05-13,48,570.0,2.91,0.5105,2.85,1.02,0,0,0,0,0,0,,0,0,0.0,0,0.5676,0,test
9925,660,SAZERAC NORTH AMERICA INC.,2024-05-13,10491,78574.12,432.16,0.55,392.92,1.1,0,0,0,0,0,0,,0,0,0.0,0,0.512,0,train
9934,90011,FORTUNE WINE BROKERS LLC,2024-05-13,96,772.08,4.01,0.5194,3.86,1.04,0,0,0,0,0,0,,0,0,0.0,0,0.2627,0,test
9946,28750,SMOKY QUARTZ DISTILLERY LLC,2024-05-13,48,1014.24,4.56,0.4496,5.07,0.9,0,0,0,0,0,0,,0,0,0.0,0,0.2692,0,train
9953,11567,CAMPARI AMERICA,2024-05-13,8542,86367.93,449.11,0.52,431.89,1.04,0,0,0,0,0,0,,0,0,0.0,0,0.5398,0,train
10006,3924,HEAVEN HILL DISTILLERIES,2024-05-13,6782,53202.67,287.29,0.54,266.05,1.08,0,0,0,0,0,0,,0,0,0.0,0,0.4544,0,test
9957,17037,Dunn Wine Brokers,2024-05-14,66,1033.98,4.96,0.4797,5.17,0.96,0,0,0,0,0,0,,0,0,0.0,0,0.1855,0,test
9963,90027,POVERTY LANE ORCHARDS,2024-05-14,36,261.96,1.31,0.5001,1.31,1.0,0,0,0,0,0,0,,0,0,0.0,0,0.1358,0,test
9976,7154,PREMIER DISTRIBUTORS,2024-05-14,180,2464.18,12.07,0.4898,12.32,0.98,0,0,0,0,0,0,,0,0,0.0024,0,0.011,0,train
9999,4466,AMERICAN VINTAGE BEVERAGE,2024-05-14,310,3117.82,14.97,0.4801,15.59,0.96,0,0,0,0,0,0,,0,0,0.0,0,0.0646,0,train
10016,17033,SEA BREEZE CELLARS LLC,2024-05-14,191,2176.86,10.88,0.4998,10.89,1.0,0,0,0,0,0,0,,0,0,0.0,0,0.0222,0,train
9918,4380,CHARLES JACQUIN ET CIE INC,2024-05-15,615,5831.68,27.99,0.48,29.16,0.96,0,0,0,0,0,0,,0,0,0.0,0,0.0994,0,train
9936,90053,INCREDIBREW INC,2024-05-15,84,736.08,3.97,0.5393,3.68,1.08,0,0,0,0,0,0,,0,0,0.0022,0,0.2565,0,train
9942,10754,PERFECTA WINES,2024-05-15,10342,104613.53,543.99,0.52,523.13,1.04,0,0,0,0,0,0,,0,0,0.0,0,0.7951,0,test
9960,4692,KOBRAND CORPORATION,2024-05-15,2340,25381.36,114.22,0.45,126.92,0.9,0,0,0,0,0,0,,0,0,0.0022,0,0.1532,0,train
9978,653,STATE WINE & SPIRITS,2024-05-15,2733,26428.77,121.57,0.46,132.16,0.92,0,0,0,0,0,0,,0,0,0.0,0,0.1409,0,train
9981,90017,THE IMPORTED GRAPE LLC,2024-05-15,60,344.4,1.79,0.5197,1.72,1.04,0,0,0,0,0,0,,0,0,0.0063,0,0.3063,0,test
9986,90046,CANDIA VINEYARDS,2024-05-15,71,823.49,4.12,0.5003,4.12,1.0,0,0,0,0,0,0,,0,0,0.0,0,0.0402,0,train
9992,7240,"PREMIUM PORT WINES, INC.",2024-05-15,157,1208.27,6.52,0.5396,6.04,1.08,0,0,0,0,0,0,,0,0,0.0,0,0.0184,0,train
9997,90057,WALPOLE MTN VIEW WINERY,2024-05-15,36,420.36,2.1,0.4996,2.1,1.0,0,0,0,0,0,0,,0,0,0.0,0,0.1189,0,train
10011,5992,MCCORMICK DISTILLING CO,2024-05-15,548,5547.6,26.63,0.48,27.74,0.96,0,0,0,0,0,0,,0,0,0.0091,0,0.5012,0,test
9917,1273,CALEDONIA SPIRITS INC,2024-05-16,114,3028.44,13.93,0.46,15.14,0.92,0,0,0,0,0,0,,0,0,0.007,0,0.4184,0,train
9929,480,BACARDI USA INC,2024-05-16,22553,298053.75,1341.24,0.45,1490.45,0.9,1,0,0,0,0,0,High-value invoice (>= $250K),1,1,0.9912,1,0.6791,0,test
9937,17032,JEWELL TOWNE VINEYARDS,2024-05-16,143,1175.52,5.52,0.4696,5.88,0.94,0,0,0,0,0,0,,0,0,0.0043,0,0.0882,0,train
9938,4550,KLIN SPIRITS LLC,2024-05-16,177,2490.39,11.95,0.4798,12.45,0.96,0,0,0,0,0,0,,0,0,0.0,0,0.0424,0,train
9939,9552,M S WALKER INC,2024-05-16,25390,201226.95,1006.13,0.5,1006.26,1.0,0,0,0,0,0,0,,0,0,0.0049,0,0.9405,0,train
9945,98450,Serralles Usa LLC,2024-05-16,242,3340.86,18.37,0.5499,16.71,1.1,0,0,0,0,0,0,,0,0,0.0,0,0.2484,0,train
9950,9622,WEIN BAUER INC,2024-05-16,42,647.16,2.98,0.4605,3.24,0.92,0,0,0,0,0,0,,0,0,0.0,0,0.5014,0,train
9952,105,ALTAMAR BRANDS LLC,2024-05-16,18,568.02,3.12,0.5493,2.84,1.1,0,0,0,0,0,0,,0,0,0.0388,0,0.6899,0,test
9954,1650,Circa Wines,2024-05-16,73,785.88,3.69,0.4695,3.93,0.94,0,0,0,0,0,0,,0,0,0.0,0,0.4983,0,test
9965,12331,STELLAR IMPORTING CO LLC,2024-05-16,96,687.84,3.16,0.4594,3.44,0.92,0,0,0,0,0,0,,0,0,0.0282,0,0.8104,0,train
9967,90010,VINEXTRA INC,2024-05-16,405,4438.56,22.64,0.5101,22.2,1.02,0,0,0,0,0,0,,0,0,0.0025,0,0.4786,0,train
9974,9206,PHILLIPS PRODUCTS CO.,2024-05-16,836,7998.03,41.59,0.52,40.0,1.04,0,0,0,0,0,0,,0,0,0.0118,0,0.387,0,train
9980,8735,SURVILLE ENTERPRISES CORP,2024-05-16,228,1971.12,10.25,0.52,9.86,1.04,0,0,0,0,0,0,,0,0,0.0,0,0.1739,0,train
9990,8112,MOET HENNESSY USA INC,2024-05-16,7433,184974.54,943.37,0.51,924.99,1.02,0,0,0,0,0,0,,0,0,0.0227,0,0.516,0,train
9991,6215,MOONLIGHT MEADERY,2024-05-16,120,1081.68,5.84,0.5399,5.41,1.08,0,0,0,0,0,0,,0,0,0.0,0,0.2881,0,train
10000,2396,BLACK PRINCE DISTILLERY INC,2024-05-16,12,52.08,0.26,0.4992,0.26,1.0,0,0,0,0,0,0,,0,0,0.0055,0,0.6778,0,test
10009,10000,MAJESTIC FINE WINES,2024-05-16,10797,80163.39,368.75,0.46,400.87,0.92,0,0,0,0,0,0,,0,0,0.0,0,0.0669,0,train
10037,2555,DISARONNO INTERNATIONAL LLC,2024-05-16,1865,21456.52,113.72,0.53,107.3,1.06,0,0,0,0,0,0,,0,0,0.0,0,0.0141,0,train
10039,9744,FREDERICK WILDMAN & SONS,2024-05-16,1322,11211.84,57.18,0.51,56.07,1.02,0,0,0,0,0,0,,0,0,0.0024,0,0.0453,0,train
10040,17032,JEWELL TOWNE VINEYARDS,2024-05-16,36,274.92,1.46,0.5311,1.37,1.06,0,0,0,0,0,0,,0,0,0.0022,0,0.2811,0,test
10053,90058,ZORVINO VINEYARDS,2024-05-16,105,861.39,4.65,0.5398,4.31,1.08,0,0,0,0,0,0,,0,0,0.0,0,0.0305,0,train
10068,4425,MARTIGNETTI COMPANIES,2024-05-16,36518,349521.04,1747.61,0.5,1747.82,1.0,1,0,0,0,0,0,High-value invoice (>= $250K),1,1,0.9989,1,0.9834,0,train
10080,1273,CALEDONIA SPIRITS INC,2024-05-16,107,3392.73,17.3,0.5099,16.97,1.02,0,0,0,0,0,0,,0,0,0.0044,0,0.4909,0,train
10084,3252,E & J GALLO WINERY,2024-05-16,34271,218745.23,1028.1,0.47,1093.86,0.94,0,0,0,0,0,0,,0,0,0.0046,0,0.8961,0,test
10095,4466,AMERICAN VINTAGE BEVERAGE,2024-05-16,215,2123.01,11.46,0.5398,10.62,1.08,0,0,0,0,0,0,,0,0,0.0,0,0.5598,0,train
10099,2561,EDRINGTON AMERICAS,2024-05-16,617,19998.97,97.99,0.49,100.01,0.98,0,0,0,1,0,0,Lead time unusual for vendor,0,1,0.2443,0,0.7909,1,test
10100,1655,FABRIZIA SPIRITS LLC,2024-05-16,802,9596.1,46.06,0.48,47.99,0.96,0,0,0,0,0,0,,0,0,0.0,0,0.6406,0,train
10102,90053,INCREDIBREW INC,2024-05-16,48,423.36,1.99,0.47,2.12,0.94,0,0,0,0,0,0,,0,0,0.0,0,0.5741,0,train
9923,7255,PSP WINES,2024-05-17,404,3644.44,20.04,0.5499,18.22,1.1,0,0,0,0,0,0,,0,0,0.0023,0,0.5452,0,train
9932,2450,DJINN SPIRITS LLC,2024-05-17,42,824.64,4.12,0.4996,4.12,1.0,0,0,0,0,0,0,,0,0,0.0064,0,0.6617,0,train
9933,90033,FANTASY FINE WINES CORP,2024-05-17,12,64.32,0.3,0.4664,0.32,0.93,0,0,0,0,0,0,,0,0,0.013,0,0.9922,0,train
9943,7749,R.P.IMPORTS INC,2024-05-17,26,386.44,1.78,0.4606,1.93,0.92,0,0,1,0,0,0,Unit cost far from vendor norm,0,1,0.8427,1,0.8703,1,train
9977,7245,PROXIMO SPIRITS INC.,2024-05-17,17562,196965.48,965.13,0.49,984.95,0.98,0,0,0,0,0,0,,0,0,0.0025,0,0.4519,0,train
9988,3950,"HOOD RIVER DISTILLERS, Inc.",2024-05-17,23,449.9,2.38,0.529,2.25,1.06,0,0,0,0,0,0,,0,0,0.0,0,0.2257,0,train
9995,9165,ULTRA BEVERAGE COMPANY LLP,2024-05-17,24011,264567.56,1402.21,0.53,1323.0,1.06,1,0,0,0,0,0,High-value invoice (>= $250K),1,1,0.9893,1,0.9646,0,train
10002,1189,BULLY BOY DISTILLERS,2024-05-17,125,2775.93,14.43,0.5198,13.88,1.04,0,0,0,0,0,0,,0,0,0.0024,0,0.0263,0,test
10005,2561,EDRINGTON AMERICAS,2024-05-17,1190,31095.81,161.7,0.52,155.5,1.04,0,0,0,0,0,0,,0,0,0.0041,0,0.2728,0,test
10036,1590,DIAGEO CHATEAU ESTATE WINES,2024-05-17,1376,10172.36,52.9,0.52,50.87,1.04,0,0,0,0,0,0,,0,0,0.0,0,0.2859,0,train
10043,5270,MANGO BOTTLING INC,2024-05-17,4521,32626.53,179.45,0.55,163.15,1.1,0,0,0,0,0,0,,0,0,0.0214,0,0.7242,0,train
10050,172662,SWEETWATER FARM,2024-05-17,63,1400.21,6.72,0.4799,7.0,0.96,0,0,0,0,0,0,,0,0,0.002,0,0.1548,0,train
10054,1650,Circa Wines,2024-05-17,36,445.8,2.36,0.5294,2.23,1.06,0,0,0,0,0,0,,0,0,0.0066,0,0.3882,0,train
10061,28750,SMOKY QUARTZ DISTILLERY LLC,2024-05-17,12,258.36,1.24,0.48,1.29,0.96,0,0,0,0,0,0,,0,0,0.0,0,0.4346,0,train
10063,8920,TAKARA SAKE USA INC,2024-05-17,201,1064.19,5.0,0.4698,5.32,0.94,0,0,0,0,0,0,,0,0,0.0,0,0.164,0,train
10081,1485,CASTLE BRANDS CORP.,2024-05-17,1725,26578.9,127.58,0.48,132.91,0.96,0,0,0,0,0,0,,0,0,0.0,0,0.2369,0,train
10082,4380,CHARLES JACQUIN ET CIE INC,2024-05-17,617,4920.77,25.1,0.5101,24.61,1.02,0,0,0,0,0,0,,0,0,0.0022,0,0.3866,0,train
10090,8320,SHAW ROSS INT L IMP LTD,2024-05-17,870,8313.04,39.9,0.48,41.57,0.96,0,0,0,0,0,0,,0,0,0.0049,0,0.6367,0,train
10105,8112,MOET HENNESSY USA INC,2024-05-17,5356,112578.22,540.38,0.48,562.96,0.96,0,0,0,0,0,0,,0,0,0.0,0,0.6711,0,train
10111,8892,TRINCHERO FAMILY ESTATES,2024-05-17,7212,45483.83,245.61,0.54,227.45,1.08,0,0,0,0,0,0,,0,0,0.0,0,0.6628,0,train
10022,480,BACARDI USA INC,2024-05-18,21903,274587.75,1400.4,0.51,1373.11,1.02,1,0,0,0,0,0,High-value invoice (>= $250K),1,1,0.9966,1,0.6572,0,test
10024,4848,LAIRD & CO,2024-05-18,708,7175.98,34.44,0.4799,35.88,0.96,0,0,0,0,0,0,,0,0,0.0024,0,0.2852,0,train
10027,5455,MARSALLE COMPANY,2024-05-18,167,4249.67,22.52,0.5299,21.25,1.06,0,0,0,0,0,0,,0,0,0.0,0,0.1019,0,train
10031,90010,VINEXTRA INC,2024-05-18,186,2295.36,11.71,0.5102,11.48,1.02,0,0,0,0,0,0,,0,0,0.0,0,0.0541,0,train
10032,3664,WILLIAM GRANT & SONS INC,2024-05-18,3976,61942.99,278.74,0.45,309.75,0.9,0,0,0,0,0,0,,0,0,0.0,0,0.6668,0,train
10034,2396,BLACK PRINCE DISTILLERY INC,2024-05-18,12,52.08,0.24,0.4608,0.26,0.92,0,0,0,0,0,0,,0,0,0.0149,0,0.7512,0,test
10038,90011,FORTUNE WINE BROKERS LLC,2024-05-18,83,774.15,3.87,0.4999,3.87,1.0,0,0,0,0,0,0,,0,0,0.0,0,0.0485,0,train
10048,2000,SOUTHERN WINE & SPIRITS NE,2024-05-18,7983,70354.63,358.81,0.51,351.82,1.02,0,0,0,0,0,0,,0,0,0.0046,0,0.5939,0,train
10052,90024,VINILANDIA USA,2024-05-18,1196,11353.32,60.17,0.53,56.77,1.06,0,0,0,0,0,0,,0,0,0.0,0,0.1017,0,test
10057,17037,Dunn Wine Brokers,2024-05-18,72,820.8,3.78,0.4605,4.1,0.92,0,0,0,0,0,0,,0,0,0.0,0,0.0509,0,train
10062,8673,STE MICHELLE WINE ESTATES,2024-05-18,3559,26536.95,140.65,0.53,132.7,1.06,0,0,0,0,0,0,,0,0,0.0,0,0.5941,0,train
10066,90032,LABELLE VYDS AND WINERY,2024-05-18,93,1015.22,4.97,0.4895,5.08,0.98,0,0,0,0,0,0,,0,0,0.0,0,0.3709,0,train
10067,4950,LATITUDE BEVERAGE COMPANY,2024-05-18,544,3502.64,18.56,0.5299,17.52,1.06,0,0,0,0,0,0,,0,0,0.0,0,0.1272,0,test
10072,7239,REMY COINTREAU USA INC,2024-05-18,1986,37437.59,198.42,0.53,187.21,1.06,0,0,0,0,0,0,,0,0,0.0024,0,0.5999,0,train
10078,9819,TREASURY WINE ESTATES,2024-05-18,7175,43551.11,200.34,0.46,217.78,0.92,0,0,0,0,0,0,,0,0,0.0,0,0.3072,0,test
10091,8735,SURVILLE ENTERPRISES CORP,2024-05-18,114,851.04,4.17,0.49,4.26,0.98,0,0,0,0,0,0,,0,0,0.0,0,0.1727,0,train
10108,90027,POVERTY LANE ORCHARDS,2024-05-18,23,185.15,0.94,0.5077,0.93,1.02,0,0,0,0,0,0,,0,0,0.0,0,0.6213,0,test
10113,1601,VRANKEN AMERICA,2024-05-18,136,1956.26,9.98,0.5102,9.78,1.02,0,0,0,0,0,0,,0,0,0.0,0,0.3476,0,test
10023,3960,DIAGEO NORTH AMERICA INC,2024-05-19,94602,808671.72,3800.76,0.47,4043.86,0.94,1,0,0,0,0,0,High-value invoice (>= $250K),1,1,1.0,1,0.9174,0,train
10026,9552,M S WALKER INC,2024-05-19,19243,150382.46,706.8,0.47,752.01,0.94,0,0,0,0,0,0,,0,0,0.0024,0,0.8715,0,train
10028,7154,PREMIER DISTRIBUTORS,2024-05-19,107,1548.07,7.28,0.4703,7.74,0.94,0,0,0,0,0,0,,0,0,0.0,0,0.2618,0,train
10044,6215,MOONLIGHT MEADERY,2024-05-19,24,202.56,0.99,0.4887,1.01,0.98,0,0,0,0,0,0,,0,0,0.006,0,0.7453,0,train
10047,7255,PSP WINES,2024-05-19,402,4208.34,18.94,0.4501,21.04,0.9,0,0,0,0,0,0,,0,0,0.0041,0,0.4261,0,train
10087,12546,JIM BEAM BRANDS COMPANY,2024-05-19,46661,404384.9,1819.73,0.45,2022.18,0.9,1,0,0,0,0,0,High-value invoice (>= $250K),1,1,1.0,1,0.8237,0,train
10042,4692,KOBRAND CORPORATION,2024-05-20,1803,20811.23,104.06,0.5,104.07,1.0,0,0,0,0,0,0,,0,0,0.002,0,0.1716,0,train
10049,12331,STELLAR IMPORTING CO LLC,2024-05-20,58,377.64,1.96,0.519,1.89,1.04,0,0,0,0,0,0,,0,0,0.002,0,0.2901,0,train
10058,10000,MAJESTIC FINE WINES,2024-05-20,5887,41451.2,211.4,0.51,207.28,1.02,0,0,0,0,0,0,,0,0,0.0,0,0.477,0,train
10059,17035,PERNOD RICARD USA,2024-05-20,23522,324378.86,1589.46,0.49,1622.1,0.98,1,0,0,0,0,0,High-value invoice (>= $250K),1,1,0.997,1,0.8097,0,train
10065,1189,BULLY BOY DISTILLERS,2024-05-20,119,2641.63,12.42,0.4702,13.21,0.94,0,0,0,0,0,0,,0,0,0.0,0,0.1243,0,train
10079,9625,WESTERN SPIRITS BEVERAGE CO,2024-05-20,283,4949.26,23.76,0.4801,24.75,0.96,0,0,0,0,0,0,,0,0,0.0025,0,0.5342,0,train
10089,98450,Serralles Usa LLC,2024-05-20,164,2398.5,13.19,0.5499,11.99,1.1,0,0,0,0,0,0,,0,0,0.0,0,0.0633,0,test
10092,90056,SWEET BABY VINEYARD,2024-05-20,93,791.19,3.56,0.45,3.96,0.9,0,0,0,0,0,0,,0,0,0.0114,0,0.1613,0,train
10093,9260,TY KU LLC,2024-05-20,63,1166.69,5.48,0.4697,5.83,0.94,0,0,0,0,0,0,,0,0,0.0552,0,0.8012,0,train
10103,4425,MARTIGNETTI COMPANIES,2024-05-20,124,1854.52,8.9,0.4799,9.27,0.96,0,0,0,0,0,0,,0,0,0.0115,0,0.9654,0,train
10106,6785,PALM BAY INTERNATIONAL INC,2024-05-20,11559,81036.5,429.49,0.53,405.23,1.06,0,0,0,0,0,0,,0,0,0.0025,0,0.746,0,train
10055,2242,DELICATO VINEYARDS INC,2024-05-21,2237,19048.63,97.15,0.51,95.25,1.02,0,0,0,0,0,0,,0,0,0.0,0,0.1555,0,train
10070,6355,NICHE W & S,2024-05-21,47,690.9,3.73,0.5399,3.45,1.08,0,0,0,0,0,0,,0,0,0.0022,0,0.0391,0,train
10075,8150,SEA HAGG DISTILLERY LLC,2024-05-21,114,1235.94,6.18,0.5,6.18,1.0,0,0,0,0,0,0,,0,0,0.0,0,0.0545,0,train
10076,8664,"STOLI GROUP,(USA) LLC",2024-05-21,3802,54231.16,292.85,0.54,271.19,1.08,0,0,0,0,0,0,,0,0,0.0,0,0.3034,0,train
10086,3951,HIGHLAND WINE MERCHANTS LLC,2024-05-21,24,254.16,1.37,0.539,1.27,1.08,0,0,0,0,0,0,,0,0,0.0074,0,0.9123,0,test
10097,11567,CAMPARI AMERICA,2024-05-21,9126,68464.65,321.78,0.47,342.37,0.94,0,0,0,0,0,0,,0,0,0.0,0,0.1835,0,train
10098,1392,CONSTELLATION BRANDS INC,2024-05-21,33544,220368.1,1013.69,0.46,1101.98,0.92,0,0,0,0,0,0,,0,0,0.0,0,0.7601,0,train
10104,5992,MCCORMICK DISTILLING CO,2024-05-21,322,3353.06,15.09,0.45,16.77,0.9,0,0,0,0,0,0,,0,0,0.0,0,0.053,0,train
10107,10754,PERFECTA WINES,2024-05-21,8037,82530.59,445.67,0.54,412.7,1.08,0,0,0,0,0,0,,0,0,0.0,0,0.7604,0,test
10110,3089,SIDNEY FRANK IMPORTING CO,2024-05-21,2370,23340.77,114.37,0.49,116.72,0.98,0,0,0,0,0,0,,0,0,0.0046,0,0.1837,0,train
10035,1128,BROWN-FORMAN CORP,2024-05-22,16039,181190.81,978.43,0.54,906.07,1.08,0,0,0,0,0,0,,0,0,0.0024,0,0.6637,0,train
10046,9206,PHILLIPS PRODUCTS CO.,2024-05-22,351,5187.52,28.01,0.5399,25.94,1.08,0,0,0,0,0,0,,0,0,0.0039,0,0.1115,0,train
10056,2496,DUGGANS DISTILLED PRODUCTS,2024-05-22,229,3784.41,18.92,0.4999,18.92,1.0,0,0,0,0,0,0,,0,0,0.0,0,0.0292,0,train
10064,9815,WINE GROUP INC,2024-05-22,13655,81192.32,397.84,0.49,406.01,0.98,0,0,0,0,0,0,,0,0,0.0,0,0.2436,0,train
10069,6213,MHW LTD,2024-05-22,7449,41021.77,201.01,0.49,205.13,0.98,0,0,0,0,0,0,,0,0,0.0771,0,0.606,0,train
10073,10050,Russian Standard Vodka,2024-05-22,75,998.7,5.39,0.5397,4.99,1.08,0,0,0,0,0,0,,0,0,0.0022,0,0.0159,0,test
10074,660,SAZERAC NORTH AMERICA INC.,2024-05-22,9299,67821.17,339.11,0.5,339.15,1.0,0,0,0,0,0,0,,0,0,0.0,0,0.2261,0,train
10077,28776,TALL SHIP DISTILLERY LLC,2024-05-22,24,515.64,2.42,0.4693,2.58,0.94,0,0,0,0,0,0,,0,0,0.0095,0,0.1349,0,test
10021,105,ALTAMAR BRANDS LLC,2024-05-23,3,107.13,0.57,0.5321,0.54,1.06,0,0,0,0,0,0,,0,0,0.0176,0,0.8025,0,train
10030,653,STATE WINE & SPIRITS,2024-05-23,2396,22056.46,114.69,0.52,110.3,1.04,0,0,0,0,0,0,,0,0,0.0048,0,0.5672,0,train
10045,6359,OLE SMOKY DISTILLERY LLC,2024-05-23,112,1035.37,5.07,0.4897,5.18,0.98,0,0,0,0,0,0,,0,0,0.0416,0,0.5784,0,train
10051,9165,ULTRA BEVERAGE COMPANY LLP,2024-05-23,21242,233097.26,1118.87,0.48,1165.63,0.96,0,0,0,0,0,0,,0,0,0.0107,0,0.9334,0,train
10060,7153,PINE STATE TRADING CO,2024-05-23,6576,44438.19,204.42,0.46,222.22,0.92,0,0,0,0,0,0,,0,0,0.002,0,0.7153,0,test
10083,90047,CRUSH WINES,2024-05-23,315,4094.7,18.43,0.4501,20.48,0.9,0,0,0,0,0,0,,0,0,0.0,0,0.2638,0,train
10088,7240,"PREMIUM PORT WINES, INC.",2024-05-23,139,997.04,4.99,0.5005,4.99,1.0,0,0,0,0,0,0,,0,0,0.0,0,0.0123,0,train
10096,516,BANFI PRODUCTS CORP,2024-05-23,4615,36438.43,167.62,0.46,182.21,0.92,0,0,0,0,0,0,,0,0,0.0024,0,0.3823,0,test
10101,3924,HEAVEN HILL DISTILLERIES,2024-05-23,9208,101443.64,507.22,0.5,507.28,1.0,0,0,0,0,0,0,,0,0,0.0,0,0.5921,0,train
10109,8004,SAZERAC CO INC,2024-05-23,22410,169401.23,779.25,0.46,847.11,0.92,0,0,0,0,0,0,,0,0,0.0,0,0.2717,0,train
10112,1587,VINEYARD BRANDS INC,2024-05-23,1688,12342.55,55.54,0.45,61.72,0.9,0,0,0,0,0,0,,0,0,0.0,0,0.022,0,train
10132,12546,JIM BEAM BRANDS COMPANY,2024-05-23,43700,377097.44,1696.94,0.45,1885.72,0.9,1,0,0,0,0,0,High-value invoice (>= $250K),1,1,0.9981,1,0.9262,0,train
10158,4848,LAIRD & CO,2024-05-23,315,2121.37,10.82,0.51,10.61,1.02,0,0,0,0,0,0,,0,0,0.0047,0,0.2206,0,test
10174,17037,Dunn Wine Brokers,2024-05-23,135,2156.02,11.43,0.5301,10.78,1.06,0,0,0,0,0,0,,0,0,0.0,0,0.5102,0,train
10186,60,ADAMBA IMPORTS INTL INC,2024-05-23,204,3319.08,14.94,0.4501,16.6,0.9,0,0,0,0,0,0,,0,0,0.0037,0,0.7763,0,train
10216,12331,STELLAR IMPORTING CO LLC,2024-05-23,179,1321.7,6.08,0.46,6.61,0.92,0,0,0,0,0,0,,0,0,0.0048,0,0.8577,0,train
10025,8352,LUXCO INC,2024-05-24,4277,34488.69,186.24,0.54,172.46,1.08,0,0,0,0,0,0,,0,0,0.0,0,0.5557,0,test
10029,17033,SEA BREEZE CELLARS LLC,2024-05-24,249,2982.82,15.51,0.52,14.92,1.04,0,0,0,0,0,0,,0,0,0.0,0,0.5919,0,train
10033,388,ATLANTIC IMPORTING COMPANY,2024-05-24,18,383.76,1.88,0.4899,1.92,0.98,0,0,0,0,0,0,,0,0,0.0331,0,0.8416,0,train
10041,4550,KLIN SPIRITS LLC,2024-05-24,74,1041.18,4.69,0.4505,5.21,0.9,0,0,0,0,0,0,,0,0,0.0105,0,0.4622,0,train
10071,7245,PROXIMO SPIRITS INC.,2024-05-24,14246,160224.42,881.23,0.55,801.22,1.1,0,0,0,0,0,0,,0,0,0.004,0,0.6289,0,train
10085,17031,FLAG HILL WINERY & VINEYARD,2024-05-24,159,2265.87,11.56,0.5102,11.33,1.02,0,0,0,0,0,0,,0,0,0.0,0,0.024,0,train
10094,1703,ALISA CARR BEVERAGES,2024-05-24,42,2030.7,10.56,0.52,10.15,1.04,0,0,0,0,0,0,,0,0,0.0736,0,0.6693,0,test
10114,9622,WEIN BAUER INC,2024-05-24,33,629.64,3.46,0.5495,3.15,1.1,0,0,0,0,0,0,,0,0,0.0045,0,0.1128,0,test
10125,90024,VINILANDIA USA,2024-05-24,955,8039.65,38.59,0.48,40.2,0.96,0,0,0,0,0,0,,0,0,0.0,0,0.2935,0,train
10128,1655,FABRIZIA SPIRITS LLC,2024-05-24,136,1636.35,8.18,0.4999,8.18,1.0,0,0,0,0,0,0,,0,0,0.0071,0,0.6136,0,test
10134,90032,LABELLE VYDS AND WINERY,2024-05-24,51,556.54,2.95,0.5301,2.78,1.06,0,0,0,0,0,0,,0,0,0.0044,0,0.0819,0,train
10163,7240,"PREMIUM PORT WINES, INC.",2024-05-24,145,1050.35,5.67,0.5398,5.25,1.08,0,0,0,0,0,0,,0,0,0.0,0,0.0195,0,train
10181,8004,SAZERAC CO INC,2024-05-24,19594,132961.14,731.29,0.55,664.89,1.1,0,0,0,0,0,0,,0,0,0.0043,0,0.7785,0,train
10201,1128,BROWN-FORMAN CORP,2024-05-24,14647,179195.54,985.58,0.55,896.09,1.1,0,0,0,0,0,0,,0,0,0.0088,0,0.8946,0,test
10202,2450,DJINN SPIRITS LLC,2024-05-24,14,303.26,1.36,0.4485,1.52,0.9,0,0,0,0,0,0,,0,0,0.0108,0,0.8867,0,test
10206,9552,M S WALKER INC,2024-05-24,19429,162055.76,794.07,0.49,810.38,0.98,0,0,0,0,0,0,,0,0,0.0039,0,0.9259,0,train
10208,5455,MARSALLE COMPANY,2024-05-24,184,4570.24,25.14,0.5501,22.85,1.1,0,0,0,0,0,0,,0,0,0.0069,0,0.7375,0,train
10213,7245,PROXIMO SPIRITS INC.,2024-05-24,11824,124533.05,660.03,0.53,622.74,1.06,0,0,0,0,0,0,,0,0,0.0,0,0.6911,0,test
10123,8735,SURVILLE ENTERPRISES CORP,2024-05-25,139,1172.44,5.39,0.4597,5.86,0.92,0,0,0,0,0,0,,0,0,0.0,0,0.068,0,test
10149,516,BANFI PRODUCTS CORP,2024-05-25,4172,29548.14,135.92,0.46,147.76,0.92,0,0,0,0,0,0,,0,0,0.0,0,0.1582,0,train
10161,6830,PARK STREET IMPORTS LLC,2024-05-25,18,398.34,1.99,0.4996,1.99,1.0,0,0,0,0,0,0,,0,0,0.0133,0,0.5051,0,train
10164,2000,SOUTHERN WINE & SPIRITS NE,2024-05-25,8338,94472.93,500.71,0.53,472.42,1.06,0,0,0,0,0,0,,0,0,0.0,0,0.5048,0,train
10170,1273,CALEDONIA SPIRITS INC,2024-05-25,165,5074.58,22.84,0.4501,25.38,0.9,0,0,0,0,0,0,,0,0,0.0022,0,0.2997,0,train
10172,1590,DIAGEO CHATEAU ESTATE WINES,2024-05-25,1552,11654.98,64.1,0.55,58.28,1.1,0,0,0,0,0,0,,0,0,0.0,0,0.1934,0,train
10195,10050,Russian Standard Vodka,2024-05-25,59,744.48,3.65,0.4903,3.72,0.98,0,0,0,0,0,0,,0,0,0.0,0,0.171,0,test
10196,8320,SHAW ROSS INT L IMP LTD,2024-05-25,1282,11350.79,62.43,0.55,56.76,1.1,0,0,0,0,0,0,,0,0,0.0,0,0.131,0,train
10197,653,STATE WINE & SPIRITS,2024-05-25,1976,21486.09,109.58,0.51,107.44,1.02,0,0,0,0,0,0,,0,0,0.0,0,0.361,0,train
10219,9165,ULTRA BEVERAGE COMPANY LLP,2024-05-25,16000,228600.79,1257.3,0.55,1143.15,1.1,0,0,0,0,0,0,,0,0,0.1996,0,0.9829,0,train
10221,9815,WINE GROUP INC,2024-05-25,14543,86976.61,417.49,0.48,434.94,0.96,0,0,0,0,0,0,,0,0,0.0022,0,0.6812,0,test
10118,3252,E & J GALLO WINERY,2024-05-26,31536,204359.35,980.92,0.48,1021.92,0.96,0,0,0,0,0,0,,0,0,0.0,0,0.7808,0,train
10121,9206,PHILLIPS PRODUCTS CO.,2024-05-26,457,5457.01,26.74,0.49,27.29,0.98,0,0,0,0,0,0,,0,0,0.0,0,0.1806,0,train
10124,8920,TAKARA SAKE USA INC,2024-05-26,171,913.77,4.84,0.5297,4.57,1.06,0,0,0,0,0,0,,0,0,0.0045,0,0.5928,0,test
10127,2561,EDRINGTON AMERICAS,2024-05-26,725,23433.74,107.8,0.46,117.18,0.92,0,0,0,0,0,0,,0,0,0.0107,0,0.586,0,train
10133,4692,KOBRAND CORPORATION,2024-05-26,1925,24596.22,115.6,0.47,123.0,0.94,0,0,0,0,0,0,,0,0,0.0,0,0.4653,0,test
10141,8150,SEA HAGG DISTILLERY LLC,2024-05-26,301,3096.53,14.55,0.4699,15.48,0.94,0,0,0,0,0,0,,0,0,0.0,0,0.1959,0,train
10162,7154,PREMIER DISTRIBUTORS,2024-05-26,89,1301.45,6.9,0.5302,6.51,1.06,0,0,0,0,0,0,,0,0,0.0,0,0.1068,0,test
10183,98450,Serralles Usa LLC,2024-05-26,151,2045.32,9.2,0.4498,10.23,0.9,0,0,0,0,0,0,,0,0,0.0,0,0.1658,0,train
10198,8664,"STOLI GROUP,(USA) LLC",2024-05-26,4616,62563.59,344.1,0.55,312.86,1.1,0,0,0,0,0,0,,0,0,0.0,0,0.5367,0,train
10209,5992,MCCORMICK DISTILLING CO,2024-05-26,630,5564.65,27.27,0.4901,27.83,0.98,0,0,0,0,0,0,,0,0,0.0022,0,0.3085,0,test
10215,3089,SIDNEY FRANK IMPORTING CO,2024-05-26,2960,22107.11,103.9,0.47,110.55,0.94,0,0,0,0,0,0,,0,0,0.0,0,0.6388,0,train
10117,90047,CRUSH WINES,2024-05-27,419,4763.06,26.2,0.5501,23.82,1.1,0,0,0,0,0,0,,0,0,0.0046,0,0.3352,0,train
10122,7239,REMY COINTREAU USA INC,2024-05-27,2609,61824.26,302.94,0.49,309.16,0.98,0,0,0,0,0,0,,0,0,0.0,0,0.5686,0,train
10131,17032,JEWELL TOWNE VINEYARDS,2024-05-27,31,276.7,1.36,0.4915,1.38,0.98,0,0,0,0,0,0,,0,0,0.0044,0,0.3375,0,test
10140,7749,R.P.IMPORTS INC,2024-05-27,22,1787.05,9.29,0.5199,8.94,1.04,0,0,1,0,0,0,Unit cost far from vendor norm,0,1,0.6797,1,0.9432,1,test
10144,9819,TREASURY WINE ESTATES,2024-05-27,7075,42505.33,229.53,0.54,212.55,1.08,0,0,0,0,0,0,,0,0,0.0,0,0.3624,0,test
10150,2396,BLACK PRINCE DISTILLERY INC,2024-05-27,36,156.24,0.81,0.5184,0.78,1.04,0,0,0,0,0,0,,0,0,0.0228,0,0.7574,0,train
10154,90046,CANDIA VINEYARDS,2024-05-27,21,257.23,1.41,0.5481,1.29,1.1,0,0,0,0,0,0,,0,0,0.0025,0,0.3292,0,test
10173,2555,DISARONNO INTERNATIONAL LLC,2024-05-27,1418,13630.8,65.43,0.48,68.16,0.96,0,0,0,0,0,0,,0,0,0.0,0,0.4229,0,test
10177,10000,MAJESTIC FINE WINES,2024-05-27,6203,45757.69,233.36,0.51,228.82,1.02,0,0,0,0,0,0,,0,0,0.0,0,0.1644,0,train
10190,1392,CONSTELLATION BRANDS INC,2024-05-27,30467,202578.16,1114.18,0.55,1013.02,1.1,0,0,0,0,0,0,,0,0,0.0,0,0.8618,0,train
10192,2,"IRA GOLDMAN AND WILLIAMS, LLP",2024-05-27,2,47.72,0.24,0.5029,0.24,1.01,0,0,0,0,0,0,,0,0,0.0095,0,0.9885,0,train
10210,8112,MOET HENNESSY USA INC,2024-05-27,5573,122298.18,599.26,0.49,611.57,0.98,0,0,0,0,0,0,,0,0,0.0,0,0.5454,0,train
10120,90052,HAUNTING WHISPER VYDS,2024-05-28,16,131.46,0.71,0.5401,0.66,1.08,0,0,0,0,0,0,,0,0,0.0,0,0.3863,0,train
10129,17031,FLAG HILL WINERY & VINEYARD,2024-05-28,58,786.59,4.01,0.5098,3.93,1.02,0,0,0,0,0,0,,0,0,0.0237,0,0.1804,0,test
10130,90011,FORTUNE WINE BROKERS LLC,2024-05-28,207,1765.46,9.0,0.5098,8.83,1.02,0,0,0,0,0,0,,0,0,0.0,0,0.2785,0,train
10143,90056,SWEET BABY VINEYARD,2024-05-28,8,68.4,0.34,0.4971,0.34,0.99,0,0,0,0,0,0,,0,0,0.0091,0,0.5104,0,test
10145,1587,VINEYARD BRANDS INC,2024-05-28,1883,13331.22,67.99,0.51,66.66,1.02,0,0,0,0,0,0,,0,0,0.0,0,0.1086,0,train
10146,1601,VRANKEN AMERICA,2024-05-28,152,2501.77,11.26,0.4501,12.51,0.9,0,0,0,0,0,0,,0,0,0.0,0,0.3029,0,train
10157,4550,KLIN SPIRITS LLC,2024-05-28,126,1772.82,9.22,0.5201,8.87,1.04,0,0,0,0,0,0,,0,0,0.0,0,0.0202,0,train
10159,6213,MHW LTD,2024-05-28,2983,31475.61,154.23,0.49,157.4,0.98,0,0,0,0,0,0,,0,0,0.0,0,0.0803,0,train
10160,6359,OLE SMOKY DISTILLERY LLC,2024-05-28,523,6827.15,33.45,0.49,34.14,0.98,0,0,0,0,0,0,,0,0,0.0,0,0.0126,0,train
10165,8673,STE MICHELLE WINE ESTATES,2024-05-28,3746,28025.06,134.52,0.48,140.14,0.96,0,0,0,0,0,0,,0,0,0.0,0,0.155,0,train
10169,4466,AMERICAN VINTAGE BEVERAGE,2024-05-28,327,3298.55,15.83,0.4799,16.49,0.96,0,0,0,0,0,0,,0,0,0.0,0,0.0052,0,train
10175,90051,FULCHINO VINEYARD INC,2024-05-28,12,131.61,0.62,0.4711,0.66,0.94,0,0,0,0,0,0,,0,0,0.0,0,0.4635,0,train
10179,17035,PERNOD RICARD USA,2024-05-28,25715,367331.89,1726.46,0.47,1836.89,0.94,1,0,0,0,0,0,High-value invoice (>= $250K),1,1,0.999,1,0.654,0,test
10180,7153,PINE STATE TRADING CO,2024-05-28,5971,47375.73,246.35,0.52,236.91,1.04,0,0,0,0,0,0,,0,0,0.0,0,0.6231,0,train
10184,90037,THE PIERPONT GROUP LLC,2024-05-28,24,170.76,0.91,0.5329,0.85,1.07,0,0,0,0,0,0,,0,0,0.0,0,0.4835,0,train
10214,660,SAZERAC NORTH AMERICA INC.,2024-05-28,9795,71782.71,380.45,0.53,358.96,1.06,0,0,0,0,0,0,,0,0,0.0,0,0.153,0,train
10220,90010,VINEXTRA INC,2024-05-28,116,1539.79,7.24,0.4702,7.7,0.94,0,0,0,0,0,0,,0,0,0.0024,0,0.0375,0,train
10119,9744,FREDERICK WILDMAN & SONS,2024-05-29,1200,12872.2,60.5,0.47,64.37,0.94,0,0,0,0,0,0,,0,0,0.0,0,0.3765,0,train
10136,5612,MILTONS DISTRIBUTING CO,2024-05-29,24,176.4,0.92,0.5215,0.88,1.04,0,0,0,0,0,0,,0,0,0.0287,0,0.8919,0,train
10139,7255,PSP WINES,2024-05-29,645,4486.65,24.68,0.5501,22.44,1.1,0,0,0,0,0,0,,0,0,0.0,0,0.2755,0,train
10147,90057,WALPOLE MTN VIEW WINERY,2024-05-29,5,57.05,0.26,0.4557,0.29,0.91,0,0,0,0,0,0,,0,0,0.0043,0,0.7626,0,train
10148,9625,WESTERN SPIRITS BEVERAGE CO,2024-05-29,247,4021.75,18.5,0.46,20.11,0.92,0,0,0,0,0,0,,0,0,0.0,0,0.4949,0,train
10151,1265,BLACK ROCK SPIRITS LLC,2024-05-29,6,84.3,0.39,0.4626,0.42,0.93,0,0,0,0,0,0,,0,0,0.0022,0,0.6089,0,train
10153,11567,CAMPARI AMERICA,2024-05-29,8675,83103.14,398.9,0.48,415.57,0.96,0,0,0,0,0,0,,0,0,0.0,0,0.4664,0,train
10155,4380,CHARLES JACQUIN ET CIE INC,2024-05-29,673,5740.42,25.83,0.45,28.71,0.9,0,0,0,0,0,0,,0,0,0.0019,0,0.1707,0,train
10176,3924,HEAVEN HILL DISTILLERIES,2024-05-29,6301,57451.92,264.28,0.46,287.3,0.92,0,0,0,0,0,0,,0,0,0.0,0,0.1885,0,train
10185,9260,TY KU LLC,2024-05-29,254,4684.26,25.3,0.5401,23.42,1.08,0,0,0,0,0,0,,0,0,0.1337,0,0.9361,0,test
10191,2242,DELICATO VINEYARDS INC,2024-05-29,2385,20366.31,109.98,0.54,101.84,1.08,0,0,0,0,0,0,,0,0,0.0,0,0.1629,0,train
10193,4425,MARTIGNETTI COMPANIES,2024-05-29,38207,386950.89,1973.45,0.51,1934.99,1.02,1,0,0,0,0,0,High-value invoice (>= $250K),1,1,0.9997,1,0.9462,0,train
10204,3950,"HOOD RIVER DISTILLERS, Inc.",2024-05-29,18,311.4,1.53,0.4913,1.56,0.98,0,0,0,0,0,0,,0,0,0.0024,0,0.2228,0,train
10205,8352,LUXCO INC,2024-05-29,4314,31768.74,152.49,0.48,158.86,0.96,0,0,0,0,0,0,,0,0,0.0,0,0.3393,0,test
10211,6785,PALM BAY INTERNATIONAL INC,2024-05-29,9517,76108.23,410.98,0.54,380.59,1.08,0,0,0,0,0,0,,0,0,0.0,0,0.232,0,train
10212,90027,POVERTY LANE ORCHARDS,2024-05-29,48,377.51,1.96,0.5192,1.89,1.04,0,0,0,0,0,0,,0,0,0.0,0,0.2757,0,train
10135,4950,LATITUDE BEVERAGE COMPANY,2024-05-30,371,2248.62,11.02,0.4901,11.24,0.98,0,0,0,0,0,0,,0,0,0.0,0,0.0404,0,train
10137,6355,NICHE W & S,2024-05-30,69,1017.66,5.6,0.5503,5.09,1.1,0,0,0,0,0,0,,0,0,0.0066,0,0.1481,0,train
10138,10754,PERFECTA WINES,2024-05-30,7389,88770.38,408.34,0.46,443.91,0.92,0,0,0,0,0,0,,0,0,0.0088,0,0.875,0,test
10152,1189,BULLY BOY DISTILLERS,2024-05-30,111,2456.51,13.51,0.55,12.28,1.1,0,0,0,0,0,0,,0,0,0.0,0,0.0619,0,train
10156,90053,INCREDIBREW INC,2024-05-30,1,9.24,0.05,0.5411,0.05,1.08,0,0,0,0,0,0,,0,0,0.0257,0,0.8044,0,train
10168,90058,ZORVINO VINEYARDS,2024-05-30,19,169.4,0.83,0.49,0.85,0.98,0,0,0,0,0,0,,0,0,0.014,0,0.2831,0,train
10187,480,BACARDI USA INC,2024-05-30,21871,271328.78,1410.91,0.52,1356.81,1.04,1,0,0,0,0,0,High-value invoice (>= $250K),1,1,0.9984,1,0.4523,0,test
10188,1485,CASTLE BRANDS CORP.,2024-05-30,1550,24129.13,130.3,0.54,120.66,1.08,0,0,0,0,0,0,,0,0,0.0,0,0.0334,0,test
10194,4425,MARTIGNETTI COMPANIES,2024-05-30,89,1328.56,6.91,0.5201,6.64,1.04,0,0,0,0,0,0,,0,0,0.0135,0,0.9329,0,train
10199,8892,TRINCHERO FAMILY ESTATES,2024-05-30,5833,36406.54,196.6,0.54,182.06,1.08,0,0,0,0,0,0,,0,0,0.0,0,0.4185,0,test
10200,3664,WILLIAM GRANT & SONS INC,2024-05-30,5196,100321.87,531.71,0.53,501.67,1.06,0,0,0,0,0,0,,0,0,0.0,0,0.2212,0,train
10218,90017,THE IMPORTED GRAPE LLC,2024-05-30,20,193.32,0.91,0.4707,0.97,0.94,0,0,0,0,0,0,,0,0,0.0047,0,0.5798,0,train
10234,8320,SHAW ROSS INT L IMP LTD,2024-05-30,1296,11239.88,52.83,0.47,56.21,0.94,0,0,0,0,0,0,,0,0,0.0,0,0.0022,0,train
10241,1650,Circa Wines,2024-05-30,144,1347.24,7.41,0.55,6.74,1.1,0,0,0,0,0,0,,0,0,0.0066,0,0.7391,0,train
10242,2561,EDRINGTON AMERICAS,2024-05-30,718,21925.38,107.43,0.49,109.64,0.98,0,0,0,0,0,0,,0,0,0.0404,0,0.6392,0,test
10243,3924,HEAVEN HILL DISTILLERIES,2024-05-30,6527,48025.57,220.92,0.46,240.16,0.92,0,0,0,0,0,0,,0,0,0.0,0,0.556,0,train
10255,8892,TRINCHERO FAMILY ESTATES,2024-05-30,11197,77813.14,404.63,0.52,389.11,1.04,0,0,0,0,0,0,,0,0,0.0209,0,0.8355,0,test
10261,2555,DISARONNO INTERNATIONAL LLC,2024-05-30,1570,19897.28,93.52,0.47,99.5,0.94,0,0,0,0,0,0,,0,0,0.0,0,0.0736,0,train
10265,4425,MARTIGNETTI COMPANIES,2024-05-30,110,1504.76,7.22,0.4798,7.52,0.96,0,0,0,0,0,0,,0,0,0.016,0,0.9484,0,train
10275,1003,BRONCO WINE COMPANY,2024-05-30,6,35.7,0.2,0.5602,0.18,1.12,0,0,0,0,0,0,,0,0,0.0174,0,0.8595,0,train
10281,4950,LATITUDE BEVERAGE COMPANY,2024-05-30,4407,25577.52,135.56,0.53,127.9,1.06,0,0,0,0,0,0,,0,0,0.0193,0,0.7283,0,train
10298,8352,LUXCO INC,2024-05-30,4986,35162.76,161.75,0.46,175.84,0.92,0,0,0,0,0,0,,0,0,0.0046,0,0.8827,0,train
10307,8920,TAKARA SAKE USA INC,2024-05-30,129,708.27,3.61,0.5097,3.54,1.02,0,0,0,0,0,0,,0,0,0.0092,0,0.5539,0,train
10115,1703,ALISA CARR BEVERAGES,2024-05-31,40,2638.88,12.14,0.46,13.2,0.92,0,0,0,0,0,0,,0,0,0.0728,0,0.9031,0,train
10116,388,ATLANTIC IMPORTING COMPANY,2024-05-31,30,906.24,4.17,0.4601,4.53,0.92,0,0,0,0,0,0,,0,0,0.0275,0,0.7943,0,train
10126,3960,DIAGEO NORTH AMERICA INC,2024-05-31,86153,771864.94,3473.39,0.45,3859.8,0.9,1,0,0,0,0,0,High-value invoice (>= $250K),1,1,0.9999,1,0.9314,0,train
10142,28750,SMOKY QUARTZ DISTILLERY LLC,2024-05-31,5,105.71,0.57,0.5392,0.53,1.08,0,0,0,0,0,0,,0,0,0.1199,0,0.8771,0,test
10166,28776,TALL SHIP DISTILLERY LLC,2024-05-31,14,298.88,1.64,0.5487,1.49,1.1,0,0,0,0,0,0,,0,0,0.0,0,0.4223,0,train
10167,9622,WEIN BAUER INC,2024-05-31,44,839.52,4.28,0.5098,4.2,1.02,0,0,0,0,0,0,,0,0,0.0025,0,0.3114,0,train
10171,1650,Circa Wines,2024-05-31,25,350.13,1.89,0.5398,1.75,1.08,0,0,0,0,0,0,,0,0,0.0304,0,0.6087,0,test
10178,6215,MOONLIGHT MEADERY,2024-05-31,39,357.27,1.64,0.459,1.79,0.92,0,0,0,0,0,0,,0,0,0.0116,0,0.2152,0,train
10182,17033,SEA BREEZE CELLARS LLC,2024-05-31,315,4074.73,21.6,0.5301,20.38,1.06,0,0,0,0,0,0,,0,0,0.0,0,0.2138,0,train
10189,2876,CENTEUR IMPORTS LLC,2024-05-31,6,48.24,0.26,0.539,0.24,1.08,0,0,0,0,0,0,,0,0,0.0022,0,0.6386,0,train
10203,2496,DUGGANS DISTILLED PRODUCTS,2024-05-31,124,2060.84,9.27,0.4498,10.31,0.9,0,0,0,0,0,0,,0,0,0.0,0,0.009,0,train
10207,5270,MANGO BOTTLING INC,2024-05-31,1774,12783.49,60.08,0.47,63.93,0.94,0,0,0,0,0,0,,0,0,0.0,0,0.1813,0,train
10217,173357,TAMWORTH DISTILLING,2024-05-31,1,19.37,0.09,0.4646,0.1,0.93,0,0,0,0,0,0,,0,0,0.0085,0,0.8212,0,train
10227,2450,DJINN SPIRITS LLC,2024-05-31,108,2239.92,11.2,0.5,11.2,1.0,0,0,0,0,0,0,,0,0,0.0,0,0.1638,0,train
10228,17037,Dunn Wine Brokers,2024-05-31,258,2960.16,13.91,0.4699,14.8,0.94,0,0,0,0,0,0,,0,0,0.0,0,0.1579,0,train
10231,6830,PARK STREET IMPORTS LLC,2024-05-31,12,229.32,1.03,0.4492,1.15,0.9,0,0,0,0,0,0,,0,0,0.0351,0,0.3691,0,train
10240,480,BACARDI USA INC,2024-05-31,32991,485190.9,2620.03,0.54,2426.26,1.08,1,0,0,0,0,0,High-value invoice (>= $250K),1,1,0.995,1,0.9574,0,test
10249,7255,PSP WINES,2024-05-31,367,2886.85,14.43,0.4999,14.44,1.0,0,0,0,0,0,0,,0,0,0.0,0,0.0272,0,test
10250,8150,SEA HAGG DISTILLERY LLC,2024-05-31,192,2032.32,9.35,0.4601,10.16,0.92,0,0,0,0,0,0,,0,0,0.0,0,0.0624,0,test
10253,90056,SWEET BABY VINEYARD,2024-05-31,502,4211.51,20.64,0.4901,21.06,0.98,0,0,0,0,0,0,,0,0,0.0,0,0.0103,0,train
10259,90047,CRUSH WINES,2024-05-31,446,4294.02,19.75,0.4599,21.47,0.92,0,0,0,0,0,0,,0,0,0.0,0,0.4245,0,train
10271,9260,TY KU LLC,2024-05-31,23,197.8,1.09,0.5511,0.99,1.1,0,0,0,0,0,0,,0,0,0.002,0,0.5163,0,train
10272,1703,ALISA CARR BEVERAGES,2024-05-31,6,470.52,2.59,0.5505,2.35,1.1,0,0,0,0,0,0,,0,0,0.0844,0,0.9011,0,train
10280,90053,INCREDIBREW INC,2024-05-31,106,919.16,4.5,0.4896,4.6,0.98,0,0,0,0,0,0,,0,0,0.0,0,0.1183,0,train
10282,5992,MCCORMICK DISTILLING CO,2024-05-31,618,6030.63,32.57,0.5401,30.16,1.08,0,0,0,0,0,0,,0,0,0.0023,0,0.0543,0,train
10285,90027,POVERTY LANE ORCHARDS,2024-05-31,96,772.8,3.48,0.4503,3.86,0.9,0,0,0,0,0,0,,0,0,0.0,0,0.3119,0,train
10287,1587,VINEYARD BRANDS INC,2024-05-31,5917,38626.55,181.54,0.47,193.16,0.94,0,0,0,0,0,0,,0,0,0.0,0,0.4083,0,test
10299,10000,MAJESTIC FINE WINES,2024-05-31,10381,74114.0,377.98,0.51,370.62,1.02,0,0,0,0,0,0,,0,0,0.0,0,0.6473,0,train
10312,1485,CASTLE BRANDS CORP.,2024-05-31,1803,26639.61,127.87,0.48,133.21,0.96,0,0,0,0,0,0,,0,0,0.0,0,0.4005,0,train
10313,1590,DIAGEO CHATEAU ESTATE WINES,2024-05-31,8837,67673.82,311.3,0.46,338.41,0.92,0,0,0,0,0,0,,0,0,0.0049,0,0.7377,0,train
10230,6355,NICHE W & S,2024-06-01,32,475.44,2.61,0.549,2.38,1.1,0,0,0,0,0,0,,0,0,0.0,0,0.7739,0,train
10270,173357,TAMWORTH DISTILLING,2024-06-01,36,697.32,3.49,0.5005,3.49,1.0,0,0,0,0,0,0,,0,0,0.0,0,0.3413,0,test
10291,1392,CONSTELLATION BRANDS INC,2024-06-01,64829,472866.46,2364.33,0.5,2364.63,1.0,1,0,0,0,0,0,High-value invoice (>= $250K),1,1,0.9995,1,0.8876,0,train
10296,4692,KOBRAND CORPORATION,2024-06-01,2543,25507.27,137.74,0.54,127.55,1.08,0,0,0,0,0,0,,0,0,0.0,0,0.7532,0,train
10300,6213,MHW LTD,2024-06-01,3313,38953.29,183.08,0.47,194.79,0.94,0,0,0,0,0,0,,0,0,0.0,0,0.4602,0,train
10308,9819,TREASURY WINE ESTATES,2024-06-01,18502,112325.16,505.46,0.45,561.7,0.9,0,0,0,0,0,0,,0,0,0.0283,0,0.7568,0,train
10310,9622,WEIN BAUER INC,2024-06-01,30,572.4,2.58,0.4507,2.86,0.9,0,0,0,0,0,0,,0,0,0.0,0,0.4081,0,train
10314,90011,FORTUNE WINE BROKERS LLC,2024-06-01,105,1280.58,5.76,0.4498,6.4,0.9,0,0,0,0,0,0,,0,0,0.0018,0,0.63,0,train
10318,660,SAZERAC NORTH AMERICA INC.,2024-06-01,9822,73464.79,337.94,0.46,367.37,0.92,0,0,0,0,0,0,,0,0,0.0,0,0.4719,0,train
10246,5270,MANGO BOTTLING INC,2024-06-02,1136,8141.14,44.78,0.55,40.71,1.1,0,0,0,0,0,0,,0,0,0.0,0,0.6433,0,train
10267,7245,PROXIMO SPIRITS INC.,2024-06-02,16451,191931.88,978.85,0.51,959.78,1.02,0,0,0,0,0,0,,0,0,0.0024,0,0.7415,0,train
10269,28776,TALL SHIP DISTILLERY LLC,2024-06-02,48,1013.88,5.07,0.5001,5.07,1.0,0,0,0,0,0,0,,0,0,0.002,0,0.5125,0,train
10315,9744,FREDERICK WILDMAN & SONS,2024-06-02,2091,17972.42,97.05,0.54,89.87,1.08,0,0,0,0,0,0,,0,0,0.0024,0,0.6919,0,train
10262,17031,FLAG HILL WINERY & VINEYARD,2024-06-03,642,7142.83,35.71,0.4999,35.72,1.0,0,0,0,0,0,0,,0,0,0.0,0,0.0868,0,test
10292,2242,DELICATO VINEYARDS INC,2024-06-03,2581,22430.79,118.88,0.53,112.17,1.06,0,0,0,0,0,0,,0,0,0.0,0,0.3168,0,train
10302,6359,OLE SMOKY DISTILLERY LLC,2024-06-03,281,3385.74,17.94,0.5299,16.93,1.06,0,0,0,0,0,0,,0,0,0.0,0,0.2367,0,train
10303,7153,PINE STATE TRADING CO,2024-06-03,10424,64330.08,315.22,0.49,321.69,0.98,0,0,0,0,0,0,,0,0,0.0,0,0.7611,0,test
10311,9625,WESTERN SPIRITS BEVERAGE CO,2024-06-03,364,5653.37,28.83,0.51,28.27,1.02,0,0,0,0,0,0,,0,0,0.0045,0,0.3946,0,test
10222,105,ALTAMAR BRANDS LLC,2024-06-04,2,71.42,0.39,0.5461,0.36,1.09,0,0,0,0,0,0,,0,0,0.0225,0,0.8463,0,train
10223,1265,BLACK ROCK SPIRITS LLC,2024-06-04,1,14.05,0.08,0.5694,0.07,1.14,0,0,0,0,0,0,,0,0,0.0042,0,0.8043,0,train
10235,3089,SIDNEY FRANK IMPORTING CO,2024-06-04,3641,31395.25,156.98,0.5,157.0,1.0,0,0,0,0,0,0,,0,0,0.0,0,0.4647,0,train
10245,90032,LABELLE VYDS AND WINERY,2024-06-04,651,7145.77,37.16,0.52,35.73,1.04,0,0,0,0,0,0,,0,0,0.0,0,0.2021,0,train
10252,8735,SURVILLE ENTERPRISES CORP,2024-06-04,90,614.4,3.32,0.5404,3.07,1.08,0,0,0,0,0,0,,0,0,0.0,0,0.1192,0,train
10257,4466,AMERICAN VINTAGE BEVERAGE,2024-06-04,376,3708.18,20.39,0.5499,18.54,1.1,0,0,0,0,0,0,,0,0,0.0,0,0.0296,0,train
10264,5455,MARSALLE COMPANY,2024-06-04,178,4609.94,23.05,0.5,23.05,1.0,0,0,0,0,0,0,,0,0,0.0022,0,0.2547,0,train
10266,7240,"PREMIUM PORT WINES, INC.",2024-06-04,110,829.72,4.4,0.5303,4.15,1.06,0,0,0,0,0,0,,0,0,0.0,0,0.1164,0,train
10277,2496,DUGGANS DISTILLED PRODUCTS,2024-06-04,121,2008.49,9.64,0.48,10.04,0.96,0,0,0,0,0,0,,0,0,0.0,0,0.0117,0,test
10284,9206,PHILLIPS PRODUCTS CO.,2024-06-04,833,9025.93,40.62,0.45,45.14,0.9,0,0,0,0,0,0,,0,0,0.0022,0,0.0422,0,test
10294,90051,FULCHINO VINEYARD INC,2024-06-04,24,285.0,1.28,0.4491,1.43,0.9,0,0,0,0,0,0,,0,0,0.0,0,0.2896,0,test
10324,3664,WILLIAM GRANT & SONS INC,2024-06-04,8995,164015.43,738.07,0.45,820.18,0.9,0,0,0,0,0,0,,0,0,0.0,0,0.4687,0,train
10224,1128,BROWN-FORMAN CORP,2024-06-05,20007,283650.31,1560.08,0.55,1418.43,1.1,1,0,0,0,0,0,High-value invoice (>= $250K),1,1,0.9835,1,0.7052,0,train
10226,90046,CANDIA VINEYARDS,2024-06-05,48,702.0,3.58,0.51,3.51,1.02,0,0,0,0,0,0,,0,0,0.0024,0,0.1248,0,train
10229,9552,M S WALKER INC,2024-06-05,33293,249142.22,1195.88,0.48,1245.87,0.96,0,0,0,0,0,0,,0,0,0.1298,0,0.8813,0,train
10233,7239,REMY COINTREAU USA INC,2024-06-05,6282,144517.47,722.59,0.5,722.68,1.0,0,0,0,0,0,0,,0,0,0.0023,0,0.8046,0,train
10236,12331,STELLAR IMPORTING CO LLC,2024-06-05,48,477.6,2.15,0.4502,2.39,0.9,0,0,0,0,0,0,,0,0,0.0378,0,0.8228,0,test
10237,90024,VINILANDIA USA,2024-06-05,871,8184.76,42.56,0.52,40.93,1.04,0,0,0,0,0,0,,0,0,0.0047,0,0.3875,0,test
10238,90057,WALPOLE MTN VIEW WINERY,2024-06-05,60,655.56,3.41,0.5202,3.28,1.04,0,0,0,0,0,0,,0,0,0.0,0,0.2906,0,train
10239,60,ADAMBA IMPORTS INTL INC,2024-06-05,46,748.42,3.82,0.5104,3.74,1.02,0,0,0,0,0,0,,0,0,0.0069,0,0.0967,0,train
10254,90017,THE IMPORTED GRAPE LLC,2024-06-05,12,153.0,0.75,0.4902,0.77,0.98,0,0,0,0,0,0,,0,0,0.1439,0,0.768,0,train
10256,9815,WINE GROUP INC,2024-06-05,20396,114719.7,630.96,0.55,573.67,1.1,0,0,0,0,0,0,,0,0,0.0025,0,0.6076,0,train
10258,4380,CHARLES JACQUIN ET CIE INC,2024-06-05,633,5422.35,25.49,0.4701,27.12,0.94,0,0,0,0,0,0,,0,0,0.0,0,0.1171,0,test
10274,516,BANFI PRODUCTS CORP,2024-06-05,4076,29317.46,155.38,0.53,146.61,1.06,0,0,0,0,0,0,,0,0,0.0,0,0.0332,0,test
10283,6785,PALM BAY INTERNATIONAL INC,2024-06-05,9775,74420.03,372.1,0.5,372.15,1.0,0,0,0,0,0,0,,0,0,0.0,0,0.5777,0,train
10289,90058,ZORVINO VINEYARDS,2024-06-05,569,4589.71,22.49,0.49,22.95,0.98,0,0,0,0,0,0,,0,0,0.0022,0,0.4526,0,test
10301,8112,MOET HENNESSY USA INC,2024-06-05,6798,143212.24,759.02,0.53,716.15,1.06,0,0,0,0,0,0,,0,0,0.0045,0,0.4573,0,train
10304,7154,PREMIER DISTRIBUTORS,2024-06-05,82,1300.06,5.85,0.45,6.5,0.9,0,0,0,0,0,0,,0,0,0.0068,0,0.0359,0,test
10320,8673,STE MICHELLE WINE ESTATES,2024-06-05,13677,93041.57,427.99,0.46,465.27,0.92,0,0,0,0,0,0,,0,0,0.0096,0,0.3076,0,train
10323,90010,VINEXTRA INC,2024-06-05,130,1647.43,7.41,0.4498,8.24,0.9,0,0,0,0,0,0,,0,0,0.0,0,0.0631,0,train
10232,10754,PERFECTA WINES,2024-06-06,9806,99923.79,459.65,0.46,499.68,0.92,0,0,0,0,0,0,,0,0,0.0022,0,0.9796,0,train
10248,17035,PERNOD RICARD USA,2024-06-06,34404,582958.74,3206.27,0.55,2915.16,1.1,1,0,0,0,0,0,High-value invoice (>= $250K),1,1,0.9923,1,0.9585,0,train
10251,2000,SOUTHERN WINE & SPIRITS NE,2024-06-06,14830,126932.71,621.97,0.49,634.74,0.98,0,0,0,0,0,0,,0,0,0.0045,0,0.8573,0,test
10260,3960,DIAGEO NORTH AMERICA INC,2024-06-06,117416,1219948.49,6709.72,0.55,6100.5,1.1,1,0,0,0,0,0,High-value invoice (>= $250K),1,1,1.0,1,0.9102,0,train
10263,4550,KLIN SPIRITS LLC,2024-06-06,127,1786.89,9.83,0.5501,8.94,1.1,0,0,0,0,0,0,,0,0,0.0,0,0.0318,0,train
10268,8004,SAZERAC CO INC,2024-06-06,27876,177391.46,904.7,0.51,887.07,1.02,0,0,0,0,0,0,,0,0,0.0083,0,0.4997,0,train
10276,11567,CAMPARI AMERICA,2024-06-06,14807,156000.43,764.4,0.49,780.1,0.98,0,0,0,0,0,0,,0,0,0.0136,0,0.6516,0,train
10278,1655,FABRIZIA SPIRITS LLC,2024-06-06,1713,21904.85,109.52,0.5,109.54,1.0,0,0,0,0,0,0,,0,0,0.0025,0,0.2892,0,test
10293,3252,E & J GALLO WINERY,2024-06-06,47050,295574.83,1507.43,0.51,1478.06,1.02,1,0,0,0,0,0,High-value invoice (>= $250K),1,1,0.997,1,0.7067,0,test
10295,12546,JIM BEAM BRANDS COMPANY,2024-06-06,47442,456745.83,2375.08,0.52,2284.01,1.04,1,0,0,0,0,0,High-value invoice (>= $250K),1,1,1.0,1,0.7563,0,train
10297,4848,LAIRD & CO,2024-06-06,1417,14106.33,73.35,0.52,70.54,1.04,0,0,0,0,0,0,,0,0,0.009,0,0.5475,0,train
10306,653,STATE WINE & SPIRITS,2024-06-06,6019,59408.06,326.74,0.55,297.08,1.1,0,0,0,0,0,0,,0,0,0.0,0,0.2114,0,test
10319,98450,Serralles Usa LLC,2024-06-06,184,2426.48,12.86,0.53,12.13,1.06,0,0,0,0,0,0,,0,0,0.0,0,0.0007,0,test
10321,8664,"STOLI GROUP,(USA) LLC",2024-06-06,5916,82072.03,451.4,0.55,410.41,1.1,0,0,0,0,0,0,,0,0,0.0,0,0.1261,0,test
10326,516,BANFI PRODUCTS CORP,2024-06-06,4053,27953.23,145.36,0.52,139.78,1.04,0,0,0,0,0,0,,0,0,0.0,0,0.1842,0,train
10337,8004,SAZERAC CO INC,2024-06-06,44015,195303.95,1035.11,0.53,976.64,1.06,0,0,0,0,0,0,,0,0,0.1479,0,0.7624,0,test
10355,17033,SEA BREEZE CELLARS LLC,2024-06-06,124,1440.12,7.34,0.5097,7.2,1.02,0,0,0,0,0,0,,0,0,0.0,0,0.0106,0,test
10361,17032,JEWELL TOWNE VINEYARDS,2024-06-06,212,1752.19,7.88,0.4497,8.76,0.9,0,0,0,0,0,0,,0,0,0.0045,0,0.1117,0,train
10388,7240,"PREMIUM PORT WINES, INC.",2024-06-06,107,757.75,3.64,0.4804,3.79,0.96,0,0,0,0,0,0,,0,0,0.0,0,0.1266,0,train
10402,8150,SEA HAGG DISTILLERY LLC,2024-06-06,204,2334.84,12.14,0.5199,11.68,1.04,0,0,0,0,0,0,,0,0,0.0,0,0.1867,0,train
10225,1273,CALEDONIA SPIRITS INC,2024-06-07,106,3161.11,15.17,0.4799,15.81,0.96,0,0,0,0,0,0,,0,0,0.0322,0,0.6713,0,train
10244,17032,JEWELL TOWNE VINEYARDS,2024-06-07,421,3732.5,19.41,0.52,18.66,1.04,0,0,0,0,0,0,,0,0,0.0067,0,0.5322,0,train
10247,4425,MARTIGNETTI COMPANIES,2024-06-07,80310,826621.86,4546.42,0.55,4133.62,1.1,1,0,0,0,0,0,High-value invoice (>= $250K),1,1,0.9988,1,0.9991,0,train
10273,388,ATLANTIC IMPORTING COMPANY,2024-06-07,11,234.52,1.22,0.5202,1.17,1.04,0,0,0,0,0,0,,0,0,0.0022,0,0.3197,0,train
10279,90052,HAUNTING WHISPER VYDS,2024-06-07,36,297.72,1.34,0.4501,1.49,0.9,0,0,0,0,0,0,,0,0,0.0042,0,0.3108,0,train
10286,17033,SEA BREEZE CELLARS LLC,2024-06-07,72,683.64,3.28,0.4798,3.42,0.96,0,0,0,0,0,0,,0,0,0.0,0,0.11,0,train
10288,1601,VRANKEN AMERICA,2024-06-07,247,4598.01,22.07,0.48,22.99,0.96,0,0,0,0,0,0,,0,0,0.0,0,0.1456,0,train
10290,1189,BULLY BOY DISTILLERS,2024-06-07,165,3678.29,19.13,0.5201,18.39,1.04,0,0,0,0,0,0,,0,0,0.0,0,0.1198,0,train
10305,28750,SMOKY QUARTZ DISTILLERY LLC,2024-06-07,48,1044.48,5.01,0.4797,5.22,0.96,0,0,0,0,0,0,,0,0,0.0,0,0.0606,0,train
10309,9165,ULTRA BEVERAGE COMPANY LLP,2024-06-07,25416,303032.33,1484.86,0.49,1515.35,0.98,1,0,0,0,0,0,High-value invoice (>= $250K),1,1,0.9994,1,0.9448,0,test
10316,6215,MOONLIGHT MEADERY,2024-06-07,143,1283.2,6.8,0.5299,6.42,1.06,0,0,0,0,0,0,,0,0,0.0,0,0.282,0,train
10317,10050,Russian Standard Vodka,2024-06-07,127,1615.64,8.89,0.5502,8.08,1.1,0,0,0,0,0,0,,0,0,0.0,0,0.0083,0,train
10322,172662,SWEETWATER FARM,2024-06-07,53,1155.61,6.12,0.5296,5.78,1.06,0,0,0,0,0,0,,0,0,0.0022,0,0.0462,0,train
10328,90047,CRUSH WINES,2024-06-07,356,3375.66,15.53,0.4601,16.88,0.92,0,0,0,0,0,0,,0,0,0.0,0,0.4882,0,train
10330,90052,HAUNTING WHISPER VYDS,2024-06-07,12,94.08,0.46,0.4889,0.47,0.98,0,0,0,0,0,0,,0,0,0.0,0,0.3924,0,test
10339,2000,SOUTHERN WINE & SPIRITS NE,2024-06-07,11805,100853.98,514.36,0.51,504.33,1.02,0,0,0,0,0,0,,0,0,0.0,0,0.4552,0,train
10352,6213,MHW LTD,2024-06-07,3741,38355.62,207.12,0.54,191.8,1.08,0,0,0,0,0,0,,0,0,0.0,0,0.0491,0,train
10381,2242,DELICATO VINEYARDS INC,2024-06-07,2761,23965.3,131.81,0.55,119.84,1.1,0,0,0,0,0,0,,0,0,0.0,0,0.1469,0,train
10384,4425,MARTIGNETTI COMPANIES,2024-06-07,56393,573709.39,2811.18,0.49,2868.9,0.98,1,0,0,0,0,0,High-value invoice (>= $250K),1,1,0.9992,1,0.98,0,test
10399,10000,MAJESTIC FINE WINES,2024-06-07,11139,80735.78,371.38,0.46,403.73,0.92,0,0,0,0,0,0,,0,0,0.0,0,0.6092,0,train
10331,90053,INCREDIBREW INC,2024-06-08,72,625.92,3.38,0.54,3.13,1.08,0,0,0,0,0,0,,0,0,0.0,0,0.1046,0,train
10333,4692,KOBRAND CORPORATION,2024-06-08,2769,31810.58,159.05,0.5,159.07,1.0,0,0,0,0,0,0,,0,0,0.0,0,0.0996,0,train
10349,1590,DIAGEO CHATEAU ESTATE WINES,2024-06-08,3626,27435.26,123.46,0.45,137.19,0.9,0,0,0,0,0,0,,0,0,0.0,0,0.1557,0,train
10351,5270,MANGO BOTTLING INC,2024-06-08,1164,8385.04,44.44,0.53,41.93,1.06,0,0,0,0,0,0,,0,0,0.0,0,0.1178,0,train
10374,90057,WALPOLE MTN VIEW WINERY,2024-06-08,12,156.12,0.84,0.538,0.78,1.08,0,0,0,0,0,0,,0,0,0.0017,0,0.5122,0,test
10408,9819,TREASURY WINE ESTATES,2024-06-08,10105,61506.82,282.93,0.46,307.57,0.92,0,0,0,0,0,0,,0,0,0.0018,0,0.4761,0,test
10409,90010,VINEXTRA INC,2024-06-08,120,1464.13,7.03,0.4801,7.32,0.96,0,0,0,0,0,0,,0,0,0.0,0,0.0998,0,train
10411,90058,ZORVINO VINEYARDS,2024-06-08,291,2416.09,12.56,0.5198,12.08,1.04,0,0,0,0,0,0,,0,0,0.0,0,0.2179,0,train
10418,90051,FULCHINO VINEYARD INC,2024-06-08,12,164.28,0.89,0.5418,0.82,1.08,0,0,0,0,0,0,,0,0,0.002,0,0.7368,0,train
10424,8892,TRINCHERO FAMILY ESTATES,2024-06-08,7147,44174.89,234.13,0.53,220.9,1.06,0,0,0,0,0,0,,0,0,0.0,0,0.5825,0,train
10332,12546,JIM BEAM BRANDS COMPANY,2024-06-09,49777,496937.24,2584.07,0.52,2484.99,1.04,1,0,0,0,0,0,High-value invoice (>= $250K),1,1,1.0,1,0.9037,0,test
10335,8112,MOET HENNESSY USA INC,2024-06-09,6591,140623.21,689.05,0.49,703.2,0.98,0,0,0,0,0,0,,0,0,0.0,0,0.6293,0,train
10358,28776,TALL SHIP DISTILLERY LLC,2024-06-09,12,255.84,1.28,0.5003,1.28,1.0,0,0,0,0,0,0,,0,0,0.0,0,0.562,0,train
10360,9744,FREDERICK WILDMAN & SONS,2024-06-09,2136,21925.86,100.86,0.46,109.64,0.92,0,0,0,0,0,0,,0,0,0.0,0,0.308,0,train
10365,5992,MCCORMICK DISTILLING CO,2024-06-09,398,3739.06,17.57,0.4699,18.7,0.94,0,0,0,0,0,0,,0,0,0.0,0,0.1232,0,test
10376,9815,WINE GROUP INC,2024-06-09,18627,109241.2,513.43,0.47,546.27,0.94,0,0,0,0,0,0,,0,0,0.0068,0,0.5345,0,train
10394,1392,CONSTELLATION BRANDS INC,2024-06-09,51647,330086.3,1518.4,0.46,1650.64,0.92,1,0,0,0,0,0,High-value invoice (>= $250K),1,1,1.0,1,0.8755,0,train
10412,60,ADAMBA IMPORTS INTL INC,2024-06-09,62,1008.74,4.74,0.4699,5.04,0.94,0,0,0,0,0,0,,0,0,0.0,0,0.4801,0,train
10415,3960,DIAGEO NORTH AMERICA INC,2024-06-09,104451,1013433.92,4560.45,0.45,5067.8,0.9,1,0,0,0,0,0,High-value invoice (>= $250K),1,1,0.9991,1,0.9634,0,train
10421,6785,PALM BAY INTERNATIONAL INC,2024-06-09,6884,50155.13,270.84,0.54,250.81,1.08,0,0,0,0,0,0,,0,0,0.0,0,0.6462,0,test
10336,7255,PSP WINES,2024-06-10,351,2400.17,11.04,0.46,12.0,0.92,0,0,0,0,0,0,,0,0,0.0046,0,0.5383,0,test
10357,8320,SHAW ROSS INT L IMP LTD,2024-06-10,1321,12116.28,54.52,0.45,60.59,0.9,0,0,0,0,0,0,,0,0,0.0022,0,0.101,0,test
10383,9552,M S WALKER INC,2024-06-10,23832,183148.33,934.06,0.51,915.86,1.02,0,0,0,0,0,0,,0,0,0.0,0,0.8613,0,test
10390,9260,TY KU LLC,2024-06-10,24,206.4,1.11,0.5378,1.03,1.08,0,0,0,0,0,0,,0,0,0.0,0,0.3733,0,train
10391,90024,VINILANDIA USA,2024-06-10,1196,11221.3,51.62,0.46,56.11,0.92,0,0,0,0,0,0,,0,0,0.0,0,0.343,0,train
10392,287,APPOLO VINEYARDS LLC,2024-06-10,12,125.64,0.68,0.5412,0.63,1.08,0,0,0,0,0,0,,0,0,0.0045,0,0.6067,0,train
10396,3252,E & J GALLO WINERY,2024-06-10,44507,264264.7,1294.9,0.49,1321.49,0.98,1,0,0,0,0,0,High-value invoice (>= $250K),1,1,0.9632,1,0.8582,0,test
10414,4380,CHARLES JACQUIN ET CIE INC,2024-06-10,740,5661.53,28.87,0.5099,28.31,1.02,0,0,0,0,0,0,,0,0,0.0025,0,0.1911,0,train
10419,3924,HEAVEN HILL DISTILLERIES,2024-06-10,7689,67813.56,366.19,0.54,339.11,1.08,0,0,0,0,0,0,,0,0,0.0,0,0.3004,0,train
10327,1273,CALEDONIA SPIRITS INC,2024-06-11,361,14024.21,77.13,0.55,70.13,1.1,0,0,0,0,0,0,,0,0,0.0613,0,0.7846,0,test
10329,2561,EDRINGTON AMERICAS,2024-06-11,900,26516.99,119.33,0.45,132.6,0.9,0,0,0,0,0,0,,0,0,0.0617,0,0.8569,0,test
10338,3089,SIDNEY FRANK IMPORTING CO,2024-06-11,2730,32500.96,152.75,0.47,162.52,0.94,0,0,0,0,0,0,,0,0,0.0,0,0.2571,0,test
10343,173357,TAMWORTH DISTILLING,2024-06-11,48,929.76,4.37,0.47,4.65,0.94,0,0,0,0,0,0,,0,0,0.0,0,0.245,0,train
10345,9625,WESTERN SPIRITS BEVERAGE CO,2024-06-11,297,5107.95,26.05,0.51,25.54,1.02,0,0,0,0,0,0,,0,0,0.0,0,0.6727,0,test
10348,1485,CASTLE BRANDS CORP.,2024-06-11,2336,35469.05,180.89,0.51,177.37,1.02,0,0,0,0,0,0,,0,0,0.0023,0,0.1364,0,train
10359,90011,FORTUNE WINE BROKERS LLC,2024-06-11,95,768.27,3.84,0.4998,3.84,1.0,0,0,0,0,0,0,,0,0,0.0,0,0.0971,0,train
10362,4550,KLIN SPIRITS LLC,2024-06-11,121,1702.47,8.51,0.4999,8.51,1.0,0,0,0,0,0,0,,0,0,0.007,0,0.2251,0,test
10363,4848,LAIRD & CO,2024-06-11,376,3588.98,19.38,0.54,17.95,1.08,0,0,0,0,0,0,,0,0,0.0,0,0.123,0,test
10366,6215,MOONLIGHT MEADERY,2024-06-11,153,1341.13,7.24,0.5398,6.71,1.08,0,0,0,0,0,0,,0,0,0.0,0,0.1142,0,test
10369,7154,PREMIER DISTRIBUTORS,2024-06-11,82,1204.64,5.9,0.4898,6.02,0.98,0,0,0,0,0,0,,0,0,0.0094,0,0.0653,0,train
10378,1128,BROWN-FORMAN CORP,2024-06-11,20745,297968.12,1430.25,0.48,1490.03,0.96,1,0,0,0,0,0,High-value invoice (>= $250K),1,1,0.9975,1,0.6498,0,train
10393,1189,BULLY BOY DISTILLERS,2024-06-11,17,380.97,1.87,0.4909,1.91,0.98,0,0,0,0,0,0,,0,0,0.015,0,0.4685,0,test
10395,2450,DJINN SPIRITS LLC,2024-06-11,54,988.2,4.45,0.4503,4.94,0.9,0,0,0,0,0,0,,0,0,0.0,0,0.1039,0,train
10400,4425,MARTIGNETTI COMPANIES,2024-06-11,114,1479.84,6.66,0.45,7.4,0.9,0,0,0,0,0,0,,0,0,0.0044,0,0.9231,0,test
10404,653,STATE WINE & SPIRITS,2024-06-11,2962,26376.34,139.79,0.53,131.9,1.06,0,0,0,0,0,0,,0,0,0.0,0,0.1091,0,test
10405,8664,"STOLI GROUP,(USA) LLC",2024-06-11,5427,88894.62,408.92,0.46,444.53,0.92,0,0,0,0,0,0,,0,0,0.0114,0,0.4312,0,test
10406,8920,TAKARA SAKE USA INC,2024-06-11,102,461.82,2.26,0.4894,2.31,0.98,0,0,0,0,0,0,,0,0,0.007,0,0.328,0,train
10407,90017,THE IMPORTED GRAPE LLC,2024-06-11,24,150.84,0.69,0.4574,0.75,0.91,0,0,0,0,0,0,,0,0,0.0024,0,0.3826,0,train
10417,17031,FLAG HILL WINERY & VINEYARD,2024-06-11,412,5424.59,26.58,0.49,27.13,0.98,0,0,0,0,0,0,,0,0,0.0025,0,0.0254,0,test
10422,10754,PERFECTA WINES,2024-06-11,6900,64476.98,328.83,0.51,322.42,1.02,0,0,0,0,0,0,,0,0,0.0,0,0.8093,0,train
10325,480,BACARDI USA INC,2024-06-12,45168,622937.67,3114.69,0.5,3115.07,1.0,1,0,0,0,0,0,High-value invoice (>= $250K),1,1,1.0,1,0.8506,0,train
10344,9165,ULTRA BEVERAGE COMPANY LLP,2024-06-12,23832,281979.98,1268.91,0.45,1410.07,0.9,1,0,0,0,0,0,High-value invoice (>= $250K),1,1,0.9944,1,0.9423,0,train
10346,4466,AMERICAN VINTAGE BEVERAGE,2024-06-12,640,6458.38,29.71,0.46,32.3,0.92,0,0,0,0,0,0,,0,0,0.0,0,0.2169,0,train
10353,17035,PERNOD RICARD USA,2024-06-12,35742,496030.34,2579.36,0.52,2480.46,1.04,1,0,0,0,0,0,High-value invoice (>= $250K),1,1,0.9987,1,0.8616,0,train
10364,4950,LATITUDE BEVERAGE COMPANY,2024-06-12,2465,14347.42,64.56,0.45,71.75,0.9,0,0,0,0,0,0,,0,0,0.0109,0,0.3455,0,train
10371,8735,SURVILLE ENTERPRISES CORP,2024-06-12,101,751.44,3.83,0.5097,3.76,1.02,0,0,0,0,0,0,,0,0,0.0022,0,0.0307,0,train
10377,105,ALTAMAR BRANDS LLC,2024-06-12,6,214.26,1.16,0.5414,1.07,1.08,0,0,0,0,0,0,,0,0,0.0123,0,0.6453,0,test
10379,11567,CAMPARI AMERICA,2024-06-12,11274,114537.35,629.96,0.55,572.76,1.1,0,0,0,0,0,0,,0,0,0.0019,0,0.3958,0,train
10382,17037,Dunn Wine Brokers,2024-06-12,84,976.56,5.08,0.5202,4.88,1.04,0,0,0,0,0,0,,0,0,0.0,0,0.013,0,train
10386,9206,PHILLIPS PRODUCTS CO.,2024-06-12,636,7386.85,33.98,0.46,36.94,0.92,0,0,0,0,0,0,,0,0,0.0024,0,0.0034,0,train
10387,7153,PINE STATE TRADING CO,2024-06-12,9833,63061.02,283.77,0.45,315.34,0.9,0,0,0,0,0,0,,0,0,0.0022,0,0.6457,0,test
10389,7245,PROXIMO SPIRITS INC.,2024-06-12,17511,194205.33,1048.71,0.54,971.15,1.08,0,0,0,0,0,0,,0,0,0.0134,0,0.5627,0,test
10334,90032,LABELLE VYDS AND WINERY,2024-06-13,294,3103.95,15.83,0.51,15.52,1.02,0,0,0,0,0,0,,0,0,0.0,0,0.3399,0,test
10340,8673,STE MICHELLE WINE ESTATES,2024-06-13,8198,60841.5,279.87,0.46,304.25,0.92,0,0,0,0,0,0,,0,0,0.0,0,0.5437,0,train
10342,90056,SWEET BABY VINEYARD,2024-06-13,206,1726.97,8.98,0.52,8.64,1.04,0,0,0,0,0,0,,0,0,0.0,0,0.2383,0,train
10347,388,ATLANTIC IMPORTING COMPANY,2024-06-13,18,383.76,2.0,0.5212,1.92,1.04,0,0,0,0,0,0,,0,0,0.0,0,0.2307,0,test
10367,6355,NICHE W & S,2024-06-13,77,1144.22,5.26,0.4597,5.72,0.92,0,0,0,0,0,0,,0,0,0.0,0,0.0294,0,train
10368,90027,POVERTY LANE ORCHARDS,2024-06-13,59,449.17,2.38,0.5299,2.25,1.06,0,0,0,0,0,0,,0,0,0.0,0,0.1229,0,test
10370,7239,REMY COINTREAU USA INC,2024-06-13,3451,80471.96,418.45,0.52,402.41,1.04,0,0,0,0,0,0,,0,0,0.0025,0,0.7068,0,test
10373,1601,VRANKEN AMERICA,2024-06-13,100,1774.3,8.87,0.4999,8.87,1.0,0,0,0,0,0,0,,0,0,0.0,0,0.0162,0,train
10401,660,SAZERAC NORTH AMERICA INC.,2024-06-13,10287,75338.61,361.63,0.48,376.74,0.96,0,0,0,0,0,0,,0,0,0.0,0,0.1954,0,train
10410,1587,VINEYARD BRANDS INC,2024-06-13,3077,21831.45,117.89,0.54,109.17,1.08,0,0,0,0,0,0,,0,0,0.0021,0,0.0704,0,train
10413,2396,BLACK PRINCE DISTILLERY INC,2024-06-13,12,52.08,0.29,0.5568,0.26,1.11,0,0,0,0,0,0,,0,0,0.0189,0,0.8154,0,train
10416,2496,DUGGANS DISTILLED PRODUCTS,2024-06-13,159,2602.95,11.97,0.4599,13.02,0.92,0,0,0,0,0,0,,0,0,0.0,0,0.0628,0,train
10423,28750,SMOKY QUARTZ DISTILLERY LLC,2024-06-13,133,2929.61,14.06,0.4799,14.65,0.96,0,0,0,0,0,0,,0,0,0.0,0,0.1075,0,train
10431,90047,CRUSH WINES,2024-06-13,501,5058.81,26.81,0.53,25.3,1.06,0,0,0,0,0,0,,0,0,0.0045,0,0.0207,0,test
10437,4848,LAIRD & CO,2024-06-13,314,2710.4,14.64,0.5401,13.55,1.08,0,0,0,0,0,0,,0,0,0.0,0,0.0009,0,train
10448,1392,CONSTELLATION BRANDS INC,2024-06-13,49320,342020.62,1539.09,0.45,1710.32,0.9,1,0,0,0,0,0,High-value invoice (>= $250K),1,1,1.0,1,0.8257,0,train
10455,6359,OLE SMOKY DISTILLERY LLC,2024-06-13,1043,4399.24,20.24,0.4601,22.0,0.92,0,0,1,0,0,0,Unit cost far from vendor norm,0,1,0.9673,1,0.9078,1,train
10483,90011,FORTUNE WINE BROKERS LLC,2024-06-13,74,606.57,2.97,0.4896,3.03,0.98,0,0,0,0,0,0,,0,0,0.0022,0,0.3996,0,train
10484,90052,HAUNTING WHISPER VYDS,2024-06-13,24,193.32,1.06,0.5483,0.97,1.1,0,0,0,0,0,0,,0,0,0.0023,0,0.5652,0,train
10489,6355,NICHE W & S,2024-06-13,65,955.5,4.87,0.5097,4.78,1.02,0,0,0,0,0,0,,0,0,0.0,0,0.2403,0,train
10502,6213,MHW LTD,2024-06-13,3223,34555.08,169.32,0.49,172.8,0.98,0,0,0,0,0,0,,0,0,0.0,0,0.2813,0,train
10507,7240,"PREMIUM PORT WINES, INC.",2024-06-13,130,957.26,4.31,0.4502,4.79,0.9,0,0,0,0,0,0,,0,0,0.0086,0,0.7083,0,train
10520,4950,LATITUDE BEVERAGE COMPANY,2024-06-13,2065,12251.4,60.03,0.49,61.26,0.98,0,0,0,0,0,0,,0,0,0.0024,0,0.7215,0,train
10341,12331,STELLAR IMPORTING CO LLC,2024-06-14,60,467.28,2.52,0.5393,2.34,1.08,0,0,0,0,0,0,,0,0,0.0891,0,0.9497,0,train
10350,2555,DISARONNO INTERNATIONAL LLC,2024-06-14,2173,24137.18,130.34,0.54,120.7,1.08,0,0,0,0,0,0,,0,0,0.0067,0,0.564,0,train
10354,10050,Russian Standard Vodka,2024-06-14,99,1456.38,7.86,0.5397,7.28,1.08,0,0,0,0,0,0,,0,0,0.0067,0,0.4427,0,train
10356,98450,Serralles Usa LLC,2024-06-14,344,4820.94,22.66,0.47,24.11,0.94,0,0,0,0,0,0,,0,0,0.0,0,0.7191,0,train
10372,172662,SWEETWATER FARM,2024-06-14,25,566.98,2.95,0.5203,2.84,1.04,0,0,0,0,0,0,,0,0,0.0659,0,0.7813,0,train
10375,3664,WILLIAM GRANT & SONS INC,2024-06-14,6812,136915.95,753.04,0.55,684.66,1.1,0,0,0,0,0,0,,0,0,0.0024,0,0.7142,0,train
10380,90046,CANDIA VINEYARDS,2024-06-14,71,913.95,4.94,0.5405,4.57,1.08,0,0,0,0,0,0,,0,0,0.0068,0,0.425,0,train
10385,6359,OLE SMOKY DISTILLERY LLC,2024-06-14,245,2649.54,11.92,0.4499,13.25,0.9,0,0,0,0,0,0,,0,0,0.0,0,0.0895,0,test
10397,1655,FABRIZIA SPIRITS LLC,2024-06-14,333,3899.67,17.94,0.46,19.5,0.92,0,0,0,0,0,0,,0,0,0.0162,0,0.6475,0,test
10398,8352,LUXCO INC,2024-06-14,6373,62550.05,287.73,0.46,312.79,0.92,0,0,0,0,0,0,,0,0,0.0,0,0.1891,0,train
10403,8663,STAR INDUSTRIES INC.,2024-06-14,12,196.92,0.95,0.4824,0.98,0.96,0,0,0,0,0,0,,0,0,0.0,0,0.4283,0,train
10420,5455,MARSALLE COMPANY,2024-06-14,117,3110.45,16.17,0.5199,15.55,1.04,0,0,0,0,0,0,,0,0,0.0,0,0.0538,0,train
10425,9622,WEIN BAUER INC,2024-06-14,41,628.08,3.39,0.5397,3.14,1.08,0,0,0,0,0,0,,0,0,0.0022,0,0.1034,0,train
10435,9744,FREDERICK WILDMAN & SONS,2024-06-14,2836,23509.71,110.5,0.47,117.56,0.94,0,0,0,0,0,0,,0,0,0.0,0,0.1294,0,train
10439,6785,PALM BAY INTERNATIONAL INC,2024-06-14,4631,34957.81,178.28,0.51,174.81,1.02,0,0,0,0,0,0,,0,0,0.0,0,0.1909,0,train
10461,9751,VINEDREA WINES LLC,2024-06-14,12,272.64,1.5,0.5502,1.36,1.1,0,0,0,0,0,0,,0,0,0.0043,0,0.5704,0,train
10469,2555,DISARONNO INTERNATIONAL LLC,2024-06-14,1149,13212.65,64.74,0.49,66.07,0.98,0,0,0,0,0,0,,0,0,0.0019,0,0.3206,0,train
10485,90053,INCREDIBREW INC,2024-06-14,72,632.4,2.91,0.4602,3.16,0.92,0,0,0,0,0,0,,0,0,0.0,0,0.2066,0,train
10493,8892,TRINCHERO FAMILY ESTATES,2024-06-14,6748,43251.79,198.96,0.46,216.29,0.92,0,0,0,0,0,0,,0,0,0.0,0,0.341,0,test
10495,9625,WESTERN SPIRITS BEVERAGE CO,2024-06-14,375,5664.57,26.62,0.4699,28.33,0.94,0,0,0,0,0,0,,0,0,0.0072,0,0.8052,0,train
10497,480,BACARDI USA INC,2024-06-14,38503,546728.8,3007.01,0.55,2733.98,1.1,1,0,0,0,0,0,High-value invoice (>= $250K),1,1,0.995,1,0.9673,0,train
10501,8352,LUXCO INC,2024-06-14,4324,35504.04,163.32,0.46,177.54,0.92,0,0,0,0,0,0,,0,0,0.0,0,0.3316,0,train
10504,9206,PHILLIPS PRODUCTS CO.,2024-06-14,1090,14568.39,75.76,0.52,72.85,1.04,0,0,0,0,0,0,,0,0,0.0,0,0.42,0,train
10510,12331,STELLAR IMPORTING CO LLC,2024-06-14,48,334.8,1.84,0.5496,1.67,1.1,0,0,0,0,0,0,,0,0,0.0044,0,0.8149,0,test
10515,1703,ALISA CARR BEVERAGES,2024-06-14,82,6311.57,30.93,0.4901,31.56,0.98,0,0,0,0,0,0,,0,0,0.0993,0,0.9675,0,train
10522,5992,MCCORMICK DISTILLING CO,2024-06-14,429,4277.99,19.68,0.46,21.39,0.92,0,0,0,0,0,0,,0,0,0.0022,0,0.3042,0,test
10523,6215,MOONLIGHT MEADERY,2024-06-14,1096,9742.28,44.81,0.46,48.72,0.92,0,0,0,0,0,0,,0,0,0.0185,0,0.906,0,train
10524,10754,PERFECTA WINES,2024-06-14,11607,131237.72,643.06,0.49,656.27,0.98,0,0,0,0,0,0,,0,0,0.0,0,0.937,0,train
10434,17037,Dunn Wine Brokers,2024-06-15,66,1052.94,5.69,0.5404,5.27,1.08,0,0,0,0,0,0,,0,0,0.0069,0,0.2264,0,test
10457,8320,SHAW ROSS INT L IMP LTD,2024-06-15,1372,12791.73,69.08,0.54,63.97,1.08,0,0,0,0,0,0,,0,0,0.0,0,0.0308,0,train
10466,516,BANFI PRODUCTS CORP,2024-06-15,3504,24810.26,111.65,0.45,124.07,0.9,0,0,0,0,0,0,,0,0,0.0,0,0.1346,0,train
10468,3960,DIAGEO NORTH AMERICA INC,2024-06-15,108170,1117060.84,5473.6,0.49,5586.0,0.98,1,0,0,0,0,0,High-value invoice (>= $250K),1,1,1.0,1,0.8883,0,train
10470,4425,MARTIGNETTI COMPANIES,2024-06-15,188,2527.66,12.13,0.4799,12.64,0.96,0,0,0,0,0,0,,0,0,0.0255,0,0.9504,0,test
10477,90057,WALPOLE MTN VIEW WINERY,2024-06-15,36,420.36,1.89,0.4496,2.1,0.9,0,0,0,0,0,0,,0,0,0.0042,0,0.2971,0,train
10478,388,ATLANTIC IMPORTING COMPANY,2024-06-15,30,639.6,3.45,0.5394,3.2,1.08,0,0,0,0,0,0,,0,0,0.0024,0,0.6054,0,train
10512,8920,TAKARA SAKE USA INC,2024-06-15,242,1207.86,6.04,0.5001,6.04,1.0,0,0,0,0,0,0,,0,0,0.016,0,0.3918,0,train
10530,28776,TALL SHIP DISTILLERY LLC,2024-06-15,66,1406.94,7.46,0.5302,7.04,1.06,0,0,0,0,0,0,,0,0,0.0,0,0.6338,0,train
10491,660,SAZERAC NORTH AMERICA INC.,2024-06-16,10110,72567.71,370.1,0.51,362.88,1.02,0,0,0,0,0,0,,0,0,0.0,0,0.2832,0,train
10498,1590,DIAGEO CHATEAU ESTATE WINES,2024-06-16,4129,35072.08,185.88,0.53,175.38,1.06,0,0,0,0,0,0,,0,0,0.0,0,0.6244,0,train
10500,3252,E & J GALLO WINERY,2024-06-16,39214,257634.72,1262.41,0.49,1288.33,0.98,1,0,0,0,0,0,High-value invoice (>= $250K),1,1,0.996,1,0.8833,0,train
10503,17035,PERNOD RICARD USA,2024-06-16,30187,466135.53,2470.52,0.53,2330.97,1.06,1,0,0,0,0,0,High-value invoice (>= $250K),1,1,1.0,1,0.8456,0,train
10525,7245,PROXIMO SPIRITS INC.,2024-06-16,15674,171894.69,790.72,0.46,859.58,0.92,0,0,0,0,0,0,,0,0,0.0061,0,0.7577,0,train
10527,3089,SIDNEY FRANK IMPORTING CO,2024-06-16,3414,29112.52,131.01,0.45,145.58,0.9,0,0,0,0,0,0,,0,0,0.007,0,0.6522,0,test
10428,1485,CASTLE BRANDS CORP.,2024-06-17,1760,27543.42,143.23,0.52,137.73,1.04,0,0,0,0,0,0,,0,0,0.0,0,0.4126,0,train
10433,2496,DUGGANS DISTILLED PRODUCTS,2024-06-17,113,1834.57,9.17,0.4998,9.17,1.0,0,0,0,0,0,0,,0,0,0.0,0,0.1921,0,train
10438,4425,MARTIGNETTI COMPANIES,2024-06-17,59863,624768.7,3061.37,0.49,3124.23,0.98,1,0,0,0,0,0,High-value invoice (>= $250K),1,1,0.9997,1,0.9953,0,train
10445,4466,AMERICAN VINTAGE BEVERAGE,2024-06-17,288,2937.56,15.86,0.5399,14.69,1.08,0,0,0,0,0,0,,0,0,0.0,0,0.0547,0,train
10454,8112,MOET HENNESSY USA INC,2024-06-17,5810,130175.27,650.88,0.5,650.96,1.0,0,0,0,0,0,0,,0,0,0.0,0,0.5584,0,train
10459,8673,STE MICHELLE WINE ESTATES,2024-06-17,10802,78034.91,421.39,0.54,390.22,1.08,0,0,0,0,0,0,,0,0,0.0,0,0.3689,0,test
10464,90058,ZORVINO VINEYARDS,2024-06-17,263,2185.05,11.8,0.54,10.93,1.08,0,0,0,0,0,0,,0,0,0.0,0,0.1028,0,train
10472,90056,SWEET BABY VINEYARD,2024-06-17,1283,10663.92,55.45,0.52,53.33,1.04,0,0,0,0,0,0,,0,0,0.002,0,0.6686,0,test
10479,1265,BLACK ROCK SPIRITS LLC,2024-06-17,6,84.3,0.43,0.5101,0.42,1.02,0,0,0,0,0,0,,0,0,0.0024,0,0.6446,0,train
10492,8663,STAR INDUSTRIES INC.,2024-06-17,12,196.92,1.08,0.5484,0.98,1.1,0,0,0,0,0,0,,0,0,0.0,0,0.3879,0,train
10499,2450,DJINN SPIRITS LLC,2024-06-17,34,806.44,4.27,0.5295,4.03,1.06,0,0,0,0,0,0,,0,0,0.0,0,0.3117,0,train
10506,90027,POVERTY LANE ORCHARDS,2024-06-17,88,738.1,3.47,0.4701,3.69,0.94,0,0,0,0,0,0,,0,0,0.0021,0,0.1528,0,train
10509,653,STATE WINE & SPIRITS,2024-06-17,4077,38571.89,177.43,0.46,192.88,0.92,0,0,0,0,0,0,,0,0,0.0,0,0.3861,0,train
10511,8735,SURVILLE ENTERPRISES CORP,2024-06-17,167,1151.56,5.3,0.4602,5.76,0.92,0,0,0,0,0,0,,0,0,0.0,0,0.3265,0,train
10514,60,ADAMBA IMPORTS INTL INC,2024-06-17,115,1871.05,10.29,0.55,9.36,1.1,0,0,0,0,0,0,,0,0,0.0,0,0.2445,0,test
10519,90032,LABELLE VYDS AND WINERY,2024-06-17,316,3406.04,18.73,0.5499,17.03,1.1,0,0,0,0,0,0,,0,0,0.0,0,0.2457,0,test
10531,1601,VRANKEN AMERICA,2024-06-17,277,3888.04,20.61,0.5301,19.44,1.06,0,0,0,0,0,0,,0,0,0.0,0,0.3,0,test
10426,287,APPOLO VINEYARDS LLC,2024-06-18,24,250.44,1.13,0.4512,1.25,0.9,0,0,0,0,0,0,,0,0,0.0,0,0.5571,0,train
10427,11567,CAMPARI AMERICA,2024-06-18,10219,94879.7,455.42,0.48,474.46,0.96,0,0,0,0,0,0,,0,0,0.0,0,0.5553,0,train
10436,90051,FULCHINO VINEYARD INC,2024-06-18,36,405.72,2.03,0.5003,2.03,1.0,0,0,0,0,0,0,,0,0,0.0,0,0.3125,0,train
10440,7154,PREMIER DISTRIBUTORS,2024-06-18,120,1349.04,7.28,0.5396,6.75,1.08,0,0,0,0,0,0,,0,0,0.0733,0,0.6349,0,test
10443,90037,THE PIERPONT GROUP LLC,2024-06-18,20,194.96,0.88,0.4514,0.97,0.9,0,0,0,0,0,0,,0,0,0.0,0,0.4595,0,train
10456,98450,Serralles Usa LLC,2024-06-18,224,3134.87,14.73,0.4699,15.68,0.94,0,0,0,0,0,0,,0,0,0.0,0,0.0893,0,test
10460,8664,"STOLI GROUP,(USA) LLC",2024-06-18,5084,75439.06,362.11,0.48,377.24,0.96,0,0,0,0,0,0,,0,0,0.0,0,0.2807,0,train
10471,8150,SEA HAGG DISTILLERY LLC,2024-06-18,265,2741.65,12.89,0.4702,13.71,0.94,0,0,0,0,0,0,,0,0,0.0,0,0.2125,0,test
10480,1128,BROWN-FORMAN CORP,2024-06-18,27324,481113.96,2357.46,0.49,2405.87,0.98,1,0,0,0,0,0,High-value invoice (>= $250K),1,1,1.0,1,0.8546,0,train
10481,1189,BULLY BOY DISTILLERS,2024-06-18,112,2485.96,11.68,0.4698,12.43,0.94,0,0,0,0,0,0,,0,0,0.0,0,0.0686,0,test
10482,1655,FABRIZIA SPIRITS LLC,2024-06-18,508,5740.73,31.0,0.54,28.71,1.08,0,0,0,0,0,0,,0,0,0.0,0,0.0124,0,train
10487,4692,KOBRAND CORPORATION,2024-06-18,2752,32619.88,176.15,0.54,163.12,1.08,0,0,0,0,0,0,,0,0,0.0,0,0.1741,0,train
10496,3664,WILLIAM GRANT & SONS INC,2024-06-18,6079,109990.0,560.95,0.51,550.02,1.02,0,0,0,0,0,0,,0,0,0.0,0,0.276,0,train
10505,7153,PINE STATE TRADING CO,2024-06-18,9638,71073.32,348.26,0.49,355.41,0.98,0,0,0,0,0,0,,0,0,0.0,0,0.6267,0,test
10508,17033,SEA BREEZE CELLARS LLC,2024-06-18,189,1792.95,8.25,0.4601,8.97,0.92,0,0,0,0,0,0,,0,0,0.0024,0,0.0956,0,train
10513,90017,THE IMPORTED GRAPE LLC,2024-06-18,72,405.12,2.19,0.5406,2.03,1.08,0,0,0,0,0,0,,0,0,0.0038,0,0.4848,0,train
10528,28750,SMOKY QUARTZ DISTILLERY LLC,2024-06-18,384,8419.08,41.25,0.49,42.1,0.98,0,0,0,0,0,0,,0,0,0.0181,0,0.7891,0,train
10449,17031,FLAG HILL WINERY & VINEYARD,2024-06-19,450,6077.81,33.43,0.55,30.39,1.1,0,0,0,0,0,0,,0,0,0.0,0,0.0657,0,train
10452,10000,MAJESTIC FINE WINES,2024-06-19,11569,85954.77,464.16,0.54,429.83,1.08,0,0,0,0,0,0,,0,0,0.002,0,0.5008,0,train
10458,2000,SOUTHERN WINE & SPIRITS NE,2024-06-19,9603,97468.39,458.1,0.47,487.4,0.94,0,0,0,0,0,0,,0,0,0.0,0,0.5133,0,train
10476,1587,VINEYARD BRANDS INC,2024-06-19,3997,28931.61,130.19,0.45,144.68,0.9,0,0,0,0,0,0,,0,0,0.0,0,0.116,0,train
10516,2561,EDRINGTON AMERICAS,2024-06-19,1058,35825.0,179.12,0.5,179.15,1.0,0,0,0,0,0,0,,0,0,0.011,0,0.4779,0,train
10517,3950,"HOOD RIVER DISTILLERS, Inc.",2024-06-19,5,107.9,0.59,0.5468,0.54,1.09,0,0,0,0,0,0,,0,0,0.0,0,0.5517,0,train
10529,172662,SWEETWATER FARM,2024-06-19,184,3984.15,20.72,0.5201,19.92,1.04,0,0,0,0,0,0,,0,0,0.0087,0,0.5273,0,test
10532,9815,WINE GROUP INC,2024-06-19,18528,111335.15,512.14,0.46,556.74,0.92,0,0,0,0,0,0,,0,0,0.0025,0,0.5161,0,train
10430,1650,Circa Wines,2024-06-20,24,528.0,2.75,0.5208,2.64,1.04,0,0,1,0,0,0,Unit cost far from vendor norm,0,1,0.761,1,0.959,1,train
10442,8004,SAZERAC CO INC,2024-06-20,35873,179298.9,932.35,0.52,896.61,1.04,0,0,0,0,0,0,,0,0,0.0443,0,0.7936,0,train
10444,9165,ULTRA BEVERAGE COMPANY LLP,2024-06-20,33671,377451.45,2038.24,0.54,1887.49,1.08,1,0,0,0,0,0,High-value invoice (>= $250K),1,1,0.9994,1,0.9912,0,train
10451,12546,JIM BEAM BRANDS COMPANY,2024-06-20,47535,478746.09,2489.48,0.52,2394.03,1.04,1,0,0,0,0,0,High-value invoice (>= $250K),1,1,0.9933,1,0.9744,0,test
10462,90010,VINEXTRA INC,2024-06-20,160,1872.08,9.92,0.5299,9.36,1.06,0,0,0,0,0,0,,0,0,0.0668,0,0.5394,0,train
10474,9819,TREASURY WINE ESTATES,2024-06-20,11202,67109.67,362.39,0.54,335.59,1.08,0,0,0,0,0,0,,0,0,0.0022,0,0.2731,0,test
10475,9260,TY KU LLC,2024-06-20,92,805.66,4.03,0.5002,4.03,1.0,0,0,0,0,0,0,,0,0,0.0,0,0.1465,0,train
10488,9552,M S WALKER INC,2024-06-20,24261,189969.58,892.86,0.47,949.97,0.94,0,0,0,0,0,0,,0,0,0.0,0,0.7831,0,train
10494,90024,VINILANDIA USA,2024-06-20,1437,13833.27,69.17,0.5,69.17,1.0,0,0,0,0,0,0,,0,0,0.0,0,0.0469,0,train
10521,5455,MARSALLE COMPANY,2024-06-20,114,3053.6,14.96,0.4899,15.27,0.98,0,0,0,0,0,0,,0,0,0.0,0,0.0594,0,train
10537,1655,FABRIZIA SPIRITS LLC,2024-06-20,553,7231.04,36.16,0.5001,36.16,1.0,0,0,0,0,0,0,,0,0,0.0,0,0.2528,0,train
10543,98450,Serralles Usa LLC,2024-06-20,191,2836.94,15.04,0.5301,14.19,1.06,0,0,0,0,0,0,,0,0,0.0,0,0.002,0,train
10549,9625,WESTERN SPIRITS BEVERAGE CO,2024-06-20,709,10396.97,54.06,0.52,51.99,1.04,0,0,0,0,0,0,,0,0,0.0022,0,0.1795,0,train
10558,660,SAZERAC NORTH AMERICA INC.,2024-06-20,9945,71590.49,357.95,0.5,358.0,1.0,0,0,0,0,0,0,,0,0,0.0,0,0.3096,0,test
10562,9165,ULTRA BEVERAGE COMPANY LLP,2024-06-20,15867,201369.32,906.16,0.45,1006.97,0.9,0,0,0,0,0,0,,0,0,0.0019,0,0.8373,0,train
10566,3960,DIAGEO NORTH AMERICA INC,2024-06-20,109575,931123.74,5028.07,0.54,4656.2,1.08,1,0,0,0,0,0,High-value invoice (>= $250K),1,1,0.9975,1,0.9592,0,train
10570,90032,LABELLE VYDS AND WINERY,2024-06-20,156,1709.04,7.86,0.4599,8.55,0.92,0,0,0,0,0,0,,0,0,0.0046,0,0.3798,0,test
10574,5992,MCCORMICK DISTILLING CO,2024-06-20,439,4626.87,21.28,0.4599,23.14,0.92,0,0,0,0,0,0,,0,0,0.0041,0,0.0889,0,train
10582,1650,Circa Wines,2024-06-20,159,1791.96,8.06,0.4498,8.96,0.9,0,0,0,0,0,0,,0,0,0.0165,0,0.6726,0,test
10584,2555,DISARONNO INTERNATIONAL LLC,2024-06-20,1467,14348.83,67.44,0.47,71.75,0.94,0,0,0,0,0,0,,0,0,0.0,0,0.1304,0,test
10594,7240,"PREMIUM PORT WINES, INC.",2024-06-20,188,1334.65,7.07,0.5297,6.67,1.06,0,0,0,0,0,0,,0,0,0.0,0,0.2407,0,train
10607,9206,PHILLIPS PRODUCTS CO.,2024-06-20,605,7480.58,41.14,0.55,37.41,1.1,0,0,0,0,0,0,,0,0,0.0024,0,0.6661,0,train
10608,8150,SEA HAGG DISTILLERY LLC,2024-06-20,696,9124.01,48.36,0.53,45.63,1.06,0,0,0,0,0,0,,0,0,0.0,0,0.4667,0,train
10620,4950,LATITUDE BEVERAGE COMPANY,2024-06-20,1347,7893.17,43.41,0.55,39.47,1.1,0,0,0,0,0,0,,0,0,0.0042,0,0.7321,0,train
10627,3089,SIDNEY FRANK IMPORTING CO,2024-06-20,3771,33123.84,172.24,0.52,165.64,1.04,0,0,0,0,0,0,,0,0,0.0104,0,0.8026,0,test
10429,4380,CHARLES JACQUIN ET CIE INC,2024-06-21,580,5222.42,25.59,0.49,26.12,0.98,0,0,0,0,0,0,,0,0,0.0,0,0.4108,0,train
10432,2242,DELICATO VINEYARDS INC,2024-06-21,4141,31392.33,166.38,0.53,156.98,1.06,0,0,0,0,0,0,,0,0,0.0,0,0.7195,0,test
10441,7255,PSP WINES,2024-06-21,428,3390.96,17.97,0.5299,16.96,1.06,0,0,0,0,0,0,,0,0,0.0,0,0.5401,0,train
10446,90046,CANDIA VINEYARDS,2024-06-21,59,805.01,4.11,0.5106,4.03,1.02,0,0,0,0,0,0,,0,0,0.0022,0,0.2235,0,train
10447,2876,CENTEUR IMPORTS LLC,2024-06-21,34,290.32,1.31,0.4512,1.45,0.9,0,0,0,0,0,0,,0,0,0.0046,0,0.7817,0,test
10450,3924,HEAVEN HILL DISTILLERIES,2024-06-21,11902,72495.26,333.48,0.46,362.52,0.92,0,0,0,0,0,0,,0,0,0.0019,0,0.6749,0,test
10453,5270,MANGO BOTTLING INC,2024-06-21,1177,8431.01,43.84,0.52,42.16,1.04,0,0,0,0,0,0,,0,0,0.0321,0,0.5885,0,test
10463,9622,WEIN BAUER INC,2024-06-21,54,876.12,3.94,0.4497,4.38,0.9,0,0,0,0,0,0,,0,0,0.023,0,0.8295,0,train
10465,105,ALTAMAR BRANDS LLC,2024-06-21,12,428.52,2.36,0.5507,2.14,1.1,0,0,0,0,0,0,,0,0,0.0282,0,0.8427,0,train
10467,1273,CALEDONIA SPIRITS INC,2024-06-21,364,12714.89,66.12,0.52,63.58,1.04,0,0,0,0,0,0,,0,0,0.002,0,0.6184,0,train
10473,173357,TAMWORTH DISTILLING,2024-06-21,24,464.88,2.56,0.5507,2.32,1.1,0,0,0,0,0,0,,0,0,0.0025,0,0.4019,0,train
10486,17032,JEWELL TOWNE VINEYARDS,2024-06-21,168,1348.68,7.15,0.5301,6.74,1.06,0,0,0,0,0,0,,0,0,0.0024,0,0.0197,0,train
10490,10050,Russian Standard Vodka,2024-06-21,105,1391.7,7.65,0.5497,6.96,1.1,0,0,0,0,0,0,,0,0,0.0,0,0.0236,0,train
10518,4550,KLIN SPIRITS LLC,2024-06-21,161,2265.27,11.1,0.49,11.33,0.98,0,0,0,0,0,0,,0,0,0.0,0,0.0004,0,train
10526,7239,REMY COINTREAU USA INC,2024-06-21,3192,74055.66,385.09,0.52,370.32,1.04,0,0,0,0,0,0,,0,0,0.0025,0,0.3724,0,train
10536,2561,EDRINGTON AMERICAS,2024-06-21,861,25654.75,141.1,0.55,128.29,1.1,0,0,0,0,0,0,,0,0,0.0231,0,0.2789,0,test
10554,6785,PALM BAY INTERNATIONAL INC,2024-06-21,4159,30269.07,142.26,0.47,151.36,0.94,0,0,0,0,0,0,,0,0,0.0,0,0.046,0,train
10556,7255,PSP WINES,2024-06-21,242,1574.83,7.09,0.4502,7.88,0.9,0,0,0,0,0,0,,0,0,0.0,0,0.129,0,train
10579,388,ATLANTIC IMPORTING COMPANY,2024-06-21,18,383.76,1.84,0.4795,1.92,0.96,0,0,0,0,0,0,,0,0,0.0,0,0.2903,0,train
10589,4692,KOBRAND CORPORATION,2024-06-21,2184,28914.02,150.35,0.52,144.59,1.04,0,0,0,0,0,0,,0,0,0.0,0,0.4001,0,train
10592,7153,PINE STATE TRADING CO,2024-06-21,6506,47609.6,233.29,0.49,238.08,0.98,0,0,0,0,0,0,,0,0,0.0,0,0.4613,0,test
10601,90046,CANDIA VINEYARDS,2024-06-21,24,345.84,1.87,0.5407,1.73,1.08,0,0,0,0,0,0,,0,0,0.0024,0,0.6347,0,train
10602,2242,DELICATO VINEYARDS INC,2024-06-21,3449,26298.12,123.6,0.47,131.51,0.94,0,0,0,0,0,0,,0,0,0.0,0,0.1144,0,train
10611,9819,TREASURY WINE ESTATES,2024-06-21,10486,60973.59,286.58,0.47,304.91,0.94,0,0,0,0,0,0,,0,0,0.0,0,0.4137,0,train
10616,2496,DUGGANS DISTILLED PRODUCTS,2024-06-21,97,1626.87,8.46,0.52,8.14,1.04,0,0,0,0,0,0,,0,0,0.0,0,0.2675,0,train
10626,8320,SHAW ROSS INT L IMP LTD,2024-06-21,1257,10415.75,52.08,0.5,52.09,1.0,0,0,0,0,0,0,,0,0,0.0,0,0.2223,0,train
10538,9744,FREDERICK WILDMAN & SONS,2024-06-22,1302,14568.21,80.13,0.55,72.85,1.1,0,0,0,0,0,0,,0,0,0.006,0,0.5961,0,train
10540,5270,MANGO BOTTLING INC,2024-06-22,1257,9035.87,42.47,0.47,45.18,0.94,0,0,0,0,0,0,,0,0,0.0022,0,0.1384,0,train
10542,17033,SEA BREEZE CELLARS LLC,2024-06-22,86,1115.91,5.24,0.4696,5.58,0.94,0,0,0,0,0,0,,0,0,0.0,0,0.5542,0,train
10552,1392,CONSTELLATION BRANDS INC,2024-06-22,44485,316914.75,1426.12,0.45,1584.77,0.9,1,0,0,0,0,0,High-value invoice (>= $250K),1,1,1.0,1,0.7454,0,train
10559,653,STATE WINE & SPIRITS,2024-06-22,3511,32748.12,150.64,0.46,163.76,0.92,0,0,0,0,0,0,,0,0,0.0,0,0.1263,0,train
10565,1590,DIAGEO CHATEAU ESTATE WINES,2024-06-22,3144,24201.29,121.01,0.5,121.02,1.0,0,0,0,0,0,0,,0,0,0.0,0,0.0805,0,train
10567,2450,DJINN SPIRITS LLC,2024-06-22,24,399.84,2.16,0.5402,2.0,1.08,0,0,0,0,0,0,,0,0,0.0,0,0.2405,0,train
10575,172662,SWEETWATER FARM,2024-06-22,12,257.64,1.24,0.4813,1.29,0.96,0,0,0,0,0,0,,0,0,0.0,0,0.3327,0,train
10577,9815,WINE GROUP INC,2024-06-22,16576,99078.33,535.02,0.54,495.45,1.08,0,0,0,0,0,0,,0,0,0.0025,0,0.3944,0,train
10595,10050,Russian Standard Vodka,2024-06-22,115,1396.0,6.56,0.4699,6.98,0.94,0,0,0,0,0,0,,0,0,0.0,0,0.3379,0,train
10600,4466,AMERICAN VINTAGE BEVERAGE,2024-06-22,308,3213.28,17.03,0.53,16.07,1.06,0,0,0,0,0,0,,0,0,0.0,0,0.1514,0,train
10533,1703,ALISA CARR BEVERAGES,2024-06-23,10,618.61,3.34,0.5399,3.09,1.08,0,0,0,0,0,0,,0,0,0.0888,0,0.8407,0,test
10535,1273,CALEDONIA SPIRITS INC,2024-06-23,259,7939.39,37.32,0.4701,39.7,0.94,0,0,0,0,0,0,,0,0,0.002,0,0.4775,0,train
10545,2000,SOUTHERN WINE & SPIRITS NE,2024-06-23,8979,76536.38,344.41,0.45,382.73,0.9,0,0,0,0,0,0,,0,0,0.0022,0,0.7743,0,test
10568,17037,Dunn Wine Brokers,2024-06-23,70,1041.6,4.79,0.4599,5.21,0.92,0,0,0,0,0,0,,0,0,0.0084,0,0.5732,0,train
10569,90052,HAUNTING WHISPER VYDS,2024-06-23,24,188.16,0.88,0.4677,0.94,0.94,0,0,0,0,0,0,,0,0,0.0,0,0.5257,0,train
10585,90011,FORTUNE WINE BROKERS LLC,2024-06-23,54,605.02,3.03,0.5008,3.03,1.0,0,0,0,0,0,0,,0,0,0.0,0,0.2746,0,train
10630,1601,VRANKEN AMERICA,2024-06-23,167,2482.31,11.17,0.45,12.41,0.9,0,0,0,0,0,0,,0,0,0.0,0,0.5591,0,train
10539,8352,LUXCO INC,2024-06-24,4107,35383.05,183.99,0.52,176.94,1.04,0,0,0,0,0,0,,0,0,0.0,0,0.2665,0,train
10544,28750,SMOKY QUARTZ DISTILLERY LLC,2024-06-24,26,569.11,2.56,0.4498,2.85,0.9,0,0,0,0,0,0,,0,0,0.0204,0,0.5425,0,test
10555,7245,PROXIMO SPIRITS INC.,2024-06-24,13350,141632.96,764.82,0.54,708.25,1.08,0,0,0,0,0,0,,0,0,0.0045,0,0.4629,0,train
10561,8920,TAKARA SAKE USA INC,2024-06-24,117,517.95,2.75,0.5309,2.59,1.06,0,0,0,0,0,0,,0,0,0.0044,0,0.6699,0,train
10563,3664,WILLIAM GRANT & SONS INC,2024-06-24,4717,90087.23,495.48,0.55,450.49,1.1,0,0,0,0,0,0,,0,0,0.0022,0,0.7348,0,train
10580,2396,BLACK PRINCE DISTILLERY INC,2024-06-24,12,52.08,0.27,0.5184,0.26,1.04,0,0,0,0,0,0,,0,0,0.0097,0,0.739,0,train
10591,10754,PERFECTA WINES,2024-06-24,6474,62828.09,307.86,0.49,314.18,0.98,0,0,0,0,0,0,,0,0,0.0,0,0.785,0,test
10604,6213,MHW LTD,2024-06-24,2682,34966.9,178.33,0.51,174.86,1.02,0,0,0,0,0,0,,0,0,0.0025,0,0.47,0,train
10606,17035,PERNOD RICARD USA,2024-06-24,31195,441508.33,2119.24,0.48,2207.82,0.96,1,0,0,0,0,0,High-value invoice (>= $250K),1,1,0.9995,1,0.7339,0,train
10617,3252,E & J GALLO WINERY,2024-06-24,32053,213856.59,1133.44,0.53,1069.42,1.06,0,0,0,0,0,0,,0,0,0.0,0,0.7657,0,train
10622,4425,MARTIGNETTI COMPANIES,2024-06-24,156,2330.91,11.89,0.5101,11.66,1.02,0,0,0,0,0,0,,0,0,0.0135,0,0.9581,0,train
10623,6355,NICHE W & S,2024-06-24,24,352.8,1.62,0.4592,1.76,0.92,0,0,0,0,0,0,,0,0,0.0089,0,0.3527,0,train
10624,6359,OLE SMOKY DISTILLERY LLC,2024-06-24,180,2502.63,12.51,0.4999,12.51,1.0,0,0,0,0,0,0,,0,0,0.0,0,0.2537,0,train
10628,9260,TY KU LLC,2024-06-24,54,681.78,3.07,0.4503,3.41,0.9,0,0,0,0,0,0,,0,0,0.0,0,0.5562,0,train
10631,90058,ZORVINO VINEYARDS,2024-06-24,129,1015.35,4.87,0.4796,5.08,0.96,0,0,0,0,0,0,,0,0,0.0024,0,0.1853,0,test
10564,11567,CAMPARI AMERICA,2024-06-25,8492,77262.86,347.68,0.45,386.36,0.9,0,0,0,0,0,0,,0,0,0.0022,0,0.2827,0,train
10587,90053,INCREDIBREW INC,2024-06-25,53,473.62,2.32,0.4898,2.37,0.98,0,0,0,0,0,0,,0,0,0.0,0,0.0411,0,train
10598,8892,TRINCHERO FAMILY ESTATES,2024-06-25,6009,37060.83,185.3,0.5,185.33,1.0,0,0,0,0,0,0,,0,0,0.0022,0,0.1045,0,train
10615,1485,CASTLE BRANDS CORP.,2024-06-25,1901,28397.31,139.15,0.49,142.0,0.98,0,0,0,0,0,0,,0,0,0.0,0,0.0776,0,train
10534,1128,BROWN-FORMAN CORP,2024-06-26,20783,306451.12,1501.61,0.49,1532.45,0.98,1,0,0,0,0,0,High-value invoice (>= $250K),1,1,0.9873,1,0.818,0,train
10541,7239,REMY COINTREAU USA INC,2024-06-26,2365,48944.81,225.15,0.46,244.75,0.92,0,0,0,0,0,0,,0,0,0.0,0,0.424,0,train
10548,9622,WEIN BAUER INC,2024-06-26,5,95.4,0.46,0.4822,0.48,0.96,0,0,0,0,0,0,,0,0,0.0354,0,0.8539,0,test
10557,8004,SAZERAC CO INC,2024-06-26,31566,184311.59,939.99,0.51,921.67,1.02,0,0,0,0,0,0,,0,0,0.0109,0,0.599,0,test
10560,90056,SWEET BABY VINEYARD,2024-06-26,246,2042.99,10.42,0.51,10.22,1.02,0,0,0,0,0,0,,0,0,0.0,0,0.0287,0,train
10573,4425,MARTIGNETTI COMPANIES,2024-06-26,50935,522338.7,2663.93,0.51,2612.02,1.02,1,0,0,0,0,0,High-value invoice (>= $250K),1,1,1.0,1,0.9728,0,train
10581,1189,BULLY BOY DISTILLERS,2024-06-26,100,2198.28,10.55,0.4799,10.99,0.96,0,0,0,0,0,0,,0,0,0.0,0,0.199,0,train
10586,3924,HEAVEN HILL DISTILLERIES,2024-06-26,8940,61578.62,277.1,0.45,307.93,0.9,0,0,0,0,0,0,,0,0,0.0022,0,0.1725,0,test
10588,4550,KLIN SPIRITS LLC,2024-06-26,93,1308.51,6.54,0.4998,6.54,1.0,0,0,0,0,0,0,,0,0,0.0,0,0.0045,0,train
10597,90017,THE IMPORTED GRAPE LLC,2024-06-26,24,276.36,1.3,0.4704,1.38,0.94,0,0,0,0,0,0,,0,0,0.0067,0,0.4788,0,train
10603,12546,JIM BEAM BRANDS COMPANY,2024-06-26,45402,419439.65,2306.92,0.55,2097.46,1.1,1,0,0,0,0,0,High-value invoice (>= $250K),1,1,1.0,1,0.7216,0,train
10609,8673,STE MICHELLE WINE ESTATES,2024-06-26,8909,64666.79,291.0,0.45,323.37,0.9,0,0,0,0,0,0,,0,0,0.0,0,0.0806,0,train
10612,90010,VINEXTRA INC,2024-06-26,118,1249.23,6.12,0.4899,6.25,0.98,0,0,0,0,0,0,,0,0,0.0,0,0.0108,0,train
10613,60,ADAMBA IMPORTS INTL INC,2024-06-26,128,2082.56,9.58,0.46,10.41,0.92,0,0,0,0,0,0,,0,0,0.0,0,0.0112,0,train
10614,516,BANFI PRODUCTS CORP,2024-06-26,2527,17344.0,79.78,0.46,86.73,0.92,0,0,0,0,0,0,,0,0,0.0042,0,0.0465,0,train
10618,17031,FLAG HILL WINERY & VINEYARD,2024-06-26,300,3985.7,19.93,0.5,19.93,1.0,0,0,0,0,0,0,,0,0,0.0,0,0.0018,0,train
10619,17032,JEWELL TOWNE VINEYARDS,2024-06-26,72,543.24,2.77,0.5099,2.72,1.02,0,0,0,0,0,0,,0,0,0.0022,0,0.0175,0,train
10621,10000,MAJESTIC FINE WINES,2024-06-26,9241,70476.22,338.29,0.48,352.42,0.96,0,0,0,0,0,0,,0,0,0.0,0,0.0355,0,train
10550,480,BACARDI USA INC,2024-06-27,33594,435940.79,2048.92,0.47,2179.97,0.94,1,0,0,0,0,0,High-value invoice (>= $250K),1,1,0.9997,1,0.7599,0,train
10551,4380,CHARLES JACQUIN ET CIE INC,2024-06-27,537,4501.71,22.06,0.49,22.51,0.98,0,0,0,0,0,0,,0,0,0.0,0,0.0662,0,train
10572,9552,M S WALKER INC,2024-06-27,23911,205208.05,1087.6,0.53,1026.17,1.06,0,0,0,0,0,0,,0,0,0.0136,0,0.8414,0,train
10576,90057,WALPOLE MTN VIEW WINERY,2024-06-27,12,156.12,0.84,0.538,0.78,1.08,0,0,0,0,0,0,,0,0,0.0022,0,0.6002,0,train
10583,90047,CRUSH WINES,2024-06-27,325,3147.85,15.42,0.4899,15.74,0.98,0,0,0,0,0,0,,0,0,0.0,0,0.0731,0,test
10590,8112,MOET HENNESSY USA INC,2024-06-27,5965,130666.33,666.4,0.51,653.41,1.02,0,0,0,0,0,0,,0,0,0.0018,0,0.392,0,train
10599,90024,VINILANDIA USA,2024-06-27,874,8231.95,40.34,0.49,41.16,0.98,0,0,0,0,0,0,,0,0,0.0,0,0.09,0,train
10605,6215,MOONLIGHT MEADERY,2024-06-27,467,4230.79,23.27,0.55,21.16,1.1,0,0,0,0,0,0,,0,0,0.0,0,0.2526,0,train
10625,7154,PREMIER DISTRIBUTORS,2024-06-27,59,921.99,4.89,0.5304,4.61,1.06,0,0,0,0,0,0,,0,0,0.0,0,0.0119,0,train
10629,1587,VINEYARD BRANDS INC,2024-06-27,2357,17769.21,88.85,0.5,88.86,1.0,0,0,0,0,0,0,,0,0,0.0,0,0.0041,0,train
10640,8664,"STOLI GROUP,(USA) LLC",2024-06-27,4598,66834.93,300.76,0.45,334.22,0.9,0,0,0,0,0,0,,0,0,0.0,0,0.0684,0,train
10648,11567,CAMPARI AMERICA,2024-06-27,9812,88052.5,405.04,0.46,440.32,0.92,0,0,0,0,0,0,,0,0,0.0,0,0.3511,0,train
10663,90010,VINEXTRA INC,2024-06-27,275,2988.56,14.94,0.4999,14.94,1.0,0,0,0,0,0,0,,0,0,0.0,0,0.0063,0,test
10664,1601,VRANKEN AMERICA,2024-06-27,202,2705.92,14.34,0.5299,13.53,1.06,0,0,0,0,0,0,,0,0,0.0,0,0.0166,0,train
10668,1590,DIAGEO CHATEAU ESTATE WINES,2024-06-27,2599,18705.3,101.01,0.54,93.54,1.08,0,0,0,0,0,0,,0,0,0.0024,0,0.074,0,train
10672,17035,PERNOD RICARD USA,2024-06-27,36026,486813.18,2385.38,0.49,2434.37,0.98,1,0,0,0,0,0,High-value invoice (>= $250K),1,1,1.0,1,0.8185,0,train
10698,4380,CHARLES JACQUIN ET CIE INC,2024-06-27,565,4683.5,25.29,0.54,23.42,1.08,0,0,0,0,0,0,,0,0,0.0,0,0.7456,0,train
10701,2555,DISARONNO INTERNATIONAL LLC,2024-06-27,1524,18520.2,83.34,0.45,92.61,0.9,0,0,0,0,0,0,,0,0,0.0023,0,0.4397,0,train
10707,6785,PALM BAY INTERNATIONAL INC,2024-06-27,4344,30798.55,157.07,0.51,154.01,1.02,0,0,0,0,0,0,,0,0,0.0,0,0.5795,0,train
10716,1650,Circa Wines,2024-06-27,12,100.56,0.54,0.537,0.5,1.07,0,0,0,0,0,0,,0,0,0.0175,0,0.8838,0,train
10546,12331,STELLAR IMPORTING CO LLC,2024-06-28,24,199.92,1.0,0.5002,1.0,1.0,0,0,0,0,0,0,,0,0,0.0247,0,0.751,0,train
10547,8664,"STOLI GROUP,(USA) LLC",2024-06-28,4595,72305.91,339.84,0.47,361.57,0.94,0,0,0,0,0,0,,0,0,0.0128,0,0.8028,0,test
10553,5455,MARSALLE COMPANY,2024-06-28,231,5814.47,26.17,0.4501,29.08,0.9,0,0,0,0,0,0,,0,0,0.0024,0,0.4828,0,train
10571,4848,LAIRD & CO,2024-06-28,230,1542.88,7.41,0.4803,7.72,0.96,0,0,0,0,0,0,,0,0,0.0271,0,0.6758,0,test
10578,105,ALTAMAR BRANDS LLC,2024-06-28,6,214.26,1.16,0.5414,1.07,1.08,0,0,0,0,0,0,,0,0,0.0017,0,0.7038,0,train
10593,90027,POVERTY LANE ORCHARDS,2024-06-28,78,626.94,2.95,0.4705,3.14,0.94,0,0,0,0,0,0,,0,0,0.0,0,0.2481,0,train
10596,8735,SURVILLE ENTERPRISES CORP,2024-06-28,60,582.54,2.74,0.4704,2.91,0.94,0,0,0,0,0,0,,0,0,0.0,0,0.2351,0,train
10610,28776,TALL SHIP DISTILLERY LLC,2024-06-28,36,750.12,4.05,0.5399,3.75,1.08,0,0,0,0,0,0,,0,0,0.0,0,0.0974,0,test
10641,9165,ULTRA BEVERAGE COMPANY LLP,2024-06-28,22813,243162.66,1191.5,0.49,1215.96,0.98,0,0,0,0,0,0,,0,0,0.1019,0,0.757,0,train
10653,90052,HAUNTING WHISPER VYDS,2024-06-28,14,111.05,0.52,0.4683,0.56,0.94,0,0,0,0,0,0,,0,0,0.0,0,0.4072,0,train
10679,90024,VINILANDIA USA,2024-06-28,1171,10952.4,55.86,0.51,54.77,1.02,0,0,0,0,0,0,,0,0,0.0,0,0.0303,0,train
10681,1392,CONSTELLATION BRANDS INC,2024-06-28,47360,323156.01,1648.1,0.51,1615.98,1.02,1,0,0,0,0,0,High-value invoice (>= $250K),1,1,0.9994,1,0.7779,0,test
10685,8352,LUXCO INC,2024-06-28,4899,42615.12,200.29,0.47,213.1,0.94,0,0,0,0,0,0,,0,0,0.0,0,0.1537,0,train
10690,90056,SWEET BABY VINEYARD,2024-06-28,435,3642.55,18.94,0.52,18.22,1.04,0,0,0,0,0,0,,0,0,0.0,0,0.0884,0,train
10711,173357,TAMWORTH DISTILLING,2024-06-28,11,206.69,1.03,0.4983,1.03,1.0,0,0,0,0,0,0,,0,0,0.004,0,0.7781,0,train
10722,6359,OLE SMOKY DISTILLERY LLC,2024-06-28,142,2032.22,9.75,0.4798,10.16,0.96,0,0,0,0,0,0,,0,0,0.0068,0,0.4806,0,train
10729,98450,Serralles Usa LLC,2024-06-28,250,3721.35,18.61,0.5001,18.61,1.0,0,0,0,0,0,0,,0,0,0.0,0,0.5286,0,test
10632,105,ALTAMAR BRANDS LLC,2024-06-29,12,428.52,2.31,0.5391,2.14,1.08,0,0,0,0,0,0,,0,0,0.0043,0,0.8263,0,train
10635,4848,LAIRD & CO,2024-06-29,328,2184.22,12.01,0.5499,10.92,1.1,0,0,0,0,0,0,,0,0,0.0025,0,0.3359,0,train
10639,653,STATE WINE & SPIRITS,2024-06-29,3114,28975.47,147.77,0.51,144.9,1.02,0,0,0,0,0,0,,0,0,0.0,0,0.455,0,train
10647,1265,BLACK ROCK SPIRITS LLC,2024-06-29,6,84.3,0.45,0.5338,0.42,1.07,0,0,0,0,0,0,,0,0,0.0,0,0.7557,0,train
10656,5270,MANGO BOTTLING INC,2024-06-29,1277,9115.89,41.93,0.46,45.59,0.92,0,0,0,0,0,0,,0,0,0.0022,0,0.1898,0,train
10658,6215,MOONLIGHT MEADERY,2024-06-29,248,2262.69,10.86,0.48,11.31,0.96,0,0,0,0,0,0,,0,0,0.0,0,0.0244,0,train
10670,2561,EDRINGTON AMERICAS,2024-06-29,1039,32460.87,172.04,0.53,162.32,1.06,0,0,0,0,0,0,,0,0,0.0289,0,0.6679,0,test
10678,9819,TREASURY WINE ESTATES,2024-06-29,11650,71033.85,340.96,0.48,355.21,0.96,0,0,0,0,0,0,,0,0,0.0,0,0.8048,0,train
10683,3924,HEAVEN HILL DISTILLERIES,2024-06-29,8608,63520.25,292.19,0.46,317.64,0.92,0,0,0,0,0,0,,0,0,0.0022,0,0.2102,0,train
10689,8735,SURVILLE ENTERPRISES CORP,2024-06-29,53,472.95,2.13,0.4504,2.37,0.9,0,0,0,0,0,0,,0,0,0.0046,0,0.6352,0,train
10695,4466,AMERICAN VINTAGE BEVERAGE,2024-06-29,143,1585.75,8.09,0.5102,7.93,1.02,0,0,0,0,0,0,,0,0,0.0,0,0.2982,0,train
10696,1189,BULLY BOY DISTILLERS,2024-06-29,73,1605.33,8.67,0.5401,8.03,1.08,0,0,0,0,0,0,,0,0,0.0,0,0.1441,0,train
10699,90047,CRUSH WINES,2024-06-29,789,10809.35,58.37,0.54,54.05,1.08,0,0,0,0,0,0,,0,0,0.0024,0,0.5057,0,train
10700,3960,DIAGEO NORTH AMERICA INC,2024-06-29,99841,982423.13,4420.9,0.45,4912.73,0.9,1,0,0,0,0,0,High-value invoice (>= $250K),1,1,0.9998,1,0.9513,0,train
10702,2496,DUGGANS DISTILLED PRODUCTS,2024-06-29,5394,5908.82,28.95,0.4899,29.55,0.98,0,0,1,0,0,0,Unit cost far from vendor norm,0,1,0.9402,1,0.8789,1,test
10708,10754,PERFECTA WINES,2024-06-29,6832,81312.2,447.22,0.55,406.61,1.1,0,0,0,0,0,0,,0,0,0.0025,0,0.8068,0,train
10714,1273,CALEDONIA SPIRITS INC,2024-06-29,195,5866.65,26.99,0.4601,29.34,0.92,0,0,0,0,0,0,,0,0,0.0022,0,0.4407,0,test
10721,5992,MCCORMICK DISTILLING CO,2024-06-29,645,6086.64,30.43,0.4999,30.44,1.0,0,0,0,0,0,0,,0,0,0.0,0,0.2241,0,train
10725,7255,PSP WINES,2024-06-29,153,975.7,4.39,0.4499,4.88,0.9,0,0,0,0,0,0,,0,0,0.0147,0,0.6605,0,test
10727,8004,SAZERAC CO INC,2024-06-29,30717,173476.9,815.34,0.47,867.49,0.94,0,0,0,0,0,0,,0,0,0.0176,0,0.834,0,test
10667,90046,CANDIA VINEYARDS,2024-06-30,60,917.52,4.86,0.5297,4.59,1.06,0,0,0,0,0,0,,0,0,0.0023,0,0.2381,0,train
10686,9552,M S WALKER INC,2024-06-30,23974,190713.94,1048.93,0.55,953.69,1.1,0,0,0,0,0,0,,0,0,0.0041,0,0.9284,0,train
10687,8112,MOET HENNESSY USA INC,2024-06-30,6763,133064.68,652.02,0.49,665.41,0.98,0,0,0,0,0,0,,0,0,0.0,0,0.7326,0,train
10688,6830,PARK STREET IMPORTS LLC,2024-06-30,12,198.36,1.09,0.5495,0.99,1.1,0,0,0,0,0,0,,0,0,0.0378,0,0.7451,0,train
10692,90017,THE IMPORTED GRAPE LLC,2024-06-30,24,174.0,0.8,0.4598,0.87,0.92,0,0,0,0,0,0,,0,0,0.0088,0,0.8806,0,test
10693,9622,WEIN BAUER INC,2024-06-30,37,551.76,3.03,0.5492,2.76,1.1,0,0,0,0,0,0,,0,0,0.0,0,0.4193,0,train
10719,5455,MARSALLE COMPANY,2024-06-30,153,4039.93,20.2,0.5,20.2,1.0,0,0,0,0,0,0,,0,0,0.0,0,0.4963,0,train
10726,10050,Russian Standard Vodka,2024-06-30,172,2236.64,10.96,0.49,11.18,0.98,0,0,0,0,0,0,,0,0,0.0,0,0.3568,0,train
10642,1587,VINEYARD BRANDS INC,2024-07-01,3003,25093.36,130.49,0.52,125.48,1.04,0,0,0,0,0,0,,0,0,0.0,0,0.3329,0,test
10646,516,BANFI PRODUCTS CORP,2024-07-01,2849,20651.94,113.59,0.55,103.27,1.1,0,0,0,0,0,0,,0,0,0.0022,0,0.2823,0,train
10651,17031,FLAG HILL WINERY & VINEYARD,2024-07-01,443,6014.1,31.87,0.5299,30.07,1.06,0,0,0,0,0,0,,0,0,0.0,0,0.1317,0,train
10657,4425,MARTIGNETTI COMPANIES,2024-07-01,85,972.19,4.86,0.4999,4.86,1.0,0,0,0,0,0,0,,0,0,0.0183,0,0.9358,0,train
10671,90053,INCREDIBREW INC,2024-07-01,81,716.48,3.37,0.4704,3.58,0.94,0,0,0,0,0,0,,0,0,0.0,0,0.096,0,train
10676,172662,SWEETWATER FARM,2024-07-01,6,116.4,0.64,0.5498,0.58,1.1,0,0,0,0,0,0,,0,0,0.0437,0,0.6973,0,train
10680,60,ADAMBA IMPORTS INTL INC,2024-07-01,138,2245.26,10.78,0.4801,11.23,0.96,0,0,0,0,0,0,,0,0,0.0,0,0.0278,0,train
10694,9815,WINE GROUP INC,2024-07-01,16916,101026.7,505.13,0.5,505.2,1.0,0,0,0,0,0,0,,0,0,0.0,0,0.4656,0,test
10697,2876,CENTEUR IMPORTS LLC,2024-07-01,24,206.04,0.93,0.4514,1.03,0.9,0,0,0,0,0,0,,0,0,0.0044,0,0.6989,0,train
10703,9744,FREDERICK WILDMAN & SONS,2024-07-01,1145,10469.53,48.16,0.46,52.35,0.92,0,0,0,0,0,0,,0,0,0.0,0,0.2349,0,train
10704,4550,KLIN SPIRITS LLC,2024-07-01,119,1664.46,9.15,0.5497,8.32,1.1,0,0,0,0,0,0,,0,0,0.0,0,0.2046,0,train
10705,90032,LABELLE VYDS AND WINERY,2024-07-01,258,2794.3,14.81,0.53,13.97,1.06,0,0,0,0,0,0,,0,0,0.0,0,0.1815,0,train
10720,4425,MARTIGNETTI COMPANIES,2024-07-01,57590,628047.63,3014.63,0.48,3140.63,0.96,1,0,0,0,0,0,High-value invoice (>= $250K),1,1,0.9994,1,0.9935,0,train
10723,9206,PHILLIPS PRODUCTS CO.,2024-07-01,885,11659.74,62.96,0.54,58.31,1.08,0,0,0,0,0,0,,0,0,0.0025,0,0.2674,0,train
10728,17033,SEA BREEZE CELLARS LLC,2024-07-01,35,377.76,1.7,0.45,1.89,0.9,0,0,0,0,0,0,,0,0,0.025,0,0.792,0,test
10634,4692,KOBRAND CORPORATION,2024-07-02,1977,27104.77,138.23,0.51,135.54,1.02,0,0,0,0,0,0,,0,0,0.002,0,0.3013,0,train
10650,1655,FABRIZIA SPIRITS LLC,2024-07-02,530,6439.69,28.98,0.45,32.2,0.9,0,0,0,0,0,0,,0,0,0.0,0,0.0799,0,train
10709,8320,SHAW ROSS INT L IMP LTD,2024-07-02,1579,13007.52,67.64,0.52,65.05,1.04,0,0,0,0,0,0,,0,0,0.0,0,0.0561,0,train
10713,9625,WESTERN SPIRITS BEVERAGE CO,2024-07-02,6263,9758.8,49.77,0.51,48.8,1.02,0,0,1,0,0,0,Unit cost far from vendor norm,0,1,0.9971,1,0.7646,1,train
10718,10000,MAJESTIC FINE WINES,2024-07-02,9904,75959.38,394.99,0.52,379.84,1.04,0,0,0,0,0,0,,0,0,0.0,0,0.2957,0,train
10724,7153,PINE STATE TRADING CO,2024-07-02,7378,56701.71,300.52,0.53,283.54,1.06,0,0,0,0,0,0,,0,0,0.0,0,0.6085,0,train
10732,90057,WALPOLE MTN VIEW WINERY,2024-07-02,24,264.24,1.37,0.5185,1.32,1.04,0,0,0,0,0,0,,0,0,0.002,0,0.1719,0,train
10633,3252,E & J GALLO WINERY,2024-07-03,31303,210502.49,1115.66,0.53,1052.64,1.06,0,0,0,0,0,0,,0,0,0.002,0,0.7651,0,train
10636,6355,NICHE W & S,2024-07-03,50,735.0,3.38,0.4599,3.68,0.92,0,0,0,0,0,0,,0,0,0.0,0,0.1474,0,train
10643,3664,WILLIAM GRANT & SONS INC,2024-07-03,5473,112165.57,504.75,0.45,560.9,0.9,0,0,0,0,0,0,,0,0,0.0,0,0.7608,0,train
10649,17037,Dunn Wine Brokers,2024-07-03,48,594.36,2.67,0.4492,2.97,0.9,0,0,0,0,0,0,,0,0,0.0023,0,0.5299,0,train
10655,4950,LATITUDE BEVERAGE COMPANY,2024-07-03,1376,7981.89,43.1,0.54,39.91,1.08,0,0,0,0,0,0,,0,0,0.0,0,0.1975,0,train
10660,7240,"PREMIUM PORT WINES, INC.",2024-07-03,93,686.94,3.23,0.4702,3.44,0.94,0,0,0,0,0,0,,0,0,0.0021,0,0.2802,0,test
10677,8920,TAKARA SAKE USA INC,2024-07-03,198,1031.34,5.26,0.51,5.16,1.02,0,0,0,0,0,0,,0,0,0.0046,0,0.1247,0,test
10691,28776,TALL SHIP DISTILLERY LLC,2024-07-03,30,620.82,3.29,0.5299,3.1,1.06,0,0,0,0,0,0,,0,0,0.0,0,0.186,0,train
10712,8892,TRINCHERO FAMILY ESTATES,2024-07-03,6054,40446.61,218.41,0.54,202.26,1.08,0,0,0,0,0,0,,0,0,0.0,0,0.1137,0,train
10730,28750,SMOKY QUARTZ DISTILLERY LLC,2024-07-03,71,1562.44,7.97,0.5101,7.81,1.02,0,0,0,0,0,0,,0,0,0.0,0,0.0235,0,train
10638,3089,SIDNEY FRANK IMPORTING CO,2024-07-04,3397,32205.2,161.03,0.5,161.05,1.0,0,0,0,0,0,0,,0,0,0.0,0,0.1429,0,train
10645,388,ATLANTIC IMPORTING COMPANY,2024-07-04,11,234.52,1.29,0.5501,1.17,1.1,0,0,0,0,0,0,,0,0,0.0019,0,0.4259,0,test
10652,90011,FORTUNE WINE BROKERS LLC,2024-07-04,12,101.88,0.46,0.4515,0.51,0.9,0,0,0,0,0,0,,0,0,0.0991,0,0.8977,0,train
10654,12546,JIM BEAM BRANDS COMPANY,2024-07-04,48870,461195.66,2490.46,0.54,2306.26,1.08,1,0,0,0,0,0,High-value invoice (>= $250K),1,1,1.0,1,0.8353,0,test
10659,7154,PREMIER DISTRIBUTORS,2024-07-04,90,1332.88,6.8,0.5102,6.67,1.02,0,0,0,0,0,0,,0,0,0.1537,0,0.4772,0,train
10661,7239,REMY COINTREAU USA INC,2024-07-04,3112,69035.16,379.69,0.55,345.22,1.1,0,0,0,0,0,0,,0,0,0.0024,0,0.5356,0,test
10665,480,BACARDI USA INC,2024-07-04,49452,400799.37,1923.84,0.48,2004.25,0.96,1,0,0,0,0,0,High-value invoice (>= $250K),1,1,0.9907,1,0.7974,0,train
10666,1128,BROWN-FORMAN CORP,2024-07-04,19012,265744.08,1222.42,0.46,1328.89,0.92,1,0,0,0,0,0,High-value invoice (>= $250K),1,1,0.9459,1,0.4853,0,test
10669,2450,DJINN SPIRITS LLC,2024-07-04,21,394.14,2.17,0.5506,1.97,1.1,0,0,0,0,0,0,,0,0,0.0025,0,0.3814,0,train
10674,8150,SEA HAGG DISTILLERY LLC,2024-07-04,295,3108.81,16.17,0.5201,15.55,1.04,0,0,0,0,0,0,,0,0,0.0,0,0.004,0,train
10682,2242,DELICATO VINEYARDS INC,2024-07-04,3795,31292.72,153.33,0.49,156.48,0.98,0,0,0,0,0,0,,0,0,0.0,0,0.2647,0,train
10684,17032,JEWELL TOWNE VINEYARDS,2024-07-04,80,626.81,3.2,0.5105,3.13,1.02,0,0,0,0,0,0,,0,0,0.0019,0,0.1616,0,train
10706,6213,MHW LTD,2024-07-04,3157,35388.19,191.1,0.54,176.96,1.08,0,0,0,0,0,0,,0,0,0.0,0,0.017,0,test
10710,12331,STELLAR IMPORTING CO LLC,2024-07-04,48,353.04,1.66,0.4702,1.77,0.94,0,0,0,0,0,0,,0,0,0.0073,0,0.6009,0,train
10731,8673,STE MICHELLE WINE ESTATES,2024-07-04,8868,62021.53,322.51,0.52,310.15,1.04,0,0,0,0,0,0,,0,0,0.0,0,0.0698,0,train
10742,5270,MANGO BOTTLING INC,2024-07-04,1194,8594.59,41.25,0.48,42.98,0.96,0,0,0,0,0,0,,0,0,0.0,0,0.2941,0,train
10743,6359,OLE SMOKY DISTILLERY LLC,2024-07-04,147,2080.9,11.03,0.5301,10.41,1.06,0,0,0,0,0,0,,0,0,0.0,0,0.0043,0,train
10745,7245,PROXIMO SPIRITS INC.,2024-07-04,11991,132833.39,704.02,0.53,664.25,1.06,0,0,0,0,0,0,,0,0,0.0,0,0.5753,0,train
10748,90056,SWEET BABY VINEYARD,2024-07-04,297,2482.0,13.65,0.55,12.41,1.1,0,0,0,0,0,0,,0,0,0.0,0,0.0346,0,train
10750,8892,TRINCHERO FAMILY ESTATES,2024-07-04,6461,49458.19,267.07,0.54,247.32,1.08,0,0,0,0,0,0,,0,0,0.0024,0,0.2122,0,train
10756,17032,JEWELL TOWNE VINEYARDS,2024-07-04,93,808.1,4.12,0.5098,4.04,1.02,0,0,0,0,0,0,,0,0,0.0021,0,0.2654,0,train
10769,9552,M S WALKER INC,2024-07-04,24220,181569.2,817.06,0.45,907.96,0.9,0,0,0,0,0,0,,0,0,0.0061,0,0.9084,0,test
10771,8112,MOET HENNESSY USA INC,2024-07-04,8609,168398.34,909.35,0.54,842.1,1.08,0,0,0,0,0,0,,0,0,0.0,0,0.8744,0,test
10773,7239,REMY COINTREAU USA INC,2024-07-04,2700,61909.18,321.93,0.52,309.58,1.04,0,0,0,0,0,0,,0,0,0.0018,0,0.8375,0,train
10788,7153,PINE STATE TRADING CO,2024-07-04,7480,51185.39,271.28,0.53,255.96,1.06,0,0,0,0,0,0,,0,0,0.0,0,0.6547,0,train
10791,8320,SHAW ROSS INT L IMP LTD,2024-07-04,1201,11167.55,56.95,0.51,55.84,1.02,0,0,0,0,0,0,,0,0,0.0,0,0.0251,0,train
10793,28750,SMOKY QUARTZ DISTILLERY LLC,2024-07-04,40,834.44,4.59,0.5501,4.17,1.1,0,0,0,0,0,0,,0,0,0.0022,0,0.729,0,train
10801,4425,MARTIGNETTI COMPANIES,2024-07-04,91,1698.2,9.17,0.54,8.49,1.08,0,0,0,0,0,0,,0,0,0.0652,0,0.9913,0,test
10808,2000,SOUTHERN WINE & SPIRITS NE,2024-07-04,8220,67797.32,352.55,0.52,339.03,1.04,0,0,0,0,0,0,,0,0,0.0,0,0.8874,0,train
10810,28776,TALL SHIP DISTILLERY LLC,2024-07-04,12,249.12,1.37,0.5499,1.25,1.1,0,0,0,0,0,0,,0,0,0.013,0,0.9471,0,test
10812,1189,BULLY BOY DISTILLERS,2024-07-04,46,1021.78,5.11,0.5001,5.11,1.0,0,0,0,0,0,0,,0,0,0.0087,0,0.713,0,train
10814,1650,Circa Wines,2024-07-04,12,152.88,0.78,0.5102,0.76,1.02,0,0,0,0,0,0,,0,0,0.0115,0,0.8972,0,train
10830,1587,VINEYARD BRANDS INC,2024-07-04,3070,19384.79,94.99,0.49,96.94,0.98,0,0,0,0,0,0,,0,0,0.0045,0,0.6662,0,train
10844,1485,CASTLE BRANDS CORP.,2024-07-04,429,8928.66,42.86,0.48,44.65,0.96,0,0,0,0,0,0,,0,0,0.1245,0,0.8476,0,test
10845,4380,CHARLES JACQUIN ET CIE INC,2024-07-04,138,1111.37,5.22,0.4697,5.56,0.94,0,0,0,0,0,0,,0,0,0.0742,0,0.7296,0,train
10857,2561,EDRINGTON AMERICAS,2024-07-04,331,9796.34,44.08,0.45,48.99,0.9,0,0,0,1,0,0,Lead time unusual for vendor,0,1,0.6552,1,0.8826,1,train
10871,9552,M S WALKER INC,2024-07-04,7499,59918.13,323.56,0.54,299.63,1.08,0,0,0,0,0,0,,0,0,0.0739,0,0.941,0,train
10880,6355,NICHE W & S,2024-07-04,12,176.4,0.85,0.4819,0.88,0.96,0,0,0,0,0,0,,0,0,0.1046,0,0.84,0,train
10888,7154,PREMIER DISTRIBUTORS,2024-07-04,18,199.62,1.06,0.531,1.0,1.06,0,0,0,1,0,0,Lead time unusual for vendor,0,1,0.6019,1,0.8955,1,train
10902,653,STATE WINE & SPIRITS,2024-07-04,696,7722.04,41.7,0.54,38.61,1.08,0,0,0,0,0,0,,0,0,0.0523,0,0.7914,0,train
10906,90056,SWEET BABY VINEYARD,2024-07-04,50,417.62,2.13,0.51,2.09,1.02,0,0,0,0,0,0,,0,0,0.0978,0,0.8993,0,train
10915,1601,VRANKEN AMERICA,2024-07-04,34,384.22,2.04,0.5309,1.92,1.06,0,0,0,0,0,0,,0,0,0.1112,0,0.7967,0,train
10918,9815,WINE GROUP INC,2024-07-04,4592,26421.03,137.39,0.52,132.12,1.04,0,0,0,0,0,0,,0,0,0.0341,0,0.7545,0,train
10637,7245,PROXIMO SPIRITS INC.,2024-07-05,14210,157665.9,709.5,0.45,788.43,0.9,0,0,0,0,0,0,,0,0,0.011,0,0.7844,0,train
10644,90058,ZORVINO VINEYARDS,2024-07-05,322,2585.96,12.67,0.49,12.93,0.98,0,0,0,0,0,0,,0,0,0.0,0,0.4723,0,train
10662,9260,TY KU LLC,2024-07-05,24,206.4,1.09,0.5281,1.03,1.06,0,0,0,0,0,0,,0,0,0.0065,0,0.6432,0,train
10673,660,SAZERAC NORTH AMERICA INC.,2024-07-05,10254,72846.56,335.09,0.46,364.28,0.92,0,0,0,0,0,0,,0,0,0.0,0,0.3314,0,train
10675,2000,SOUTHERN WINE & SPIRITS NE,2024-07-05,8927,79776.63,398.88,0.5,398.93,1.0,0,0,0,0,0,0,,0,0,0.0,0,0.4404,0,train
10715,1485,CASTLE BRANDS CORP.,2024-07-05,1766,27531.69,129.4,0.47,137.68,0.94,0,0,0,0,0,0,,0,0,0.0,0,0.0274,0,train
10717,90051,FULCHINO VINEYARD INC,2024-07-05,36,405.72,1.87,0.4609,2.03,0.92,0,0,0,0,0,0,,0,0,0.0021,0,0.2284,0,train
10740,90052,HAUNTING WHISPER VYDS,2024-07-05,14,111.05,0.61,0.5493,0.56,1.1,0,0,0,0,0,0,,0,0,0.0022,0,0.3909,0,train
10752,2396,BLACK PRINCE DISTILLERY INC,2024-07-05,12,52.08,0.26,0.4992,0.26,1.0,0,0,0,0,0,0,,0,0,0.0011,0,0.7139,0,train
10763,9815,WINE GROUP INC,2024-07-05,15498,88551.68,407.34,0.46,442.81,0.92,0,0,0,0,0,0,,0,0,0.0024,0,0.3485,0,train
10774,9751,VINEDREA WINES LLC,2024-07-05,1,22.72,0.12,0.5282,0.11,1.06,0,0,0,0,0,0,,0,0,0.0137,0,0.8966,0,train
10785,4692,KOBRAND CORPORATION,2024-07-05,1929,24375.48,119.44,0.49,121.89,0.98,0,0,0,0,0,0,,0,0,0.0025,0,0.3801,0,train
10813,90046,CANDIA VINEYARDS,2024-07-05,12,123.24,0.68,0.5518,0.62,1.1,0,0,0,0,0,0,,0,0,0.0368,0,0.8479,0,test
10817,2555,DISARONNO INTERNATIONAL LLC,2024-07-05,1009,13421.47,65.77,0.49,67.12,0.98,0,0,0,0,0,0,,0,0,0.0,0,0.4839,0,train
10831,9625,WESTERN SPIRITS BEVERAGE CO,2024-07-05,2303,5825.3,27.96,0.48,29.13,0.96,0,0,1,0,0,0,Unit cost far from vendor norm,0,1,0.9708,1,0.8512,1,test
10837,480,BACARDI USA INC,2024-07-05,6718,94479.04,434.6,0.46,472.45,0.92,0,0,0,0,0,0,,0,0,0.0201,0,0.8236,0,train
10847,1392,CONSTELLATION BRANDS INC,2024-07-05,12037,83617.29,409.72,0.49,418.14,0.98,0,0,0,0,0,0,,0,0,0.0116,0,0.8053,0,train
10849,2242,DELICATO VINEYARDS INC,2024-07-05,844,5850.91,26.91,0.4599,29.26,0.92,0,0,0,0,0,0,,0,0,0.0195,0,0.5854,0,train
10855,17037,Dunn Wine Brokers,2024-07-05,12,136.8,0.73,0.5336,0.68,1.07,0,0,0,0,0,0,,0,0,0.0214,0,0.8557,0,train
10864,12546,JIM BEAM BRANDS COMPANY,2024-07-05,9402,87604.93,464.31,0.53,438.08,1.06,0,0,0,0,0,0,,0,0,0.0187,0,0.8459,0,train
10866,4692,KOBRAND CORPORATION,2024-07-05,503,5846.39,30.99,0.5301,29.24,1.06,0,0,0,0,0,0,,0,0,0.0447,0,0.7424,0,test
10867,90032,LABELLE VYDS AND WINERY,2024-07-05,35,347.5,1.91,0.5496,1.74,1.1,0,0,0,0,0,0,,0,0,0.0377,0,0.8273,0,train
10869,4950,LATITUDE BEVERAGE COMPANY,2024-07-05,157,932.71,4.85,0.52,4.66,1.04,0,0,0,0,0,0,,0,0,0.0223,0,0.6931,0,train
10870,8352,LUXCO INC,2024-07-05,1038,8092.34,36.42,0.4501,40.47,0.9,0,0,0,0,0,0,,0,0,0.033,0,0.7012,0,train
10874,5455,MARSALLE COMPANY,2024-07-05,12,333.6,1.73,0.5186,1.67,1.04,0,0,0,0,0,0,,0,0,0.1409,0,0.8485,0,train
10876,5992,MCCORMICK DISTILLING CO,2024-07-05,51,575.48,3.17,0.5508,2.88,1.1,0,0,0,0,0,0,,0,0,0.0509,0,0.681,0,train
10886,9206,PHILLIPS PRODUCTS CO.,2024-07-05,157,2037.78,11.21,0.5501,10.19,1.1,0,0,0,0,0,0,,0,0,0.0431,0,0.7305,0,test
10912,90010,VINEXTRA INC,2024-07-05,24,187.92,0.88,0.4683,0.94,0.94,0,0,0,0,0,0,,0,0,0.0582,0,0.9019,0,train
10738,9744,FREDERICK WILDMAN & SONS,2024-07-06,1709,16281.22,89.55,0.55,81.42,1.1,0,0,0,0,0,0,,0,0,0.0049,0,0.1205,0,test
10739,90051,FULCHINO VINEYARD INC,2024-07-06,12,164.28,0.82,0.4991,0.82,1.0,0,0,0,0,0,0,,0,0,0.0,0,0.4817,0,train
10758,5992,MCCORMICK DISTILLING CO,2024-07-06,380,3399.95,18.7,0.55,17.0,1.1,0,0,0,0,0,0,,0,0,0.0046,0,0.23,0,train
10759,6785,PALM BAY INTERNATIONAL INC,2024-07-06,5184,36372.01,163.67,0.45,181.88,0.9,0,0,0,0,0,0,,0,0,0.0,0,0.1423,0,train
10783,90053,INCREDIBREW INC,2024-07-06,12,110.88,0.6,0.5411,0.55,1.08,0,0,0,0,0,0,,0,0,0.0,0,0.5113,0,train
10795,90024,VINILANDIA USA,2024-07-06,800,7018.8,34.39,0.49,35.1,0.98,0,0,0,0,0,0,,0,0,0.0,0,0.2899,0,train
10807,98450,Serralles Usa LLC,2024-07-06,140,2007.04,9.83,0.4898,10.04,0.98,0,0,0,0,0,0,,0,0,0.0,0,0.0373,0,train
10818,2561,EDRINGTON AMERICAS,2024-07-06,865,23644.07,106.4,0.45,118.24,0.9,0,0,0,0,0,0,,0,0,0.0446,0,0.7913,0,train
10826,653,STATE WINE & SPIRITS,2024-07-06,2409,24757.83,121.31,0.49,123.8,0.98,0,0,0,0,0,0,,0,0,0.0022,0,0.4783,0,test
10889,7240,"PREMIUM PORT WINES, INC.",2024-07-06,82,645.35,3.03,0.4695,3.23,0.94,0,0,0,0,0,0,,0,0,0.0065,0,0.5948,0,test
10890,7245,PROXIMO SPIRITS INC.,2024-07-06,3054,34357.85,178.66,0.52,171.81,1.04,0,0,0,0,0,0,,0,0,0.0047,0,0.6444,0,train
10893,8004,SAZERAC CO INC,2024-07-06,5810,38769.25,189.97,0.49,193.87,0.98,0,0,0,0,0,0,,0,0,0.009,0,0.74,0,train
10896,8150,SEA HAGG DISTILLERY LLC,2024-07-06,63,643.23,2.89,0.4493,3.22,0.9,0,0,0,0,0,0,,0,0,0.0169,0,0.5843,0,train
10898,8320,SHAW ROSS INT L IMP LTD,2024-07-06,387,4207.65,19.36,0.4601,21.04,0.92,0,0,0,0,0,0,,0,0,0.0043,0,0.5461,0,train
10905,8664,"STOLI GROUP,(USA) LLC",2024-07-06,983,14550.88,65.48,0.45,72.76,0.9,0,0,0,0,0,0,,0,0,0.0281,0,0.6839,0,test
10741,90032,LABELLE VYDS AND WINERY,2024-07-07,115,1265.86,6.08,0.4803,6.33,0.96,0,0,0,0,0,0,,0,0,0.0022,0,0.3852,0,train
10757,4425,MARTIGNETTI COMPANIES,2024-07-07,53691,528132.6,2640.66,0.5,2640.99,1.0,1,0,0,0,0,0,High-value invoice (>= $250K),1,1,0.9975,1,0.9924,0,train
10772,17035,PERNOD RICARD USA,2024-07-07,25931,374181.16,1945.74,0.52,1871.14,1.04,1,0,0,0,0,0,High-value invoice (>= $250K),1,1,0.9996,1,0.8445,0,test
10779,1273,CALEDONIA SPIRITS INC,2024-07-07,136,4197.41,22.25,0.5301,20.99,1.06,0,0,0,0,0,0,,0,0,0.0048,0,0.4027,0,train
10780,11567,CAMPARI AMERICA,2024-07-07,8167,74223.42,371.12,0.5,371.16,1.0,0,0,0,0,0,0,,0,0,0.0,0,0.261,0,train
10781,3252,E & J GALLO WINERY,2024-07-07,28492,192578.02,962.89,0.5,963.01,1.0,0,0,0,0,0,0,,0,0,0.0,0,0.7141,0,train
10787,10000,MAJESTIC FINE WINES,2024-07-07,10158,79793.71,383.01,0.48,399.02,0.96,0,0,0,0,0,0,,0,0,0.002,0,0.5715,0,test
10794,173357,TAMWORTH DISTILLING,2024-07-07,19,361.65,1.74,0.4811,1.81,0.96,0,0,0,0,0,0,,0,0,0.0018,0,0.466,0,test
10796,9622,WEIN BAUER INC,2024-07-07,18,343.44,1.58,0.4601,1.72,0.92,0,0,0,0,0,0,,0,0,0.0022,0,0.503,0,train
10797,105,ALTAMAR BRANDS LLC,2024-07-07,6,214.26,1.05,0.4901,1.07,0.98,0,0,0,0,0,0,,0,0,0.0159,0,0.7821,0,train
10799,17031,FLAG HILL WINERY & VINEYARD,2024-07-07,214,2957.17,15.08,0.5099,14.79,1.02,0,0,0,0,0,0,,0,0,0.0,0,0.1438,0,train
10821,6213,MHW LTD,2024-07-07,2682,37328.14,179.18,0.48,186.66,0.96,0,0,0,0,0,0,,0,0,0.0,0,0.4931,0,train
10834,60,ADAMBA IMPORTS INTL INC,2024-07-07,14,227.78,1.25,0.5488,1.14,1.1,0,0,0,0,0,0,,0,0,0.0429,0,0.8735,0,train
10858,1655,FABRIZIA SPIRITS LLC,2024-07-07,162,1834.83,8.44,0.46,9.18,0.92,0,0,0,0,0,0,,0,0,0.0065,0,0.5861,0,train
10862,90053,INCREDIBREW INC,2024-07-07,12,104.64,0.52,0.4969,0.52,0.99,0,0,0,0,0,0,,0,0,0.0043,0,0.7649,0,train
10875,4425,MARTIGNETTI COMPANIES,2024-07-07,16571,165980.89,896.3,0.54,830.01,1.08,0,0,0,0,0,0,,0,0,0.0099,0,0.9868,0,train
10882,6785,PALM BAY INTERNATIONAL INC,2024-07-07,1275,9317.92,47.52,0.51,46.6,1.02,0,0,0,0,0,0,,0,0,0.0068,0,0.6183,0,train
10913,1587,VINEYARD BRANDS INC,2024-07-07,1199,7441.54,33.49,0.45,37.21,0.9,0,0,0,0,0,0,,0,0,0.0023,0,0.7397,0,train
10917,3664,WILLIAM GRANT & SONS INC,2024-07-07,986,17209.84,91.21,0.53,86.06,1.06,0,0,0,0,0,0,,0,0,0.0142,0,0.7119,0,train
10736,1392,CONSTELLATION BRANDS INC,2024-07-08,42828,305980.41,1407.51,0.46,1530.09,0.92,1,0,0,0,0,0,High-value invoice (>= $250K),1,1,0.9992,1,0.9062,0,train
10737,17037,Dunn Wine Brokers,2024-07-08,69,897.48,4.85,0.5404,4.49,1.08,0,0,0,0,0,0,,0,0,0.0,0,0.3471,0,train
10749,90037,THE PIERPONT GROUP LLC,2024-07-08,12,81.6,0.44,0.5392,0.41,1.08,0,0,0,0,0,0,,0,0,0.0,0,0.7388,0,train
10760,12331,STELLAR IMPORTING CO LLC,2024-07-08,36,337.08,1.85,0.5488,1.69,1.1,0,0,0,0,0,0,,0,0,0.0023,0,0.5995,0,train
10789,7240,"PREMIUM PORT WINES, INC.",2024-07-08,87,619.95,2.79,0.45,3.1,0.9,0,0,0,0,0,0,,0,0,0.0,0,0.4009,0,train
10790,8150,SEA HAGG DISTILLERY LLC,2024-07-08,117,1237.17,6.8,0.5496,6.19,1.1,0,0,0,0,0,0,,0,0,0.0,0,0.1844,0,train
10804,7749,R.P.IMPORTS INC,2024-07-08,12,642.48,3.34,0.5199,3.21,1.04,0,0,0,0,0,0,,0,0,0.2215,0,0.7835,0,test
10815,90047,CRUSH WINES,2024-07-08,252,2155.78,9.7,0.45,10.78,0.9,0,0,0,0,0,0,,0,0,0.0071,0,0.355,0,train
10816,1590,DIAGEO CHATEAU ESTATE WINES,2024-07-08,2521,18773.3,99.5,0.53,93.88,1.06,0,0,0,0,0,0,,0,0,0.0025,0,0.3697,0,train
10827,8673,STE MICHELLE WINE ESTATES,2024-07-08,9340,61991.23,334.75,0.54,309.99,1.08,0,0,0,0,0,0,,0,0,0.0,0,0.4561,0,train
10829,90010,VINEXTRA INC,2024-07-08,101,1248.88,6.24,0.4996,6.25,1.0,0,0,0,0,0,0,,0,0,0.0,0,0.2567,0,train
10835,105,ALTAMAR BRANDS LLC,2024-07-08,2,71.42,0.36,0.5041,0.36,1.01,0,0,0,0,0,0,,0,0,0.0251,0,0.9129,0,train
10836,4466,AMERICAN VINTAGE BEVERAGE,2024-07-08,8,85.96,0.43,0.5002,0.43,1.0,0,0,0,0,0,0,,0,0,0.0209,0,0.6915,0,train
10843,90046,CANDIA VINEYARDS,2024-07-08,12,225.48,1.01,0.4479,1.13,0.9,0,0,0,0,0,0,,0,0,0.0315,0,0.7723,0,test
10850,1590,DIAGEO CHATEAU ESTATE WINES,2024-07-08,577,4094.74,21.29,0.5199,20.48,1.04,0,0,0,0,0,0,,0,0,0.0159,0,0.3507,0,train
10852,2555,DISARONNO INTERNATIONAL LLC,2024-07-08,346,3816.0,20.61,0.5401,19.08,1.08,0,0,0,0,0,0,,0,0,0.0195,0,0.4965,0,train
10856,3252,E & J GALLO WINERY,2024-07-08,7159,50584.0,252.92,0.5,252.95,1.0,0,0,0,0,0,0,,0,0,0.0186,0,0.7224,0,test
10861,3924,HEAVEN HILL DISTILLERIES,2024-07-08,1738,14322.53,74.48,0.52,71.62,1.04,0,0,0,0,0,0,,0,0,0.0093,0,0.5219,0,train
10863,17032,JEWELL TOWNE VINEYARDS,2024-07-08,24,195.44,0.92,0.4707,0.98,0.94,0,0,0,0,0,0,,0,0,0.0022,0,0.5042,0,train
10879,6215,MOONLIGHT MEADERY,2024-07-08,47,424.71,2.08,0.4897,2.12,0.98,0,0,0,0,0,0,,0,0,0.0073,0,0.6022,0,test
10881,6359,OLE SMOKY DISTILLERY LLC,2024-07-08,22,312.99,1.63,0.5208,1.57,1.04,0,0,0,0,0,0,,0,0,0.03,0,0.5246,0,train
10885,17035,PERNOD RICARD USA,2024-07-08,5636,85185.11,460.0,0.54,425.98,1.08,0,0,0,0,0,0,,0,0,0.0364,0,0.6395,0,train
10887,7153,PINE STATE TRADING CO,2024-07-08,2313,15832.77,76.0,0.48,79.17,0.96,0,0,0,0,0,0,,0,0,0.0163,0,0.7548,0,train
10894,660,SAZERAC NORTH AMERICA INC.,2024-07-08,2536,18146.78,87.1,0.48,90.75,0.96,0,0,0,0,0,0,,0,0,0.0071,0,0.3942,0,test
10897,98450,Serralles Usa LLC,2024-07-08,39,587.88,2.82,0.4797,2.94,0.96,0,0,0,0,0,0,,0,0,0.0062,0,0.3381,0,test
10901,2000,SOUTHERN WINE & SPIRITS NE,2024-07-08,2765,21841.8,98.29,0.45,109.22,0.9,0,0,0,0,0,0,,0,0,0.0094,0,0.6929,0,test
10907,8920,TAKARA SAKE USA INC,2024-07-08,36,165.24,0.91,0.5507,0.83,1.1,0,0,0,0,0,0,,0,0,0.0411,0,0.7177,0,train
10914,90024,VINILANDIA USA,2024-07-08,310,2607.58,13.3,0.5101,13.04,1.02,0,0,0,0,0,0,,0,0,0.0104,0,0.5071,0,train
10733,516,BANFI PRODUCTS CORP,2024-07-09,2742,22151.33,115.19,0.52,110.77,1.04,0,0,0,0,0,0,,0,0,0.0024,0,0.1878,0,train
10734,1485,CASTLE BRANDS CORP.,2024-07-09,1985,29857.78,164.22,0.55,149.31,1.1,0,0,0,0,0,0,,0,0,0.0,0,0.2809,0,train
10755,90011,FORTUNE WINE BROKERS LLC,2024-07-09,12,112.68,0.59,0.5236,0.56,1.05,0,0,0,0,0,0,,0,0,0.0108,0,0.7465,0,train
10766,2496,DUGGANS DISTILLED PRODUCTS,2024-07-09,794,1847.7,9.05,0.4898,9.24,0.98,0,0,1,0,0,0,Unit cost far from vendor norm,0,1,0.9596,1,0.7124,1,train
10776,60,ADAMBA IMPORTS INTL INC,2024-07-09,74,1203.98,5.9,0.49,6.02,0.98,0,0,0,0,0,0,,0,0,0.0068,0,0.0206,0,train
10777,4466,AMERICAN VINTAGE BEVERAGE,2024-07-09,18,179.88,0.99,0.5504,0.9,1.1,0,0,0,0,0,0,,0,0,0.0148,0,0.2776,0,train
10778,480,BACARDI USA INC,2024-07-09,28926,395672.81,1899.23,0.48,1978.61,0.96,1,0,0,0,0,0,High-value invoice (>= $250K),1,1,0.9999,1,0.8034,0,train
10798,2242,DELICATO VINEYARDS INC,2024-07-09,3112,24297.34,133.64,0.55,121.5,1.1,0,0,0,0,0,0,,0,0,0.0,0,0.2343,0,train
10805,10050,Russian Standard Vodka,2024-07-09,95,1264.35,6.95,0.5497,6.32,1.1,0,0,0,0,0,0,,0,0,0.0,0,0.0247,0,train
10811,90017,THE IMPORTED GRAPE LLC,2024-07-09,12,110.88,0.59,0.5321,0.55,1.06,0,0,0,0,0,0,,0,0,0.0072,0,0.6078,0,test
10824,9206,PHILLIPS PRODUCTS CO.,2024-07-09,808,9472.17,48.31,0.51,47.37,1.02,0,0,0,0,0,0,,0,0,0.0,0,0.0741,0,train
10832,3664,WILLIAM GRANT & SONS INC,2024-07-09,4298,82807.27,455.44,0.55,414.09,1.1,0,0,0,0,0,0,,0,0,0.0045,0,0.4472,0,test
10853,2450,DJINN SPIRITS LLC,2024-07-09,12,295.32,1.45,0.491,1.48,0.98,0,0,0,0,0,0,,0,0,0.0137,0,0.5667,0,train
10859,17031,FLAG HILL WINERY & VINEYARD,2024-07-09,83,997.17,5.48,0.5496,4.99,1.1,0,0,0,0,0,0,,0,0,0.0202,0,0.2464,0,train
10878,8112,MOET HENNESSY USA INC,2024-07-09,3343,63070.78,283.82,0.45,315.39,0.9,0,0,0,0,0,0,,0,0,0.0023,0,0.4077,0,train
10884,10754,PERFECTA WINES,2024-07-09,3026,20794.41,99.81,0.48,103.98,0.96,0,0,0,0,0,0,,0,0,0.0238,0,0.801,0,test
10891,7255,PSP WINES,2024-07-09,30,177.54,0.92,0.5182,0.89,1.04,0,0,0,0,0,0,,0,0,0.0267,0,0.6938,0,train
10899,3089,SIDNEY FRANK IMPORTING CO,2024-07-09,500,6043.94,32.64,0.54,30.22,1.08,0,0,0,0,0,0,,0,0,0.0184,0,0.2378,0,train
10910,8892,TRINCHERO FAMILY ESTATES,2024-07-09,1508,9261.8,48.16,0.52,46.31,1.04,0,0,0,0,0,0,,0,0,0.021,0,0.5787,0,test
10916,9625,WESTERN SPIRITS BEVERAGE CO,2024-07-09,252,1109.96,5.33,0.4802,5.55,0.96,0,0,1,0,0,0,Unit cost far from vendor norm,0,1,0.9046,1,0.6471,1,train
10747,8664,"STOLI GROUP,(USA) LLC",2024-07-10,4906,77412.17,410.28,0.53,387.11,1.06,0,0,0,0,0,0,,0,0,0.0024,0,0.3155,0,test
10754,3960,DIAGEO NORTH AMERICA INC,2024-07-10,82971,892942.31,4643.3,0.52,4465.27,1.04,1,0,0,0,0,0,High-value invoice (>= $250K),1,1,0.9968,1,0.9147,0,train
10767,4848,LAIRD & CO,2024-07-10,300,2713.66,14.11,0.52,13.57,1.04,0,0,0,0,0,0,,0,0,0.0,0,0.0099,0,train
10768,4950,LATITUDE BEVERAGE COMPANY,2024-07-10,857,5015.53,26.08,0.52,25.08,1.04,0,0,0,0,0,0,,0,0,0.0,0,0.0433,0,train
10770,5455,MARSALLE COMPANY,2024-07-10,104,2787.77,13.1,0.4699,13.94,0.94,0,0,0,0,0,0,,0,0,0.0044,0,0.0574,0,test
10775,90058,ZORVINO VINEYARDS,2024-07-10,63,472.0,2.36,0.5,2.36,1.0,0,0,0,0,0,0,,0,0,0.0,0,0.2609,0,train
10782,1655,FABRIZIA SPIRITS LLC,2024-07-10,761,10482.25,54.51,0.52,52.42,1.04,0,0,0,0,0,0,,0,0,0.0,0,0.0981,0,train
10784,4550,KLIN SPIRITS LLC,2024-07-10,190,3352.3,17.77,0.5301,16.76,1.06,0,0,0,0,0,0,,0,0,0.0024,0,0.0368,0,train
10786,8352,LUXCO INC,2024-07-10,3904,32457.45,162.29,0.5,162.31,1.0,0,0,0,0,0,0,,0,0,0.0,0,0.0929,0,train
10802,6355,NICHE W & S,2024-07-10,11,161.7,0.73,0.4515,0.81,0.9,0,0,0,0,0,0,,0,0,0.0138,0,0.6866,0,train
10820,12546,JIM BEAM BRANDS COMPANY,2024-07-10,39291,374045.35,1795.42,0.48,1870.46,0.96,1,0,0,0,0,0,High-value invoice (>= $250K),1,1,0.999,1,0.7482,0,test
10822,6215,MOONLIGHT MEADERY,2024-07-10,127,1147.77,5.28,0.46,5.74,0.92,0,0,0,0,0,0,,0,0,0.0,0,0.0832,0,train
10823,10754,PERFECTA WINES,2024-07-10,9357,78272.13,414.84,0.53,391.41,1.06,0,0,0,0,0,0,,0,0,0.0,0,0.8326,0,train
10825,17033,SEA BREEZE CELLARS LLC,2024-07-10,58,573.18,3.15,0.5496,2.87,1.1,0,0,0,0,0,0,,0,0,0.0,0,0.239,0,test
10828,9819,TREASURY WINE ESTATES,2024-07-10,9460,56479.66,271.1,0.48,282.43,0.96,0,0,0,0,0,0,,0,0,0.0,0,0.1041,0,train
10840,1189,BULLY BOY DISTILLERS,2024-07-10,48,1054.08,5.06,0.48,5.27,0.96,0,0,0,0,0,0,,0,0,0.0024,0,0.0478,0,train
10846,1650,Circa Wines,2024-07-10,12,297.96,1.37,0.4598,1.49,0.92,0,0,1,0,0,0,Unit cost far from vendor norm,0,1,0.8629,1,0.803,1,train
10872,10000,MAJESTIC FINE WINES,2024-07-10,3530,31974.56,172.66,0.54,159.89,1.08,0,0,0,0,0,0,,0,0,0.0044,0,0.1487,0,train
10911,9165,ULTRA BEVERAGE COMPANY LLP,2024-07-10,7437,80783.22,411.99,0.51,403.97,1.02,0,0,0,0,0,0,,0,0,0.0115,0,0.7864,0,train
10735,4380,CHARLES JACQUIN ET CIE INC,2024-07-11,398,3312.01,16.89,0.51,16.56,1.02,0,0,0,0,0,0,,0,0,0.0017,0,0.1676,0,train
10744,7154,PREMIER DISTRIBUTORS,2024-07-11,70,1058.55,5.61,0.53,5.29,1.06,0,0,0,1,0,0,Lead time unusual for vendor,0,1,0.6651,1,0.6902,1,train
10746,8004,SAZERAC CO INC,2024-07-11,27034,152281.69,807.09,0.53,761.5,1.06,0,0,0,0,0,0,,0,0,0.0087,0,0.7969,0,train
10751,9165,ULTRA BEVERAGE COMPANY LLP,2024-07-11,21059,249611.36,1123.25,0.45,1248.21,0.9,0,0,0,0,0,0,,0,0,0.037,0,0.936,0,train
10764,388,ATLANTIC IMPORTING COMPANY,2024-07-11,12,255.84,1.3,0.5081,1.28,1.02,0,0,0,0,0,0,,0,0,0.0,0,0.3601,0,train
10792,3089,SIDNEY FRANK IMPORTING CO,2024-07-11,3754,34237.07,154.07,0.45,171.21,0.9,0,0,0,0,0,0,,0,0,0.0,0,0.0319,0,train
10800,3924,HEAVEN HILL DISTILLERIES,2024-07-11,6112,46459.24,223.0,0.48,232.33,0.96,0,0,0,0,0,0,,0,0,0.0,0,0.0132,0,train
10803,7255,PSP WINES,2024-07-11,144,953.4,4.77,0.5003,4.77,1.0,0,0,0,0,0,0,,0,0,0.004,0,0.0511,0,test
10806,660,SAZERAC NORTH AMERICA INC.,2024-07-11,7800,55713.49,278.57,0.5,278.6,1.0,0,0,0,0,0,0,,0,0,0.0,0,0.0729,0,test
10809,8920,TAKARA SAKE USA INC,2024-07-11,135,594.21,3.15,0.5301,2.97,1.06,0,0,0,0,0,0,,0,0,0.0155,0,0.5719,0,test
10819,3950,"HOOD RIVER DISTILLERS, Inc.",2024-07-11,15,323.7,1.78,0.5499,1.62,1.1,0,0,0,0,0,0,,0,0,0.0045,0,0.5548,0,train
10838,516,BANFI PRODUCTS CORP,2024-07-11,505,3171.31,17.44,0.5499,15.86,1.1,0,0,0,0,0,0,,0,0,0.041,0,0.1375,0,test
10839,1128,BROWN-FORMAN CORP,2024-07-11,2524,38148.64,190.74,0.5,190.77,1.0,0,0,0,0,0,0,,0,0,0.0155,0,0.2362,0,train
10841,1273,CALEDONIA SPIRITS INC,2024-07-11,39,1198.44,5.99,0.4998,5.99,1.0,0,0,0,0,0,0,,0,0,0.0494,0,0.6724,0,train
10848,90047,CRUSH WINES,2024-07-11,95,917.69,4.5,0.4904,4.59,0.98,0,0,0,0,0,0,,0,0,0.0163,0,0.1221,0,test
10854,2496,DUGGANS DISTILLED PRODUCTS,2024-07-11,36,559.56,2.57,0.4593,2.8,0.92,0,0,0,0,0,0,,0,0,0.0024,0,0.0675,0,train
10865,4550,KLIN SPIRITS LLC,2024-07-11,106,2088.94,10.03,0.4801,10.45,0.96,0,0,0,0,0,0,,0,0,0.0024,0,0.1344,0,test
10868,4848,LAIRD & CO,2024-07-11,28,161.82,0.73,0.4511,0.81,0.9,0,0,0,0,0,0,,0,0,0.035,0,0.8319,0,train
10883,6830,PARK STREET IMPORTS LLC,2024-07-11,10,124.0,0.6,0.4839,0.62,0.97,0,0,0,0,0,0,,0,0,0.0226,0,0.3886,0,train
10903,8673,STE MICHELLE WINE ESTATES,2024-07-11,3063,20194.3,96.93,0.48,100.98,0.96,0,0,0,0,0,0,,0,0,0.0045,0,0.0682,0,train
10909,9819,TREASURY WINE ESTATES,2024-07-11,2794,15312.01,76.56,0.5,76.57,1.0,0,0,0,0,0,0,,0,0,0.0404,0,0.2371,0,train
10919,90058,ZORVINO VINEYARDS,2024-07-11,60,450.84,2.39,0.5301,2.25,1.06,0,0,0,0,0,0,,0,0,0.0,0,0.0597,0,test
10946,8004,SAZERAC CO INC,2024-07-11,41266,282898.79,1386.2,0.49,1414.67,0.98,1,0,0,0,0,0,High-value invoice (>= $250K),1,1,0.9872,1,0.6175,0,train
10948,9751,VINEDREA WINES LLC,2024-07-11,4,90.88,0.48,0.5282,0.45,1.06,0,0,0,0,0,0,,0,0,0.0022,0,0.8423,0,train
10969,4466,AMERICAN VINTAGE BEVERAGE,2024-07-11,94,993.12,5.06,0.5095,4.97,1.02,0,0,0,0,0,0,,0,0,0.0043,0,0.111,0,train
10970,388,ATLANTIC IMPORTING COMPANY,2024-07-11,30,639.6,3.33,0.5206,3.2,1.04,0,0,0,0,0,0,,0,0,0.0,0,0.1907,0,train
10971,1128,BROWN-FORMAN CORP,2024-07-11,24220,360832.0,1768.08,0.49,1804.38,0.98,1,0,0,0,0,0,High-value invoice (>= $250K),1,1,0.9854,1,0.8681,0,test
10991,10754,PERFECTA WINES,2024-07-11,9574,90643.32,407.89,0.45,453.27,0.9,0,0,0,0,0,0,,0,0,0.0042,0,0.9488,0,train
10992,10050,Russian Standard Vodka,2024-07-11,114,1525.89,8.24,0.54,7.63,1.08,0,0,0,0,0,0,,0,0,0.0,0,0.6998,0,test
10993,28750,SMOKY QUARTZ DISTILLERY LLC,2024-07-11,60,1306.08,6.4,0.49,6.53,0.98,0,0,0,0,0,0,,0,0,0.0065,0,0.5993,0,test
10997,9622,WEIN BAUER INC,2024-07-11,96,1831.68,8.98,0.4903,9.16,0.98,0,0,0,0,0,0,,0,0,0.0122,0,0.8337,0,test
10998,105,ALTAMAR BRANDS LLC,2024-07-11,11,392.81,1.92,0.4888,1.96,0.98,0,0,0,0,0,0,,0,0,0.0156,0,0.7905,0,train
11006,17037,Dunn Wine Brokers,2024-07-11,70,845.16,3.89,0.4603,4.23,0.92,0,0,0,0,0,0,,0,0,0.0088,0,0.7972,0,test
11009,90053,INCREDIBREW INC,2024-07-11,36,319.2,1.53,0.4793,1.6,0.96,0,0,0,0,0,0,,0,0,0.0,0,0.7945,0,train
11012,6213,MHW LTD,2024-07-11,4758,51320.04,230.94,0.45,256.63,0.9,0,0,0,0,0,0,,0,0,0.0066,0,0.6094,0,train
10753,1128,BROWN-FORMAN CORP,2024-07-12,15812,209653.2,964.4,0.46,1048.4,0.92,0,0,0,0,0,0,,0,0,0.0071,0,0.8403,0,test
10761,8735,SURVILLE ENTERPRISES CORP,2024-07-12,91,773.03,3.48,0.4502,3.87,0.9,0,0,0,0,0,0,,0,0,0.002,0,0.6109,0,train
10762,1601,VRANKEN AMERICA,2024-07-12,163,2276.4,10.7,0.47,11.38,0.94,0,0,0,0,0,0,,0,0,0.0,0,0.378,0,test
10765,2876,CENTEUR IMPORTS LLC,2024-07-12,5,47.6,0.24,0.5042,0.24,1.01,0,0,0,0,0,0,,0,0,0.0047,0,0.7023,0,train
10842,11567,CAMPARI AMERICA,2024-07-12,2386,18472.16,92.36,0.5,92.37,1.0,0,0,0,0,0,0,,0,0,0.0086,0,0.02,0,train
10851,3960,DIAGEO NORTH AMERICA INC,2024-07-12,18886,209960.92,1049.8,0.5,1049.93,1.0,0,0,0,0,0,0,,0,0,0.0237,0,0.5789,0,test
10860,9744,FREDERICK WILDMAN & SONS,2024-07-12,177,1748.58,8.04,0.4598,8.74,0.92,0,0,0,0,0,0,,0,0,0.0181,0,0.0417,0,train
10873,5270,MANGO BOTTLING INC,2024-07-12,208,1468.67,7.05,0.48,7.34,0.96,0,0,0,0,0,0,,0,0,0.0022,0,0.0049,0,train
10877,6213,MHW LTD,2024-07-12,721,7524.75,34.61,0.4599,37.63,0.92,0,0,0,0,0,0,,0,0,0.0249,0,0.0152,0,test
10892,7239,REMY COINTREAU USA INC,2024-07-12,643,13850.43,70.64,0.51,69.26,1.02,0,0,0,0,0,0,,0,0,0.0237,0,0.0691,0,train
10895,17033,SEA BREEZE CELLARS LLC,2024-07-12,16,381.44,1.75,0.4588,1.91,0.92,0,0,1,0,0,0,Unit cost far from vendor norm,0,1,0.6135,1,0.7734,1,test
10900,28750,SMOKY QUARTZ DISTILLERY LLC,2024-07-12,12,264.48,1.4,0.5293,1.32,1.06,0,0,0,0,0,0,,0,0,0.0017,0,0.2509,0,train
10904,12331,STELLAR IMPORTING CO LLC,2024-07-12,36,248.88,1.17,0.4701,1.24,0.94,0,0,0,0,0,0,,0,0,0.0,0,0.149,0,train
10908,173357,TAMWORTH DISTILLING,2024-07-12,42,813.54,4.23,0.5199,4.07,1.04,0,0,0,0,0,0,,0,0,0.0,0,0.026,0,train
10940,10000,MAJESTIC FINE WINES,2024-07-12,18165,139567.55,642.01,0.46,697.92,0.92,0,0,0,0,0,0,,0,0,0.0517,0,0.3572,0,train
10942,5455,MARSALLE COMPANY,2024-07-12,98,2804.8,14.3,0.5098,14.03,1.02,0,0,0,0,0,0,,0,0,0.0024,0,0.1562,0,train
10954,2561,EDRINGTON AMERICAS,2024-07-12,1548,41937.27,226.46,0.54,209.71,1.08,0,0,0,0,0,0,,0,0,0.0067,0,0.5098,0,train
10955,4848,LAIRD & CO,2024-07-12,336,2854.28,14.27,0.5,14.27,1.0,0,0,0,0,0,0,,0,0,0.0,0,0.0065,0,train
10959,7153,PINE STATE TRADING CO,2024-07-12,11113,80153.2,360.69,0.45,400.82,0.9,0,0,0,0,0,0,,0,0,0.0,0,0.3671,0,train
10962,2000,SOUTHERN WINE & SPIRITS NE,2024-07-12,11054,97273.18,525.28,0.54,486.43,1.08,0,0,0,0,0,0,,0,0,0.0,0,0.3522,0,train
10963,8673,STE MICHELLE WINE ESTATES,2024-07-12,12223,85624.61,385.31,0.45,428.18,0.9,0,0,0,0,0,0,,0,0,0.0,0,0.2031,0,train
10965,172662,SWEETWATER FARM,2024-07-12,54,1178.4,5.54,0.4701,5.89,0.94,0,0,0,0,0,0,,0,0,0.0,0,0.0801,0,train
10973,17035,PERNOD RICARD USA,2024-07-12,46622,682199.09,3274.56,0.48,3411.42,0.96,1,0,0,0,0,0,High-value invoice (>= $250K),1,1,1.0,1,0.9071,0,train
10975,7749,R.P.IMPORTS INC,2024-07-12,6,584.25,2.63,0.4501,2.92,0.9,0,0,1,0,0,0,Unit cost far from vendor norm,0,1,0.8952,1,0.9533,1,train
10990,6215,MOONLIGHT MEADERY,2024-07-12,168,1495.68,7.78,0.5202,7.48,1.04,0,0,0,0,0,0,,0,0,0.0047,0,0.1467,0,train
11008,3950,"HOOD RIVER DISTILLERS, Inc.",2024-07-12,3,64.74,0.36,0.5561,0.32,1.11,0,0,0,0,0,0,,0,0,0.0067,0,0.8835,0,train
11010,17032,JEWELL TOWNE VINEYARDS,2024-07-12,143,1123.73,5.39,0.4797,5.62,0.96,0,0,0,0,0,0,,0,0,0.0023,0,0.2455,0,train
11011,4692,KOBRAND CORPORATION,2024-07-12,2845,37708.17,184.77,0.49,188.56,0.98,0,0,0,0,0,0,,0,0,0.0025,0,0.7211,0,train
11016,7245,PROXIMO SPIRITS INC.,2024-07-12,21696,258531.06,1318.51,0.51,1292.82,1.02,1,0,0,0,0,0,High-value invoice (>= $250K),1,1,0.9617,1,0.8302,0,train
11017,7255,PSP WINES,2024-07-12,473,3666.42,16.87,0.4601,18.33,0.92,0,0,0,0,0,0,,0,0,0.0138,0,0.7586,0,test
11023,1587,VINEYARD BRANDS INC,2024-07-12,3964,29361.4,143.87,0.49,146.83,0.98,0,0,0,0,0,0,,0,0,0.0025,0,0.4638,0,train
10925,90051,FULCHINO VINEYARD INC,2024-07-13,12,120.72,0.59,0.4887,0.6,0.98,0,0,0,0,0,0,,0,0,0.0,0,0.5077,0,train
10928,6830,PARK STREET IMPORTS LLC,2024-07-13,57,706.8,3.18,0.4499,3.53,0.9,0,0,0,0,0,0,,0,0,0.0109,0,0.6246,0,test
10932,9819,TREASURY WINE ESTATES,2024-07-13,15972,92580.15,509.19,0.55,462.96,1.1,0,0,0,0,0,0,,0,0,0.0157,0,0.5744,0,train
10934,1601,VRANKEN AMERICA,2024-07-13,225,2852.27,13.98,0.4901,14.26,0.98,0,0,0,0,0,0,,0,0,0.0,0,0.0599,0,test
10938,12546,JIM BEAM BRANDS COMPANY,2024-07-13,62299,598228.67,3170.61,0.53,2991.51,1.06,1,0,0,0,0,0,High-value invoice (>= $250K),1,1,1.0,1,0.8117,0,train
10941,5270,MANGO BOTTLING INC,2024-07-13,1645,11780.05,64.79,0.55,58.91,1.1,0,0,0,0,0,0,,0,0,0.0,0,0.4194,0,train
10943,4425,MARTIGNETTI COMPANIES,2024-07-13,73861,804864.5,4024.32,0.5,4024.82,1.0,1,0,0,0,0,0,High-value invoice (>= $250K),1,1,1.0,1,0.9921,0,train
10945,9206,PHILLIPS PRODUCTS CO.,2024-07-13,1155,13203.44,64.7,0.49,66.03,0.98,0,0,0,0,0,0,,0,0,0.0,0,0.0314,0,test
10953,3252,E & J GALLO WINERY,2024-07-13,41235,286221.28,1373.86,0.48,1431.28,0.96,1,0,0,0,0,0,High-value invoice (>= $250K),1,1,1.0,1,0.7409,0,train
10964,8664,"STOLI GROUP,(USA) LLC",2024-07-13,6674,118173.58,555.42,0.47,590.94,0.94,0,0,0,0,0,0,,0,0,0.0069,0,0.5416,0,train
10972,9552,M S WALKER INC,2024-07-13,30355,242891.28,1238.75,0.51,1214.61,1.02,0,0,0,0,0,0,,0,0,0.2428,0,0.8467,0,test
11000,516,BANFI PRODUCTS CORP,2024-07-13,3792,26817.92,147.5,0.55,134.11,1.1,0,0,0,0,0,0,,0,0,0.0,0,0.4256,0,train
11001,1485,CASTLE BRANDS CORP.,2024-07-13,2951,45032.39,207.15,0.46,225.19,0.92,0,0,0,0,0,0,,0,0,0.0025,0,0.6913,0,train
11003,1590,DIAGEO CHATEAU ESTATE WINES,2024-07-13,3308,23930.32,131.62,0.55,119.67,1.1,0,0,0,0,0,0,,0,0,0.0,0,0.5573,0,train
10920,4380,CHARLES JACQUIN ET CIE INC,2024-07-14,1162,8116.18,44.64,0.55,40.59,1.1,0,0,0,0,0,0,,0,0,0.0,0,0.3312,0,train
10929,660,SAZERAC NORTH AMERICA INC.,2024-07-14,11972,86004.91,404.22,0.47,430.08,0.94,0,0,0,0,0,0,,0,0,0.0,0,0.6673,0,train
10947,9165,ULTRA BEVERAGE COMPANY LLP,2024-07-14,24822,315420.35,1640.19,0.52,1577.3,1.04,1,0,0,0,0,0,High-value invoice (>= $250K),1,1,0.9997,1,0.9235,0,train
10949,9625,WESTERN SPIRITS BEVERAGE CO,2024-07-14,2415,9368.03,45.9,0.49,46.85,0.98,0,0,1,0,0,0,Unit cost far from vendor norm,0,1,0.979,1,0.9029,1,train
10957,8112,MOET HENNESSY USA INC,2024-07-14,11702,232358.51,1115.32,0.48,1161.94,0.96,0,0,0,0,0,0,,0,0,0.0286,0,0.7187,0,train
10979,90017,THE IMPORTED GRAPE LLC,2024-07-14,84,589.2,3.12,0.5295,2.95,1.06,0,0,0,0,0,0,,0,0,0.0,0,0.3805,0,train
10995,12331,STELLAR IMPORTING CO LLC,2024-07-14,24,153.12,0.69,0.4506,0.77,0.9,0,0,0,0,0,0,,0,0,0.0179,0,0.9065,0,train
10996,8735,SURVILLE ENTERPRISES CORP,2024-07-14,129,919.88,4.88,0.5305,4.6,1.06,0,0,0,0,0,0,,0,0,0.0,0,0.4864,0,train
10999,480,BACARDI USA INC,2024-07-14,45585,614734.81,3012.2,0.49,3074.06,0.98,1,0,0,0,0,0,High-value invoice (>= $250K),1,1,0.9997,1,0.9401,0,test
11004,2555,DISARONNO INTERNATIONAL LLC,2024-07-14,2376,25618.8,122.97,0.48,128.11,0.96,0,0,0,0,0,0,,0,0,0.0,0,0.3357,0,train
10921,1650,Circa Wines,2024-07-15,60,637.2,3.5,0.5493,3.19,1.1,0,0,0,0,0,0,,0,0,0.002,0,0.4918,0,train
10922,90047,CRUSH WINES,2024-07-15,442,3770.11,18.85,0.5,18.85,1.0,0,0,0,0,0,0,,0,0,0.0045,0,0.285,0,test
10924,9744,FREDERICK WILDMAN & SONS,2024-07-15,1029,11784.85,54.21,0.46,58.93,0.92,0,0,0,0,0,0,,0,0,0.0022,0,0.2915,0,test
10926,4550,KLIN SPIRITS LLC,2024-07-15,231,3786.58,17.8,0.4701,18.94,0.94,0,0,0,0,0,0,,0,0,0.0022,0,0.3567,0,train
10927,90032,LABELLE VYDS AND WINERY,2024-07-15,168,1819.08,9.46,0.52,9.1,1.04,0,0,0,0,0,0,,0,0,0.0047,0,0.0843,0,train
10960,7154,PREMIER DISTRIBUTORS,2024-07-15,91,1386.05,6.38,0.4603,6.93,0.92,0,0,0,0,0,0,,0,0,0.0,0,0.2454,0,test
10980,90037,THE PIERPONT GROUP LLC,2024-07-15,15,105.15,0.49,0.466,0.53,0.93,0,0,0,0,0,0,,0,0,0.0,0,0.6145,0,train
10981,3664,WILLIAM GRANT & SONS INC,2024-07-15,7519,153256.77,766.28,0.5,766.38,1.0,0,0,0,0,0,0,,0,0,0.0,0,0.6708,0,train
10994,653,STATE WINE & SPIRITS,2024-07-15,4284,46283.04,254.56,0.55,231.44,1.1,0,0,0,0,0,0,,0,0,0.002,0,0.4461,0,train
11007,90011,FORTUNE WINE BROKERS LLC,2024-07-15,70,624.18,2.93,0.4694,3.12,0.94,0,0,0,0,0,0,,0,0,0.0024,0,0.2325,0,train
11014,6785,PALM BAY INTERNATIONAL INC,2024-07-15,6980,49256.66,241.36,0.49,246.31,0.98,0,0,0,0,0,0,,0,0,0.0,0,0.2872,0,test
10931,173357,TAMWORTH DISTILLING,2024-07-16,56,1084.72,5.75,0.5301,5.42,1.06,0,0,0,0,0,0,,0,0,0.0022,0,0.2096,0,train
10936,3960,DIAGEO NORTH AMERICA INC,2024-07-16,131712,1377224.55,7574.74,0.55,6886.98,1.1,1,0,0,0,0,0,High-value invoice (>= $250K),1,1,0.9996,1,0.9569,0,train
10974,90027,POVERTY LANE ORCHARDS,2024-07-16,12,96.6,0.5,0.5176,0.48,1.04,0,0,0,0,0,0,,0,0,0.0022,0,0.5198,0,train
10976,7239,REMY COINTREAU USA INC,2024-07-16,4155,99347.73,476.87,0.48,496.8,0.96,0,0,0,0,0,0,,0,0,0.0,0,0.4826,0,train
10984,1273,CALEDONIA SPIRITS INC,2024-07-16,185,5458.3,28.93,0.53,27.29,1.06,0,0,0,0,0,0,,0,0,0.0046,0,0.1779,0,test
10987,2242,DELICATO VINEYARDS INC,2024-07-16,5484,40809.87,204.05,0.5,204.07,1.0,0,0,0,0,0,0,,0,0,0.0,0,0.0913,0,test
10988,2496,DUGGANS DISTILLED PRODUCTS,2024-07-16,221,2768.11,13.01,0.47,13.84,0.94,0,0,0,0,0,0,,0,0,0.0,0,0.055,0,train
10989,17031,FLAG HILL WINERY & VINEYARD,2024-07-16,496,6614.45,31.75,0.48,33.08,0.96,0,0,0,0,0,0,,0,0,0.0,0,0.0321,0,train
11005,2450,DJINN SPIRITS LLC,2024-07-16,47,1004.81,5.12,0.5095,5.02,1.02,0,0,0,0,0,0,,0,0,0.0045,0,0.1369,0,train
11015,7240,"PREMIUM PORT WINES, INC.",2024-07-16,75,542.4,2.6,0.4794,2.71,0.96,0,0,0,0,0,0,,0,0,0.004,0,0.0592,0,train
10930,8320,SHAW ROSS INT L IMP LTD,2024-07-17,1923,18589.14,91.09,0.49,92.96,0.98,0,0,0,0,0,0,,0,0,0.0,0,0.2105,0,train
10952,90046,CANDIA VINEYARDS,2024-07-17,24,353.28,1.91,0.5406,1.77,1.08,0,0,0,0,0,0,,0,0,0.0,0,0.2037,0,train
10977,90056,SWEET BABY VINEYARD,2024-07-17,407,3385.63,15.24,0.4501,16.93,0.9,0,0,0,0,0,0,,0,0,0.0,0,0.1432,0,train
10978,28776,TALL SHIP DISTILLERY LLC,2024-07-17,30,632.7,3.04,0.4805,3.16,0.96,0,0,0,0,0,0,,0,0,0.0,0,0.057,0,train
10985,11567,CAMPARI AMERICA,2024-07-17,12280,135131.85,635.12,0.47,675.74,0.94,0,0,0,0,0,0,,0,0,0.0,0,0.396,0,test
10986,1392,CONSTELLATION BRANDS INC,2024-07-17,64024,454689.36,2455.32,0.54,2273.73,1.08,1,0,0,0,0,0,High-value invoice (>= $250K),1,1,0.9975,1,0.8396,0,train
11018,17033,SEA BREEZE CELLARS LLC,2024-07-17,140,1915.14,10.53,0.5498,9.58,1.1,0,0,0,0,0,0,,0,0,0.0,0,0.0283,0,train
11019,98450,Serralles Usa LLC,2024-07-17,300,4266.99,21.76,0.51,21.34,1.02,0,0,0,0,0,0,,0,0,0.0,0,0.0014,0,train
11022,90010,VINEXTRA INC,2024-07-17,215,3006.78,15.94,0.5301,15.04,1.06,0,0,0,0,0,0,,0,0,0.0024,0,0.1225,0,train
10933,8892,TRINCHERO FAMILY ESTATES,2024-07-18,7480,48448.25,232.55,0.48,242.27,0.96,0,0,0,0,0,0,,0,0,0.0023,0,0.4321,0,train
10944,5992,MCCORMICK DISTILLING CO,2024-07-18,907,8648.95,38.92,0.45,43.25,0.9,0,0,0,0,0,0,,0,0,0.0064,0,0.6846,0,train
10958,6355,NICHE W & S,2024-07-18,78,1146.6,6.08,0.5303,5.73,1.06,0,0,0,0,0,0,,0,0,0.0094,0,0.0388,0,test
10968,60,ADAMBA IMPORTS INTL INC,2024-07-18,128,2082.56,10.62,0.5099,10.41,1.02,0,0,0,0,0,0,,0,0,0.0,0,0.0532,0,train
10982,1703,ALISA CARR BEVERAGES,2024-07-18,2,155.84,0.79,0.5069,0.78,1.01,0,0,0,0,0,0,,0,0,0.1204,0,0.9295,0,train
10983,1189,BULLY BOY DISTILLERS,2024-07-18,168,3758.16,19.92,0.53,18.79,1.06,0,0,0,0,0,0,,0,0,0.0065,0,0.2129,0,train
11002,2876,CENTEUR IMPORTS LLC,2024-07-18,6,57.12,0.3,0.5252,0.29,1.05,0,0,0,0,0,0,,0,0,0.0115,0,0.4819,0,test
11013,6359,OLE SMOKY DISTILLERY LLC,2024-07-18,204,2953.04,13.88,0.47,14.77,0.94,0,0,0,0,0,0,,0,0,0.0,0,0.0139,0,train
11026,90047,CRUSH WINES,2024-07-18,559,6072.83,32.79,0.5399,30.37,1.08,0,0,0,0,0,0,,0,0,0.0,0,0.0345,0,train
11029,2561,EDRINGTON AMERICAS,2024-07-18,1388,36400.78,167.44,0.46,182.03,0.92,0,0,0,0,0,0,,0,0,0.0036,0,0.2795,0,train
11036,7240,"PREMIUM PORT WINES, INC.",2024-07-18,135,991.71,5.06,0.5102,4.96,1.02,0,0,0,0,0,0,,0,0,0.0024,0,0.0013,0,train
11055,6355,NICHE W & S,2024-07-18,41,602.7,2.95,0.4895,3.01,0.98,0,0,0,0,0,0,,0,0,0.0,0,0.0226,0,train
11071,1392,CONSTELLATION BRANDS INC,2024-07-18,44771,321493.98,1543.17,0.48,1607.67,0.96,1,0,0,0,0,0,High-value invoice (>= $250K),1,1,0.9943,1,0.8954,0,train
11072,1590,DIAGEO CHATEAU ESTATE WINES,2024-07-18,2114,14605.6,78.87,0.54,73.04,1.08,0,0,0,0,0,0,,0,0,0.0,0,0.103,0,train
11074,3252,E & J GALLO WINERY,2024-07-18,29595,207994.92,998.38,0.48,1040.1,0.96,0,0,0,0,0,0,,0,0,0.0065,0,0.9006,0,train
11082,653,STATE WINE & SPIRITS,2024-07-18,2695,24837.74,129.16,0.52,124.2,1.04,0,0,0,0,0,0,,0,0,0.0,0,0.5439,0,train
11097,90051,FULCHINO VINEYARD INC,2024-07-18,12,120.72,0.65,0.5384,0.6,1.08,0,0,0,0,0,0,,0,0,0.0,0,0.7382,0,train
11111,1650,Circa Wines,2024-07-18,20,252.92,1.37,0.5417,1.26,1.08,0,0,0,0,0,0,,0,0,0.0065,0,0.8371,0,train
11112,2496,DUGGANS DISTILLED PRODUCTS,2024-07-18,154,2650.12,12.99,0.4902,13.25,0.98,0,0,0,0,0,0,,0,0,0.0,0,0.3478,0,train
11122,9625,WESTERN SPIRITS BEVERAGE CO,2024-07-18,1392,6048.21,29.03,0.48,30.24,0.96,0,0,1,0,0,0,Unit cost far from vendor norm,0,1,0.9622,1,0.812,1,test
10923,1655,FABRIZIA SPIRITS LLC,2024-07-19,824,11445.3,59.52,0.52,57.23,1.04,0,0,0,0,0,0,,0,0,0.0039,0,0.5894,0,train
10935,90058,ZORVINO VINEYARDS,2024-07-19,166,1337.6,6.02,0.4501,6.69,0.9,0,0,0,0,0,0,,0,0,0.0024,0,0.4954,0,train
10937,3924,HEAVEN HILL DISTILLERIES,2024-07-19,9659,83282.45,399.76,0.48,416.46,0.96,0,0,0,0,0,0,,0,0,0.0,0,0.5569,0,test
10939,8352,LUXCO INC,2024-07-19,5981,48170.54,226.4,0.47,240.88,0.94,0,0,0,0,0,0,,0,0,0.0023,0,0.7189,0,train
10950,9815,WINE GROUP INC,2024-07-19,22903,129304.48,607.73,0.47,646.6,0.94,0,0,0,0,0,0,,0,0,0.0091,0,0.6502,0,train
10951,200,AMERICAN SPIRITS EXCHANGE,2024-07-19,12,116.76,0.55,0.4711,0.58,0.94,0,0,0,0,0,0,,0,0,0.0,0,0.9628,0,train
10956,4950,LATITUDE BEVERAGE COMPANY,2024-07-19,1050,6284.56,28.91,0.46,31.43,0.92,0,0,0,0,0,0,,0,0,0.0061,0,0.1335,0,train
10961,8150,SEA HAGG DISTILLERY LLC,2024-07-19,161,1729.01,7.95,0.4598,8.65,0.92,0,0,0,0,0,0,,0,0,0.0,0,0.0962,0,train
10966,9260,TY KU LLC,2024-07-19,82,818.83,3.93,0.48,4.09,0.96,0,0,0,0,0,0,,0,0,0.0,0,0.2188,0,train
10967,90024,VINILANDIA USA,2024-07-19,1504,12630.64,65.68,0.52,63.16,1.04,0,0,0,0,0,0,,0,0,0.0095,0,0.4608,0,test
11020,3089,SIDNEY FRANK IMPORTING CO,2024-07-19,4071,42308.52,207.31,0.49,211.57,0.98,0,0,0,0,0,0,,0,0,0.0,0,0.1542,0,train
11021,8920,TAKARA SAKE USA INC,2024-07-19,225,1187.63,6.53,0.5498,5.94,1.1,0,0,0,0,0,0,,0,0,0.0252,0,0.7041,0,train
11030,9744,FREDERICK WILDMAN & SONS,2024-07-19,954,10194.4,49.95,0.49,50.98,0.98,0,0,0,0,0,0,,0,0,0.0,0,0.1824,0,test
11043,173357,TAMWORTH DISTILLING,2024-07-19,45,871.65,4.1,0.4704,4.36,0.94,0,0,0,0,0,0,,0,0,0.0,0,0.6121,0,train
11049,90011,FORTUNE WINE BROKERS LLC,2024-07-19,154,1273.62,5.99,0.4703,6.37,0.94,0,0,0,0,0,0,,0,0,0.0024,0,0.4341,0,train
11076,3950,"HOOD RIVER DISTILLERS, Inc.",2024-07-19,12,212.52,1.06,0.4988,1.06,1.0,0,0,0,0,0,0,,0,0,0.0024,0,0.3182,0,train
11085,4466,AMERICAN VINTAGE BEVERAGE,2024-07-19,601,5883.09,31.18,0.53,29.42,1.06,0,0,0,0,0,0,,0,0,0.0047,0,0.4844,0,test
11099,12546,JIM BEAM BRANDS COMPANY,2024-07-19,62128,535530.63,2731.21,0.51,2677.99,1.02,1,0,0,0,0,0,High-value invoice (>= $250K),1,1,1.0,1,0.9551,0,test
11102,6830,PARK STREET IMPORTS LLC,2024-07-19,31,384.4,2.11,0.5489,1.92,1.1,0,0,0,0,0,0,,0,0,0.0272,0,0.7249,0,test
11104,7255,PSP WINES,2024-07-19,524,3819.66,20.63,0.5401,19.1,1.08,0,0,0,0,0,0,,0,0,0.0,0,0.4012,0,train
11107,3664,WILLIAM GRANT & SONS INC,2024-07-19,7372,124021.75,632.51,0.51,620.19,1.02,0,0,0,0,0,0,,0,0,0.0,0,0.5391,0,train
11027,2242,DELICATO VINEYARDS INC,2024-07-20,2367,19242.38,101.98,0.53,96.22,1.06,0,0,0,0,0,0,,0,0,0.0,0,0.1129,0,train
11045,1601,VRANKEN AMERICA,2024-07-20,256,2612.92,12.28,0.47,13.07,0.94,0,0,0,0,0,0,,0,0,0.0128,0,0.1447,0,test
11060,2000,SOUTHERN WINE & SPIRITS NE,2024-07-20,7350,62816.14,301.52,0.48,314.12,0.96,0,0,0,0,0,0,,0,0,0.0,0,0.2804,0,train
11068,516,BANFI PRODUCTS CORP,2024-07-20,3989,26786.41,141.97,0.53,133.95,1.06,0,0,0,0,0,0,,0,0,0.0022,0,0.1606,0,test
11073,17037,Dunn Wine Brokers,2024-07-20,47,554.76,2.5,0.4506,2.77,0.9,0,0,0,0,0,0,,0,0,0.0047,0,0.4452,0,train
11081,3089,SIDNEY FRANK IMPORTING CO,2024-07-20,2457,25991.72,129.96,0.5,129.97,1.0,0,0,0,0,0,0,,0,0,0.0,0,0.0705,0,train
11083,12331,STELLAR IMPORTING CO LLC,2024-07-20,72,422.88,2.03,0.48,2.11,0.96,0,0,0,0,0,0,,0,0,0.0,0,0.2562,0,train
11084,8664,"STOLI GROUP,(USA) LLC",2024-07-20,13265,88793.21,479.48,0.54,444.02,1.08,0,0,1,0,0,0,Unit cost far from vendor norm,0,1,0.8427,1,0.6116,1,train
11093,287,APPOLO VINEYARDS LLC,2024-07-20,24,251.28,1.33,0.5293,1.26,1.06,0,0,0,0,0,0,,0,0,0.0,0,0.639,0,train
11108,60,ADAMBA IMPORTS INTL INC,2024-07-20,105,1650.39,7.92,0.4799,8.25,0.96,0,0,0,0,0,0,,0,0,0.0046,0,0.3994,0,train
11110,90046,CANDIA VINEYARDS,2024-07-20,36,474.0,2.37,0.5,2.37,1.0,0,0,0,0,0,0,,0,0,0.0,0,0.5982,0,train
11117,8150,SEA HAGG DISTILLERY LLC,2024-07-20,703,7550.38,37.0,0.49,37.76,0.98,0,0,0,0,0,0,,0,0,0.0,0,0.2962,0,train
11121,90024,VINILANDIA USA,2024-07-20,1431,12727.34,70.0,0.55,63.64,1.1,0,0,0,0,0,0,,0,0,0.0047,0,0.4332,0,test
11041,8735,SURVILLE ENTERPRISES CORP,2024-07-21,100,1078.78,5.83,0.5404,5.39,1.08,0,0,0,0,0,0,,0,0,0.0,0,0.3841,0,train
11058,7153,PINE STATE TRADING CO,2024-07-21,7928,56224.45,275.5,0.49,281.16,0.98,0,0,0,0,0,0,,0,0,0.0,0,0.4759,0,train
11080,98450,Serralles Usa LLC,2024-07-21,129,1972.9,10.46,0.5302,9.87,1.06,0,0,0,0,0,0,,0,0,0.0094,0,0.1371,0,test
11087,4692,KOBRAND CORPORATION,2024-07-21,2011,22084.7,108.22,0.49,110.44,0.98,0,0,0,0,0,0,,0,0,0.0,0,0.3579,0,train
11092,90057,WALPOLE MTN VIEW WINERY,2024-07-21,12,127.08,0.64,0.5036,0.64,1.01,0,0,0,0,0,0,,0,0,0.0,0,0.6294,0,test
11101,8112,MOET HENNESSY USA INC,2024-07-21,9265,215145.84,1054.21,0.49,1075.86,0.98,0,0,0,0,0,0,,0,0,0.0208,0,0.738,0,train
11105,90010,VINEXTRA INC,2024-07-21,196,2050.92,9.84,0.4798,10.26,0.96,0,0,0,0,0,0,,0,0,0.0,0,0.2315,0,train
11116,9206,PHILLIPS PRODUCTS CO.,2024-07-21,675,8423.52,44.64,0.5299,42.12,1.06,0,0,0,0,0,0,,0,0,0.0,0,0.4198,0,train
11033,4848,LAIRD & CO,2024-07-22,234,1850.69,9.25,0.4998,9.25,1.0,0,0,0,0,0,0,,0,0,0.0,0,0.2288,0,train
11034,6213,MHW LTD,2024-07-22,4243,43667.5,209.6,0.48,218.36,0.96,0,0,0,0,0,0,,0,0,0.0,0,0.2149,0,train
11035,10754,PERFECTA WINES,2024-07-22,8602,76370.42,366.58,0.48,381.9,0.96,0,0,0,0,0,0,,0,0,0.002,0,0.8854,0,test
11037,10050,Russian Standard Vodka,2024-07-22,89,1334.56,7.34,0.55,6.67,1.1,0,0,0,0,0,0,,0,0,0.0,0,0.1636,0,train
11051,8352,LUXCO INC,2024-07-22,10544,57427.18,304.36,0.53,287.17,1.06,0,0,0,0,0,0,,0,0,0.0763,0,0.7135,0,test
11057,6785,PALM BAY INTERNATIONAL INC,2024-07-22,6997,51599.53,263.16,0.51,258.03,1.02,0,0,0,0,0,0,,0,0,0.0,0,0.2365,0,train
11070,4380,CHARLES JACQUIN ET CIE INC,2024-07-22,1283,8088.02,42.06,0.52,40.45,1.04,0,0,0,0,0,0,,0,0,0.0,0,0.2199,0,train
11086,3924,HEAVEN HILL DISTILLERIES,2024-07-22,7283,64135.72,352.75,0.55,320.72,1.1,0,0,0,0,0,0,,0,0,0.0022,0,0.4507,0,train
11088,7245,PROXIMO SPIRITS INC.,2024-07-22,14386,159552.53,717.99,0.45,797.86,0.9,0,0,0,0,0,0,,0,0,0.0,0,0.4471,0,train
11103,17035,PERNOD RICARD USA,2024-07-22,36696,537701.76,2742.28,0.51,2688.84,1.02,1,0,0,0,0,0,High-value invoice (>= $250K),1,1,0.9999,1,0.796,0,test
11106,9622,WEIN BAUER INC,2024-07-22,41,782.28,3.91,0.4998,3.91,1.0,0,0,0,0,0,0,,0,0,0.0,0,0.1054,0,test
11109,1128,BROWN-FORMAN CORP,2024-07-22,20354,320836.08,1540.01,0.48,1604.38,0.96,1,0,0,0,0,0,High-value invoice (>= $250K),1,1,0.9996,1,0.8272,0,train
11114,9552,M S WALKER INC,2024-07-22,26334,210638.01,1116.38,0.53,1053.32,1.06,0,0,0,0,0,0,,0,0,0.0047,0,0.9114,0,test
11118,9819,TREASURY WINE ESTATES,2024-07-22,9082,51622.89,283.93,0.55,258.15,1.1,0,0,0,0,0,0,,0,0,0.0,0,0.5044,0,train
11031,17032,JEWELL TOWNE VINEYARDS,2024-07-23,104,805.7,4.11,0.5101,4.03,1.02,0,0,0,0,0,0,,0,0,0.0,0,0.0891,0,test
11040,8673,STE MICHELLE WINE ESTATES,2024-07-23,8184,58835.9,311.83,0.53,294.22,1.06,0,0,0,0,0,0,,0,0,0.0,0,0.3608,0,test
11046,1273,CALEDONIA SPIRITS INC,2024-07-23,136,4019.66,20.9,0.5199,20.1,1.04,0,0,0,0,0,0,,0,0,0.0065,0,0.2816,0,test
11048,1655,FABRIZIA SPIRITS LLC,2024-07-23,537,7384.02,33.23,0.45,36.92,0.9,0,0,0,0,0,0,,0,0,0.0,0,0.2004,0,train
11050,4950,LATITUDE BEVERAGE COMPANY,2024-07-23,551,3391.64,18.31,0.5399,16.96,1.08,0,0,0,0,0,0,,0,0,0.0024,0,0.2616,0,train
11054,5992,MCCORMICK DISTILLING CO,2024-07-23,538,8295.51,39.82,0.48,41.48,0.96,0,0,0,0,0,0,,0,0,0.0,0,0.3054,0,train
11056,6359,OLE SMOKY DISTILLERY LLC,2024-07-23,221,3181.44,15.27,0.48,15.91,0.96,0,0,0,0,0,0,,0,0,0.0,0,0.029,0,test
11059,7154,PREMIER DISTRIBUTORS,2024-07-23,53,794.29,3.65,0.4595,3.97,0.92,0,0,0,0,0,0,,0,0,0.0,0,0.6697,0,train
11064,9260,TY KU LLC,2024-07-23,12,227.16,1.16,0.5107,1.14,1.02,0,0,0,0,0,0,,0,0,0.0568,0,0.722,0,train
11077,5270,MANGO BOTTLING INC,2024-07-23,193,1494.84,6.73,0.4502,7.48,0.9,0,0,0,0,0,0,,0,0,0.0116,0,0.26,0,train
11078,7239,REMY COINTREAU USA INC,2024-07-23,3877,91228.09,437.89,0.48,456.2,0.96,0,0,0,0,0,0,,0,0,0.0024,0,0.4377,0,train
11120,1587,VINEYARD BRANDS INC,2024-07-23,3810,27273.42,130.91,0.48,136.38,0.96,0,0,0,0,0,0,,0,0,0.0,0,0.0879,0,train
11032,4550,KLIN SPIRITS LLC,2024-07-24,77,1259.93,6.55,0.5199,6.3,1.04,0,0,0,0,0,0,,0,0,0.0138,0,0.0987,0,test
11047,1485,CASTLE BRANDS CORP.,2024-07-24,2077,32202.12,177.11,0.55,161.03,1.1,0,0,0,0,0,0,,0,0,0.0,0,0.3384,0,test
11066,90058,ZORVINO VINEYARDS,2024-07-24,234,1958.71,10.77,0.5499,9.79,1.1,0,0,0,0,0,0,,0,0,0.0,0,0.044,0,train
11067,480,BACARDI USA INC,2024-07-24,48407,653537.89,3071.63,0.47,3268.09,0.94,1,0,0,0,0,0,High-value invoice (>= $250K),1,1,1.0,1,0.8089,0,train
11079,660,SAZERAC NORTH AMERICA INC.,2024-07-24,8810,65212.54,358.67,0.55,326.1,1.1,0,0,0,0,0,0,,0,0,0.0,0,0.1938,0,train
11089,17033,SEA BREEZE CELLARS LLC,2024-07-24,94,780.18,3.51,0.4499,3.9,0.9,0,0,0,0,0,0,,0,0,0.0,0,0.1916,0,train
11094,1189,BULLY BOY DISTILLERS,2024-07-24,109,2378.13,12.6,0.5298,11.89,1.06,0,0,0,0,0,0,,0,0,0.0,0,0.0051,0,train
11095,2555,DISARONNO INTERNATIONAL LLC,2024-07-24,1432,16230.78,84.4,0.52,81.16,1.04,0,0,0,0,0,0,,0,0,0.0,0,0.0088,0,test
11119,8892,TRINCHERO FAMILY ESTATES,2024-07-24,5849,38085.47,198.04,0.52,190.45,1.04,0,0,0,0,0,0,,0,0,0.0,0,0.6026,0,test
11024,388,ATLANTIC IMPORTING COMPANY,2024-07-25,183,3901.56,18.34,0.4701,19.51,0.94,0,0,0,0,0,0,,0,0,0.0091,0,0.9132,0,test
11038,8004,SAZERAC CO INC,2024-07-25,26674,194193.14,932.13,0.48,971.09,0.96,0,0,0,0,0,0,,0,0,0.0085,0,0.7516,0,train
11039,28750,SMOKY QUARTZ DISTILLERY LLC,2024-07-25,48,1057.32,5.82,0.5504,5.29,1.1,0,0,0,0,0,0,,0,0,0.0272,0,0.448,0,test
11042,8920,TAKARA SAKE USA INC,2024-07-25,88,397.56,2.15,0.5408,1.99,1.08,0,0,0,0,0,0,,0,0,0.039,0,0.7667,0,test
11044,9165,ULTRA BEVERAGE COMPANY LLP,2024-07-25,19967,243271.98,1167.71,0.48,1216.51,0.96,0,0,0,0,0,0,,0,0,0.0772,0,0.9771,0,test
11053,4425,MARTIGNETTI COMPANIES,2024-07-25,49694,510295.52,2806.63,0.55,2551.79,1.1,1,0,0,0,0,0,High-value invoice (>= $250K),1,1,0.9982,1,0.9919,0,test
11061,90056,SWEET BABY VINEYARD,2024-07-25,560,4723.73,22.67,0.4799,23.62,0.96,0,0,0,0,0,0,,0,0,0.0,0,0.3706,0,train
11063,90017,THE IMPORTED GRAPE LLC,2024-07-25,63,428.19,2.1,0.4904,2.14,0.98,0,0,0,0,0,0,,0,0,0.0,0,0.2389,0,train
11065,9815,WINE GROUP INC,2024-07-25,16237,93843.14,441.06,0.47,469.27,0.94,0,0,0,0,0,0,,0,0,0.0,0,0.4375,0,test
11075,17031,FLAG HILL WINERY & VINEYARD,2024-07-25,296,3570.15,17.14,0.4801,17.85,0.96,0,0,0,0,0,0,,0,0,0.0,0,0.0826,0,test
11090,8320,SHAW ROSS INT L IMP LTD,2024-07-25,1172,10420.53,48.98,0.47,52.11,0.94,0,0,0,0,0,0,,0,0,0.0046,0,0.3888,0,train
11091,172662,SWEETWATER FARM,2024-07-25,18,375.36,1.91,0.5088,1.88,1.02,0,0,0,0,0,0,,0,0,0.0,0,0.1712,0,train
11096,2450,DJINN SPIRITS LLC,2024-07-25,23,478.58,2.25,0.4701,2.39,0.94,0,0,0,0,0,0,,0,0,0.0,0,0.1108,0,train
11098,90053,INCREDIBREW INC,2024-07-25,36,312.48,1.5,0.48,1.56,0.96,0,0,0,0,0,0,,0,0,0.0,0,0.2013,0,train
11100,5455,MARSALLE COMPANY,2024-07-25,48,1443.34,7.65,0.53,7.22,1.06,0,0,0,0,0,0,,0,0,0.0267,0,0.1766,0,test
11123,1265,BLACK ROCK SPIRITS LLC,2024-07-25,6,84.3,0.44,0.5219,0.42,1.04,0,0,0,0,0,0,,0,0,0.0046,0,0.7979,0,test
11131,5455,MARSALLE COMPANY,2024-07-25,153,3968.04,20.24,0.5101,19.84,1.02,0,0,0,0,0,0,,0,0,0.0,0,0.0514,0,train
11147,7153,PINE STATE TRADING CO,2024-07-25,8064,58949.66,318.33,0.54,294.78,1.08,0,0,0,0,0,0,,0,0,0.0,0,0.2614,0,test
11148,17033,SEA BREEZE CELLARS LLC,2024-07-25,276,10825.89,49.8,0.46,54.14,0.92,0,0,1,0,0,0,Unit cost far from vendor norm,0,1,0.8566,1,0.9987,1,train
11156,1392,CONSTELLATION BRANDS INC,2024-07-25,42268,298100.24,1490.5,0.5,1490.69,1.0,1,0,0,0,0,0,High-value invoice (>= $250K),1,1,0.9997,1,0.7442,0,train
11161,3950,"HOOD RIVER DISTILLERS, Inc.",2024-07-25,35,677.93,3.66,0.5399,3.39,1.08,0,0,0,0,0,0,,0,0,0.0,0,0.3938,0,train
11171,388,ATLANTIC IMPORTING COMPANY,2024-07-25,19,405.08,1.86,0.4592,2.03,0.92,0,0,0,0,0,0,,0,0,0.0061,0,0.4353,0,train
11182,8735,SURVILLE ENTERPRISES CORP,2024-07-25,255,2242.68,11.66,0.5199,11.21,1.04,0,0,0,0,0,0,,0,0,0.0,0,0.1833,0,train
11190,11567,CAMPARI AMERICA,2024-07-25,13069,94410.55,490.93,0.52,472.11,1.04,0,0,0,0,0,0,,0,0,0.0048,0,0.6379,0,train
11207,9625,WESTERN SPIRITS BEVERAGE CO,2024-07-25,1194,5749.24,28.17,0.49,28.75,0.98,0,0,1,0,0,0,Unit cost far from vendor norm,0,1,0.7542,1,0.7049,1,train
11211,12546,JIM BEAM BRANDS COMPANY,2024-07-25,65963,577661.34,2657.24,0.46,2888.67,0.92,1,0,0,0,0,0,High-value invoice (>= $250K),1,1,0.9961,1,0.9491,0,train
11222,172662,SWEETWATER FARM,2024-07-25,34,757.59,3.56,0.4699,3.79,0.94,0,0,0,0,0,0,,0,0,0.0,0,0.6653,0,train
11025,2396,BLACK PRINCE DISTILLERY INC,2024-07-26,12,52.08,0.26,0.4992,0.26,1.0,0,0,0,0,0,0,,0,0,0.008,0,0.9112,0,train
11028,3960,DIAGEO NORTH AMERICA INC,2024-07-26,131032,1160975.84,6269.27,0.54,5805.6,1.08,1,0,0,0,0,0,High-value invoice (>= $250K),1,1,0.9989,1,0.9928,0,train
11052,10000,MAJESTIC FINE WINES,2024-07-26,9612,73808.21,383.8,0.52,369.09,1.04,0,0,0,0,0,0,,0,0,0.0016,0,0.4615,0,test
11062,28776,TALL SHIP DISTILLERY LLC,2024-07-26,35,747.63,4.11,0.5497,3.74,1.1,0,0,0,0,0,0,,0,0,0.0056,0,0.4263,0,train
11069,11567,CAMPARI AMERICA,2024-07-26,12445,80381.5,369.75,0.46,401.96,0.92,0,0,0,0,0,0,,0,0,0.0,0,0.4258,0,train
11113,90032,LABELLE VYDS AND WINERY,2024-07-26,185,1991.07,10.75,0.5399,9.96,1.08,0,0,0,0,0,0,,0,0,0.0,0,0.0023,0,train
11115,6215,MOONLIGHT MEADERY,2024-07-26,143,1271.2,5.97,0.4696,6.36,0.94,0,0,0,0,0,0,,0,0,0.0,0,0.0047,0,test
11127,17037,Dunn Wine Brokers,2024-07-26,36,457.56,2.2,0.4808,2.29,0.96,0,0,0,0,0,0,,0,0,0.0025,0,0.1064,0,test
11141,2496,DUGGANS DISTILLED PRODUCTS,2024-07-26,101,1662.35,7.48,0.45,8.31,0.9,0,0,0,0,0,0,,0,0,0.0133,0,0.0115,0,test
11142,9744,FREDERICK WILDMAN & SONS,2024-07-26,832,9209.65,50.65,0.55,46.05,1.1,0,0,0,0,0,0,,0,0,0.0,0,0.0281,0,train
11155,1485,CASTLE BRANDS CORP.,2024-07-26,2091,29854.29,158.23,0.53,149.29,1.06,0,0,0,0,0,0,,0,0,0.0,0,0.0579,0,train
11158,2242,DELICATO VINEYARDS INC,2024-07-26,2578,20591.87,109.14,0.53,102.97,1.06,0,0,0,0,0,0,,0,0,0.0,0,0.3982,0,train
11165,10000,MAJESTIC FINE WINES,2024-07-26,10116,77389.32,363.73,0.47,386.99,0.94,0,0,0,0,0,0,,0,0,0.0,0,0.083,0,test
11175,6359,OLE SMOKY DISTILLERY LLC,2024-07-26,15233,26093.01,117.42,0.45,130.48,0.9,0,0,1,0,0,0,Unit cost far from vendor norm,0,1,0.9902,1,0.9536,1,train
11181,2000,SOUTHERN WINE & SPIRITS NE,2024-07-26,7310,63895.57,293.92,0.46,319.52,0.92,0,0,0,0,0,0,,0,0,0.0022,0,0.5228,0,test
11187,4466,AMERICAN VINTAGE BEVERAGE,2024-07-26,1535,15406.69,77.03,0.5,77.04,1.0,0,0,0,0,0,0,,0,0,0.0,0,0.6399,0,train
11202,653,STATE WINE & SPIRITS,2024-07-26,2525,25550.9,125.2,0.49,127.77,0.98,0,0,0,0,0,0,,0,0,0.0022,0,0.284,0,train
11130,8352,LUXCO INC,2024-07-27,5124,54370.86,282.73,0.52,271.89,1.04,0,0,0,0,0,0,,0,0,0.0023,0,0.3231,0,train
11137,1601,VRANKEN AMERICA,2024-07-27,127,1660.6,7.97,0.4799,8.3,0.96,0,0,0,0,0,0,,0,0,0.0,0,0.5786,0,train
11138,9815,WINE GROUP INC,2024-07-27,16399,96522.11,530.87,0.55,482.67,1.1,0,0,0,0,0,0,,0,0,0.0025,0,0.473,0,test
11139,2396,BLACK PRINCE DISTILLERY INC,2024-07-27,12,52.08,0.23,0.4416,0.26,0.88,0,0,0,0,0,0,,0,0,0.0513,0,0.7772,0,test
11157,90047,CRUSH WINES,2024-07-27,465,5100.53,28.05,0.5499,25.51,1.1,0,0,0,0,0,0,,0,0,0.0,0,0.4756,0,train
11162,4550,KLIN SPIRITS LLC,2024-07-27,234,3530.03,18.36,0.5201,17.65,1.04,0,0,0,0,0,0,,0,0,0.0,0,0.1008,0,train
11163,90032,LABELLE VYDS AND WINERY,2024-07-27,153,1717.2,9.27,0.5398,8.59,1.08,0,0,0,0,0,0,,0,0,0.0024,0,0.0211,0,test
11178,7255,PSP WINES,2024-07-27,222,1677.03,8.72,0.52,8.39,1.04,0,0,0,0,0,0,,0,0,0.0,0,0.2086,0,train
11183,9819,TREASURY WINE ESTATES,2024-07-27,10784,58177.57,261.8,0.45,290.92,0.9,0,0,0,0,0,0,,0,0,0.0138,0,0.4431,0,test
11194,1655,FABRIZIA SPIRITS LLC,2024-07-27,373,5330.49,25.59,0.4801,26.66,0.96,0,0,0,0,0,0,,0,0,0.0,0,0.2134,0,train
11203,28776,TALL SHIP DISTILLERY LLC,2024-07-27,456,10159.08,54.86,0.54,50.8,1.08,0,0,0,0,0,0,,0,0,0.0391,0,0.9453,0,train
11218,8004,SAZERAC CO INC,2024-07-27,30632,224134.2,1075.84,0.48,1120.81,0.96,0,0,0,0,0,0,,0,0,0.0137,0,0.88,0,test
11219,8150,SEA HAGG DISTILLERY LLC,2024-07-27,595,9474.84,45.48,0.48,47.38,0.96,0,0,0,0,0,0,,0,0,0.0,0,0.7929,0,test
11140,2876,CENTEUR IMPORTS LLC,2024-07-28,6,52.68,0.28,0.5315,0.26,1.06,0,0,0,0,0,0,,0,0,0.0,0,0.8234,0,train
11152,90056,SWEET BABY VINEYARD,2024-07-28,351,2938.76,14.4,0.49,14.7,0.98,0,0,0,0,0,0,,0,0,0.0,0,0.0723,0,train
11153,3664,WILLIAM GRANT & SONS INC,2024-07-28,8512,151872.49,835.3,0.55,759.46,1.1,0,0,0,0,0,0,,0,0,0.0022,0,0.8144,0,test
11160,90052,HAUNTING WHISPER VYDS,2024-07-28,12,99.24,0.48,0.4837,0.5,0.97,0,0,0,0,0,0,,0,0,0.0024,0,0.5811,0,train
11169,60,ADAMBA IMPORTS INTL INC,2024-07-28,161,2619.47,11.79,0.4501,13.1,0.9,0,0,0,0,0,0,,0,0,0.0,0,0.1055,0,train
11177,7154,PREMIER DISTRIBUTORS,2024-07-28,92,1356.0,7.46,0.5501,6.78,1.1,0,0,0,0,0,0,,0,0,0.0,0,0.3525,0,train
11186,90010,VINEXTRA INC,2024-07-28,194,2028.77,10.14,0.4998,10.15,1.0,0,0,0,0,0,0,,0,0,0.0,0,0.0983,0,test
11192,2555,DISARONNO INTERNATIONAL LLC,2024-07-28,1719,22720.62,115.88,0.51,113.62,1.02,0,0,0,0,0,0,,0,0,0.0,0,0.2923,0,test
11193,2450,DJINN SPIRITS LLC,2024-07-28,18,424.8,2.0,0.4708,2.12,0.94,0,0,0,0,0,0,,0,0,0.0,0,0.6789,0,train
11196,4692,KOBRAND CORPORATION,2024-07-28,2214,25950.99,121.97,0.47,129.77,0.94,0,0,0,0,0,0,,0,0,0.0,0,0.4777,0,train
11206,90057,WALPOLE MTN VIEW WINERY,2024-07-28,36,410.28,1.89,0.4607,2.05,0.92,0,0,0,0,0,0,,0,0,0.0039,0,0.497,0,train
11221,12331,STELLAR IMPORTING CO LLC,2024-07-28,36,220.56,1.12,0.5078,1.1,1.02,0,0,0,0,0,0,,0,0,0.0018,0,0.6801,0,train
11225,9622,WEIN BAUER INC,2024-07-28,49,934.92,4.96,0.5305,4.68,1.06,0,0,0,0,0,0,,0,0,0.0,0,0.4568,0,train
11129,4950,LATITUDE BEVERAGE COMPANY,2024-07-29,727,4400.44,21.12,0.48,22.0,0.96,0,0,0,0,0,0,,0,0,0.0024,0,0.2192,0,test
11145,9552,M S WALKER INC,2024-07-29,28481,252879.8,1188.54,0.47,1264.56,0.94,1,0,0,0,0,0,High-value invoice (>= $250K),1,1,0.8996,1,0.9183,0,train
11149,8320,SHAW ROSS INT L IMP LTD,2024-07-29,1537,13651.94,66.89,0.49,68.27,0.98,0,0,0,0,0,0,,0,0,0.0025,0,0.1458,0,train
11151,8664,"STOLI GROUP,(USA) LLC",2024-07-29,19790,97707.68,498.31,0.51,488.6,1.02,0,0,1,0,0,0,Unit cost far from vendor norm,0,1,0.9233,1,0.8347,1,train
11164,4848,LAIRD & CO,2024-07-29,314,2176.35,9.79,0.4498,10.88,0.9,0,0,0,0,0,0,,0,0,0.0176,0,0.5335,0,train
11166,4425,MARTIGNETTI COMPANIES,2024-07-29,57397,668569.28,3677.13,0.55,3343.26,1.1,1,0,0,0,0,0,High-value invoice (>= $250K),1,1,0.9995,1,0.9946,0,train
11170,105,ALTAMAR BRANDS LLC,2024-07-29,6,214.26,1.05,0.4901,1.07,0.98,0,0,0,0,0,0,,0,0,0.0045,0,0.6969,0,train
11199,6785,PALM BAY INTERNATIONAL INC,2024-07-29,7007,50368.54,271.99,0.54,251.87,1.08,0,0,0,0,0,0,,0,0,0.0,0,0.5495,0,train
11213,5992,MCCORMICK DISTILLING CO,2024-07-29,794,7135.19,34.96,0.49,35.68,0.98,0,0,0,0,0,0,,0,0,0.0,0,0.228,0,train
11214,10754,PERFECTA WINES,2024-07-29,10015,114631.82,538.77,0.47,573.23,0.94,0,0,0,0,0,0,,0,0,0.0,0,0.8418,0,train
11224,90024,VINILANDIA USA,2024-07-29,1491,13237.18,67.51,0.51,66.19,1.02,0,0,0,0,0,0,,0,0,0.0,0,0.4797,0,train
11125,4380,CHARLES JACQUIN ET CIE INC,2024-07-30,2022,6500.99,31.2,0.4799,32.51,0.96,0,0,1,0,0,0,Unit cost far from vendor norm,0,1,0.9578,1,0.7218,1,test
11126,1650,Circa Wines,2024-07-30,111,1160.91,5.69,0.4901,5.81,0.98,0,0,0,0,0,0,,0,0,0.0025,0,0.6123,0,train
11134,8920,TAKARA SAKE USA INC,2024-07-30,218,1104.06,5.19,0.4701,5.52,0.94,0,0,0,0,0,0,,0,0,0.0047,0,0.3067,0,test
11135,90017,THE IMPORTED GRAPE LLC,2024-07-30,60,357.72,1.97,0.5507,1.79,1.1,0,0,0,0,0,0,,0,0,0.0128,0,0.6937,0,train
11185,9165,ULTRA BEVERAGE COMPANY LLP,2024-07-30,19189,242463.37,1285.06,0.53,1212.47,1.06,0,0,0,0,0,0,,0,0,0.1207,0,0.8945,0,train
11198,6215,MOONLIGHT MEADERY,2024-07-30,84,764.88,3.59,0.4694,3.82,0.94,0,0,0,0,0,0,,0,0,0.0,0,0.0935,0,test
11200,17035,PERNOD RICARD USA,2024-07-30,45664,713452.81,3781.3,0.53,3567.71,1.06,1,0,0,0,0,0,High-value invoice (>= $250K),1,1,0.995,1,0.9161,0,train
11215,7240,"PREMIUM PORT WINES, INC.",2024-07-30,129,909.33,4.64,0.5103,4.55,1.02,0,0,0,0,0,0,,0,0,0.0063,0,0.1135,0,train
11223,1587,VINEYARD BRANDS INC,2024-07-30,4465,29692.26,145.49,0.49,148.48,0.98,0,0,0,0,0,0,,0,0,0.0025,0,0.1997,0,train
11128,3252,E & J GALLO WINERY,2024-07-31,32713,245491.6,1227.46,0.5,1227.61,1.0,0,0,0,0,0,0,,0,0,0.2334,0,0.8268,0,test
11136,9260,TY KU LLC,2024-07-31,18,216.78,1.19,0.5489,1.08,1.1,0,0,0,0,0,0,,0,0,0.0043,0,0.5225,0,train
11143,90053,INCREDIBREW INC,2024-07-31,48,436.56,2.4,0.5498,2.18,1.1,0,0,0,0,0,0,,0,0,0.0,0,0.1391,0,test
11159,1590,DIAGEO CHATEAU ESTATE WINES,2024-07-31,2382,17576.07,80.85,0.46,87.89,0.92,0,0,0,0,0,0,,0,0,0.0,0,0.1396,0,train
11167,6355,NICHE W & S,2024-07-31,86,1264.2,5.69,0.4501,6.32,0.9,0,0,0,0,0,0,,0,0,0.0,0,0.0442,0,train
11174,5612,MILTONS DISTRIBUTING CO,2024-07-31,12,69.6,0.35,0.5029,0.35,1.01,0,0,0,0,0,0,,0,0,0.0,0,0.5879,0,train
11180,3089,SIDNEY FRANK IMPORTING CO,2024-07-31,4159,31152.64,161.99,0.52,155.78,1.04,0,0,0,0,0,0,,0,0,0.0,0,0.1526,0,train
11184,8892,TRINCHERO FAMILY ESTATES,2024-07-31,5741,37798.2,170.09,0.45,189.01,0.9,0,0,0,0,0,0,,0,0,0.0,0,0.1378,0,train
11189,1273,CALEDONIA SPIRITS INC,2024-07-31,187,5623.82,29.24,0.5199,28.12,1.04,0,0,0,0,0,0,,0,0,0.0045,0,0.075,0,train
11204,173357,TAMWORTH DISTILLING,2024-07-31,60,1155.24,5.2,0.4501,5.78,0.9,0,0,0,0,0,0,,0,0,0.0,0,0.048,0,train
11209,1189,BULLY BOY DISTILLERS,2024-07-31,73,1632.69,7.35,0.4502,8.16,0.9,0,0,0,0,0,0,,0,0,0.0,0,0.0534,0,test
11210,90011,FORTUNE WINE BROKERS LLC,2024-07-31,45,400.41,2.2,0.5494,2.0,1.1,0,0,0,0,0,0,,0,0,0.0018,0,0.109,0,train
11212,5270,MANGO BOTTLING INC,2024-07-31,304,2340.61,12.64,0.54,11.7,1.08,0,0,0,0,0,0,,0,0,0.0,0,0.0186,0,train
11217,7239,REMY COINTREAU USA INC,2024-07-31,3868,98523.37,492.62,0.5,492.68,1.0,0,0,0,0,0,0,,0,0,0.0023,0,0.4463,0,train
11220,28750,SMOKY QUARTZ DISTILLERY LLC,2024-07-31,61,1337.07,6.42,0.4802,6.69,0.96,0,0,0,0,0,0,,0,0,0.0022,0,0.1173,0,train
11124,90046,CANDIA VINEYARDS,2024-08-01,60,803.28,3.94,0.4905,4.02,0.98,0,0,0,0,0,0,,0,0,0.0,0,0.4669,0,train
11146,6213,MHW LTD,2024-08-01,4207,53623.6,284.21,0.53,268.15,1.06,0,0,0,0,0,0,,0,0,0.0,0,0.4075,0,train
11154,516,BANFI PRODUCTS CORP,2024-08-01,3275,23549.71,110.68,0.47,117.76,0.94,0,0,0,0,0,0,,0,0,0.0,0,0.1992,0,test
11168,90058,ZORVINO VINEYARDS,2024-08-01,118,936.42,4.49,0.4795,4.68,0.96,0,0,0,0,0,0,,0,0,0.0,0,0.1476,0,test
11172,2561,EDRINGTON AMERICAS,2024-08-01,2494,78409.74,368.53,0.47,392.1,0.94,0,0,0,0,0,0,,0,0,0.0045,0,0.6897,0,train
11188,480,BACARDI USA INC,2024-08-01,58643,792646.81,3804.7,0.48,3963.73,0.96,1,0,0,0,0,0,High-value invoice (>= $250K),1,1,0.9993,1,0.8701,0,train
11191,3960,DIAGEO NORTH AMERICA INC,2024-08-01,128861,1354087.31,7041.25,0.52,6771.28,1.04,1,0,0,0,0,0,High-value invoice (>= $250K),1,1,1.0,1,0.8757,0,train
11195,3924,HEAVEN HILL DISTILLERIES,2024-08-01,8288,58685.05,269.95,0.46,293.46,0.92,0,0,0,0,0,0,,0,0,0.0,0,0.6004,0,train
11197,8112,MOET HENNESSY USA INC,2024-08-01,11477,287964.7,1497.42,0.52,1440.0,1.04,1,0,0,0,0,0,High-value invoice (>= $250K),1,1,0.9484,1,0.7261,0,test
11205,90037,THE PIERPONT GROUP LLC,2024-08-01,12,81.6,0.37,0.4534,0.41,0.91,0,0,0,0,0,0,,0,0,0.0046,0,0.4599,0,train
11227,12546,JIM BEAM BRANDS COMPANY,2024-08-01,56110,583377.57,3208.58,0.55,2917.25,1.1,1,0,0,0,0,0,High-value invoice (>= $250K),1,1,0.9915,1,0.9735,0,test
11242,8920,TAKARA SAKE USA INC,2024-08-01,126,565.62,3.05,0.5392,2.83,1.08,0,0,0,0,0,0,,0,0,0.005,0,0.2977,0,train
11256,9165,ULTRA BEVERAGE COMPANY LLP,2024-08-01,27921,337361.83,1855.49,0.55,1687.02,1.1,1,0,0,0,0,0,High-value invoice (>= $250K),1,1,0.9949,1,0.867,0,train
11258,9625,WESTERN SPIRITS BEVERAGE CO,2024-08-01,1599,6917.12,35.97,0.52,34.59,1.04,0,0,1,0,0,0,Unit cost far from vendor norm,0,1,0.9803,1,0.3839,1,train
11265,1273,CALEDONIA SPIRITS INC,2024-08-01,194,5999.14,31.2,0.5201,30.0,1.04,0,0,0,0,0,0,,0,0,0.0224,0,0.696,0,test
11266,1655,FABRIZIA SPIRITS LLC,2024-08-01,475,6524.53,29.36,0.45,32.63,0.9,0,0,0,0,0,0,,0,0,0.0022,0,0.1313,0,test
11275,9260,TY KU LLC,2024-08-01,42,370.62,1.7,0.4587,1.85,0.92,0,0,0,0,0,0,,0,0,0.0,0,0.5208,0,train
11286,17032,JEWELL TOWNE VINEYARDS,2024-08-01,120,932.04,5.13,0.5504,4.66,1.1,0,0,0,0,0,0,,0,0,0.0067,0,0.0862,0,train
11292,8320,SHAW ROSS INT L IMP LTD,2024-08-01,1265,12146.51,61.95,0.51,60.74,1.02,0,0,0,0,0,0,,0,0,0.0,0,0.118,0,train
11306,3089,SIDNEY FRANK IMPORTING CO,2024-08-01,3986,45672.38,219.23,0.48,228.39,0.96,0,0,0,0,0,0,,0,0,0.0024,0,0.4153,0,train
11311,1128,BROWN-FORMAN CORP,2024-08-01,20014,305408.27,1527.04,0.5,1527.23,1.0,1,0,0,0,0,0,High-value invoice (>= $250K),1,1,0.9952,1,0.888,0,train
11314,1650,Circa Wines,2024-08-01,36,295.68,1.54,0.5208,1.48,1.04,0,0,0,0,0,0,,0,0,0.0045,0,0.9049,0,train
11317,2496,DUGGANS DISTILLED PRODUCTS,2024-08-01,1263,14343.09,78.89,0.55,71.72,1.1,0,0,0,0,0,0,,0,0,0.0265,0,0.9489,0,train
11324,90057,WALPOLE MTN VIEW WINERY,2024-08-01,12,137.16,0.71,0.5176,0.69,1.04,0,0,0,0,0,0,,0,0,0.0129,0,0.8636,0,train
11132,10050,Russian Standard Vodka,2024-08-02,389,7666.3,42.16,0.5499,38.34,1.1,0,0,0,0,0,0,,0,0,0.002,0,0.8679,0,train
11133,660,SAZERAC NORTH AMERICA INC.,2024-08-02,11314,81918.47,368.63,0.45,409.64,0.9,0,0,0,0,0,0,,0,0,0.0107,0,0.8073,0,train
11144,17032,JEWELL TOWNE VINEYARDS,2024-08-02,104,839.72,4.53,0.5395,4.2,1.08,0,0,0,0,0,0,,0,0,0.0024,0,0.212,0,test
11150,8673,STE MICHELLE WINE ESTATES,2024-08-02,7558,57104.57,314.08,0.55,285.56,1.1,0,0,0,0,0,0,,0,0,0.0,0,0.7399,0,train
11173,17031,FLAG HILL WINERY & VINEYARD,2024-08-02,352,4771.75,21.95,0.46,23.86,0.92,0,0,0,0,0,0,,0,0,0.0,0,0.3523,0,train
11176,6830,PARK STREET IMPORTS LLC,2024-08-02,17,210.8,1.1,0.5218,1.05,1.04,0,0,0,0,0,0,,0,0,0.0934,0,0.7534,0,test
11179,98450,Serralles Usa LLC,2024-08-02,223,3052.64,15.57,0.5101,15.27,1.02,0,0,0,0,0,0,,0,0,0.0,0,0.0198,0,test
11201,9206,PHILLIPS PRODUCTS CO.,2024-08-02,793,10420.46,47.93,0.46,52.11,0.92,0,0,0,0,0,0,,0,0,0.0049,0,0.6644,0,test
11208,1128,BROWN-FORMAN CORP,2024-08-02,21238,352950.75,1870.64,0.53,1764.97,1.06,1,0,0,0,0,0,High-value invoice (>= $250K),1,1,1.0,1,0.6855,0,train
11216,7245,PROXIMO SPIRITS INC.,2024-08-02,15751,182980.16,951.5,0.52,915.01,1.04,0,0,0,0,0,0,,0,0,0.0064,0,0.4898,0,train
11226,3924,HEAVEN HILL DISTILLERIES,2024-08-02,8641,69945.07,321.75,0.46,349.77,0.92,0,0,0,0,0,0,,0,0,0.0,0,0.063,0,train
11230,8352,LUXCO INC,2024-08-02,5185,53897.91,258.71,0.48,269.52,0.96,0,0,0,0,0,0,,0,0,0.0,0,0.1082,0,train
11238,653,STATE WINE & SPIRITS,2024-08-02,4133,38277.47,210.53,0.55,191.41,1.1,0,0,0,0,0,0,,0,0,0.0,0,0.2089,0,train
11262,480,BACARDI USA INC,2024-08-02,49827,722550.39,3612.75,0.5,3613.2,1.0,1,0,0,0,0,0,High-value invoice (>= $250K),1,1,0.9974,1,0.9848,0,test
11270,6215,MOONLIGHT MEADERY,2024-08-02,176,1559.5,8.27,0.5303,7.8,1.06,0,0,0,0,0,0,,0,0,0.0,0,0.0078,0,train
11295,9819,TREASURY WINE ESTATES,2024-08-02,22446,93562.17,449.1,0.48,467.87,0.96,0,0,0,0,0,0,,0,0,0.1796,0,0.7631,0,train
11303,4425,MARTIGNETTI COMPANIES,2024-08-02,81428,799059.71,3755.58,0.47,3995.79,0.94,1,0,0,0,0,0,High-value invoice (>= $250K),1,1,0.9889,1,0.998,0,test
11312,90046,CANDIA VINEYARDS,2024-08-02,36,367.2,2.02,0.5501,1.84,1.1,0,0,0,0,0,0,,0,0,0.0244,0,0.8625,0,test
11228,4550,KLIN SPIRITS LLC,2024-08-03,128,2031.82,10.97,0.5399,10.16,1.08,0,0,0,0,0,0,,0,0,0.0,0,0.3803,0,test
11231,10000,MAJESTIC FINE WINES,2024-08-03,13061,95378.52,438.74,0.46,476.95,0.92,0,0,0,0,0,0,,0,0,0.0087,0,0.5419,0,train
11244,4466,AMERICAN VINTAGE BEVERAGE,2024-08-03,266,2888.22,15.31,0.5301,14.44,1.06,0,0,0,0,0,0,,0,0,0.0,0,0.0157,0,test
11255,28776,TALL SHIP DISTILLERY LLC,2024-08-03,60,1279.8,6.78,0.5298,6.4,1.06,0,0,0,0,0,0,,0,0,0.0,0,0.136,0,train
11257,9622,WEIN BAUER INC,2024-08-03,42,801.36,4.25,0.5303,4.01,1.06,0,0,0,0,0,0,,0,0,0.0,0,0.5905,0,test
11259,3664,WILLIAM GRANT & SONS INC,2024-08-03,8201,158713.01,730.08,0.46,793.66,0.92,0,0,0,0,0,0,,0,0,0.0,0,0.4555,0,train
11271,6785,PALM BAY INTERNATIONAL INC,2024-08-03,10968,79500.55,389.55,0.49,397.55,0.98,0,0,0,0,0,0,,0,0,0.0,0,0.2879,0,test
11284,17031,FLAG HILL WINERY & VINEYARD,2024-08-03,325,4066.13,22.36,0.5499,20.33,1.1,0,0,0,0,0,0,,0,0,0.0,0,0.1027,0,test
11287,9552,M S WALKER INC,2024-08-03,33583,269547.07,1266.87,0.47,1347.9,0.94,1,0,0,0,0,0,High-value invoice (>= $250K),1,1,0.977,1,0.9255,0,test
11300,3960,DIAGEO NORTH AMERICA INC,2024-08-03,114609,1225680.18,6373.54,0.52,6129.16,1.04,1,0,0,0,0,0,High-value invoice (>= $250K),1,1,0.9997,1,0.9619,0,test
11315,2242,DELICATO VINEYARDS INC,2024-08-03,2678,22009.32,121.05,0.55,110.06,1.1,0,0,0,0,0,0,,0,0,0.0024,0,0.4099,0,test
11320,8004,SAZERAC CO INC,2024-08-03,28846,247726.52,1114.77,0.45,1238.79,0.9,0,0,0,0,0,0,,0,0,0.0857,0,0.8694,0,test
11321,660,SAZERAC NORTH AMERICA INC.,2024-08-03,12028,87882.99,395.47,0.45,439.47,0.9,0,0,0,0,0,0,,0,0,0.0021,0,0.7222,0,test
11235,10754,PERFECTA WINES,2024-08-04,15829,140492.64,646.27,0.46,702.55,0.92,0,0,0,0,0,0,,0,0,0.0,0,0.8474,0,train
11278,516,BANFI PRODUCTS CORP,2024-08-04,4115,28192.9,155.06,0.55,140.98,1.1,0,0,0,0,0,0,,0,0,0.0,0,0.3778,0,train
11285,9744,FREDERICK WILDMAN & SONS,2024-08-04,865,10721.36,54.68,0.51,53.61,1.02,0,0,0,0,0,0,,0,0,0.0,0,0.4101,0,train
11297,1003,BRONCO WINE COMPANY,2024-08-04,6,35.7,0.19,0.5322,0.18,1.06,0,0,0,0,0,0,,0,0,0.0111,0,0.8927,0,train
11310,105,ALTAMAR BRANDS LLC,2024-08-04,12,428.52,2.1,0.4901,2.14,0.98,0,0,0,0,0,0,,0,0,0.0058,0,0.8095,0,train
11323,90024,VINILANDIA USA,2024-08-04,1121,10623.36,49.93,0.47,53.12,0.94,0,0,0,0,0,0,,0,0,0.0,0,0.4344,0,test
11245,1265,BLACK ROCK SPIRITS LLC,2024-08-05,1,14.05,0.07,0.4982,0.07,1.0,0,0,0,0,0,0,,0,0,0.0067,0,0.8304,0,train
11247,17037,Dunn Wine Brokers,2024-08-05,69,786.6,3.85,0.4894,3.93,0.98,0,0,0,0,0,0,,0,0,0.0,0,0.1165,0,train
11252,7255,PSP WINES,2024-08-05,273,1995.27,10.77,0.5398,9.98,1.08,0,0,0,0,0,0,,0,0,0.0,0,0.3449,0,train
11264,1189,BULLY BOY DISTILLERS,2024-08-05,63,1379.11,6.21,0.4503,6.9,0.9,0,0,0,0,0,0,,0,0,0.0,0,0.4135,0,train
11273,7240,"PREMIUM PORT WINES, INC.",2024-08-05,140,1046.68,5.76,0.5503,5.23,1.1,0,0,0,0,0,0,,0,0,0.0022,0,0.1754,0,train
11318,90011,FORTUNE WINE BROKERS LLC,2024-08-05,106,949.62,4.56,0.4802,4.75,0.96,0,0,0,0,0,0,,0,0,0.0,0,0.3154,0,train
11234,6830,PARK STREET IMPORTS LLC,2024-08-06,19,235.6,1.11,0.4711,1.18,0.94,0,0,0,0,0,0,,0,0,0.0434,0,0.5842,0,test
11251,7153,PINE STATE TRADING CO,2024-08-06,11235,72147.47,360.74,0.5,360.78,1.0,0,0,0,0,0,0,,0,0,0.0022,0,0.6971,0,train
11268,4692,KOBRAND CORPORATION,2024-08-06,3017,32342.89,152.01,0.47,161.73,0.94,0,0,0,0,0,0,,0,0,0.0,0,0.3338,0,train
11276,90010,VINEXTRA INC,2024-08-06,130,1437.92,7.76,0.5397,7.19,1.08,0,0,0,0,0,0,,0,0,0.0,0,0.0897,0,test
11298,1485,CASTLE BRANDS CORP.,2024-08-06,2907,44578.96,205.06,0.46,222.92,0.92,0,0,0,0,0,0,,0,0,0.0,0,0.0853,0,train
11313,4380,CHARLES JACQUIN ET CIE INC,2024-08-06,1733,6087.05,29.83,0.4901,30.44,0.98,0,0,1,0,0,0,Unit cost far from vendor norm,0,1,0.9869,1,0.7159,1,train
11232,5270,MANGO BOTTLING INC,2024-08-07,390,3031.0,13.64,0.45,15.16,0.9,0,0,0,0,0,0,,0,0,0.0,0,0.3388,0,test
11233,6213,MHW LTD,2024-08-07,3702,42887.86,214.44,0.5,214.47,1.0,0,0,0,0,0,0,,0,0,0.0,0,0.3787,0,train
11236,17033,SEA BREEZE CELLARS LLC,2024-08-07,71,756.54,3.63,0.4798,3.78,0.96,0,0,0,0,0,0,,0,0,0.0019,0,0.5062,0,train
11240,8735,SURVILLE ENTERPRISES CORP,2024-08-07,77,600.17,3.06,0.5099,3.0,1.02,0,0,0,0,0,0,,0,0,0.0,0,0.14,0,train
11260,60,ADAMBA IMPORTS INTL INC,2024-08-07,152,2473.04,13.35,0.5398,12.37,1.08,0,0,0,0,0,0,,0,0,0.0,0,0.0229,0,train
11261,388,ATLANTIC IMPORTING COMPANY,2024-08-07,22,469.04,2.49,0.5309,2.35,1.06,0,0,0,0,0,0,,0,0,0.0025,0,0.2006,0,test
11269,5992,MCCORMICK DISTILLING CO,2024-08-07,486,4799.89,24.96,0.52,24.0,1.04,0,0,0,0,0,0,,0,0,0.009,0,0.4887,0,train
11289,8112,MOET HENNESSY USA INC,2024-08-07,13895,359665.99,1870.26,0.52,1798.55,1.04,1,0,0,0,0,0,High-value invoice (>= $250K),1,1,0.9654,1,0.8548,0,test
11291,7245,PROXIMO SPIRITS INC.,2024-08-07,15337,188391.57,904.28,0.48,942.07,0.96,0,0,0,0,0,0,,0,0,0.0116,0,0.3623,0,test
11293,28750,SMOKY QUARTZ DISTILLERY LLC,2024-08-07,90,1976.93,10.87,0.5498,9.89,1.1,0,0,0,0,0,0,,0,0,0.0,0,0.0601,0,train
11302,4848,LAIRD & CO,2024-08-07,316,2628.23,13.14,0.5,13.14,1.0,0,0,0,0,0,0,,0,0,0.0,0,0.0016,0,train
11304,6355,NICHE W & S,2024-08-07,65,955.5,4.68,0.4898,4.78,0.98,0,0,0,0,0,0,,0,0,0.0,0,0.0438,0,test
11305,8150,SEA HAGG DISTILLERY LLC,2024-08-07,330,4068.57,22.38,0.5501,20.35,1.1,0,0,0,0,0,0,,0,0,0.0,0,0.0377,0,train
11316,2450,DJINN SPIRITS LLC,2024-08-07,30,529.32,2.75,0.5195,2.65,1.04,0,0,0,0,0,0,,0,0,0.0022,0,0.0559,0,train
11239,8673,STE MICHELLE WINE ESTATES,2024-08-08,8833,63199.79,309.68,0.49,316.04,0.98,0,0,0,0,0,0,,0,0,0.0,0,0.4157,0,test
11241,90056,SWEET BABY VINEYARD,2024-08-08,467,3918.8,19.99,0.5101,19.6,1.02,0,0,0,0,0,0,,0,0,0.0,0,0.3442,0,train
11243,9815,WINE GROUP INC,2024-08-08,21622,120703.03,615.59,0.51,603.59,1.02,0,0,0,0,0,0,,0,0,0.0093,0,0.661,0,train
11246,1392,CONSTELLATION BRANDS INC,2024-08-08,58073,383324.02,2031.62,0.53,1916.86,1.06,1,0,0,0,0,0,High-value invoice (>= $250K),1,1,0.9985,1,0.8259,0,train
11250,17035,PERNOD RICARD USA,2024-08-08,37347,568253.17,3125.39,0.55,2841.62,1.1,1,0,0,0,0,0,High-value invoice (>= $250K),1,1,0.9969,1,0.8918,0,test
11253,7239,REMY COINTREAU USA INC,2024-08-08,5320,132868.29,677.63,0.51,664.42,1.02,0,0,0,0,0,0,,0,0,0.007,0,0.624,0,train
11263,2396,BLACK PRINCE DISTILLERY INC,2024-08-08,12,52.08,0.26,0.4992,0.26,1.0,0,0,0,0,0,0,,0,0,0.0059,0,0.7234,0,train
11267,90053,INCREDIBREW INC,2024-08-08,64,555.56,2.56,0.4608,2.78,0.92,0,0,0,0,0,0,,0,0,0.0,0,0.1892,0,train
11272,9206,PHILLIPS PRODUCTS CO.,2024-08-08,643,8503.21,45.07,0.53,42.52,1.06,0,0,0,0,0,0,,0,0,0.0,0,0.0399,0,train
11281,1590,DIAGEO CHATEAU ESTATE WINES,2024-08-08,2138,14722.69,76.56,0.52,73.62,1.04,0,0,0,0,0,0,,0,0,0.0,0,0.105,0,test
11283,2561,EDRINGTON AMERICAS,2024-08-08,2622,82471.77,428.85,0.52,412.41,1.04,0,0,0,0,0,0,,0,0,0.0065,0,0.6825,0,test
11288,5455,MARSALLE COMPANY,2024-08-08,112,3474.82,15.64,0.4501,17.38,0.9,0,0,0,0,0,0,,0,0,0.0137,0,0.1831,0,test
11290,6359,OLE SMOKY DISTILLERY LLC,2024-08-08,3261,7588.29,40.98,0.54,37.95,1.08,0,0,1,0,0,0,Unit cost far from vendor norm,0,1,0.9772,1,0.7016,1,test
11294,12331,STELLAR IMPORTING CO LLC,2024-08-08,60,420.48,2.23,0.5303,2.1,1.06,0,0,0,0,0,0,,0,0,0.0,0,0.1158,0,train
11296,1587,VINEYARD BRANDS INC,2024-08-08,9054,51682.95,242.91,0.47,258.45,0.94,0,0,0,0,0,0,,0,0,0.0,0,0.4335,0,train
11299,90047,CRUSH WINES,2024-08-08,311,2678.49,13.12,0.4898,13.39,0.98,0,0,0,0,0,0,,0,0,0.0024,0,0.5078,0,train
11301,90052,HAUNTING WHISPER VYDS,2024-08-08,24,193.32,0.95,0.4914,0.97,0.98,0,0,0,0,0,0,,0,0,0.0017,0,0.1948,0,train
11307,2000,SOUTHERN WINE & SPIRITS NE,2024-08-08,12978,101077.94,555.93,0.55,505.45,1.1,0,0,0,0,0,0,,0,0,0.0024,0,0.4424,0,test
11319,7154,PREMIER DISTRIBUTORS,2024-08-08,95,1287.15,6.18,0.4801,6.44,0.96,0,0,0,0,0,0,,0,0,0.0024,0,0.2338,0,train
11322,90017,THE IMPORTED GRAPE LLC,2024-08-08,43,196.73,1.08,0.549,0.98,1.1,0,0,0,0,0,0,,0,0,0.015,0,0.5447,0,train
11325,90058,ZORVINO VINEYARDS,2024-08-08,208,1715.08,8.23,0.4799,8.58,0.96,0,0,0,0,0,0,,0,0,0.0,0,0.1413,0,train
11328,1590,DIAGEO CHATEAU ESTATE WINES,2024-08-08,1192,8603.27,44.74,0.52,43.02,1.04,0,0,0,0,0,0,,0,0,0.0024,0,0.0177,0,test
11335,98450,Serralles Usa LLC,2024-08-08,253,3573.08,18.58,0.52,17.87,1.04,0,0,0,0,0,0,,0,0,0.0,0,0.0002,0,train
11337,173357,TAMWORTH DISTILLING,2024-08-08,23,445.51,2.32,0.5208,2.23,1.04,0,0,0,0,0,0,,0,0,0.0,0,0.1589,0,train
11347,2561,EDRINGTON AMERICAS,2024-08-08,1804,48956.45,264.36,0.54,244.81,1.08,0,0,0,0,0,0,,0,0,0.024,0,0.7462,0,train
11355,7255,PSP WINES,2024-08-08,215,1601.83,8.01,0.5001,8.01,1.0,0,0,0,0,0,0,,0,0,0.0,0,0.099,0,train
11360,9260,TY KU LLC,2024-08-08,60,489.72,2.5,0.5105,2.45,1.02,0,0,0,0,0,0,,0,0,0.0,0,0.7085,0,test
11369,6359,OLE SMOKY DISTILLERY LLC,2024-08-08,3374,7346.36,37.47,0.51,36.74,1.02,0,0,1,0,0,0,Unit cost far from vendor norm,0,1,0.9886,1,0.8266,1,train
11375,90056,SWEET BABY VINEYARD,2024-08-08,394,3298.71,18.14,0.5499,16.5,1.1,0,0,0,0,0,0,,0,0,0.0041,0,0.5986,0,test
11382,1128,BROWN-FORMAN CORP,2024-08-08,17843,239908.07,1127.57,0.47,1199.69,0.94,0,0,0,0,0,0,,0,0,0.0236,0,0.8497,0,test
11411,388,ATLANTIC IMPORTING COMPANY,2024-08-08,23,490.36,2.3,0.469,2.45,0.94,0,0,0,0,0,0,,0,0,0.0041,0,0.6415,0,train
11413,3252,E & J GALLO WINERY,2024-08-08,34659,228928.01,1098.85,0.48,1144.78,0.96,0,0,0,0,0,0,,0,0,0.0069,0,0.915,0,test
11229,90032,LABELLE VYDS AND WINERY,2024-08-09,202,2189.03,9.85,0.45,10.95,0.9,0,0,0,0,0,0,,0,0,0.0,0,0.518,0,train
11237,98450,Serralles Usa LLC,2024-08-09,206,3072.73,14.44,0.4699,15.37,0.94,0,0,0,0,0,0,,0,0,0.0093,0,0.5508,0,test
11248,3252,E & J GALLO WINERY,2024-08-09,42690,287860.22,1295.37,0.45,1439.48,0.9,1,0,0,0,0,0,High-value invoice (>= $250K),1,1,0.9911,1,0.9789,0,train
11249,4950,LATITUDE BEVERAGE COMPANY,2024-08-09,765,4740.07,23.23,0.4901,23.7,0.98,0,0,0,0,0,0,,0,0,0.0023,0,0.5724,0,train
11254,8664,"STOLI GROUP,(USA) LLC",2024-08-09,21755,121360.16,546.12,0.45,606.88,0.9,0,0,1,0,0,0,Unit cost far from vendor norm,0,1,0.8741,1,0.9659,1,train
11274,10050,Russian Standard Vodka,2024-08-09,131,1747.42,8.04,0.4601,8.74,0.92,0,0,0,0,0,0,,0,0,0.0024,0,0.3962,0,test
11277,1601,VRANKEN AMERICA,2024-08-09,195,1973.66,10.86,0.5502,9.87,1.1,0,0,0,0,0,0,,0,0,0.0205,0,0.2084,0,train
11279,11567,CAMPARI AMERICA,2024-08-09,9074,85817.62,420.51,0.49,429.14,0.98,0,0,0,0,0,0,,0,0,0.0112,0,0.7325,0,train
11280,2876,CENTEUR IMPORTS LLC,2024-08-09,12,100.26,0.47,0.4688,0.5,0.94,0,0,0,0,0,0,,0,0,0.0,0,0.5291,0,train
11282,2555,DISARONNO INTERNATIONAL LLC,2024-08-09,1817,24350.69,116.88,0.48,121.77,0.96,0,0,0,0,0,0,,0,0,0.0,0,0.2773,0,train
11308,173357,TAMWORTH DISTILLING,2024-08-09,101,1953.47,10.55,0.5401,9.77,1.08,0,0,0,0,0,0,,0,0,0.0066,0,0.6318,0,train
11309,8892,TRINCHERO FAMILY ESTATES,2024-08-09,7529,53088.71,244.21,0.46,265.48,0.92,0,0,0,0,0,0,,0,0,0.0,0,0.3383,0,train
11327,1392,CONSTELLATION BRANDS INC,2024-08-09,44101,292162.56,1431.6,0.49,1460.99,0.98,1,0,0,0,0,0,High-value invoice (>= $250K),1,1,0.9971,1,0.6423,0,test
11333,6213,MHW LTD,2024-08-09,2840,31012.34,145.76,0.47,155.08,0.94,0,0,0,0,0,0,,0,0,0.0,0,0.0339,0,train
11343,2876,CENTEUR IMPORTS LLC,2024-08-09,6,48.3,0.25,0.5176,0.24,1.04,0,0,0,0,0,0,,0,0,0.0047,0,0.6511,0,train
11346,2496,DUGGANS DISTILLED PRODUCTS,2024-08-09,1434,15834.45,87.09,0.55,79.18,1.1,0,0,0,0,0,0,,0,0,0.0065,0,0.7527,0,test
11358,3089,SIDNEY FRANK IMPORTING CO,2024-08-09,3479,31795.94,146.26,0.46,159.0,0.92,0,0,0,0,0,0,,0,0,0.0,0,0.0179,0,train
11387,4950,LATITUDE BEVERAGE COMPANY,2024-08-09,775,4695.52,23.48,0.5001,23.48,1.0,0,0,0,0,0,0,,0,0,0.0,0,0.2564,0,train
11389,7245,PROXIMO SPIRITS INC.,2024-08-09,15481,180851.13,976.6,0.54,904.37,1.08,0,0,0,0,0,0,,0,0,0.0091,0,0.4871,0,test
11394,11567,CAMPARI AMERICA,2024-08-09,10130,82682.67,405.15,0.49,413.46,0.98,0,0,0,0,0,0,,0,0,0.0,0,0.3218,0,train
11399,6355,NICHE W & S,2024-08-09,53,779.1,3.66,0.4698,3.9,0.94,0,0,0,0,0,0,,0,0,0.0,0,0.2412,0,train
11400,9206,PHILLIPS PRODUCTS CO.,2024-08-09,534,7127.26,37.06,0.52,35.64,1.04,0,0,0,0,0,0,,0,0,0.0,0,0.2703,0,test
11410,287,APPOLO VINEYARDS LLC,2024-08-09,12,124.8,0.6,0.4808,0.62,0.96,0,0,0,0,0,0,,0,0,0.0,0,0.823,0,train
11424,90017,THE IMPORTED GRAPE LLC,2024-08-09,84,548.4,2.69,0.4905,2.74,0.98,0,0,0,0,0,0,,0,0,0.0136,0,0.6892,0,train
11332,5270,MANGO BOTTLING INC,2024-08-10,41,319.8,1.57,0.4909,1.6,0.98,0,0,0,0,0,0,,0,0,0.0427,0,0.2858,0,test
11365,2242,DELICATO VINEYARDS INC,2024-08-10,3308,26925.77,142.71,0.53,134.65,1.06,0,0,0,0,0,0,,0,0,0.0,0,0.173,0,train
11381,105,ALTAMAR BRANDS LLC,2024-08-10,11,392.81,2.0,0.5092,1.96,1.02,0,0,0,0,0,0,,0,0,0.0066,0,0.7101,0,test
11418,5992,MCCORMICK DISTILLING CO,2024-08-10,335,3886.54,20.21,0.52,19.44,1.04,0,0,0,0,0,0,,0,0,0.0,0,0.3917,0,test
11341,480,BACARDI USA INC,2024-08-11,25877,345721.85,1590.32,0.46,1728.82,0.92,1,0,0,0,0,0,High-value invoice (>= $250K),1,1,1.0,1,0.7097,0,train
11344,1650,Circa Wines,2024-08-11,84,837.36,3.94,0.4705,4.19,0.94,0,0,0,0,0,0,,0,0,0.0049,0,0.691,0,train
11362,4466,AMERICAN VINTAGE BEVERAGE,2024-08-11,206,2171.64,11.08,0.5102,10.86,1.02,0,0,0,0,0,0,,0,0,0.0,0,0.2118,0,test
11363,1273,CALEDONIA SPIRITS INC,2024-08-11,325,10279.45,56.54,0.55,51.4,1.1,0,0,0,0,0,0,,0,0,0.002,0,0.5903,0,train
11373,2000,SOUTHERN WINE & SPIRITS NE,2024-08-11,10422,82212.71,369.96,0.45,411.11,0.9,0,0,0,0,0,0,,0,0,0.0,0,0.5593,0,train
11377,8892,TRINCHERO FAMILY ESTATES,2024-08-11,7028,44679.3,227.86,0.51,223.42,1.02,0,0,0,0,0,0,,0,0,0.0,0,0.2912,0,train
11379,90057,WALPOLE MTN VIEW WINERY,2024-08-11,12,156.12,0.86,0.5509,0.78,1.1,0,0,0,0,0,0,,0,0,0.0022,0,0.7072,0,test
11393,8735,SURVILLE ENTERPRISES CORP,2024-08-11,123,827.36,3.81,0.4605,4.14,0.92,0,0,0,0,0,0,,0,0,0.0047,0,0.1874,0,train
11414,90051,FULCHINO VINEYARD INC,2024-08-11,33,419.1,1.97,0.4701,2.1,0.94,0,0,0,0,0,0,,0,0,0.0056,0,0.6455,0,test
11423,8920,TAKARA SAKE USA INC,2024-08-11,196,1003.08,4.81,0.4795,5.02,0.96,0,0,0,0,0,0,,0,0,0.0047,0,0.4575,0,train
11326,4380,CHARLES JACQUIN ET CIE INC,2024-08-12,1342,6524.01,32.62,0.5,32.62,1.0,0,0,0,0,0,0,,0,0,0.0943,0,0.4649,0,test
11334,8112,MOET HENNESSY USA INC,2024-08-12,9614,185054.01,943.78,0.51,925.38,1.02,0,0,0,0,0,0,,0,0,0.0114,0,0.7175,0,train
11338,1587,VINEYARD BRANDS INC,2024-08-12,6195,37981.65,197.5,0.52,189.93,1.04,0,0,0,0,0,0,,0,0,0.0,0,0.4956,0,train
11348,9744,FREDERICK WILDMAN & SONS,2024-08-12,1018,10709.17,49.26,0.46,53.55,0.92,0,0,0,0,0,0,,0,0,0.0,0,0.3453,0,train
11350,17032,JEWELL TOWNE VINEYARDS,2024-08-12,84,664.92,3.19,0.4798,3.33,0.96,0,0,0,0,0,0,,0,0,0.0,0,0.1377,0,train
11352,5455,MARSALLE COMPANY,2024-08-12,205,6457.39,29.7,0.4599,32.29,0.92,0,0,0,0,0,0,,0,0,0.0086,0,0.5073,0,train
11357,17033,SEA BREEZE CELLARS LLC,2024-08-12,114,1174.78,5.29,0.4503,5.87,0.9,0,0,0,0,0,0,,0,0,0.0023,0,0.1777,0,test
11370,6785,PALM BAY INTERNATIONAL INC,2024-08-12,9603,71478.74,343.1,0.48,357.44,0.96,0,0,0,0,0,0,,0,0,0.0018,0,0.2849,0,test
11372,17035,PERNOD RICARD USA,2024-08-12,33291,448082.39,2464.45,0.55,2240.69,1.1,1,0,0,0,0,0,High-value invoice (>= $250K),1,1,0.9974,1,0.8239,0,test
11420,7154,PREMIER DISTRIBUTORS,2024-08-12,89,1307.17,6.67,0.5103,6.54,1.02,0,0,0,0,0,0,,0,0,0.0,0,0.1809,0,train
11331,1655,FABRIZIA SPIRITS LLC,2024-08-13,374,5087.63,24.42,0.48,25.44,0.96,0,0,0,0,0,0,,0,0,0.0,0,0.0781,0,train
11351,4692,KOBRAND CORPORATION,2024-08-13,2109,24742.39,131.13,0.53,123.73,1.06,0,0,0,0,0,0,,0,0,0.0,0,0.2551,0,train
11359,28776,TALL SHIP DISTILLERY LLC,2024-08-13,42,905.82,4.8,0.5299,4.53,1.06,0,0,0,0,0,0,,0,0,0.0,0,0.1939,0,train
11367,9552,M S WALKER INC,2024-08-13,27206,222493.13,1223.71,0.55,1112.6,1.1,0,0,0,0,0,0,,0,0,0.2022,0,0.8503,0,test
11376,9819,TREASURY WINE ESTATES,2024-08-13,11135,57167.03,280.12,0.49,285.87,0.98,0,0,0,0,0,0,,0,0,0.0429,0,0.4618,0,test
11384,17037,Dunn Wine Brokers,2024-08-13,60,739.92,3.33,0.45,3.7,0.9,0,0,0,0,0,0,,0,0,0.0,0,0.2659,0,test
11385,3950,"HOOD RIVER DISTILLERS, Inc.",2024-08-13,12,207.72,1.1,0.5296,1.04,1.06,0,0,0,0,0,0,,0,0,0.0023,0,0.5378,0,train
11390,8004,SAZERAC CO INC,2024-08-13,27047,206596.0,991.66,0.48,1033.11,0.96,0,0,0,0,0,0,,0,0,0.0022,0,0.6569,0,train
11397,90011,FORTUNE WINE BROKERS LLC,2024-08-13,177,1556.13,7.63,0.4903,7.78,0.98,0,0,0,0,0,0,,0,0,0.0,0,0.0364,0,train
11401,7153,PINE STATE TRADING CO,2024-08-13,8773,59095.99,265.93,0.45,295.52,0.9,0,0,0,0,0,0,,0,0,0.0,0,0.6354,0,test
11403,660,SAZERAC NORTH AMERICA INC.,2024-08-13,10429,75112.81,405.61,0.54,375.61,1.08,0,0,0,0,0,0,,0,0,0.0,0,0.1539,0,train
11405,90010,VINEXTRA INC,2024-08-13,117,1148.73,6.09,0.5302,5.74,1.06,0,0,0,0,0,0,,0,0,0.0024,0,0.0552,0,train
11412,1485,CASTLE BRANDS CORP.,2024-08-13,2230,31334.3,150.4,0.48,156.69,0.96,0,0,0,0,0,0,,0,0,0.0,0,0.1764,0,train
11361,90024,VINILANDIA USA,2024-08-14,1660,14084.68,69.01,0.49,70.43,0.98,0,0,0,0,0,0,,0,0,0.0022,0,0.1788,0,train
11371,10754,PERFECTA WINES,2024-08-14,11881,105877.05,582.32,0.55,529.45,1.1,0,0,0,0,0,0,,0,0,0.0,0,0.8764,0,train
11380,60,ADAMBA IMPORTS INTL INC,2024-08-14,155,2521.85,12.1,0.4798,12.61,0.96,0,0,0,0,0,0,,0,0,0.0,0,0.1072,0,test
11386,4550,KLIN SPIRITS LLC,2024-08-14,98,1473.92,6.93,0.4702,7.37,0.94,0,0,0,0,0,0,,0,0,0.0,0,0.2197,0,train
11402,7239,REMY COINTREAU USA INC,2024-08-14,3025,80145.66,408.74,0.51,400.78,1.02,0,0,0,0,0,0,,0,0,0.0021,0,0.3428,0,train
11408,3664,WILLIAM GRANT & SONS INC,2024-08-14,5992,114615.21,607.46,0.53,573.15,1.06,0,0,0,0,0,0,,0,0,0.0,0,0.2486,0,train
11409,90058,ZORVINO VINEYARDS,2024-08-14,58,473.82,2.56,0.5403,2.37,1.08,0,0,0,0,0,0,,0,0,0.0022,0,0.1073,0,train
11330,2555,DISARONNO INTERNATIONAL LLC,2024-08-15,1785,17881.63,84.04,0.47,89.42,0.94,0,0,0,0,0,0,,0,0,0.0,0,0.3145,0,train
11336,8320,SHAW ROSS INT L IMP LTD,2024-08-15,1996,18659.38,98.89,0.53,93.31,1.06,0,0,0,0,0,0,,0,0,0.0065,0,0.1111,0,test
11339,9815,WINE GROUP INC,2024-08-15,17104,99995.96,529.98,0.53,500.04,1.06,0,0,0,0,0,0,,0,0,0.0,0,0.6879,0,train
11345,2450,DJINN SPIRITS LLC,2024-08-15,12,199.92,0.96,0.4802,1.0,0.96,0,0,0,0,0,0,,0,0,0.0181,0,0.6356,0,train
11354,7240,"PREMIUM PORT WINES, INC.",2024-08-15,152,1088.32,5.88,0.5403,5.44,1.08,0,0,0,0,0,0,,0,0,0.0,0,0.4799,0,train
11356,10050,Russian Standard Vodka,2024-08-15,177,2339.94,10.53,0.45,11.7,0.9,0,0,0,0,0,0,,0,0,0.0,0,0.3902,0,train
11388,8352,LUXCO INC,2024-08-15,4737,44099.29,198.45,0.45,220.52,0.9,0,0,0,0,0,0,,0,0,0.0,0,0.1151,0,test
11391,8150,SEA HAGG DISTILLERY LLC,2024-08-15,243,3058.09,16.21,0.5301,15.29,1.06,0,0,0,0,0,0,,0,0,0.0,0,0.0031,0,test
11395,90046,CANDIA VINEYARDS,2024-08-15,12,230.04,1.15,0.4999,1.15,1.0,0,0,0,0,0,0,,0,0,0.0042,0,0.492,0,train
11396,17031,FLAG HILL WINERY & VINEYARD,2024-08-15,308,4722.86,23.61,0.4999,23.62,1.0,0,0,0,0,0,0,,0,0,0.0,0,0.0056,0,train
11398,90032,LABELLE VYDS AND WINERY,2024-08-15,177,1913.59,8.99,0.4698,9.57,0.94,0,0,0,0,0,0,,0,0,0.0,0,0.0036,0,train
11404,12331,STELLAR IMPORTING CO LLC,2024-08-15,25,178.5,0.96,0.5378,0.89,1.08,0,0,0,0,0,0,,0,0,0.0042,0,0.258,0,test
11407,9625,WESTERN SPIRITS BEVERAGE CO,2024-08-15,1105,5899.29,31.27,0.5301,29.5,1.06,0,0,0,0,0,0,,0,0,0.0406,0,0.2067,0,train
11415,90053,INCREDIBREW INC,2024-08-15,24,208.32,0.98,0.4704,1.04,0.94,0,0,0,0,0,0,,0,0,0.0,0,0.3729,0,train
11419,6830,PARK STREET IMPORTS LLC,2024-08-15,23,285.2,1.28,0.4488,1.43,0.9,0,0,0,0,0,0,,0,0,0.019,0,0.3321,0,train
11421,28750,SMOKY QUARTZ DISTILLERY LLC,2024-08-15,35,755.08,3.93,0.5205,3.78,1.04,0,0,0,0,0,0,,0,0,0.0,0,0.0428,0,train
11422,8664,"STOLI GROUP,(USA) LLC",2024-08-15,8884,73025.66,350.52,0.48,365.17,0.96,0,0,0,0,0,0,,0,0,0.0148,0,0.1321,0,train
11427,388,ATLANTIC IMPORTING COMPANY,2024-08-15,18,383.76,2.11,0.5498,1.92,1.1,0,0,0,0,0,0,,0,0,0.0016,0,0.1162,0,train
11432,3924,HEAVEN HILL DISTILLERIES,2024-08-15,6752,46392.45,231.96,0.5,231.99,1.0,0,0,0,0,0,0,,0,0,0.0,0,0.0289,0,train
11457,516,BANFI PRODUCTS CORP,2024-08-15,4459,29808.83,152.03,0.51,149.06,1.02,0,0,0,0,0,0,,0,0,0.0024,0,0.2944,0,train
11465,8352,LUXCO INC,2024-08-15,4372,38406.97,211.24,0.55,192.06,1.1,0,0,0,0,0,0,,0,0,0.0,0,0.1746,0,train
11477,2496,DUGGANS DISTILLED PRODUCTS,2024-08-15,211,3196.85,15.03,0.4702,15.99,0.94,0,0,0,0,0,0,,0,0,0.0,0,0.0823,0,test
11516,28750,SMOKY QUARTZ DISTILLERY LLC,2024-08-15,79,1733.34,8.49,0.4898,8.67,0.98,0,0,0,0,0,0,,0,0,0.013,0,0.8014,0,train
11329,3960,DIAGEO NORTH AMERICA INC,2024-08-16,106690,930623.99,4187.81,0.45,4653.7,0.9,1,0,0,0,0,0,High-value invoice (>= $250K),1,1,0.9966,1,0.9749,0,test
11340,200,AMERICAN SPIRITS EXCHANGE,2024-08-16,12,116.76,0.63,0.5396,0.58,1.08,0,0,0,0,0,0,,0,0,0.0,0,0.969,0,train
11342,516,BANFI PRODUCTS CORP,2024-08-16,4861,33091.2,175.38,0.53,165.48,1.06,0,0,0,0,0,0,,0,0,0.0,0,0.6248,0,train
11349,3924,HEAVEN HILL DISTILLERIES,2024-08-16,9324,75847.74,417.16,0.55,379.29,1.1,0,0,0,0,0,0,,0,0,0.0088,0,0.7902,0,test
11353,6215,MOONLIGHT MEADERY,2024-08-16,117,1039.52,5.72,0.5503,5.2,1.1,0,0,0,0,0,0,,0,0,0.0067,0,0.5241,0,train
11364,90047,CRUSH WINES,2024-08-16,366,3234.96,16.82,0.5199,16.18,1.04,0,0,0,0,0,0,,0,0,0.0,0,0.1847,0,train
11366,4848,LAIRD & CO,2024-08-16,243,2206.7,11.25,0.5098,11.03,1.02,0,0,0,0,0,0,,0,0,0.0,0,0.1256,0,train
11368,4425,MARTIGNETTI COMPANIES,2024-08-16,55785,596274.78,2921.75,0.49,2981.74,0.98,1,0,0,0,0,0,High-value invoice (>= $250K),1,1,0.9998,1,0.9949,0,test
11374,8673,STE MICHELLE WINE ESTATES,2024-08-16,9186,67633.94,338.17,0.5,338.21,1.0,0,0,0,0,0,0,,0,0,0.0,0,0.3998,0,train
11378,9165,ULTRA BEVERAGE COMPANY LLP,2024-08-16,19885,241458.92,1134.86,0.47,1207.44,0.94,0,0,0,0,0,0,,0,0,0.0088,0,0.9042,0,test
11383,1189,BULLY BOY DISTILLERS,2024-08-16,88,1968.72,9.84,0.4998,9.84,1.0,0,0,0,0,0,0,,0,0,0.0022,0,0.5465,0,train
11392,653,STATE WINE & SPIRITS,2024-08-16,3697,37158.46,193.22,0.52,185.82,1.04,0,0,0,0,0,0,,0,0,0.0,0,0.5596,0,test
11406,9622,WEIN BAUER INC,2024-08-16,35,667.8,3.61,0.5406,3.34,1.08,0,0,0,0,0,0,,0,0,0.0,0,0.1584,0,test
11416,12546,JIM BEAM BRANDS COMPANY,2024-08-16,68403,540727.77,2541.42,0.47,2703.97,0.94,1,0,0,0,0,0,High-value invoice (>= $250K),1,1,0.9966,1,0.9345,0,train
11417,10000,MAJESTIC FINE WINES,2024-08-16,10980,78944.21,386.83,0.49,394.77,0.98,0,0,0,0,0,0,,0,0,0.0,0,0.2942,0,train
11425,1601,VRANKEN AMERICA,2024-08-16,348,6059.4,30.3,0.5,30.3,1.0,0,0,0,0,0,0,,0,0,0.0,0,0.0965,0,test
11428,11567,CAMPARI AMERICA,2024-08-16,9206,78463.6,384.47,0.49,392.37,0.98,0,0,0,0,0,0,,0,0,0.0,0,0.525,0,train
11435,4425,MARTIGNETTI COMPANIES,2024-08-16,53287,573657.32,2983.02,0.52,2868.64,1.04,1,0,0,0,0,0,High-value invoice (>= $250K),1,1,0.9992,1,0.983,0,train
11446,1655,FABRIZIA SPIRITS LLC,2024-08-16,558,8177.57,44.98,0.55,40.89,1.1,0,0,0,0,0,0,,0,0,0.0022,0,0.0471,0,train
11447,9744,FREDERICK WILDMAN & SONS,2024-08-16,1621,19931.19,105.64,0.53,99.67,1.06,0,0,0,0,0,0,,0,0,0.0,0,0.2387,0,train
11448,90052,HAUNTING WHISPER VYDS,2024-08-16,12,94.08,0.44,0.4677,0.47,0.94,0,0,0,0,0,0,,0,0,0.0024,0,0.4537,0,test
11452,8004,SAZERAC CO INC,2024-08-16,27097,190924.9,973.72,0.51,954.74,1.02,0,0,0,0,0,0,,0,0,0.0,0,0.3789,0,train
11474,9815,WINE GROUP INC,2024-08-16,16590,99048.18,495.24,0.5,495.3,1.0,0,0,0,0,0,0,,0,0,0.0022,0,0.2439,0,train
11476,90047,CRUSH WINES,2024-08-16,536,6633.17,30.51,0.46,33.17,0.92,0,0,0,0,0,0,,0,0,0.0,0,0.1533,0,train
11483,17035,PERNOD RICARD USA,2024-08-16,32000,452627.45,2127.35,0.47,2263.42,0.94,1,0,0,0,0,0,High-value invoice (>= $250K),1,1,0.9975,1,0.7162,0,train
11485,10050,Russian Standard Vodka,2024-08-16,146,1862.92,9.13,0.4901,9.32,0.98,0,0,0,0,0,0,,0,0,0.0,0,0.4591,0,train
11499,7240,"PREMIUM PORT WINES, INC.",2024-08-16,116,840.28,4.03,0.4796,4.2,0.96,0,0,0,0,0,0,,0,0,0.0,0,0.151,0,test
11504,1587,VINEYARD BRANDS INC,2024-08-16,5236,35023.0,182.12,0.52,175.14,1.04,0,0,0,0,0,0,,0,0,0.0,0,0.4968,0,train
11512,6359,OLE SMOKY DISTILLERY LLC,2024-08-16,4420,9137.04,46.6,0.51,45.69,1.02,0,0,1,0,0,0,Unit cost far from vendor norm,0,1,0.9945,1,0.9221,1,train
11517,2000,SOUTHERN WINE & SPIRITS NE,2024-08-16,7838,68750.89,336.88,0.49,343.8,0.98,0,0,0,0,0,0,,0,0,0.0046,0,0.8035,0,test
11522,90058,ZORVINO VINEYARDS,2024-08-16,190,1535.82,6.91,0.4499,7.68,0.9,0,0,0,0,0,0,,0,0,0.0056,0,0.5474,0,train
11437,7153,PINE STATE TRADING CO,2024-08-17,8712,63559.14,330.51,0.52,317.84,1.04,0,0,0,0,0,0,,0,0,0.0,0,0.3688,0,train
11440,90017,THE IMPORTED GRAPE LLC,2024-08-17,36,242.16,1.14,0.4708,1.21,0.94,0,0,0,0,0,0,,0,0,0.0043,0,0.3065,0,train
11443,9622,WEIN BAUER INC,2024-08-17,30,572.4,2.8,0.4892,2.86,0.98,0,0,0,0,0,0,,0,0,0.0,0,0.1728,0,train
11449,8112,MOET HENNESSY USA INC,2024-08-17,6246,155316.19,823.18,0.53,776.68,1.06,0,0,0,0,0,0,,0,0,0.0201,0,0.628,0,train
11453,8150,SEA HAGG DISTILLERY LLC,2024-08-17,350,4426.87,20.81,0.4701,22.14,0.94,0,0,0,0,0,0,,0,0,0.0,0,0.2266,0,test
11455,9819,TREASURY WINE ESTATES,2024-08-17,9554,48878.03,259.05,0.53,244.42,1.06,0,0,0,0,0,0,,0,0,0.028,0,0.6706,0,train
11491,480,BACARDI USA INC,2024-08-17,26238,316219.81,1454.61,0.46,1581.3,0.92,1,0,0,0,0,0,High-value invoice (>= $250K),1,1,0.9997,1,0.7837,0,train
11493,3960,DIAGEO NORTH AMERICA INC,2024-08-17,99788,830637.82,4319.32,0.52,4153.7,1.04,1,0,0,0,0,0,High-value invoice (>= $250K),1,1,0.9962,1,0.9823,0,test
11496,4550,KLIN SPIRITS LLC,2024-08-17,138,2233.63,12.28,0.5498,11.17,1.1,0,0,0,0,0,0,,0,0,0.0024,0,0.541,0,train
11497,9552,M S WALKER INC,2024-08-17,25431,216943.54,997.94,0.46,1084.85,0.92,0,0,0,0,0,0,,0,0,0.0203,0,0.9242,0,test
11508,1485,CASTLE BRANDS CORP.,2024-08-17,2044,28958.92,130.32,0.45,144.81,0.9,0,0,0,0,0,0,,0,0,0.0,0,0.4236,0,train
11433,90032,LABELLE VYDS AND WINERY,2024-08-18,154,1575.68,8.19,0.5198,7.88,1.04,0,0,0,0,0,0,,0,0,0.002,0,0.3038,0,test
11451,10754,PERFECTA WINES,2024-08-18,13848,138828.0,763.55,0.55,694.23,1.1,0,0,0,0,0,0,,0,0,0.0,0,0.871,0,test
11461,2450,DJINN SPIRITS LLC,2024-08-18,72,1544.76,7.72,0.4998,7.72,1.0,0,0,0,0,0,0,,0,0,0.002,0,0.5362,0,train
11482,6830,PARK STREET IMPORTS LLC,2024-08-18,68,843.2,3.88,0.4602,4.22,0.92,0,0,0,0,0,0,,0,0,0.0,0,0.2993,0,test
11484,7239,REMY COINTREAU USA INC,2024-08-18,2671,61411.05,300.91,0.49,307.09,0.98,0,0,0,0,0,0,,0,0,0.002,0,0.6976,0,test
11487,8673,STE MICHELLE WINE ESTATES,2024-08-18,7119,49679.64,248.4,0.5,248.43,1.0,0,0,0,0,0,0,,0,0,0.0,0,0.2766,0,train
11489,4466,AMERICAN VINTAGE BEVERAGE,2024-08-18,768,7292.98,37.92,0.52,36.47,1.04,0,0,0,0,0,0,,0,0,0.0,0,0.4876,0,train
11492,1590,DIAGEO CHATEAU ESTATE WINES,2024-08-18,4710,33530.84,160.95,0.48,167.68,0.96,0,0,0,0,0,0,,0,0,0.0024,0,0.269,0,train
11494,17037,Dunn Wine Brokers,2024-08-18,58,661.2,3.37,0.5097,3.31,1.02,0,0,0,0,0,0,,0,0,0.0,0,0.2324,0,train
11500,7749,R.P.IMPORTS INC,2024-08-18,27,1126.36,5.29,0.4697,5.63,0.94,0,0,0,0,0,0,,0,0,0.0618,0,0.7027,0,train
11505,90024,VINILANDIA USA,2024-08-18,1266,12027.19,64.95,0.54,60.14,1.08,0,0,0,0,0,0,,0,0,0.0,0,0.4627,0,train
11506,1601,VRANKEN AMERICA,2024-08-18,311,4593.94,23.89,0.52,22.97,1.04,0,0,0,0,0,0,,0,0,0.0,0,0.3116,0,test
11507,90057,WALPOLE MTN VIEW WINERY,2024-08-18,12,127.08,0.65,0.5115,0.64,1.02,0,0,0,0,0,0,,0,0,0.0018,0,0.6951,0,test
11429,90046,CANDIA VINEYARDS,2024-08-19,24,239.04,1.1,0.4602,1.2,0.92,0,0,0,0,0,0,,0,0,0.0104,0,0.5275,0,test
11430,4380,CHARLES JACQUIN ET CIE INC,2024-08-19,1371,6145.69,30.73,0.5,30.73,1.0,0,0,0,0,0,0,,0,0,0.2064,0,0.6877,0,test
11439,90056,SWEET BABY VINEYARD,2024-08-19,301,2513.16,11.31,0.45,12.57,0.9,0,0,0,0,0,0,,0,0,0.0,0,0.1869,0,train
11454,8735,SURVILLE ENTERPRISES CORP,2024-08-19,138,1033.9,5.48,0.53,5.17,1.06,0,0,0,0,0,0,,0,0,0.007,0,0.1214,0,test
11456,3664,WILLIAM GRANT & SONS INC,2024-08-19,5924,113536.38,556.33,0.49,567.75,0.98,0,0,0,0,0,0,,0,0,0.0,0,0.4728,0,test
11460,2242,DELICATO VINEYARDS INC,2024-08-19,5028,34498.7,169.04,0.49,172.51,0.98,0,0,0,0,0,0,,0,0,0.0,0,0.2701,0,train
11471,653,STATE WINE & SPIRITS,2024-08-19,2692,29078.06,136.67,0.47,145.41,0.94,0,0,0,0,0,0,,0,0,0.002,0,0.3229,0,train
11472,9260,TY KU LLC,2024-08-19,23,173.71,0.96,0.5526,0.87,1.11,0,0,0,0,0,0,,0,0,0.0169,0,0.6266,0,train
11475,1273,CALEDONIA SPIRITS INC,2024-08-19,238,7192.38,36.68,0.51,35.97,1.02,0,0,0,0,0,0,,0,0,0.0025,0,0.2497,0,train
11478,17031,FLAG HILL WINERY & VINEYARD,2024-08-19,554,11437.62,61.76,0.54,57.2,1.08,0,0,0,0,0,0,,0,0,0.005,0,0.5962,0,train
11502,12331,STELLAR IMPORTING CO LLC,2024-08-19,60,402.24,2.21,0.5494,2.01,1.1,0,0,0,0,0,0,,0,0,0.0062,0,0.3103,0,test
11520,8892,TRINCHERO FAMILY ESTATES,2024-08-19,6189,38796.84,197.86,0.51,194.01,1.02,0,0,0,0,0,0,,0,0,0.0038,0,0.8165,0,train
11438,7154,PREMIER DISTRIBUTORS,2024-08-20,88,1508.92,7.39,0.4898,7.55,0.98,0,0,0,0,0,0,,0,0,0.0363,0,0.6567,0,train
11463,17032,JEWELL TOWNE VINEYARDS,2024-08-20,83,670.37,3.42,0.5102,3.35,1.02,0,0,0,0,0,0,,0,0,0.0,0,0.1288,0,train
11467,6355,NICHE W & S,2024-08-20,60,882.0,4.5,0.5102,4.41,1.02,0,0,0,0,0,0,,0,0,0.0,0,0.0249,0,train
11468,7255,PSP WINES,2024-08-20,156,1166.15,6.3,0.5402,5.83,1.08,0,0,0,0,0,0,,0,0,0.0046,0,0.0608,0,train
11470,3089,SIDNEY FRANK IMPORTING CO,2024-08-20,3324,31734.13,145.98,0.46,158.69,0.92,0,0,0,0,0,0,,0,0,0.0,0,0.2643,0,train
11473,90010,VINEXTRA INC,2024-08-20,150,1850.52,9.07,0.4901,9.25,0.98,0,0,0,0,0,0,,0,0,0.0023,0,0.2246,0,test
11486,17033,SEA BREEZE CELLARS LLC,2024-08-20,96,950.04,4.56,0.48,4.75,0.96,0,0,0,0,0,0,,0,0,0.0,0,0.0258,0,test
11511,4950,LATITUDE BEVERAGE COMPANY,2024-08-20,773,4834.29,26.11,0.5401,24.17,1.08,0,0,0,0,0,0,,0,0,0.0,0,0.1079,0,test
11426,60,ADAMBA IMPORTS INTL INC,2024-08-21,142,2310.34,11.55,0.4999,11.55,1.0,0,0,0,0,0,0,,0,0,0.0,0,0.1732,0,train
11431,3252,E & J GALLO WINERY,2024-08-21,34596,231400.99,1087.58,0.47,1157.15,0.94,0,0,0,0,0,0,,0,0,0.002,0,0.8499,0,train
11444,1189,BULLY BOY DISTILLERS,2024-08-21,51,1120.75,5.6,0.4997,5.6,1.0,0,0,0,0,0,0,,0,0,0.0134,0,0.2591,0,train
11445,2555,DISARONNO INTERNATIONAL LLC,2024-08-21,2040,16612.74,88.05,0.53,83.07,1.06,0,0,0,0,0,0,,0,0,0.0066,0,0.273,0,test
11458,1128,BROWN-FORMAN CORP,2024-08-21,17989,215610.62,991.81,0.46,1078.19,0.92,0,0,0,0,0,0,,0,0,0.0,0,0.4494,0,train
11466,5455,MARSALLE COMPANY,2024-08-21,70,2225.45,11.13,0.5001,11.13,1.0,0,0,0,0,0,0,,0,0,0.0207,0,0.3045,0,train
11490,287,APPOLO VINEYARDS LLC,2024-08-21,12,124.8,0.66,0.5288,0.62,1.06,0,0,0,0,0,0,,0,0,0.0,0,0.2836,0,train
11498,9206,PHILLIPS PRODUCTS CO.,2024-08-21,599,8237.12,38.71,0.4699,41.19,0.94,0,0,0,0,0,0,,0,0,0.0,0,0.2919,0,train
11509,1650,Circa Wines,2024-08-21,24,261.12,1.28,0.4902,1.31,0.98,0,0,0,0,0,0,,0,0,0.0177,0,0.5809,0,train
11518,28776,TALL SHIP DISTILLERY LLC,2024-08-21,36,779.4,3.51,0.4503,3.9,0.9,0,0,0,0,0,0,,0,0,0.0,0,0.127,0,train
11434,10000,MAJESTIC FINE WINES,2024-08-22,8229,62801.96,307.73,0.49,314.05,0.98,0,0,0,0,0,0,,0,0,0.0,0,0.3727,0,test
11442,9165,ULTRA BEVERAGE COMPANY LLP,2024-08-22,18437,236320.93,1205.24,0.51,1181.75,1.02,0,0,0,0,0,0,,0,0,0.0874,0,0.948,0,train
11459,1392,CONSTELLATION BRANDS INC,2024-08-22,38262,251777.71,1258.89,0.5,1259.04,1.0,1,0,0,0,0,0,High-value invoice (>= $250K),1,1,0.9555,1,0.9302,0,train
11462,2561,EDRINGTON AMERICAS,2024-08-22,2437,78939.96,434.17,0.55,394.75,1.1,0,0,0,0,0,0,,0,0,0.0131,0,0.8602,0,train
11464,12546,JIM BEAM BRANDS COMPANY,2024-08-22,72999,487618.33,2389.33,0.49,2438.39,0.98,1,0,0,0,0,0,High-value invoice (>= $250K),1,1,0.9994,1,0.8349,0,train
11469,98450,Serralles Usa LLC,2024-08-22,126,1768.84,8.31,0.4698,8.85,0.94,0,0,0,0,0,0,,0,0,0.0,0,0.0976,0,train
11479,4848,LAIRD & CO,2024-08-22,121,801.72,4.33,0.5401,4.01,1.08,0,0,0,0,0,0,,0,0,0.029,0,0.6861,0,train
11480,5992,MCCORMICK DISTILLING CO,2024-08-22,890,10267.53,55.44,0.54,51.34,1.08,0,0,0,0,0,0,,0,0,0.0023,0,0.2645,0,test
11481,6213,MHW LTD,2024-08-22,3559,39142.77,191.8,0.49,195.74,0.98,0,0,0,0,0,0,,0,0,0.0,0,0.0381,0,train
11513,90027,POVERTY LANE ORCHARDS,2024-08-22,13,104.49,0.49,0.4689,0.52,0.94,0,0,0,0,0,0,,0,0,0.0022,0,0.3139,0,train
11514,7245,PROXIMO SPIRITS INC.,2024-08-22,12567,153198.11,811.95,0.53,766.09,1.06,0,0,0,0,0,0,,0,0,0.0024,0,0.2226,0,train
11515,660,SAZERAC NORTH AMERICA INC.,2024-08-22,9581,72135.01,375.1,0.52,360.72,1.04,0,0,0,0,0,0,,0,0,0.0,0,0.0269,0,test
11532,5612,MILTONS DISTRIBUTING CO,2024-08-22,1,5.22,0.03,0.5747,0.03,1.15,0,0,0,0,0,0,,0,0,0.0484,0,0.9836,0,train
11535,8673,STE MICHELLE WINE ESTATES,2024-08-22,10883,82661.82,429.84,0.52,413.36,1.04,0,0,0,0,0,0,,0,0,0.0024,0,0.0671,0,test
11553,7154,PREMIER DISTRIBUTORS,2024-08-22,208,2451.88,13.24,0.54,12.26,1.08,0,0,0,0,0,0,,0,0,0.0,0,0.0898,0,train
11572,90032,LABELLE VYDS AND WINERY,2024-08-22,390,4236.47,19.06,0.4499,21.18,0.9,0,0,0,0,0,0,,0,0,0.0061,0,0.2098,0,train
11580,2000,SOUTHERN WINE & SPIRITS NE,2024-08-22,11261,127826.59,575.22,0.45,639.21,0.9,0,0,0,0,0,0,,0,0,0.0018,0,0.7662,0,train
11588,1650,Circa Wines,2024-08-22,888,11416.44,58.22,0.51,57.09,1.02,0,0,0,0,0,0,,0,0,0.0343,0,0.9316,0,train
11611,3924,HEAVEN HILL DISTILLERIES,2024-08-22,8911,68362.19,348.65,0.51,341.85,1.02,0,0,0,0,0,0,,0,0,0.0,0,0.6249,0,test
11614,4425,MARTIGNETTI COMPANIES,2024-08-22,79128,901839.64,4869.93,0.54,4509.76,1.08,1,0,0,0,0,0,High-value invoice (>= $250K),1,1,0.9912,1,0.9996,0,test
11436,6215,MOONLIGHT MEADERY,2024-08-23,106,936.8,4.87,0.5199,4.68,1.04,0,0,0,0,0,0,,0,0,0.0197,0,0.6325,0,train
11441,90037,THE PIERPONT GROUP LLC,2024-08-23,12,81.6,0.38,0.4657,0.41,0.93,0,0,0,0,0,0,,0,0,0.0247,0,0.9538,0,test
11450,6785,PALM BAY INTERNATIONAL INC,2024-08-23,9551,69971.92,321.87,0.46,349.9,0.92,0,0,0,0,0,0,,0,0,0.0,0,0.5647,0,test
11488,8920,TAKARA SAKE USA INC,2024-08-23,231,1125.01,6.08,0.5404,5.63,1.08,0,0,0,0,0,0,,0,0,0.0108,0,0.2928,0,train
11495,90011,FORTUNE WINE BROKERS LLC,2024-08-23,243,1999.03,10.59,0.5298,10.0,1.06,0,0,0,0,0,0,,0,0,0.0023,0,0.4305,0,test
11501,8320,SHAW ROSS INT L IMP LTD,2024-08-23,1697,16194.76,84.21,0.52,80.98,1.04,0,0,0,0,0,0,,0,0,0.0,0,0.0153,0,train
11503,8664,"STOLI GROUP,(USA) LLC",2024-08-23,7161,76152.61,411.22,0.54,380.81,1.08,0,0,0,0,0,0,,0,0,0.0,0,0.1656,0,test
11510,4692,KOBRAND CORPORATION,2024-08-23,2136,27183.37,138.64,0.51,135.93,1.02,0,0,0,0,0,0,,0,0,0.002,0,0.1003,0,train
11519,173357,TAMWORTH DISTILLING,2024-08-23,12,232.44,1.28,0.5507,1.16,1.1,0,0,0,0,0,0,,0,0,0.0169,0,0.5748,0,test
11521,9625,WESTERN SPIRITS BEVERAGE CO,2024-08-23,1000,6294.46,28.33,0.4501,31.48,0.9,0,0,0,0,0,0,,0,0,0.0125,0,0.1382,0,train
11536,8735,SURVILLE ENTERPRISES CORP,2024-08-23,493,4329.72,22.51,0.5199,21.65,1.04,0,0,0,0,0,0,,0,0,0.0139,0,0.7581,0,train
11558,173357,TAMWORTH DISTILLING,2024-08-23,36,697.32,3.49,0.5005,3.49,1.0,0,0,0,0,0,0,,0,0,0.0,0,0.0954,0,train
11565,105,ALTAMAR BRANDS LLC,2024-08-23,12,428.52,2.1,0.4901,2.14,0.98,0,0,0,0,0,0,,0,0,0.0156,0,0.5759,0,train
11567,388,ATLANTIC IMPORTING COMPANY,2024-08-23,36,767.52,3.53,0.4599,3.84,0.92,0,0,0,0,0,0,,0,0,0.0,0,0.381,0,train
11571,3950,"HOOD RIVER DISTILLERS, Inc.",2024-08-23,44,955.34,4.87,0.5098,4.78,1.02,0,0,0,0,0,0,,0,0,0.0,0,0.3668,0,train
11576,7239,REMY COINTREAU USA INC,2024-08-23,4238,103895.9,488.31,0.47,519.54,0.94,0,0,0,0,0,0,,0,0,0.0018,0,0.534,0,train
11581,12331,STELLAR IMPORTING CO LLC,2024-08-23,277,2322.18,10.91,0.4698,11.61,0.94,0,0,0,0,0,0,,0,0,0.0049,0,0.5618,0,train
11596,6785,PALM BAY INTERNATIONAL INC,2024-08-23,12648,101836.95,458.27,0.45,509.25,0.9,0,0,0,0,0,0,,0,0,0.0,0,0.7379,0,train
11599,660,SAZERAC NORTH AMERICA INC.,2024-08-23,12971,96571.16,531.14,0.55,482.92,1.1,0,0,0,0,0,0,,0,0,0.0097,0,0.4357,0,train
11604,8892,TRINCHERO FAMILY ESTATES,2024-08-23,9167,61877.83,334.14,0.54,309.43,1.08,0,0,0,0,0,0,,0,0,0.0024,0,0.3662,0,train
11615,6215,MOONLIGHT MEADERY,2024-08-23,299,2699.32,12.96,0.4801,13.5,0.96,0,0,0,0,0,0,,0,0,0.0,0,0.2012,0,test
11619,9819,TREASURY WINE ESTATES,2024-08-23,11524,75848.2,379.24,0.5,379.29,1.0,0,0,0,0,0,0,,0,0,0.0,0,0.4445,0,train
11633,90056,SWEET BABY VINEYARD,2024-08-23,418,3486.08,16.38,0.4699,17.43,0.94,0,0,0,0,0,0,,0,0,0.0022,0,0.4128,0,train
11540,4466,AMERICAN VINTAGE BEVERAGE,2024-08-24,1207,12242.43,64.88,0.53,61.22,1.06,0,0,0,0,0,0,,0,0,0.0025,0,0.3951,0,train
11544,1273,CALEDONIA SPIRITS INC,2024-08-24,159,4806.19,21.63,0.45,24.03,0.9,0,0,0,0,0,0,,0,0,0.0116,0,0.372,0,test
11547,2555,DISARONNO INTERNATIONAL LLC,2024-08-24,2423,26134.74,143.74,0.55,130.69,1.1,0,0,0,0,0,0,,0,0,0.0,0,0.3419,0,test
11549,12546,JIM BEAM BRANDS COMPANY,2024-08-24,90056,623497.05,3242.18,0.52,3117.87,1.04,1,0,0,0,0,0,High-value invoice (>= $250K),1,1,0.9996,1,0.9311,0,train
11551,8112,MOET HENNESSY USA INC,2024-08-24,11491,261353.27,1228.36,0.47,1306.93,0.94,1,0,0,0,0,0,High-value invoice (>= $250K),1,1,0.9316,1,0.8685,0,train
11570,3951,HIGHLAND WINE MERCHANTS LLC,2024-08-24,36,361.68,1.81,0.5004,1.81,1.0,0,0,0,0,0,0,,0,0,0.007,0,0.8979,0,train
11573,8352,LUXCO INC,2024-08-24,7122,58519.48,292.6,0.5,292.63,1.0,0,0,0,0,0,0,,0,0,0.0,0,0.2003,0,train
11577,8004,SAZERAC CO INC,2024-08-24,36444,303351.66,1638.1,0.54,1516.95,1.08,1,0,0,0,0,0,High-value invoice (>= $250K),1,1,0.969,1,0.7106,0,test
11586,90058,ZORVINO VINEYARDS,2024-08-24,288,2309.04,11.08,0.4799,11.55,0.96,0,0,0,0,0,0,,0,0,0.0,0,0.0613,0,train
11594,4848,LAIRD & CO,2024-08-24,405,3316.08,17.91,0.5401,16.58,1.08,0,0,0,0,0,0,,0,0,0.0,0,0.0794,0,train
11597,10754,PERFECTA WINES,2024-08-24,19427,289181.69,1301.32,0.45,1446.09,0.9,1,0,0,0,0,0,High-value invoice (>= $250K),1,1,0.9809,1,0.9605,0,train
11620,6280,UNCORKED,2024-08-24,120,1490.88,7.75,0.5198,7.46,1.04,0,0,0,0,0,0,,0,0,0.0326,0,0.8818,0,test
11527,2242,DELICATO VINEYARDS INC,2024-08-25,5693,44092.54,207.23,0.47,220.49,0.94,0,0,0,0,0,0,,0,0,0.0,0,0.3336,0,test
11538,9625,WESTERN SPIRITS BEVERAGE CO,2024-08-25,1940,8834.69,47.71,0.54,44.18,1.08,0,0,1,0,0,0,Unit cost far from vendor norm,0,1,0.9423,1,0.8344,1,train
11548,2561,EDRINGTON AMERICAS,2024-08-25,1523,40432.0,185.99,0.46,202.19,0.92,0,0,0,0,0,0,,0,0,0.015,0,0.5028,0,train
11564,60,ADAMBA IMPORTS INTL INC,2024-08-25,170,2765.9,12.45,0.4501,13.83,0.9,0,0,0,0,0,0,,0,0,0.0024,0,0.1153,0,train
11579,28750,SMOKY QUARTZ DISTILLERY LLC,2024-08-25,108,2345.04,11.02,0.4699,11.73,0.94,0,0,0,0,0,0,,0,0,0.0,0,0.2078,0,train
11584,1601,VRANKEN AMERICA,2024-08-25,536,8072.69,44.4,0.55,40.37,1.1,0,0,0,0,0,0,,0,0,0.0,0,0.549,0,test
11587,90046,CANDIA VINEYARDS,2024-08-25,165,2269.45,12.03,0.5301,11.35,1.06,0,0,0,0,0,0,,0,0,0.0,0,0.709,0,train
11609,4380,CHARLES JACQUIN ET CIE INC,2024-08-25,999,8511.09,39.15,0.46,42.56,0.92,0,0,0,0,0,0,,0,0,0.0045,0,0.5504,0,train
11618,8320,SHAW ROSS INT L IMP LTD,2024-08-25,2322,20502.92,110.72,0.54,102.53,1.08,0,0,0,0,0,0,,0,0,0.0,0,0.295,0,train
11621,1703,ALISA CARR BEVERAGES,2024-08-25,34,3869.94,18.58,0.4801,19.35,0.96,0,0,0,0,0,0,,0,0,0.1057,0,0.9639,0,test
11622,90047,CRUSH WINES,2024-08-25,1875,19818.0,109.0,0.55,99.1,1.1,0,0,0,0,0,0,,0,0,0.0042,0,0.7034,0,test
11625,90011,FORTUNE WINE BROKERS LLC,2024-08-25,537,5265.21,25.8,0.49,26.33,0.98,0,0,0,0,0,0,,0,0,0.0025,0,0.8566,0,train
11631,98450,Serralles Usa LLC,2024-08-25,246,3585.28,16.13,0.4499,17.93,0.9,0,0,0,0,0,0,,0,0,0.002,0,0.4979,0,train
11525,2876,CENTEUR IMPORTS LLC,2024-08-26,60,516.72,2.74,0.5303,2.58,1.06,0,0,0,0,0,0,,0,0,0.0267,0,0.7279,0,train
11526,1392,CONSTELLATION BRANDS INC,2024-08-26,51256,345173.73,1622.32,0.47,1726.08,0.94,1,0,0,0,0,0,High-value invoice (>= $250K),1,1,0.9979,1,0.9047,0,test
11528,3252,E & J GALLO WINERY,2024-08-26,43319,295020.92,1386.6,0.47,1475.29,0.94,1,0,0,0,0,0,High-value invoice (>= $250K),1,1,0.9992,1,0.9387,0,train
11531,6213,MHW LTD,2024-08-26,4744,55450.43,304.98,0.55,277.29,1.1,0,0,0,0,0,0,,0,0,0.0,0,0.4564,0,train
11534,90027,POVERTY LANE ORCHARDS,2024-08-26,6,48.6,0.23,0.4733,0.24,0.95,0,0,0,0,0,0,,0,0,0.0109,0,0.8061,0,train
11543,1128,BROWN-FORMAN CORP,2024-08-26,22195,320636.32,1571.12,0.49,1603.38,0.98,1,0,0,0,0,0,High-value invoice (>= $250K),1,1,0.9999,1,0.674,0,train
11555,7749,R.P.IMPORTS INC,2024-08-26,156,5725.47,26.34,0.46,28.63,0.92,0,0,0,0,0,0,,0,0,0.1132,0,0.9515,0,train
11575,6830,PARK STREET IMPORTS LLC,2024-08-26,51,653.05,3.27,0.5007,3.27,1.0,0,0,0,0,0,0,,0,0,0.0024,0,0.5807,0,train
11583,90024,VINILANDIA USA,2024-08-26,4519,45380.81,245.06,0.54,226.93,1.08,0,0,0,0,0,0,,0,0,0.008,0,0.7965,0,train
11585,90057,WALPOLE MTN VIEW WINERY,2024-08-26,72,840.72,4.2,0.4996,4.2,1.0,0,0,0,0,0,0,,0,0,0.0,0,0.2282,0,train
11602,653,STATE WINE & SPIRITS,2024-08-26,6042,60507.95,302.54,0.5,302.58,1.0,0,0,0,0,0,0,,0,0,0.0,0,0.363,0,train
11605,9815,WINE GROUP INC,2024-08-26,19830,117300.12,586.5,0.5,586.57,1.0,0,0,0,0,0,0,,0,0,0.0041,0,0.4896,0,train
11630,7245,PROXIMO SPIRITS INC.,2024-08-26,19416,219221.45,1008.42,0.46,1096.24,0.92,0,0,0,0,0,0,,0,0,0.029,0,0.6771,0,train
11537,9260,TY KU LLC,2024-08-27,124,1259.16,5.67,0.4503,6.3,0.9,0,0,0,0,0,0,,0,0,0.0,0,0.3298,0,test
11541,287,APPOLO VINEYARDS LLC,2024-08-27,48,500.88,2.6,0.5191,2.5,1.04,0,0,0,0,0,0,,0,0,0.0,0,0.4386,0,test
11542,516,BANFI PRODUCTS CORP,2024-08-27,5834,41910.17,226.31,0.54,209.58,1.08,0,0,0,0,0,0,,0,0,0.0,0,0.2075,0,train
11556,8920,TAKARA SAKE USA INC,2024-08-27,200,868.71,4.78,0.5502,4.34,1.1,0,0,0,0,0,0,,0,0,0.0185,0,0.6581,0,train
11560,9165,ULTRA BEVERAGE COMPANY LLP,2024-08-27,34027,441424.19,2427.83,0.55,2207.39,1.1,1,0,0,0,0,0,High-value invoice (>= $250K),1,1,0.9944,1,0.9506,0,test
11569,90052,HAUNTING WHISPER VYDS,2024-08-27,59,477.61,2.58,0.5402,2.39,1.08,0,0,0,0,0,0,,0,0,0.0,0,0.1936,0,train
11600,17033,SEA BREEZE CELLARS LLC,2024-08-27,331,5878.52,31.16,0.5301,29.4,1.06,0,0,0,0,0,0,,0,0,0.0096,0,0.7047,0,test
11608,1189,BULLY BOY DISTILLERS,2024-08-27,239,5274.99,26.37,0.4999,26.38,1.0,0,0,0,0,0,0,,0,0,0.0022,0,0.4692,0,train
11610,17037,Dunn Wine Brokers,2024-08-27,548,8782.86,39.52,0.45,43.92,0.9,0,0,0,0,0,0,,0,0,0.0727,0,0.8849,0,test
11612,90053,INCREDIBREW INC,2024-08-27,128,1131.62,5.21,0.4604,5.66,0.92,0,0,0,0,0,0,,0,0,0.0,0,0.3819,0,train
11616,9206,PHILLIPS PRODUCTS CO.,2024-08-27,1414,17931.19,87.86,0.49,89.67,0.98,0,0,0,0,0,0,,0,0,0.0,0,0.0999,0,train
11617,10050,Russian Standard Vodka,2024-08-27,185,2428.9,11.66,0.4801,12.15,0.96,0,0,0,0,0,0,,0,0,0.0,0,0.2887,0,test
11533,6359,OLE SMOKY DISTILLERY LLC,2024-08-28,2221,6533.25,34.63,0.5301,32.67,1.06,0,0,1,0,0,0,Unit cost far from vendor norm,0,1,0.986,1,0.7938,1,train
11539,3664,WILLIAM GRANT & SONS INC,2024-08-28,7511,154239.69,786.62,0.51,771.29,1.02,0,0,0,0,0,0,,0,0,0.0022,0,0.832,0,train
11561,9751,VINEDREA WINES LLC,2024-08-28,35,795.2,4.29,0.5395,3.98,1.08,0,0,0,0,0,0,,0,0,0.0753,0,0.9509,0,test
11563,9622,WEIN BAUER INC,2024-08-28,108,1207.68,6.16,0.5101,6.04,1.02,0,0,0,0,0,0,,0,0,0.0153,0,0.2493,0,train
11568,1655,FABRIZIA SPIRITS LLC,2024-08-28,686,9375.07,50.63,0.54,46.88,1.08,0,0,0,0,0,0,,0,0,0.002,0,0.0527,0,train
11591,9744,FREDERICK WILDMAN & SONS,2024-08-28,2422,27607.07,143.56,0.52,138.05,1.04,0,0,0,0,0,0,,0,0,0.0048,0,0.6134,0,test
11598,7153,PINE STATE TRADING CO,2024-08-28,17170,160131.1,768.63,0.48,800.75,0.96,0,0,0,0,0,0,,0,0,0.0088,0,0.7344,0,train
11606,480,BACARDI USA INC,2024-08-28,33725,418579.14,1967.32,0.47,2093.16,0.94,1,0,0,0,0,0,High-value invoice (>= $250K),1,1,1.0,1,0.5977,0,test
11607,2396,BLACK PRINCE DISTILLERY INC,2024-08-28,3,30.63,0.16,0.5224,0.15,1.04,0,0,1,0,0,0,Unit cost far from vendor norm,0,1,0.7973,1,0.8752,1,train
11613,5270,MANGO BOTTLING INC,2024-08-28,22,163.8,0.9,0.5495,0.82,1.1,0,0,0,0,0,0,,0,0,0.0116,0,0.4111,0,train
11626,90051,FULCHINO VINEYARD INC,2024-08-28,60,734.28,3.82,0.5202,3.67,1.04,0,0,0,0,0,0,,0,0,0.006,0,0.5966,0,test
11627,4950,LATITUDE BEVERAGE COMPANY,2024-08-28,2006,13892.17,76.41,0.55,69.47,1.1,0,0,0,0,0,0,,0,0,0.0,0,0.4992,0,test
11523,1003,BRONCO WINE COMPANY,2024-08-29,84,373.56,1.94,0.5193,1.87,1.04,0,0,0,0,0,0,,0,0,0.091,0,0.9892,0,train
11529,4692,KOBRAND CORPORATION,2024-08-29,3835,48181.14,216.82,0.45,240.94,0.9,0,0,0,0,0,0,,0,0,0.0022,0,0.5365,0,train
11545,11567,CAMPARI AMERICA,2024-08-29,11835,120191.38,637.01,0.53,601.03,1.06,0,0,0,0,0,0,,0,0,0.0,0,0.475,0,train
11546,1590,DIAGEO CHATEAU ESTATE WINES,2024-08-29,3676,36450.2,196.83,0.54,182.27,1.08,0,0,0,0,0,0,,0,0,0.0023,0,0.6303,0,train
11550,9552,M S WALKER INC,2024-08-29,43902,374887.98,1836.95,0.49,1874.67,0.98,1,0,0,0,0,0,High-value invoice (>= $250K),1,1,1.0,1,0.9145,0,train
11552,17035,PERNOD RICARD USA,2024-08-29,44125,608923.57,2922.83,0.48,3045.0,0.96,1,0,0,0,0,0,High-value invoice (>= $250K),1,1,0.9999,1,0.8737,0,train
11559,90037,THE PIERPONT GROUP LLC,2024-08-29,128,1243.49,6.09,0.4898,6.22,0.98,0,0,0,0,0,0,,0,0,0.0116,0,0.7767,0,train
11566,200,AMERICAN SPIRITS EXCHANGE,2024-08-29,36,297.48,1.64,0.5513,1.49,1.1,0,0,0,0,0,0,,0,0,0.0044,0,0.9307,0,train
11578,3089,SIDNEY FRANK IMPORTING CO,2024-08-29,5175,43218.31,220.41,0.51,216.12,1.02,0,0,0,0,0,0,,0,0,0.0,0,0.059,0,train
11582,90010,VINEXTRA INC,2024-08-29,559,6723.06,36.98,0.55,33.62,1.1,0,0,0,0,0,0,,0,0,0.009,0,0.8853,0,train
11593,4550,KLIN SPIRITS LLC,2024-08-29,223,3349.15,17.42,0.5201,16.75,1.04,0,0,0,0,0,0,,0,0,0.0,0,0.0094,0,train
11601,8150,SEA HAGG DISTILLERY LLC,2024-08-29,344,4331.13,23.82,0.55,21.66,1.1,0,0,0,0,0,0,,0,0,0.0,0,0.0209,0,train
11603,90017,THE IMPORTED GRAPE LLC,2024-08-29,234,1450.86,6.67,0.4597,7.26,0.92,0,0,0,0,0,0,,0,0,0.0205,0,0.4503,0,test
11623,2450,DJINN SPIRITS LLC,2024-08-29,41,707.66,3.26,0.4607,3.54,0.92,0,0,0,0,0,0,,0,0,0.0,0,0.0327,0,train
11632,8664,"STOLI GROUP,(USA) LLC",2024-08-29,8602,103395.98,568.68,0.55,517.04,1.1,0,0,0,0,0,0,,0,0,0.0,0,0.184,0,train
11644,6830,PARK STREET IMPORTS LLC,2024-08-29,959,16330.76,89.82,0.55,81.66,1.1,0,0,0,0,0,0,,0,0,0.0412,0,0.7669,0,test
11657,90011,FORTUNE WINE BROKERS LLC,2024-08-29,84,678.12,3.66,0.5397,3.39,1.08,0,0,0,0,0,0,,0,0,0.0,0,0.0301,0,train
11661,7154,PREMIER DISTRIBUTORS,2024-08-29,143,1598.17,7.99,0.4999,7.99,1.0,0,0,0,0,0,0,,0,0,0.0023,0,0.0696,0,train
11669,1273,CALEDONIA SPIRITS INC,2024-08-29,228,6894.98,34.47,0.4999,34.48,1.0,0,0,0,0,0,0,,0,0,0.0,0,0.2964,0,train
11679,17035,PERNOD RICARD USA,2024-08-29,32422,473658.8,2131.46,0.45,2368.59,0.9,1,0,0,0,0,0,High-value invoice (>= $250K),1,1,0.9975,1,0.858,0,train
11684,3664,WILLIAM GRANT & SONS INC,2024-08-29,6492,126831.43,608.79,0.48,634.24,0.96,0,0,0,0,0,0,,0,0,0.0,0,0.4689,0,train
11696,660,SAZERAC NORTH AMERICA INC.,2024-08-29,14529,73209.5,380.69,0.52,366.09,1.04,0,0,0,0,0,0,,0,0,0.0921,0,0.6181,0,train
11707,10754,PERFECTA WINES,2024-08-29,10219,109748.74,537.77,0.49,548.81,0.98,0,0,0,0,0,0,,0,0,0.0,0,0.9556,0,train
11713,28776,TALL SHIP DISTILLERY LLC,2024-08-29,24,502.2,2.66,0.5297,2.51,1.06,0,0,0,0,0,0,,0,0,0.0094,0,0.7606,0,test
11714,90024,VINILANDIA USA,2024-08-29,1097,9380.02,45.02,0.48,46.91,0.96,0,0,0,0,0,0,,0,0,0.0,0,0.4611,0,train
11717,516,BANFI PRODUCTS CORP,2024-08-29,3471,24836.18,124.18,0.5,124.2,1.0,0,0,0,0,0,0,,0,0,0.0,0,0.5187,0,train
11721,7255,PSP WINES,2024-08-29,92,822.32,4.44,0.5399,4.11,1.08,0,0,0,0,0,0,,0,0,0.0294,0,0.7438,0,train
11727,9625,WESTERN SPIRITS BEVERAGE CO,2024-08-29,1093,6942.48,34.02,0.49,34.72,0.98,0,0,0,0,0,0,,0,0,0.0061,0,0.6327,0,train
11524,1485,CASTLE BRANDS CORP.,2024-08-30,2769,40048.68,196.24,0.49,200.27,0.98,0,0,0,0,0,0,,0,0,0.0205,0,0.8062,0,test
11530,5992,MCCORMICK DISTILLING CO,2024-08-30,831,8491.68,38.21,0.45,42.46,0.9,0,0,0,0,0,0,,0,0,0.0258,0,0.7294,0,train
11554,7255,PSP WINES,2024-08-30,528,4394.09,21.09,0.48,21.97,0.96,0,0,0,0,0,0,,0,0,0.0023,0,0.6652,0,test
11557,28776,TALL SHIP DISTILLERY LLC,2024-08-30,82,1763.42,8.46,0.4797,8.82,0.96,0,0,0,0,0,0,,0,0,0.0064,0,0.5602,0,train
11562,1587,VINEYARD BRANDS INC,2024-08-30,7227,48003.28,249.62,0.52,240.05,1.04,0,0,0,0,0,0,,0,0,0.0,0,0.6101,0,train
11574,10000,MAJESTIC FINE WINES,2024-08-30,10461,81877.22,417.57,0.51,409.44,1.02,0,0,0,0,0,0,,0,0,0.0,0,0.3233,0,test
11589,3960,DIAGEO NORTH AMERICA INC,2024-08-30,119801,1104864.79,5855.78,0.53,5525.01,1.06,1,0,0,0,0,0,High-value invoice (>= $250K),1,1,1.0,1,0.8782,0,train
11590,2496,DUGGANS DISTILLED PRODUCTS,2024-08-30,748,9588.92,47.94,0.5,47.95,1.0,0,0,0,0,0,0,,0,0,0.0091,0,0.7801,0,test
11592,17032,JEWELL TOWNE VINEYARDS,2024-08-30,251,2086.01,11.47,0.5499,10.43,1.1,0,0,0,0,0,0,,0,0,0.0,0,0.1252,0,test
11595,5455,MARSALLE COMPANY,2024-08-30,126,3800.55,20.9,0.5499,19.01,1.1,0,0,0,0,0,0,,0,0,0.002,0,0.2955,0,train
11624,17031,FLAG HILL WINERY & VINEYARD,2024-08-30,737,11327.76,52.11,0.46,56.65,0.92,0,0,0,0,0,0,,0,0,0.0024,0,0.0621,0,train
11628,6355,NICHE W & S,2024-08-30,77,1131.9,5.66,0.5,5.66,1.0,0,0,0,0,0,0,,0,0,0.0,0,0.0032,0,train
11629,7240,"PREMIUM PORT WINES, INC.",2024-08-30,220,1654.31,9.1,0.5501,8.27,1.1,0,0,0,0,0,0,,0,0,0.0,0,0.0437,0,test
11634,9099,TRUETT HURST,2024-08-30,24,236.64,1.25,0.5282,1.18,1.06,0,0,0,0,0,0,,0,0,0.0,0,0.9233,0,test
11639,3950,"HOOD RIVER DISTILLERS, Inc.",2024-08-30,1,21.58,0.11,0.5097,0.11,1.02,0,0,0,0,0,0,,0,0,0.0176,0,0.9076,0,train
11643,6359,OLE SMOKY DISTILLERY LLC,2024-08-30,376,5319.1,25.0,0.47,26.6,0.94,0,0,0,0,0,0,,0,0,0.0,0,0.0061,0,train
11645,10050,Russian Standard Vodka,2024-08-30,260,4074.28,19.15,0.47,20.37,0.94,0,0,0,0,0,0,,0,0,0.0,0,0.0666,0,train
11646,653,STATE WINE & SPIRITS,2024-08-30,3930,35556.74,174.23,0.49,177.81,0.98,0,0,0,0,0,0,,0,0,0.0,0,0.0325,0,train
11658,9744,FREDERICK WILDMAN & SONS,2024-08-30,944,8894.73,41.81,0.4701,44.48,0.94,0,0,0,0,0,0,,0,0,0.0,0,0.1292,0,test
11660,6213,MHW LTD,2024-08-30,3918,42990.58,214.95,0.5,214.98,1.0,0,0,0,0,0,0,,0,0,0.0,0,0.4169,0,train
11664,8735,SURVILLE ENTERPRISES CORP,2024-08-30,133,1036.6,5.39,0.52,5.18,1.04,0,0,0,0,0,0,,0,0,0.0071,0,0.0357,0,test
11675,5992,MCCORMICK DISTILLING CO,2024-08-30,629,6983.21,34.92,0.5001,34.92,1.0,0,0,0,0,0,0,,0,0,0.0,0,0.0455,0,train
11677,6355,NICHE W & S,2024-08-30,37,543.9,2.61,0.4799,2.72,0.96,0,0,0,0,0,0,,0,0,0.0,0,0.0747,0,train
11680,7245,PROXIMO SPIRITS INC.,2024-08-30,13323,155894.56,763.88,0.49,779.57,0.98,0,0,0,0,0,0,,0,0,0.0,0,0.4994,0,train
11682,28750,SMOKY QUARTZ DISTILLERY LLC,2024-08-30,190,4114.76,21.81,0.53,20.58,1.06,0,0,0,0,0,0,,0,0,0.0,0,0.4709,0,train
11695,8004,SAZERAC CO INC,2024-08-30,25557,192619.43,982.36,0.51,963.22,1.02,0,0,0,0,0,0,,0,0,0.0042,0,0.6603,0,train
11651,1587,VINEYARD BRANDS INC,2024-08-31,5103,34633.74,169.71,0.49,173.19,0.98,0,0,0,0,0,0,,0,0,0.0,0,0.3294,0,test
11662,7240,"PREMIUM PORT WINES, INC.",2024-08-31,139,978.23,4.6,0.4702,4.89,0.94,0,0,0,0,0,0,,0,0,0.0,0,0.326,0,train
11665,90058,ZORVINO VINEYARDS,2024-08-31,226,1919.95,9.98,0.5198,9.6,1.04,0,0,0,0,0,0,,0,0,0.0,0,0.018,0,train
11666,105,ALTAMAR BRANDS LLC,2024-08-31,6,214.26,0.99,0.4621,1.07,0.92,0,0,0,0,0,0,,0,0,0.0041,0,0.6917,0,train
11667,388,ATLANTIC IMPORTING COMPANY,2024-08-31,11,234.52,1.29,0.5501,1.17,1.1,0,0,0,0,0,0,,0,0,0.0016,0,0.3796,0,train
11678,6785,PALM BAY INTERNATIONAL INC,2024-08-31,8960,59530.9,327.42,0.55,297.69,1.1,0,0,0,0,0,0,,0,0,0.0,0,0.2508,0,train
11688,2555,DISARONNO INTERNATIONAL LLC,2024-08-31,1083,12719.48,68.69,0.54,63.61,1.08,0,0,0,0,0,0,,0,0,0.0,0,0.1279,0,train
11692,9552,M S WALKER INC,2024-08-31,23877,188674.06,886.77,0.47,943.49,0.94,0,0,0,0,0,0,,0,0,0.0022,0,0.9298,0,train
11693,4425,MARTIGNETTI COMPANIES,2024-08-31,49460,548391.07,2687.12,0.49,2742.3,0.98,1,0,0,0,0,0,High-value invoice (>= $250K),1,1,0.9997,1,0.9843,0,test
11697,98450,Serralles Usa LLC,2024-08-31,460,10938.86,57.98,0.53,54.7,1.06,0,0,0,0,0,0,,0,0,0.0137,0,0.7559,0,train
11724,2000,SOUTHERN WINE & SPIRITS NE,2024-08-31,7030,59675.91,316.28,0.53,298.42,1.06,0,0,0,0,0,0,,0,0,0.0022,0,0.7997,0,test
11726,90010,VINEXTRA INC,2024-08-31,107,1329.79,6.65,0.5001,6.65,1.0,0,0,0,0,0,0,,0,0,0.0,0,0.5327,0,train
11638,17031,FLAG HILL WINERY & VINEYARD,2024-09-01,440,6477.45,31.74,0.49,32.39,0.98,0,0,0,0,0,0,,0,0,0.0,0,0.1797,0,train
11652,1601,VRANKEN AMERICA,2024-09-01,212,3018.4,14.19,0.4701,15.09,0.94,0,0,0,0,0,0,,0,0,0.0022,0,0.263,0,train
11670,3960,DIAGEO NORTH AMERICA INC,2024-09-01,100897,895189.29,4028.35,0.45,4476.5,0.9,1,0,0,0,0,0,High-value invoice (>= $250K),1,1,1.0,1,0.9351,0,train
11685,60,ADAMBA IMPORTS INTL INC,2024-09-01,134,2180.18,11.34,0.5201,10.9,1.04,0,0,0,0,0,0,,0,0,0.0,0,0.2417,0,test
11686,480,BACARDI USA INC,2024-09-01,21541,261170.36,1253.62,0.48,1306.01,0.96,1,0,0,0,0,0,High-value invoice (>= $250K),1,1,0.9908,1,0.7021,0,train
11687,11567,CAMPARI AMERICA,2024-09-01,8449,73149.63,358.43,0.49,365.79,0.98,0,0,0,0,0,0,,0,0,0.0,0,0.3846,0,train
11689,2561,EDRINGTON AMERICAS,2024-09-01,1087,33902.94,159.34,0.47,169.54,0.94,0,0,0,0,0,0,,0,0,0.0,0,0.5169,0,train
11691,90032,LABELLE VYDS AND WINERY,2024-09-01,177,2122.23,10.82,0.5098,10.61,1.02,0,0,0,0,0,0,,0,0,0.0,0,0.1755,0,train
11698,8320,SHAW ROSS INT L IMP LTD,2024-09-01,1473,12966.02,58.35,0.45,64.84,0.9,0,0,0,0,0,0,,0,0,0.0,0,0.1981,0,train
11702,4380,CHARLES JACQUIN ET CIE INC,2024-09-01,690,5535.26,25.46,0.46,27.68,0.92,0,0,0,0,0,0,,0,0,0.0,0,0.2749,0,train
11704,90047,CRUSH WINES,2024-09-01,368,3542.1,19.48,0.55,17.71,1.1,0,0,0,0,0,0,,0,0,0.0,0,0.457,0,test
11708,9206,PHILLIPS PRODUCTS CO.,2024-09-01,632,8130.88,38.22,0.4701,40.66,0.94,0,0,0,0,0,0,,0,0,0.0,0,0.3356,0,train
11709,90027,POVERTY LANE ORCHARDS,2024-09-01,180,1424.04,7.55,0.5302,7.12,1.06,0,0,0,0,0,0,,0,0,0.0,0,0.4714,0,train
11711,12331,STELLAR IMPORTING CO LLC,2024-09-01,48,306.24,1.44,0.4702,1.53,0.94,0,0,0,0,0,0,,0,0,0.0023,0,0.54,0,train
11722,7239,REMY COINTREAU USA INC,2024-09-01,2285,56019.14,302.5,0.54,280.13,1.08,0,0,0,0,0,0,,0,0,0.0018,0,0.8629,0,train
11723,8150,SEA HAGG DISTILLERY LLC,2024-09-01,373,4817.02,23.6,0.4899,24.09,0.98,0,0,0,0,0,0,,0,0,0.0,0,0.3426,0,test
11642,5455,MARSALLE COMPANY,2024-09-02,148,3837.86,18.81,0.4901,19.19,0.98,0,0,0,0,0,0,,0,0,0.004,0,0.5443,0,test
11653,1189,BULLY BOY DISTILLERS,2024-09-02,491,10435.19,57.39,0.55,52.18,1.1,0,0,0,0,0,0,,0,0,0.0,0,0.8245,0,train
11654,90046,CANDIA VINEYARDS,2024-09-02,35,450.65,2.25,0.4993,2.25,1.0,0,0,0,0,0,0,,0,0,0.0022,0,0.5714,0,train
11694,7153,PINE STATE TRADING CO,2024-09-02,8418,57877.28,300.96,0.52,289.42,1.04,0,0,0,0,0,0,,0,0,0.0025,0,0.6773,0,train
11712,8920,TAKARA SAKE USA INC,2024-09-02,195,953.94,4.29,0.4497,4.77,0.9,0,0,0,0,0,0,,0,0,0.0107,0,0.4084,0,train
11715,9622,WEIN BAUER INC,2024-09-02,14,267.12,1.23,0.4605,1.34,0.92,0,0,0,0,0,0,,0,0,0.0096,0,0.6682,0,test
11716,4466,AMERICAN VINTAGE BEVERAGE,2024-09-02,433,4334.43,20.37,0.47,21.67,0.94,0,0,0,0,0,0,,0,0,0.0,0,0.4698,0,train
11641,4950,LATITUDE BEVERAGE COMPANY,2024-09-03,676,4219.93,23.21,0.55,21.1,1.1,0,0,0,0,0,0,,0,0,0.0,0,0.1681,0,train
11655,17037,Dunn Wine Brokers,2024-09-03,34,403.4,1.9,0.471,2.02,0.94,0,0,0,0,0,0,,0,0,0.0046,0,0.2542,0,train
11656,3252,E & J GALLO WINERY,2024-09-03,37017,256077.2,1408.42,0.55,1280.54,1.1,1,0,0,0,0,0,High-value invoice (>= $250K),1,1,0.9961,1,0.8726,0,train
11659,4848,LAIRD & CO,2024-09-03,195,1646.67,8.4,0.5101,8.23,1.02,0,0,0,0,0,0,,0,0,0.0,0,0.0707,0,train
11663,3089,SIDNEY FRANK IMPORTING CO,2024-09-03,3869,40370.73,193.78,0.48,201.88,0.96,0,0,0,0,0,0,,0,0,0.0,0,0.3825,0,train
11681,17033,SEA BREEZE CELLARS LLC,2024-09-03,106,2173.62,11.95,0.5498,10.87,1.1,0,0,0,0,0,0,,0,0,0.0618,0,0.5721,0,test
11703,1392,CONSTELLATION BRANDS INC,2024-09-03,42289,279881.62,1539.35,0.55,1399.58,1.1,1,0,0,0,0,0,High-value invoice (>= $250K),1,1,0.9887,1,0.8988,0,train
11706,4550,KLIN SPIRITS LLC,2024-09-03,81,1139.67,5.58,0.4896,5.7,0.98,0,0,0,0,0,0,,0,0,0.0043,0,0.0689,0,train
11720,8112,MOET HENNESSY USA INC,2024-09-03,6013,140933.91,718.76,0.51,704.76,1.02,0,0,0,0,0,0,,0,0,0.0072,0,0.5959,0,test
11725,8892,TRINCHERO FAMILY ESTATES,2024-09-03,7018,43727.03,196.77,0.45,218.66,0.9,0,0,0,0,0,0,,0,0,0.0,0,0.6527,0,test
11648,9819,TREASURY WINE ESTATES,2024-09-04,9322,51831.09,233.24,0.45,259.19,0.9,0,0,0,0,0,0,,0,0,0.009,0,0.552,0,train
11668,1128,BROWN-FORMAN CORP,2024-09-04,19450,235097.07,1269.52,0.54,1175.63,1.08,0,0,0,0,0,0,,0,0,0.2126,0,0.8775,0,test
11672,90053,INCREDIBREW INC,2024-09-04,58,503.36,2.62,0.5205,2.52,1.04,0,0,0,0,0,0,,0,0,0.0,0,0.0583,0,test
11699,90017,THE IMPORTED GRAPE LLC,2024-09-04,60,366.84,1.8,0.4907,1.83,0.98,0,0,0,0,0,0,,0,0,0.002,0,0.2748,0,train
11700,1485,CASTLE BRANDS CORP.,2024-09-04,2442,35960.1,165.42,0.46,179.82,0.92,0,0,0,0,0,0,,0,0,0.0019,0,0.1912,0,train
11705,12546,JIM BEAM BRANDS COMPANY,2024-09-04,55970,534989.64,2407.45,0.45,2675.28,0.9,1,0,0,0,0,0,High-value invoice (>= $250K),1,1,0.9997,1,0.9075,0,train
11718,3924,HEAVEN HILL DISTILLERIES,2024-09-04,8026,69502.92,319.71,0.46,347.56,0.92,0,0,0,0,0,0,,0,0,0.0,0,0.1211,0,test
11719,8352,LUXCO INC,2024-09-04,24842,55029.65,291.66,0.53,275.18,1.06,0,0,1,0,0,0,Unit cost far from vendor norm,0,1,0.9566,1,0.8218,1,train
11728,9815,WINE GROUP INC,2024-09-04,15555,93623.34,449.39,0.48,468.17,0.96,0,0,0,0,0,0,,0,0,0.0,0,0.4117,0,train
11637,2496,DUGGANS DISTILLED PRODUCTS,2024-09-05,955,11394.32,52.41,0.46,56.98,0.92,0,0,0,0,0,0,,0,0,0.0049,0,0.8191,0,train
11647,8664,"STOLI GROUP,(USA) LLC",2024-09-05,5692,72772.34,385.69,0.53,363.91,1.06,0,0,0,0,0,0,,0,0,0.0,0,0.5997,0,train
11649,9260,TY KU LLC,2024-09-05,60,613.68,3.07,0.5003,3.07,1.0,0,0,0,0,0,0,,0,0,0.0041,0,0.4106,0,train
11650,9165,ULTRA BEVERAGE COMPANY LLP,2024-09-05,20079,257075.99,1336.8,0.52,1285.54,1.04,1,0,0,0,0,0,High-value invoice (>= $250K),1,1,0.9636,1,0.9518,0,test
11676,6215,MOONLIGHT MEADERY,2024-09-05,165,1484.91,6.68,0.4499,7.43,0.9,0,0,0,0,0,0,,0,0,0.0,0,0.1651,0,test
11683,90056,SWEET BABY VINEYARD,2024-09-05,335,2826.08,12.72,0.4501,14.13,0.9,0,0,0,0,0,0,,0,0,0.0019,0,0.4095,0,test
11710,8673,STE MICHELLE WINE ESTATES,2024-09-05,8513,63738.62,350.56,0.55,318.73,1.1,0,0,0,0,0,0,,0,0,0.0,0,0.311,0,train
11746,9622,WEIN BAUER INC,2024-09-05,30,572.4,2.98,0.5206,2.86,1.04,0,0,0,0,0,0,,0,0,0.0,0,0.0754,0,train
11757,5270,MANGO BOTTLING INC,2024-09-05,614,4316.34,21.58,0.5,21.58,1.0,0,0,0,0,0,0,,0,0,0.0022,0,0.0395,0,test
11764,2000,SOUTHERN WINE & SPIRITS NE,2024-09-05,12497,135153.04,662.25,0.49,675.85,0.98,0,0,0,0,0,0,,0,0,0.0,0,0.5172,0,train
11769,9751,VINEDREA WINES LLC,2024-09-05,4,90.88,0.5,0.5502,0.45,1.1,0,0,0,0,0,0,,0,0,0.0045,0,0.6509,0,train
11792,1189,BULLY BOY DISTILLERS,2024-09-05,120,2628.96,14.2,0.5401,13.15,1.08,0,0,0,0,0,0,,0,0,0.0,0,0.3408,0,test
11803,8664,"STOLI GROUP,(USA) LLC",2024-09-05,6399,82566.8,388.06,0.47,412.89,0.94,0,0,0,0,0,0,,0,0,0.0,0,0.4739,0,test
11816,1703,ALISA CARR BEVERAGES,2024-09-05,25,4598.79,21.15,0.4599,23.0,0.92,0,0,1,0,0,0,Unit cost far from vendor norm,0,1,0.7076,1,1.0,1,test
11828,8673,STE MICHELLE WINE ESTATES,2024-09-05,12032,89339.06,482.43,0.54,446.75,1.08,0,0,0,0,0,0,,0,0,0.0068,0,0.8219,0,train
11830,9819,TREASURY WINE ESTATES,2024-09-05,19445,125137.34,625.69,0.5,625.76,1.0,0,0,0,0,0,0,,0,0,0.0493,0,0.9765,0,test
11635,2242,DELICATO VINEYARDS INC,2024-09-06,3562,29123.06,157.26,0.54,145.63,1.08,0,0,0,0,0,0,,0,0,0.0044,0,0.5423,0,train
11636,1590,DIAGEO CHATEAU ESTATE WINES,2024-09-06,2250,14959.1,73.3,0.49,74.8,0.98,0,0,0,0,0,0,,0,0,0.0885,0,0.8189,0,test
11640,17032,JEWELL TOWNE VINEYARDS,2024-09-06,245,2006.76,10.23,0.5098,10.04,1.02,0,0,0,0,0,0,,0,0,0.0,0,0.4811,0,train
11671,2450,DJINN SPIRITS LLC,2024-09-06,641,10475.3,50.28,0.48,52.38,0.96,0,0,0,0,0,0,,0,0,0.0834,0,0.9881,0,train
11673,4692,KOBRAND CORPORATION,2024-09-06,2470,25283.41,134.0,0.53,126.43,1.06,0,0,0,0,0,0,,0,0,0.0025,0,0.4056,0,train
11674,10000,MAJESTIC FINE WINES,2024-09-06,7266,56944.29,261.94,0.46,284.76,0.92,0,0,0,0,0,0,,0,0,0.0,0,0.3282,0,test
11690,1655,FABRIZIA SPIRITS LLC,2024-09-06,462,6339.12,29.16,0.46,31.7,0.92,0,0,0,0,0,0,,0,0,0.0,0,0.0734,0,train
11701,2876,CENTEUR IMPORTS LLC,2024-09-06,6,52.68,0.24,0.4556,0.26,0.91,0,0,0,0,0,0,,0,0,0.0156,0,0.7882,0,train
11729,287,APPOLO VINEYARDS LLC,2024-09-06,24,250.44,1.38,0.551,1.25,1.1,0,0,0,0,0,0,,0,0,0.0018,0,0.4916,0,train
11733,90051,FULCHINO VINEYARD INC,2024-09-06,47,556.31,2.73,0.4907,2.78,0.98,0,0,0,0,0,0,,0,0,0.0022,0,0.2318,0,test
11736,6359,OLE SMOKY DISTILLERY LLC,2024-09-06,205,2950.88,13.28,0.45,14.76,0.9,0,0,0,0,0,0,,0,0,0.0021,0,0.4211,0,test
11748,480,BACARDI USA INC,2024-09-06,22317,253169.4,1265.85,0.5,1266.0,1.0,1,0,0,0,0,0,High-value invoice (>= $250K),1,1,0.9904,1,0.5156,0,train
11751,2450,DJINN SPIRITS LLC,2024-09-06,48,785.04,4.0,0.5095,3.93,1.02,0,0,0,0,0,0,,0,0,0.0,0,0.5262,0,train
11754,90053,INCREDIBREW INC,2024-09-06,130,1148.74,5.51,0.4797,5.74,0.96,0,0,0,0,0,0,,0,0,0.0,0,0.0557,0,train
11758,6213,MHW LTD,2024-09-06,4393,50706.4,238.32,0.47,253.56,0.94,0,0,0,0,0,0,,0,0,0.0,0,0.0756,0,train
11774,2876,CENTEUR IMPORTS LLC,2024-09-06,34,290.56,1.42,0.4887,1.45,0.98,0,0,0,0,0,0,,0,0,0.011,0,0.471,0,train
11785,10050,Russian Standard Vodka,2024-09-06,721,12055.94,63.9,0.53,60.29,1.06,0,0,0,0,0,0,,0,0,0.0,0,0.7263,0,train
11797,90052,HAUNTING WHISPER VYDS,2024-09-06,12,99.24,0.54,0.5441,0.5,1.09,0,0,0,0,0,0,,0,0,0.0,0,0.6065,0,train
11804,90056,SWEET BABY VINEYARD,2024-09-06,448,3708.32,17.8,0.48,18.54,0.96,0,0,0,0,0,0,,0,0,0.0,0,0.1849,0,train
11812,5992,MCCORMICK DISTILLING CO,2024-09-06,511,4938.66,24.69,0.4999,24.7,1.0,0,0,0,0,0,0,,0,0,0.0,0,0.2073,0,train
11813,90027,POVERTY LANE ORCHARDS,2024-09-06,511,4036.55,18.16,0.4499,20.19,0.9,0,0,0,0,0,0,,0,0,0.0219,0,0.7655,0,test
11831,1587,VINEYARD BRANDS INC,2024-09-06,9259,62759.68,301.25,0.48,313.84,0.96,0,0,0,0,0,0,,0,0,0.0019,0,0.7588,0,test
11731,1273,CALEDONIA SPIRITS INC,2024-09-07,153,4643.38,20.9,0.4501,23.22,0.9,0,0,0,0,0,0,,0,0,0.0092,0,0.7907,0,train
11740,8150,SEA HAGG DISTILLERY LLC,2024-09-07,448,5598.99,25.2,0.4501,28.0,0.9,0,0,0,0,0,0,,0,0,0.0,0,0.3899,0,test
11747,3664,WILLIAM GRANT & SONS INC,2024-09-07,8146,138243.08,691.22,0.5,691.3,1.0,0,0,0,0,0,0,,0,0,0.0,0,0.8091,0,train
11759,6215,MOONLIGHT MEADERY,2024-09-07,167,1481.68,6.67,0.4502,7.41,0.9,0,0,0,0,0,0,,0,0,0.0,0,0.035,0,train
11767,90037,THE PIERPONT GROUP LLC,2024-09-07,12,81.6,0.42,0.5147,0.41,1.03,0,0,0,0,0,0,,0,0,0.0073,0,0.5869,0,test
11773,1485,CASTLE BRANDS CORP.,2024-09-07,1874,27862.2,136.52,0.49,139.33,0.98,0,0,0,0,0,0,,0,0,0.0,0,0.1571,0,train
11775,1650,Circa Wines,2024-09-07,84,1119.48,5.04,0.4502,5.6,0.9,0,0,0,0,0,0,,0,0,0.0,0,0.5134,0,train
11776,2242,DELICATO VINEYARDS INC,2024-09-07,3709,29828.83,149.14,0.5,149.16,1.0,0,0,0,0,0,0,,0,0,0.0,0,0.2039,0,train
11778,3924,HEAVEN HILL DISTILLERIES,2024-09-07,7137,57645.01,265.17,0.46,288.26,0.92,0,0,0,0,0,0,,0,0,0.0,0,0.1535,0,train
11781,4425,MARTIGNETTI COMPANIES,2024-09-07,65471,699729.97,3148.78,0.45,3499.08,0.9,1,0,0,0,0,0,High-value invoice (>= $250K),1,1,0.9997,1,0.982,0,train
11787,28776,TALL SHIP DISTILLERY LLC,2024-09-07,24,511.68,2.46,0.4808,2.56,0.96,0,0,0,0,0,0,,0,0,0.0046,0,0.3397,0,test
11807,60,ADAMBA IMPORTS INTL INC,2024-09-07,167,2717.09,12.77,0.47,13.59,0.94,0,0,0,0,0,0,,0,0,0.0,0,0.2767,0,train
11811,8352,LUXCO INC,2024-09-07,7873,41794.53,225.69,0.54,209.0,1.08,0,0,0,0,0,0,,0,0,0.0178,0,0.7132,0,train
11826,7245,PROXIMO SPIRITS INC.,2024-09-07,13271,151869.54,804.91,0.53,759.44,1.06,0,0,0,0,0,0,,0,0,0.0041,0,0.6671,0,train
11833,9815,WINE GROUP INC,2024-09-07,26515,149023.59,685.51,0.46,745.21,0.92,0,0,0,0,0,0,,0,0,0.0113,0,0.7595,0,train
11732,90011,FORTUNE WINE BROKERS LLC,2024-09-08,84,714.36,3.93,0.5501,3.57,1.1,0,0,0,0,0,0,,0,0,0.0022,0,0.4249,0,train
11734,17032,JEWELL TOWNE VINEYARDS,2024-09-08,202,1735.56,8.5,0.4898,8.68,0.98,0,0,0,0,0,0,,0,0,0.0041,0,0.6648,0,train
11739,7239,REMY COINTREAU USA INC,2024-09-08,3014,59992.18,311.96,0.52,300.0,1.04,0,0,0,0,0,0,,0,0,0.0,0,0.4754,0,test
11783,17035,PERNOD RICARD USA,2024-09-08,38402,606302.79,2788.99,0.46,3031.89,0.92,1,0,0,0,0,0,High-value invoice (>= $250K),1,1,0.9975,1,0.8768,0,test
11796,3252,E & J GALLO WINERY,2024-09-08,46146,324355.01,1589.34,0.49,1621.98,0.98,1,0,0,0,0,0,High-value invoice (>= $250K),1,1,1.0,1,0.8851,0,train
11799,4950,LATITUDE BEVERAGE COMPANY,2024-09-08,787,4862.6,24.31,0.4999,24.32,1.0,0,0,0,0,0,0,,0,0,0.0022,0,0.243,0,test
11806,90010,VINEXTRA INC,2024-09-08,116,1284.01,6.42,0.5,6.42,1.0,0,0,0,0,0,0,,0,0,0.0024,0,0.2693,0,train
11815,8320,SHAW ROSS INT L IMP LTD,2024-09-08,1510,15023.23,72.11,0.48,75.13,0.96,0,0,0,0,0,0,,0,0,0.0,0,0.2672,0,test
11819,1590,DIAGEO CHATEAU ESTATE WINES,2024-09-08,3341,28650.31,143.25,0.5,143.27,1.0,0,0,0,0,0,0,,0,0,0.0,0,0.3583,0,train
11730,1128,BROWN-FORMAN CORP,2024-09-09,17998,242967.77,1190.54,0.49,1214.99,0.98,0,0,0,0,0,0,,0,0,0.1399,0,0.7536,0,train
11749,90046,CANDIA VINEYARDS,2024-09-09,48,585.24,3.04,0.5194,2.93,1.04,0,0,0,0,0,0,,0,0,0.0024,0,0.2185,0,test
11753,9744,FREDERICK WILDMAN & SONS,2024-09-09,886,8941.65,42.03,0.47,44.71,0.94,0,0,0,0,0,0,,0,0,0.0,0,0.1559,0,train
11763,98450,Serralles Usa LLC,2024-09-09,733,27163.64,122.24,0.45,135.84,0.9,0,0,1,0,0,0,Unit cost far from vendor norm,0,1,0.8379,1,0.9955,1,train
11765,8735,SURVILLE ENTERPRISES CORP,2024-09-09,121,684.63,3.42,0.4995,3.42,1.0,0,0,0,0,0,0,,0,0,0.0,0,0.3657,0,train
11777,2496,DUGGANS DISTILLED PRODUCTS,2024-09-09,743,11450.87,59.54,0.52,57.26,1.04,0,0,0,0,0,0,,0,0,0.0023,0,0.8209,0,train
11784,7255,PSP WINES,2024-09-09,322,2423.92,12.6,0.5198,12.12,1.04,0,0,0,0,0,0,,0,0,0.0,0,0.1496,0,train
11786,3089,SIDNEY FRANK IMPORTING CO,2024-09-09,4729,49277.7,231.61,0.47,246.42,0.94,0,0,0,0,0,0,,0,0,0.0022,0,0.3253,0,test
11791,388,ATLANTIC IMPORTING COMPANY,2024-09-09,41,874.12,4.55,0.5205,4.37,1.04,0,0,0,0,0,0,,0,0,0.0,0,0.2966,0,train
11794,3960,DIAGEO NORTH AMERICA INC,2024-09-09,112335,1114978.86,6020.89,0.54,5575.59,1.08,1,0,0,0,0,0,High-value invoice (>= $250K),1,1,0.9947,1,0.9594,0,train
11809,90047,CRUSH WINES,2024-09-09,595,8735.23,41.06,0.4701,43.68,0.94,0,0,0,0,0,0,,0,0,0.0046,0,0.5883,0,test
11822,10000,MAJESTIC FINE WINES,2024-09-09,9737,91386.48,438.66,0.48,456.99,0.96,0,0,0,0,0,0,,0,0,0.0,0,0.569,0,train
11735,5612,MILTONS DISTRIBUTING CO,2024-09-10,12,69.6,0.32,0.4598,0.35,0.92,0,0,0,0,0,0,,0,0,0.0063,0,0.7765,0,test
11737,9206,PHILLIPS PRODUCTS CO.,2024-09-10,772,10202.77,48.97,0.48,51.02,0.96,0,0,0,0,0,0,,0,0,0.0024,0,0.297,0,test
11755,12546,JIM BEAM BRANDS COMPANY,2024-09-10,64412,615775.03,3017.3,0.49,3079.26,0.98,1,0,0,0,0,0,High-value invoice (>= $250K),1,1,1.0,1,0.8315,0,train
11762,17033,SEA BREEZE CELLARS LLC,2024-09-10,60,511.92,2.3,0.4493,2.56,0.9,0,0,0,0,0,0,,0,0,0.0,0,0.4682,0,train
11766,172662,SWEETWATER FARM,2024-09-10,65,1402.75,7.43,0.5297,7.01,1.06,0,0,0,0,0,0,,0,0,0.0,0,0.3143,0,train
11788,9165,ULTRA BEVERAGE COMPANY LLP,2024-09-10,23331,293016.08,1582.29,0.54,1465.26,1.08,1,0,0,0,0,0,High-value invoice (>= $250K),1,1,0.9921,1,0.8914,0,test
11790,90057,WALPOLE MTN VIEW WINERY,2024-09-10,48,557.52,3.07,0.5507,2.79,1.1,0,0,0,0,0,0,,0,0,0.0089,0,0.436,0,train
11798,4692,KOBRAND CORPORATION,2024-09-10,4550,37842.42,174.08,0.46,189.24,0.92,0,0,0,0,0,0,,0,0,0.0,0,0.4115,0,test
11802,99166,STARK BREWING COMPANY,2024-09-10,588,12594.96,61.72,0.49,62.98,0.98,0,0,0,0,0,0,,0,0,0.053,0,0.8829,0,train
11814,660,SAZERAC NORTH AMERICA INC.,2024-09-10,12184,80058.89,432.32,0.54,400.34,1.08,0,0,0,0,0,0,,0,0,0.0,0,0.2796,0,train
11817,105,ALTAMAR BRANDS LLC,2024-09-10,6,214.26,1.05,0.4901,1.07,0.98,0,0,0,0,0,0,,0,0,0.0125,0,0.6287,0,train
11823,5455,MARSALLE COMPANY,2024-09-10,237,6224.78,29.88,0.48,31.13,0.96,0,0,0,0,0,0,,0,0,0.0,0,0.2775,0,test
11824,6785,PALM BAY INTERNATIONAL INC,2024-09-10,10543,75132.56,353.12,0.47,375.71,0.94,0,0,0,0,0,0,,0,0,0.0,0,0.5427,0,test
11829,8920,TAKARA SAKE USA INC,2024-09-10,212,1031.44,4.64,0.4499,5.16,0.9,0,0,0,0,0,0,,0,0,0.0204,0,0.558,0,test
11742,653,STATE WINE & SPIRITS,2024-09-11,2737,26896.58,134.48,0.5,134.5,1.0,0,0,0,0,0,0,,0,0,0.0,0,0.7404,0,train
11744,173357,TAMWORTH DISTILLING,2024-09-11,40,774.8,4.26,0.5498,3.87,1.1,0,0,0,0,0,0,,0,0,0.0,0,0.2394,0,train
11768,8892,TRINCHERO FAMILY ESTATES,2024-09-11,10269,67841.09,352.77,0.52,339.25,1.04,0,0,0,0,0,0,,0,0,0.0,0,0.3318,0,train
11779,4550,KLIN SPIRITS LLC,2024-09-11,114,1603.98,7.38,0.4601,8.02,0.92,0,0,0,0,0,0,,0,0,0.0,0,0.0767,0,test
11800,8112,MOET HENNESSY USA INC,2024-09-11,6083,136014.59,625.67,0.46,680.16,0.92,0,0,0,0,0,0,,0,0,0.0,0,0.4368,0,test
11805,90017,THE IMPORTED GRAPE LLC,2024-09-11,72,486.96,2.34,0.4805,2.44,0.96,0,0,0,0,0,0,,0,0,0.0025,0,0.2255,0,train
11810,1655,FABRIZIA SPIRITS LLC,2024-09-11,678,9782.13,48.91,0.5,48.92,1.0,0,0,0,0,0,0,,0,0,0.0,0,0.1791,0,test
11820,17031,FLAG HILL WINERY & VINEYARD,2024-09-11,589,7801.32,38.23,0.49,39.01,0.98,0,0,0,0,0,0,,0,0,0.0,0,0.0312,0,train
11825,10754,PERFECTA WINES,2024-09-11,17937,203663.44,1099.78,0.54,1018.44,1.08,0,0,0,0,0,0,,0,0,0.0187,0,0.8366,0,train
11834,90058,ZORVINO VINEYARDS,2024-09-11,156,1282.92,6.16,0.4802,6.42,0.96,0,0,0,0,0,0,,0,0,0.0,0,0.0566,0,train
11741,28750,SMOKY QUARTZ DISTILLERY LLC,2024-09-12,72,1552.8,6.99,0.4502,7.76,0.9,0,0,0,0,0,0,,0,0,0.0024,0,0.4636,0,train
11745,9260,TY KU LLC,2024-09-12,64,612.38,3.18,0.5193,3.06,1.04,0,0,0,0,0,0,,0,0,0.0022,0,0.4074,0,train
11752,2561,EDRINGTON AMERICAS,2024-09-12,1254,41166.15,218.18,0.53,205.86,1.06,0,0,0,0,0,0,,0,0,0.1335,0,0.9038,0,train
11760,7153,PINE STATE TRADING CO,2024-09-12,9286,65985.64,336.53,0.51,329.97,1.02,0,0,0,0,0,0,,0,0,0.0022,0,0.6827,0,test
11761,7240,"PREMIUM PORT WINES, INC.",2024-09-12,132,991.56,5.35,0.5396,4.96,1.08,0,0,0,0,0,0,,0,0,0.0,0,0.2865,0,train
11771,4466,AMERICAN VINTAGE BEVERAGE,2024-09-12,370,3640.18,18.2,0.5,18.2,1.0,0,0,0,0,0,0,,0,0,0.0,0,0.0716,0,test
11772,11567,CAMPARI AMERICA,2024-09-12,9617,75865.43,402.09,0.53,379.37,1.06,0,0,0,0,0,0,,0,0,0.0,0,0.1207,0,train
11780,4848,LAIRD & CO,2024-09-12,268,2088.96,10.65,0.5098,10.45,1.02,0,0,0,0,0,0,,0,0,0.0,0,0.0354,0,train
11782,6355,NICHE W & S,2024-09-12,35,515.06,2.68,0.5203,2.58,1.04,0,0,0,0,0,0,,0,0,0.0,0,0.0907,0,train
11801,6830,PARK STREET IMPORTS LLC,2024-09-12,216,3538.8,18.4,0.52,17.7,1.04,0,0,0,0,0,0,,0,0,0.0,0,0.0521,0,test
11808,4380,CHARLES JACQUIN ET CIE INC,2024-09-12,746,6379.09,28.71,0.4501,31.9,0.9,0,0,0,0,0,0,,0,0,0.0,0,0.0135,0,train
11818,516,BANFI PRODUCTS CORP,2024-09-12,3662,25354.93,139.45,0.55,126.79,1.1,0,0,0,0,0,0,,0,0,0.0022,0,0.319,0,test
11821,90032,LABELLE VYDS AND WINERY,2024-09-12,286,3199.51,16.0,0.5001,16.0,1.0,0,0,0,0,0,0,,0,0,0.0,0,0.0005,0,train
11827,8004,SAZERAC CO INC,2024-09-12,34618,207108.42,994.12,0.48,1035.67,0.96,0,0,0,0,0,0,,0,0,0.0088,0,0.5138,0,train
11832,90024,VINILANDIA USA,2024-09-12,940,9741.26,46.76,0.48,48.71,0.96,0,0,0,0,0,0,,0,0,0.0,0,0.0299,0,test
11843,5455,MARSALLE COMPANY,2024-09-12,120,3399.91,16.66,0.49,17.0,0.98,0,0,0,0,0,0,,0,0,0.0046,0,0.385,0,train
11852,660,SAZERAC NORTH AMERICA INC.,2024-09-12,11291,83699.71,376.65,0.45,418.55,0.9,0,0,0,0,0,0,,0,0,0.0,0,0.3817,0,train
11864,9744,FREDERICK WILDMAN & SONS,2024-09-12,1104,10274.97,50.35,0.49,51.38,0.98,0,0,0,0,0,0,,0,0,0.0,0,0.4528,0,test
11869,9552,M S WALKER INC,2024-09-12,27972,214082.29,1091.82,0.51,1070.54,1.02,0,0,0,0,0,0,,0,0,0.0045,0,0.9417,0,train
11875,7749,R.P.IMPORTS INC,2024-09-12,11,593.89,3.21,0.5405,2.97,1.08,0,0,0,0,0,0,,0,0,0.1482,0,0.7826,0,train
11877,8735,SURVILLE ENTERPRISES CORP,2024-09-12,126,803.88,3.78,0.4702,4.02,0.94,0,0,0,0,0,0,,0,0,0.0017,0,0.1965,0,train
11886,4950,LATITUDE BEVERAGE COMPANY,2024-09-12,1024,6347.27,31.1,0.49,31.74,0.98,0,0,0,0,0,0,,0,0,0.0022,0,0.3543,0,train
11887,10000,MAJESTIC FINE WINES,2024-09-12,6356,55437.2,304.9,0.55,277.22,1.1,0,0,0,0,0,0,,0,0,0.0,0,0.4846,0,train
11890,6355,NICHE W & S,2024-09-12,74,1087.8,5.55,0.5102,5.44,1.02,0,0,0,0,0,0,,0,0,0.0,0,0.1174,0,train
11892,9206,PHILLIPS PRODUCTS CO.,2024-09-12,698,9001.38,45.91,0.51,45.01,1.02,0,0,0,0,0,0,,0,0,0.002,0,0.2297,0,train
11894,8150,SEA HAGG DISTILLERY LLC,2024-09-12,297,3726.23,18.63,0.5,18.63,1.0,0,0,0,0,0,0,,0,0,0.0,0,0.066,0,train
11919,8892,TRINCHERO FAMILY ESTATES,2024-09-12,9149,60250.77,331.38,0.55,301.29,1.1,0,0,0,0,0,0,,0,0,0.0,0,0.7449,0,train
11923,17037,Dunn Wine Brokers,2024-09-12,70,798.0,4.31,0.5401,3.99,1.08,0,0,0,0,0,0,,0,0,0.0024,0,0.6464,0,train
11930,10754,PERFECTA WINES,2024-09-12,8651,76388.62,420.14,0.55,381.99,1.1,0,0,0,0,0,0,,0,0,0.0,0,0.9845,0,train
11738,7154,PREMIER DISTRIBUTORS,2024-09-13,189,2768.53,13.57,0.4902,13.84,0.98,0,0,0,1,0,0,Lead time unusual for vendor,0,1,0.7046,1,0.9264,1,train
11743,12331,STELLAR IMPORTING CO LLC,2024-09-13,24,199.92,0.92,0.4602,1.0,0.92,0,0,0,0,0,0,,0,0,0.0311,0,0.816,0,train
11750,2555,DISARONNO INTERNATIONAL LLC,2024-09-13,1443,14682.22,74.88,0.51,73.42,1.02,0,0,0,0,0,0,,0,0,0.0,0,0.5791,0,train
11756,9552,M S WALKER INC,2024-09-13,38331,293951.64,1381.57,0.47,1469.94,0.94,1,0,0,0,0,0,High-value invoice (>= $250K),1,1,0.9969,1,0.9747,0,train
11770,9625,WESTERN SPIRITS BEVERAGE CO,2024-09-13,1390,9309.42,47.48,0.51,46.55,1.02,0,0,0,0,0,0,,0,0,0.0,0,0.4297,0,train
11789,1601,VRANKEN AMERICA,2024-09-13,185,2693.5,14.54,0.5398,13.47,1.08,0,0,0,0,0,0,,0,0,0.0024,0,0.2035,0,train
11793,1392,CONSTELLATION BRANDS INC,2024-09-13,74986,444607.39,2134.12,0.48,2223.31,0.96,1,0,0,0,0,0,High-value invoice (>= $250K),1,1,0.9738,1,0.9699,0,train
11795,17037,Dunn Wine Brokers,2024-09-13,201,2385.72,11.69,0.49,11.93,0.98,0,0,0,0,0,0,,0,0,0.0023,0,0.3296,0,train
11838,3924,HEAVEN HILL DISTILLERIES,2024-09-13,6887,58270.38,314.66,0.54,291.39,1.08,0,0,0,0,0,0,,0,0,0.0,0,0.1633,0,train
11844,90027,POVERTY LANE ORCHARDS,2024-09-13,48,377.04,1.89,0.5013,1.89,1.0,0,0,0,0,0,0,,0,0,0.0,0,0.0617,0,train
11851,8004,SAZERAC CO INC,2024-09-13,30970,234937.9,1221.68,0.52,1174.84,1.04,0,0,0,0,0,0,,0,0,0.2593,0,0.5306,0,test
11865,90051,FULCHINO VINEYARD INC,2024-09-13,23,231.38,1.2,0.5186,1.16,1.04,0,0,0,0,0,0,,0,0,0.0,0,0.2322,0,train
11867,12546,JIM BEAM BRANDS COMPANY,2024-09-13,57440,536397.64,2896.55,0.54,2682.32,1.08,1,0,0,0,0,0,High-value invoice (>= $250K),1,1,1.0,1,0.7875,0,train
11873,6830,PARK STREET IMPORTS LLC,2024-09-13,161,2618.27,13.35,0.5099,13.09,1.02,0,0,0,0,0,0,,0,0,0.0,0,0.0216,0,test
11891,17035,PERNOD RICARD USA,2024-09-13,33801,524622.06,2623.11,0.5,2623.44,1.0,1,0,0,0,0,0,High-value invoice (>= $250K),1,1,1.0,1,0.777,0,train
11905,1485,CASTLE BRANDS CORP.,2024-09-13,2054,30109.48,144.53,0.48,150.57,0.96,0,0,0,0,0,0,,0,0,0.0022,0,0.2641,0,test
11907,3960,DIAGEO NORTH AMERICA INC,2024-09-13,108240,1019820.55,4691.17,0.46,5099.74,0.92,1,0,0,0,0,0,High-value invoice (>= $250K),1,1,1.0,1,0.9435,0,train
11909,1655,FABRIZIA SPIRITS LLC,2024-09-13,455,6290.39,34.6,0.55,31.46,1.1,0,0,0,0,0,0,,0,0,0.0,0,0.3493,0,test
11911,7240,"PREMIUM PORT WINES, INC.",2024-09-13,102,702.78,3.8,0.5407,3.51,1.08,0,0,0,0,0,0,,0,0,0.0,0,0.2302,0,train
11913,3089,SIDNEY FRANK IMPORTING CO,2024-09-13,4042,44156.53,238.45,0.54,220.81,1.08,0,0,0,0,0,0,,0,0,0.0022,0,0.3022,0,train
11921,1189,BULLY BOY DISTILLERS,2024-09-13,103,2262.95,10.18,0.4499,11.32,0.9,0,0,0,0,0,0,,0,0,0.0022,0,0.4092,0,train
11931,98450,Serralles Usa LLC,2024-09-13,357,4783.5,25.83,0.54,23.92,1.08,0,0,0,0,0,0,,0,0,0.0,0,0.2764,0,train
11932,2000,SOUTHERN WINE & SPIRITS NE,2024-09-13,8109,73344.82,403.4,0.55,366.77,1.1,0,0,0,0,0,0,,0,0,0.0046,0,0.7056,0,train
11937,90058,ZORVINO VINEYARDS,2024-09-13,273,2112.88,10.78,0.5102,10.57,1.02,0,0,0,0,0,0,,0,0,0.002,0,0.5836,0,train
11845,10050,Russian Standard Vodka,2024-09-14,99,1256.34,6.41,0.5102,6.28,1.02,0,0,0,0,0,0,,0,0,0.0,0,0.0242,0,train
11846,9260,TY KU LLC,2024-09-14,24,304.08,1.58,0.5196,1.52,1.04,0,0,0,0,0,0,,0,0,0.0024,0,0.4905,0,train
11848,9622,WEIN BAUER INC,2024-09-14,42,801.36,4.01,0.5004,4.01,1.0,0,0,0,0,0,0,,0,0,0.0,0,0.2648,0,test
11849,3664,WILLIAM GRANT & SONS INC,2024-09-14,7200,113471.27,601.4,0.53,567.43,1.06,0,0,0,0,0,0,,0,0,0.0,0,0.4294,0,train
11860,2876,CENTEUR IMPORTS LLC,2024-09-14,64,471.56,2.45,0.5196,2.36,1.04,0,0,0,0,0,0,,0,0,0.017,0,0.689,0,test
11883,1392,CONSTELLATION BRANDS INC,2024-09-14,49265,315031.2,1480.65,0.47,1575.35,0.94,1,0,0,0,0,0,High-value invoice (>= $250K),1,1,0.9998,1,0.912,0,train
11897,9819,TREASURY WINE ESTATES,2024-09-14,10721,68821.14,344.11,0.5,344.15,1.0,0,0,0,0,0,0,,0,0,0.0,0,0.3536,0,train
11926,4848,LAIRD & CO,2024-09-14,1507,15377.36,81.5,0.53,76.9,1.06,0,0,0,0,0,0,,0,0,0.0045,0,0.8995,0,train
11928,4425,MARTIGNETTI COMPANIES,2024-09-14,54131,578318.15,2949.42,0.51,2891.95,1.02,1,0,0,0,0,0,High-value invoice (>= $250K),1,1,0.9984,1,0.9883,0,train
11835,105,ALTAMAR BRANDS LLC,2024-09-15,6,214.26,1.11,0.5181,1.07,1.04,0,0,0,0,0,0,,0,0,0.0065,0,0.8376,0,train
11836,1650,Circa Wines,2024-09-15,24,201.12,1.01,0.5022,1.01,1.0,0,0,0,0,0,0,,0,0,0.0067,0,0.7988,0,test
11847,90057,WALPOLE MTN VIEW WINERY,2024-09-15,24,293.28,1.5,0.5115,1.47,1.02,0,0,0,0,0,0,,0,0,0.0,0,0.4155,0,train
11855,90017,THE IMPORTED GRAPE LLC,2024-09-15,59,481.89,2.51,0.5209,2.41,1.04,0,0,0,0,0,0,,0,0,0.0,0,0.4454,0,train
11862,2561,EDRINGTON AMERICAS,2024-09-15,1025,28812.95,141.18,0.49,144.08,0.98,0,0,0,0,0,0,,0,0,0.0114,0,0.5614,0,train
11872,6359,OLE SMOKY DISTILLERY LLC,2024-09-15,288,3589.19,16.15,0.45,17.95,0.9,0,0,0,0,0,0,,0,0,0.0128,0,0.1745,0,test
11874,7154,PREMIER DISTRIBUTORS,2024-09-15,76,1316.8,5.93,0.4503,6.58,0.9,0,0,0,0,0,0,,0,0,0.0,0,0.2178,0,train
11881,11567,CAMPARI AMERICA,2024-09-15,10064,79913.54,359.61,0.45,399.62,0.9,0,0,0,0,0,0,,0,0,0.0,0,0.3713,0,train
11884,2242,DELICATO VINEYARDS INC,2024-09-15,4362,35527.0,195.4,0.55,177.66,1.1,0,0,0,0,0,0,,0,0,0.0,0,0.3913,0,train
11902,388,ATLANTIC IMPORTING COMPANY,2024-09-15,30,639.6,3.52,0.5503,3.2,1.1,0,0,0,0,0,0,,0,0,0.0,0,0.5217,0,test
11903,516,BANFI PRODUCTS CORP,2024-09-15,4560,32450.67,178.48,0.55,162.27,1.1,0,0,0,0,0,0,,0,0,0.0,0,0.4406,0,test
11906,1590,DIAGEO CHATEAU ESTATE WINES,2024-09-15,3965,28011.96,148.46,0.53,140.08,1.06,0,0,0,0,0,0,,0,0,0.0,0,0.4597,0,test
11918,173357,TAMWORTH DISTILLING,2024-09-15,12,232.44,1.07,0.4603,1.16,0.92,0,0,0,0,0,0,,0,0,0.0041,0,0.7554,0,train
11920,1128,BROWN-FORMAN CORP,2024-09-15,18120,257530.21,1184.64,0.46,1287.81,0.92,1,0,0,0,0,0,High-value invoice (>= $250K),1,1,0.9016,1,0.8421,0,train
11927,5270,MANGO BOTTLING INC,2024-09-15,571,4033.95,22.19,0.5501,20.17,1.1,0,0,0,0,0,0,,0,0,0.0024,0,0.6588,0,test
11854,172662,SWEETWATER FARM,2024-09-16,36,804.36,3.94,0.4898,4.02,0.98,0,0,0,0,0,0,,0,0,0.0022,0,0.3552,0,test
11857,1703,ALISA CARR BEVERAGES,2024-09-16,6,389.58,1.79,0.4595,1.95,0.92,0,0,0,0,0,0,,0,0,0.0937,0,0.7707,0,train
11870,8112,MOET HENNESSY USA INC,2024-09-16,8034,153836.96,769.18,0.5,769.28,1.0,0,0,0,0,0,0,,0,0,0.0022,0,0.6219,0,test
11888,5992,MCCORMICK DISTILLING CO,2024-09-16,532,5450.03,28.89,0.5301,27.25,1.06,0,0,0,0,0,0,,0,0,0.0023,0,0.3556,0,test
11900,60,ADAMBA IMPORTS INTL INC,2024-09-16,280,4555.6,21.41,0.47,22.78,0.94,0,0,0,0,0,0,,0,0,0.0,0,0.2167,0,train
11910,7153,PINE STATE TRADING CO,2024-09-16,8585,62157.56,329.44,0.53,310.83,1.06,0,0,0,0,0,0,,0,0,0.0,0,0.7251,0,train
11863,90011,FORTUNE WINE BROKERS LLC,2024-09-17,86,755.22,3.7,0.4899,3.78,0.98,0,0,0,0,0,0,,0,0,0.0,0,0.0866,0,train
11896,2000,SOUTHERN WINE & SPIRITS NE,2024-09-17,1306,7992.72,43.96,0.55,39.97,1.1,0,0,0,0,0,0,,0,0,0.0331,0,0.5878,0,train
11898,9165,ULTRA BEVERAGE COMPANY LLP,2024-09-17,22371,253487.96,1368.83,0.54,1267.6,1.08,1,0,0,0,0,0,High-value invoice (>= $250K),1,1,0.9933,1,0.8448,0,train
11933,653,STATE WINE & SPIRITS,2024-09-17,3152,30976.49,164.18,0.53,154.9,1.06,0,0,0,0,0,0,,0,0,0.0,0,0.3137,0,test
11934,8664,"STOLI GROUP,(USA) LLC",2024-09-17,14397,152221.92,761.11,0.5,761.2,1.0,0,0,0,0,0,0,,0,0,0.022,0,0.6958,0,train
11840,17032,JEWELL TOWNE VINEYARDS,2024-09-18,107,822.22,3.86,0.4695,4.11,0.94,0,0,0,0,0,0,,0,0,0.0,0,0.1324,0,train
11842,4692,KOBRAND CORPORATION,2024-09-18,3932,48479.78,247.25,0.51,242.43,1.02,0,0,0,0,0,0,,0,0,0.0,0,0.3967,0,train
11850,7245,PROXIMO SPIRITS INC.,2024-09-18,12435,150100.15,675.45,0.45,750.59,0.9,0,0,0,0,0,0,,0,0,0.0024,0,0.5037,0,test
11856,90010,VINEXTRA INC,2024-09-18,255,4461.58,21.42,0.4801,22.31,0.96,0,0,0,0,0,0,,0,0,0.0161,0,0.8411,0,test
11858,200,AMERICAN SPIRITS EXCHANGE,2024-09-18,48,467.04,2.34,0.501,2.34,1.0,0,0,0,0,0,0,,0,0,0.0,0,0.9008,0,train
11871,6215,MOONLIGHT MEADERY,2024-09-18,131,1171.36,5.74,0.49,5.86,0.98,0,0,0,0,0,0,,0,0,0.0,0,0.0265,0,train
11889,6213,MHW LTD,2024-09-18,3882,43543.31,230.78,0.53,217.74,1.06,0,0,0,0,0,0,,0,0,0.0,0,0.0408,0,test
11893,7255,PSP WINES,2024-09-18,295,2230.67,11.15,0.4998,11.15,1.0,0,0,0,0,0,0,,0,0,0.0,0,0.0058,0,train
11899,1601,VRANKEN AMERICA,2024-09-18,148,1699.59,8.16,0.4801,8.5,0.96,0,0,0,0,0,0,,0,0,0.0,0,0.0498,0,train
11908,2555,DISARONNO INTERNATIONAL LLC,2024-09-18,2169,19122.54,97.52,0.51,95.62,1.02,0,0,0,0,0,0,,0,0,0.0024,0,0.0857,0,train
11912,7239,REMY COINTREAU USA INC,2024-09-18,2056,49010.19,230.35,0.47,245.08,0.94,0,0,0,0,0,0,,0,0,0.0,0,0.379,0,train
11935,9625,WESTERN SPIRITS BEVERAGE CO,2024-09-18,1754,11133.51,61.23,0.55,55.67,1.1,0,0,0,0,0,0,,0,0,0.0046,0,0.2603,0,train
11837,17031,FLAG HILL WINERY & VINEYARD,2024-09-19,489,6644.55,33.89,0.51,33.23,1.02,0,0,0,0,0,0,,0,0,0.0,0,0.3635,0,train
11853,17033,SEA BREEZE CELLARS LLC,2024-09-19,150,1485.24,6.98,0.47,7.43,0.94,0,0,0,0,0,0,,0,0,0.0,0,0.0871,0,test
11879,90024,VINILANDIA USA,2024-09-19,1282,11377.0,51.2,0.45,56.89,0.9,0,0,0,0,0,0,,0,0,0.0022,0,0.2989,0,train
11904,2396,BLACK PRINCE DISTILLERY INC,2024-09-19,12,52.08,0.23,0.4416,0.26,0.88,0,0,0,0,0,0,,0,0,0.053,0,0.7431,0,test
11915,90056,SWEET BABY VINEYARD,2024-09-19,396,3295.98,15.82,0.48,16.48,0.96,0,0,0,0,0,0,,0,0,0.0,0,0.0038,0,train
11929,6785,PALM BAY INTERNATIONAL INC,2024-09-19,10423,70930.89,375.93,0.53,354.7,1.06,0,0,0,0,0,0,,0,0,0.0,0,0.122,0,test
11936,9815,WINE GROUP INC,2024-09-19,21416,121965.1,634.22,0.52,609.9,1.04,0,0,0,0,0,0,,0,0,0.0,0,0.4855,0,train
11957,90047,CRUSH WINES,2024-09-19,365,4381.43,21.91,0.5001,21.91,1.0,0,0,0,0,0,0,,0,0,0.0,0,0.0401,0,train
11974,9744,FREDERICK WILDMAN & SONS,2024-09-19,627,7224.52,33.96,0.4701,36.13,0.94,0,0,0,0,0,0,,0,0,0.0023,0,0.1672,0,train
11990,1601,VRANKEN AMERICA,2024-09-19,87,1314.63,7.23,0.55,6.57,1.1,0,0,0,0,0,0,,0,0,0.0,0,0.3372,0,train
11997,2555,DISARONNO INTERNATIONAL LLC,2024-09-19,1352,15585.55,70.13,0.45,77.94,0.9,0,0,0,0,0,0,,0,0,0.0,0,0.2109,0,train
12015,17037,Dunn Wine Brokers,2024-09-19,82,981.96,4.81,0.4898,4.91,0.98,0,0,0,0,0,0,,0,0,0.0047,0,0.7445,0,train
12023,8735,SURVILLE ENTERPRISES CORP,2024-09-19,20,146.4,0.75,0.5123,0.73,1.02,0,0,0,0,0,0,,0,0,0.0045,0,0.6984,0,train
12032,7153,PINE STATE TRADING CO,2024-09-19,7752,49926.27,274.59,0.55,249.66,1.1,0,0,0,0,0,0,,0,0,0.0,0,0.8515,0,train
12037,28776,TALL SHIP DISTILLERY LLC,2024-09-19,24,494.28,2.32,0.4694,2.47,0.94,0,0,0,0,0,0,,0,0,0.0217,0,0.7931,0,train
11839,3950,"HOOD RIVER DISTILLERS, Inc.",2024-09-20,9,202.95,1.06,0.5223,1.01,1.04,0,0,0,0,0,0,,0,0,0.0427,0,0.8627,0,test
11841,4550,KLIN SPIRITS LLC,2024-09-20,227,3771.04,19.61,0.52,18.86,1.04,0,0,0,0,0,0,,0,0,0.046,0,0.882,0,train
11859,480,BACARDI USA INC,2024-09-20,22405,267009.84,1415.15,0.53,1335.21,1.06,1,0,0,0,0,0,High-value invoice (>= $250K),1,1,0.9908,1,0.6006,0,test
11861,90047,CRUSH WINES,2024-09-20,418,4656.86,21.89,0.4701,23.29,0.94,0,0,0,0,0,0,,0,0,0.0,0,0.6942,0,train
11866,90053,INCREDIBREW INC,2024-09-20,23,199.18,1.04,0.5221,1.0,1.04,0,0,0,0,0,0,,0,0,0.0017,0,0.3024,0,train
11868,8352,LUXCO INC,2024-09-20,5271,38485.81,177.03,0.46,192.45,0.92,0,0,0,0,0,0,,0,0,0.0022,0,0.7312,0,test
11876,8673,STE MICHELLE WINE ESTATES,2024-09-20,7868,58801.29,264.61,0.45,294.04,0.9,0,0,0,0,0,0,,0,0,0.0,0,0.4148,0,train
11878,1587,VINEYARD BRANDS INC,2024-09-20,4322,32817.98,164.09,0.5,164.11,1.0,0,0,0,0,0,0,,0,0,0.0,0,0.3985,0,train
11880,1273,CALEDONIA SPIRITS INC,2024-09-20,182,5552.67,24.99,0.4501,27.77,0.9,0,0,0,0,0,0,,0,0,0.0024,0,0.5499,0,train
11882,4380,CHARLES JACQUIN ET CIE INC,2024-09-20,624,5144.77,27.78,0.54,25.73,1.08,0,0,0,0,0,0,,0,0,0.0,0,0.0738,0,train
11885,2496,DUGGANS DISTILLED PRODUCTS,2024-09-20,521,7900.81,43.45,0.5499,39.51,1.1,0,0,0,0,0,0,,0,0,0.0131,0,0.7718,0,test
11895,8320,SHAW ROSS INT L IMP LTD,2024-09-20,1466,13599.55,61.2,0.45,68.01,0.9,0,0,0,0,0,0,,0,0,0.0,0,0.0505,0,train
11901,4466,AMERICAN VINTAGE BEVERAGE,2024-09-20,358,3626.74,16.32,0.45,18.14,0.9,0,0,0,0,0,0,,0,0,0.0,0,0.085,0,train
11914,28750,SMOKY QUARTZ DISTILLERY LLC,2024-09-20,69,1514.04,7.87,0.5198,7.57,1.04,0,0,0,0,0,0,,0,0,0.0,0,0.0539,0,test
11916,8920,TAKARA SAKE USA INC,2024-09-20,131,743.42,3.94,0.53,3.72,1.06,0,0,0,0,0,0,,0,0,0.002,0,0.1694,0,train
11917,28776,TALL SHIP DISTILLERY LLC,2024-09-20,12,259.8,1.3,0.5004,1.3,1.0,0,0,0,0,0,0,,0,0,0.0,0,0.3828,0,train
11922,90046,CANDIA VINEYARDS,2024-09-20,60,1029.72,5.56,0.54,5.15,1.08,0,0,0,0,0,0,,0,0,0.0024,0,0.0992,0,train
11924,3252,E & J GALLO WINERY,2024-09-20,36881,257120.33,1208.47,0.47,1285.76,0.94,1,0,0,0,0,0,High-value invoice (>= $250K),1,1,0.9667,1,0.7256,0,train
11925,90032,LABELLE VYDS AND WINERY,2024-09-20,167,1792.99,9.86,0.5499,8.97,1.1,0,0,0,0,0,0,,0,0,0.0,0,0.0067,0,test
11952,60,ADAMBA IMPORTS INTL INC,2024-09-20,30,488.1,2.29,0.4692,2.44,0.94,0,0,0,0,0,0,,0,0,0.0018,0,0.16,0,train
11956,1392,CONSTELLATION BRANDS INC,2024-09-20,42361,238235.98,1167.36,0.49,1191.33,0.98,0,0,0,0,0,0,,0,0,0.0884,0,0.7186,0,train
11958,1590,DIAGEO CHATEAU ESTATE WINES,2024-09-20,4056,24757.46,136.17,0.55,123.8,1.1,0,0,0,0,0,0,,0,0,0.0,0,0.2841,0,train
11973,2561,EDRINGTON AMERICAS,2024-09-20,819,22380.69,107.43,0.48,111.92,0.96,0,0,0,0,0,0,,0,0,0.0312,0,0.3473,0,test
11975,90052,HAUNTING WHISPER VYDS,2024-09-20,24,193.32,0.97,0.5018,0.97,1.0,0,0,0,0,0,0,,0,0,0.0017,0,0.3498,0,test
11979,5992,MCCORMICK DISTILLING CO,2024-09-20,621,6865.27,31.58,0.46,34.33,0.92,0,0,0,0,0,0,,0,0,0.0062,0,0.0841,0,train
12007,660,SAZERAC NORTH AMERICA INC.,2024-09-20,7536,53064.38,291.85,0.55,265.35,1.1,0,0,0,0,0,0,,0,0,0.0,0,0.2441,0,train
12014,90046,CANDIA VINEYARDS,2024-09-20,48,694.56,3.68,0.5298,3.47,1.06,0,0,0,0,0,0,,0,0,0.0046,0,0.5084,0,test
12017,1655,FABRIZIA SPIRITS LLC,2024-09-20,275,3662.35,20.14,0.5499,18.31,1.1,0,0,0,0,0,0,,0,0,0.0,0,0.3099,0,train
12025,480,BACARDI USA INC,2024-09-20,23219,200556.68,942.62,0.47,1002.91,0.94,0,0,0,0,0,0,,0,0,0.0358,0,0.8923,0,test
12035,90056,SWEET BABY VINEYARD,2024-09-20,379,3173.67,17.46,0.5502,15.87,1.1,0,0,0,0,0,0,,0,0,0.0,0,0.4945,0,train
11939,1485,CASTLE BRANDS CORP.,2024-09-21,1589,24611.46,132.9,0.54,123.07,1.08,0,0,0,0,0,0,,0,0,0.0025,0,0.1373,0,test
11941,3924,HEAVEN HILL DISTILLERIES,2024-09-21,5225,44152.72,216.35,0.49,220.79,0.98,0,0,0,0,0,0,,0,0,0.0,0,0.1113,0,train
11978,4425,MARTIGNETTI COMPANIES,2024-09-21,38326,404105.96,2101.35,0.52,2020.78,1.04,1,0,0,0,0,0,High-value invoice (>= $250K),1,1,1.0,1,0.9791,0,train
11996,3960,DIAGEO NORTH AMERICA INC,2024-09-21,90424,735029.79,3528.14,0.48,3675.61,0.96,1,0,0,0,0,0,High-value invoice (>= $250K),1,1,0.994,1,0.9192,0,test
12000,90011,FORTUNE WINE BROKERS LLC,2024-09-21,83,899.34,4.68,0.5204,4.5,1.04,0,0,0,0,0,0,,0,0,0.0,0,0.1523,0,train
12001,3950,"HOOD RIVER DISTILLERS, Inc.",2024-09-21,12,258.96,1.27,0.4904,1.29,0.98,0,0,0,0,0,0,,0,0,0.0,0,0.3931,0,test
12011,90010,VINEXTRA INC,2024-09-21,182,1882.56,9.98,0.5301,9.41,1.06,0,0,0,0,0,0,,0,0,0.0,0,0.0525,0,train
12027,2242,DELICATO VINEYARDS INC,2024-09-21,2919,23886.36,114.65,0.48,119.45,0.96,0,0,0,0,0,0,,0,0,0.0,0,0.2657,0,train
12028,12546,JIM BEAM BRANDS COMPANY,2024-09-21,47479,412998.2,2147.59,0.52,2065.25,1.04,1,0,0,0,0,0,High-value invoice (>= $250K),1,1,1.0,1,0.9477,0,train
12034,17033,SEA BREEZE CELLARS LLC,2024-09-21,128,1244.79,5.85,0.47,6.22,0.94,0,0,0,0,0,0,,0,0,0.0024,0,0.5609,0,train
11944,8112,MOET HENNESSY USA INC,2024-09-22,4650,100665.61,553.66,0.55,503.39,1.1,0,0,0,0,0,0,,0,0,0.0022,0,0.8071,0,test
11951,9625,WESTERN SPIRITS BEVERAGE CO,2024-09-22,1092,3970.26,19.85,0.5,19.85,1.0,0,0,1,0,0,0,Unit cost far from vendor norm,0,1,0.9614,1,0.7866,1,test
11959,3551,GILMANTON WINERY & VINEYARD,2024-09-22,384,4012.8,20.06,0.4999,20.07,1.0,0,0,0,0,0,0,,0,0,0.0254,0,0.8907,0,train
11966,6830,PARK STREET IMPORTS LLC,2024-09-22,109,1725.46,7.94,0.4602,8.63,0.92,0,0,0,0,0,0,,0,0,0.0,0,0.1873,0,train
11968,90017,THE IMPORTED GRAPE LLC,2024-09-22,50,287.04,1.58,0.5504,1.44,1.1,0,0,0,0,0,0,,0,0,0.0063,0,0.571,0,train
11970,9622,WEIN BAUER INC,2024-09-22,41,638.4,3.51,0.5498,3.19,1.1,0,0,0,0,0,0,,0,0,0.002,0,0.5656,0,train
11980,6359,OLE SMOKY DISTILLERY LLC,2024-09-22,133,1908.87,10.12,0.5302,9.55,1.06,0,0,0,0,0,0,,0,0,0.0022,0,0.1411,0,train
11984,98450,Serralles Usa LLC,2024-09-22,226,3016.08,16.59,0.5501,15.08,1.1,0,0,0,0,0,0,,0,0,0.0,0,0.1404,0,train
11985,8320,SHAW ROSS INT L IMP LTD,2024-09-22,1374,12553.35,66.53,0.53,62.77,1.06,0,0,0,0,0,0,,0,0,0.0,0,0.1328,0,train
11998,2450,DJINN SPIRITS LLC,2024-09-22,36,658.8,3.03,0.4599,3.29,0.92,0,0,0,0,0,0,,0,0,0.002,0,0.4521,0,test
12003,10754,PERFECTA WINES,2024-09-22,6604,59889.91,329.39,0.55,299.49,1.1,0,0,0,0,0,0,,0,0,0.0,0,0.8495,0,test
12013,1003,BRONCO WINE COMPANY,2024-09-22,6,35.7,0.19,0.5322,0.18,1.06,0,0,0,0,0,0,,0,0,0.0087,0,0.8872,0,train
12018,10000,MAJESTIC FINE WINES,2024-09-22,4296,36964.62,188.52,0.51,184.85,1.02,0,0,0,0,0,0,,0,0,0.0,0,0.4144,0,test
11943,5455,MARSALLE COMPANY,2024-09-23,168,3553.44,16.35,0.4601,17.77,0.92,0,0,0,0,0,0,,0,0,0.0,0,0.613,0,train
11946,7240,"PREMIUM PORT WINES, INC.",2024-09-23,167,1174.57,5.52,0.47,5.87,0.94,0,0,0,0,0,0,,0,0,0.0,0,0.2953,0,train
11960,17032,JEWELL TOWNE VINEYARDS,2024-09-23,131,1071.78,5.36,0.5001,5.36,1.0,0,0,0,0,0,0,,0,0,0.0,0,0.339,0,train
11962,4950,LATITUDE BEVERAGE COMPANY,2024-09-23,647,4037.27,18.98,0.4701,20.19,0.94,0,0,0,0,0,0,,0,0,0.0,0,0.394,0,train
11977,4550,KLIN SPIRITS LLC,2024-09-23,106,1735.86,8.68,0.5,8.68,1.0,0,0,0,0,0,0,,0,0,0.0,0,0.1775,0,test
11982,8004,SAZERAC CO INC,2024-09-23,24337,169024.0,811.32,0.48,845.22,0.96,0,0,0,0,0,0,,0,0,0.0018,0,0.5575,0,train
11989,1587,VINEYARD BRANDS INC,2024-09-23,2796,19879.11,97.41,0.49,99.41,0.98,0,0,0,0,0,0,,0,0,0.0,0,0.3565,0,train
12004,9206,PHILLIPS PRODUCTS CO.,2024-09-23,627,7601.57,38.77,0.51,38.01,1.02,0,0,0,0,0,0,,0,0,0.0,0,0.0678,0,train
12005,90027,POVERTY LANE ORCHARDS,2024-09-23,96,763.44,3.82,0.5004,3.82,1.0,0,0,0,0,0,0,,0,0,0.0,0,0.1036,0,train
12010,9260,TY KU LLC,2024-09-23,12,76.92,0.42,0.546,0.38,1.09,0,0,0,0,0,0,,0,0,0.0231,0,0.7859,0,train
12020,28750,SMOKY QUARTZ DISTILLERY LLC,2024-09-23,36,793.44,3.73,0.4701,3.97,0.94,0,0,0,0,0,0,,0,0,0.0,0,0.2461,0,train
12026,1189,BULLY BOY DISTILLERS,2024-09-23,83,1837.83,9.37,0.5098,9.19,1.02,0,0,0,0,0,0,,0,0,0.0,0,0.1703,0,train
11945,6215,MOONLIGHT MEADERY,2024-09-24,140,1262.62,6.31,0.4998,6.31,1.0,0,0,0,0,0,0,,0,0,0.002,0,0.1312,0,test
11972,2876,CENTEUR IMPORTS LLC,2024-09-24,6,48.3,0.23,0.4762,0.24,0.95,0,0,0,0,0,0,,0,0,0.0042,0,0.7804,0,test
11986,173357,TAMWORTH DISTILLING,2024-09-24,24,464.88,2.56,0.5507,2.32,1.1,0,0,0,0,0,0,,0,0,0.0046,0,0.4359,0,train
11991,3664,WILLIAM GRANT & SONS INC,2024-09-24,3648,66955.94,361.56,0.54,334.82,1.08,0,0,0,0,0,0,,0,0,0.0,0,0.3002,0,test
11992,90058,ZORVINO VINEYARDS,2024-09-24,129,1053.15,5.79,0.5498,5.27,1.1,0,0,0,0,0,0,,0,0,0.0048,0,0.1366,0,train
11995,4380,CHARLES JACQUIN ET CIE INC,2024-09-24,569,4408.4,21.6,0.49,22.04,0.98,0,0,0,0,0,0,,0,0,0.0,0,0.0164,0,train
11999,17031,FLAG HILL WINERY & VINEYARD,2024-09-24,306,5049.45,26.76,0.53,25.25,1.06,0,0,0,0,0,0,,0,0,0.0,0,0.0947,0,train
12008,3089,SIDNEY FRANK IMPORTING CO,2024-09-24,3099,35768.7,160.96,0.45,178.87,0.9,0,0,0,0,0,0,,0,0,0.0,0,0.5115,0,train
12021,2000,SOUTHERN WINE & SPIRITS NE,2024-09-24,375,2295.0,10.33,0.4501,11.48,0.9,0,0,0,0,0,0,,0,0,0.0135,0,0.6745,0,train
12024,8892,TRINCHERO FAMILY ESTATES,2024-09-24,6965,44252.76,243.39,0.55,221.29,1.1,0,0,0,0,0,0,,0,0,0.0,0,0.2668,0,train
12030,8352,LUXCO INC,2024-09-24,3880,30025.55,153.13,0.51,150.15,1.02,0,0,0,0,0,0,,0,0,0.0,0,0.1956,0,test
11965,6785,PALM BAY INTERNATIONAL INC,2024-09-25,7180,54770.28,262.9,0.48,273.89,0.96,0,0,0,0,0,0,,0,0,0.0,0,0.4371,0,train
11976,90053,INCREDIBREW INC,2024-09-25,49,432.78,2.08,0.4806,2.16,0.96,0,0,0,0,0,0,,0,0,0.0,0,0.2706,0,train
11988,6280,UNCORKED,2024-09-25,48,546.0,2.46,0.4505,2.73,0.9,0,0,0,0,0,0,,0,0,0.002,0,0.9498,0,train
11993,4466,AMERICAN VINTAGE BEVERAGE,2024-09-25,233,2264.85,12.23,0.54,11.33,1.08,0,0,0,0,0,0,,0,0,0.0,0,0.0536,0,train
12006,7245,PROXIMO SPIRITS INC.,2024-09-25,8817,94013.6,423.06,0.45,470.13,0.9,0,0,0,0,0,0,,0,0,0.0041,0,0.18,0,test
12009,8673,STE MICHELLE WINE ESTATES,2024-09-25,5558,44053.58,198.24,0.45,220.3,0.9,0,0,0,0,0,0,,0,0,0.0,0,0.2426,0,test
12012,9815,WINE GROUP INC,2024-09-25,15945,98200.34,500.82,0.51,491.06,1.02,0,0,0,0,0,0,,0,0,0.0,0,0.2504,0,train
12019,5270,MANGO BOTTLING INC,2024-09-25,430,3174.92,14.92,0.4699,15.88,0.94,0,0,0,0,0,0,,0,0,0.0022,0,0.0101,0,train
12029,4848,LAIRD & CO,2024-09-25,832,8339.78,44.2,0.53,41.7,1.06,0,0,0,0,0,0,,0,0,0.0309,0,0.711,0,train
12036,8920,TAKARA SAKE USA INC,2024-09-25,105,469.23,2.49,0.5307,2.35,1.06,0,0,0,0,0,0,,0,0,0.0109,0,0.3754,0,train
11949,2000,SOUTHERN WINE & SPIRITS NE,2024-09-26,5776,48731.15,229.04,0.47,243.69,0.94,0,0,0,0,0,0,,0,0,0.0024,0,0.5706,0,train
11950,90037,THE PIERPONT GROUP LLC,2024-09-26,12,81.6,0.42,0.5147,0.41,1.03,0,0,0,0,0,0,,0,0,0.0017,0,0.7597,0,train
11955,1273,CALEDONIA SPIRITS INC,2024-09-26,130,3910.25,18.38,0.47,19.55,0.94,0,0,0,0,0,0,,0,0,0.0,0,0.2316,0,test
11961,90032,LABELLE VYDS AND WINERY,2024-09-26,181,2066.84,11.16,0.54,10.34,1.08,0,0,0,0,0,0,,0,0,0.0,0,0.0426,0,train
11963,6213,MHW LTD,2024-09-26,1860,22750.89,102.38,0.45,113.77,0.9,0,0,0,0,0,0,,0,0,0.0,0,0.4705,0,train
11964,6355,NICHE W & S,2024-09-26,102,2886.06,13.56,0.4698,14.43,0.94,0,0,0,0,0,0,,0,0,0.1401,0,0.8293,0,test
11967,653,STATE WINE & SPIRITS,2024-09-26,2981,33708.07,165.17,0.49,168.56,0.98,0,0,0,0,0,0,,0,0,0.0,0,0.3401,0,train
11971,388,ATLANTIC IMPORTING COMPANY,2024-09-26,18,383.76,2.07,0.5394,1.92,1.08,0,0,0,0,0,0,,0,0,0.0,0,0.2472,0,train
11981,7239,REMY COINTREAU USA INC,2024-09-26,1399,39647.04,202.2,0.51,198.26,1.02,0,0,0,0,0,0,,0,0,0.0101,0,0.5107,0,train
11983,8150,SEA HAGG DISTILLERY LLC,2024-09-26,339,3887.53,19.44,0.5001,19.44,1.0,0,0,0,0,0,0,,0,0,0.0,0,0.0072,0,train
12016,3252,E & J GALLO WINERY,2024-09-26,33350,221396.38,1217.68,0.55,1107.12,1.1,0,0,0,0,0,0,,0,0,0.1672,0,0.6715,0,test
12031,17035,PERNOD RICARD USA,2024-09-26,23444,323471.71,1455.62,0.45,1617.56,0.9,1,0,0,0,0,0,High-value invoice (>= $250K),1,1,0.995,1,0.6311,0,test
12033,7154,PREMIER DISTRIBUTORS,2024-09-26,103,1348.63,7.01,0.5198,6.74,1.04,0,0,0,0,0,0,,0,0,0.0,0,0.0253,0,test
12038,90024,VINILANDIA USA,2024-09-26,938,9020.42,43.3,0.48,45.11,0.96,0,0,0,0,0,0,,0,0,0.0,0,0.0231,0,test
12042,1650,Circa Wines,2024-09-26,24,285.96,1.29,0.4511,1.43,0.9,0,0,0,0,0,0,,0,0,0.021,0,0.2959,0,train
12048,6355,NICHE W & S,2024-09-26,210,6490.62,34.4,0.53,32.46,1.06,0,0,1,0,0,0,Unit cost far from vendor norm,0,1,0.5403,1,0.9805,1,test
12065,4692,KOBRAND CORPORATION,2024-09-26,2375,25645.37,120.53,0.47,128.24,0.94,0,0,0,0,0,0,,0,0,0.0,0,0.3808,0,test
12069,10754,PERFECTA WINES,2024-09-26,9890,120430.63,541.94,0.45,602.23,0.9,0,0,0,0,0,0,,0,0,0.0,0,0.7758,0,test
12074,8663,STAR INDUSTRIES INC.,2024-09-26,3,23.61,0.13,0.5506,0.12,1.1,0,0,1,0,0,0,Unit cost far from vendor norm,0,1,0.6191,1,0.8008,1,test
12087,28750,SMOKY QUARTZ DISTILLERY LLC,2024-09-26,13,286.52,1.46,0.5096,1.43,1.02,0,0,0,0,0,0,,0,0,0.0,0,0.6363,0,train
12097,6215,MOONLIGHT MEADERY,2024-09-26,123,1099.76,5.94,0.5401,5.5,1.08,0,0,0,0,0,0,,0,0,0.0,0,0.2986,0,train
12115,9552,M S WALKER INC,2024-09-26,23526,179284.73,860.57,0.48,896.53,0.96,0,0,0,0,0,0,,0,0,0.0024,0,0.9511,0,test
12123,90017,THE IMPORTED GRAPE LLC,2024-09-26,72,469.8,2.11,0.4491,2.35,0.9,0,0,0,0,0,0,,0,0,0.0218,0,0.7981,0,train
12133,17032,JEWELL TOWNE VINEYARDS,2024-09-26,106,908.96,4.73,0.5204,4.55,1.04,0,0,0,0,0,0,,0,0,0.0037,0,0.8176,0,train
11938,105,ALTAMAR BRANDS LLC,2024-09-27,18,642.78,3.34,0.5196,3.21,1.04,0,0,0,0,0,0,,0,0,0.0863,0,0.8638,0,test
11940,2496,DUGGANS DISTILLED PRODUCTS,2024-09-27,371,5739.15,28.12,0.49,28.7,0.98,0,0,0,0,0,0,,0,0,0.0415,0,0.8887,0,train
11942,9552,M S WALKER INC,2024-09-27,29452,254466.7,1221.44,0.48,1272.49,0.96,1,0,0,0,0,0,High-value invoice (>= $250K),1,1,0.9787,1,0.9325,0,train
11947,7255,PSP WINES,2024-09-27,220,2022.78,9.51,0.4701,10.12,0.94,0,0,0,0,0,0,,0,0,0.0,0,0.5428,0,train
11948,10050,Russian Standard Vodka,2024-09-27,111,1611.94,8.7,0.5397,8.06,1.08,0,0,0,0,0,0,,0,0,0.0679,0,0.8652,0,train
11953,516,BANFI PRODUCTS CORP,2024-09-27,4814,33371.08,173.53,0.52,166.88,1.04,0,0,0,0,0,0,,0,0,0.0042,0,0.3052,0,test
11954,1128,BROWN-FORMAN CORP,2024-09-27,12998,158616.72,713.78,0.45,793.18,0.9,0,0,0,0,0,0,,0,0,0.0,0,0.7088,0,train
11969,9165,ULTRA BEVERAGE COMPANY LLP,2024-09-27,20936,231530.36,1250.26,0.54,1157.8,1.08,0,0,0,0,0,0,,0,0,0.2062,0,0.9939,0,test
11987,9819,TREASURY WINE ESTATES,2024-09-27,6630,44443.01,235.55,0.53,222.24,1.06,0,0,0,0,0,0,,0,0,0.0,0,0.5603,0,test
11994,11567,CAMPARI AMERICA,2024-09-27,17582,52718.95,268.87,0.51,263.63,1.02,0,0,1,0,0,0,Unit cost far from vendor norm,0,1,0.8963,1,0.7471,1,test
12002,4692,KOBRAND CORPORATION,2024-09-27,3802,42553.66,229.79,0.54,212.79,1.08,0,0,0,0,0,0,,0,0,0.0,0,0.1773,0,train
12022,8664,"STOLI GROUP,(USA) LLC",2024-09-27,4477,56765.36,300.86,0.53,283.86,1.06,0,0,0,0,0,0,,0,0,0.0022,0,0.4142,0,test
12066,90032,LABELLE VYDS AND WINERY,2024-09-27,50,608.46,2.92,0.4799,3.04,0.96,0,0,0,0,0,0,,0,0,0.013,0,0.3264,0,train
12070,17035,PERNOD RICARD USA,2024-09-27,27349,410136.64,2050.68,0.5,2050.94,1.0,1,0,0,0,0,0,High-value invoice (>= $250K),1,1,0.9986,1,0.869,0,train
12108,516,BANFI PRODUCTS CORP,2024-09-27,5148,34423.15,168.67,0.49,172.14,0.98,0,0,0,0,0,0,,0,0,0.0024,0,0.2136,0,test
12120,2000,SOUTHERN WINE & SPIRITS NE,2024-09-27,314,1921.68,9.03,0.4699,9.61,0.94,0,0,0,0,0,0,,0,0,0.0179,0,0.7413,0,train
12129,90047,CRUSH WINES,2024-09-27,711,7437.62,34.96,0.47,37.19,0.94,0,0,0,0,0,0,,0,0,0.0,0,0.4339,0,train
12132,90053,INCREDIBREW INC,2024-09-27,12,110.88,0.6,0.5411,0.55,1.08,0,0,0,0,0,0,,0,0,0.0045,0,0.7353,0,train
12135,10000,MAJESTIC FINE WINES,2024-09-27,5825,47654.82,214.45,0.45,238.3,0.9,0,0,0,0,0,0,,0,0,0.0023,0,0.6112,0,train
12141,9819,TREASURY WINE ESTATES,2024-09-27,6762,44227.55,203.45,0.46,221.17,0.92,0,0,0,0,0,0,,0,0,0.0024,0,0.6643,0,train
12142,9165,ULTRA BEVERAGE COMPANY LLP,2024-09-27,17398,205398.91,924.3,0.45,1027.12,0.9,0,0,0,0,0,0,,0,0,0.0092,0,0.965,0,test
12041,1273,CALEDONIA SPIRITS INC,2024-09-28,124,3742.99,17.97,0.4801,18.72,0.96,0,0,0,0,0,0,,0,0,0.0,0,0.2008,0,train
12052,8664,"STOLI GROUP,(USA) LLC",2024-09-28,5007,62477.19,293.64,0.47,312.42,0.94,0,0,0,0,0,0,,0,0,0.0042,0,0.2219,0,train
12059,11567,CAMPARI AMERICA,2024-09-28,7503,56260.86,264.43,0.47,281.34,0.94,0,0,0,0,0,0,,0,0,0.0,0,0.203,0,train
12060,90046,CANDIA VINEYARDS,2024-09-28,73,949.87,4.27,0.4495,4.75,0.9,0,0,0,0,0,0,,0,0,0.0021,0,0.3247,0,train
12088,8673,STE MICHELLE WINE ESTATES,2024-09-28,5135,42909.74,210.26,0.49,214.58,0.98,0,0,0,0,0,0,,0,0,0.0,0,0.482,0,train
12094,5270,MANGO BOTTLING INC,2024-09-28,847,6145.93,29.5,0.48,30.73,0.96,0,0,0,0,0,0,,0,0,0.0024,0,0.2623,0,train
12100,7749,R.P.IMPORTS INC,2024-09-28,2,40.92,0.2,0.4888,0.2,0.98,0,0,0,0,0,0,,0,0,0.0774,0,0.9322,0,train
12102,8150,SEA HAGG DISTILLERY LLC,2024-09-28,284,3371.76,18.54,0.5499,16.86,1.1,0,0,0,0,0,0,,0,0,0.0,0,0.0924,0,train
12106,90058,ZORVINO VINEYARDS,2024-09-28,215,1718.98,8.77,0.5102,8.6,1.02,0,0,0,0,0,0,,0,0,0.0,0,0.1802,0,train
12118,660,SAZERAC NORTH AMERICA INC.,2024-09-28,7645,54995.18,247.48,0.45,275.01,0.9,0,0,0,0,0,0,,0,0,0.0,0,0.4451,0,train
12126,1189,BULLY BOY DISTILLERS,2024-09-28,84,1848.6,9.24,0.4998,9.24,1.0,0,0,0,0,0,0,,0,0,0.0,0,0.2683,0,test
12130,1590,DIAGEO CHATEAU ESTATE WINES,2024-09-28,4187,29462.48,141.42,0.48,147.33,0.96,0,0,0,0,0,0,,0,0,0.0025,0,0.6872,0,train
12139,12331,STELLAR IMPORTING CO LLC,2024-09-28,84,656.88,3.02,0.4597,3.28,0.92,0,0,0,0,0,0,,0,0,0.0,0,0.5631,0,train
12039,287,APPOLO VINEYARDS LLC,2024-09-29,2,20.94,0.1,0.4776,0.1,0.95,0,0,0,0,0,0,,0,0,0.0133,0,0.8174,0,train
12044,3960,DIAGEO NORTH AMERICA INC,2024-09-29,116967,803035.13,3774.27,0.47,4015.67,0.94,1,0,0,0,0,0,High-value invoice (>= $250K),1,1,0.998,1,0.9816,0,train
12051,2000,SOUTHERN WINE & SPIRITS NE,2024-09-29,5465,52502.62,257.26,0.49,262.55,0.98,0,0,0,0,0,0,,0,0,0.0,0,0.4671,0,train
12068,6359,OLE SMOKY DISTILLERY LLC,2024-09-29,176,2377.74,12.6,0.5299,11.89,1.06,0,0,0,0,0,0,,0,0,0.002,0,0.221,0,train
12076,1128,BROWN-FORMAN CORP,2024-09-29,14847,159874.59,783.39,0.49,799.47,0.98,0,0,0,0,0,0,,0,0,0.0047,0,0.72,0,train
12078,2450,DJINN SPIRITS LLC,2024-09-29,29,520.06,2.76,0.5307,2.6,1.06,0,0,0,0,0,0,,0,0,0.0071,0,0.3549,0,train
12083,6785,PALM BAY INTERNATIONAL INC,2024-09-29,6438,47909.01,239.55,0.5,239.57,1.0,0,0,0,0,0,0,,0,0,0.0,0,0.3213,0,test
12099,7245,PROXIMO SPIRITS INC.,2024-09-29,9359,102802.31,565.41,0.55,514.08,1.1,0,0,0,0,0,0,,0,0,0.002,0,0.5668,0,train
12105,3664,WILLIAM GRANT & SONS INC,2024-09-29,4889,115781.69,567.33,0.49,578.98,0.98,0,0,0,0,0,0,,0,0,0.0018,0,0.7956,0,test
12110,4380,CHARLES JACQUIN ET CIE INC,2024-09-29,821,5722.49,28.04,0.49,28.62,0.98,0,0,0,0,0,0,,0,0,0.0,0,0.3406,0,train
12134,12546,JIM BEAM BRANDS COMPANY,2024-09-29,47766,433431.35,2297.19,0.53,2167.43,1.06,1,0,0,0,0,0,High-value invoice (>= $250K),1,1,0.9975,1,0.8871,0,test
12143,90024,VINILANDIA USA,2024-09-29,976,8328.4,41.64,0.5,41.65,1.0,0,0,0,0,0,0,,0,0,0.002,0,0.657,0,train
12043,2242,DELICATO VINEYARDS INC,2024-09-30,3277,25342.64,131.78,0.52,126.73,1.04,0,0,0,0,0,0,,0,0,0.0022,0,0.5221,0,train
12054,173357,TAMWORTH DISTILLING,2024-09-30,24,464.88,2.32,0.4991,2.32,1.0,0,0,0,0,0,0,,0,0,0.0025,0,0.4003,0,train
12055,9260,TY KU LLC,2024-09-30,48,412.8,2.02,0.4893,2.06,0.98,0,0,0,0,0,0,,0,0,0.0,0,0.401,0,train
12063,9744,FREDERICK WILDMAN & SONS,2024-09-30,969,10054.72,50.27,0.5,50.28,1.0,0,0,0,0,0,0,,0,0,0.0,0,0.1281,0,train
12064,2,"IRA GOLDMAN AND WILLIAMS, LLP",2024-09-30,1,23.86,0.12,0.5029,0.12,1.01,0,0,0,0,0,0,,0,0,0.0498,0,0.9944,0,test
12067,4848,LAIRD & CO,2024-09-30,635,6198.95,31.61,0.5099,31.0,1.02,0,0,0,0,0,0,,0,0,0.0023,0,0.5834,0,test
12080,3924,HEAVEN HILL DISTILLERIES,2024-09-30,5526,51407.12,282.74,0.55,257.07,1.1,0,0,0,0,0,0,,0,0,0.0,0,0.3415,0,train
12081,4950,LATITUDE BEVERAGE COMPANY,2024-09-30,1104,7045.6,33.11,0.4699,35.23,0.94,0,0,0,0,0,0,,0,0,0.0018,0,0.3832,0,train
12089,90056,SWEET BABY VINEYARD,2024-09-30,342,2861.44,15.74,0.5501,14.31,1.1,0,0,0,0,0,0,,0,0,0.0,0,0.1941,0,test
12090,8892,TRINCHERO FAMILY ESTATES,2024-09-30,6499,40930.02,221.02,0.54,204.68,1.08,0,0,0,0,0,0,,0,0,0.0018,0,0.3651,0,train
12092,9625,WESTERN SPIRITS BEVERAGE CO,2024-09-30,894,5160.88,28.38,0.5499,25.81,1.1,0,0,0,0,0,0,,0,0,0.0068,0,0.4958,0,test
12104,1601,VRANKEN AMERICA,2024-09-30,112,1654.26,7.44,0.4497,8.27,0.9,0,0,0,0,0,0,,0,0,0.002,0,0.2491,0,test
12112,17037,Dunn Wine Brokers,2024-09-30,107,1293.72,6.73,0.5202,6.47,1.04,0,0,0,0,0,0,,0,0,0.0018,0,0.0875,0,test
12121,653,STATE WINE & SPIRITS,2024-09-30,3209,31138.66,168.15,0.54,155.71,1.08,0,0,0,0,0,0,,0,0,0.0,0,0.3276,0,test
12128,2876,CENTEUR IMPORTS LLC,2024-09-30,30,249.6,1.2,0.4808,1.25,0.96,0,0,0,0,0,0,,0,0,0.0022,0,0.6253,0,train
12049,7153,PINE STATE TRADING CO,2024-10-01,8311,69968.06,335.85,0.48,349.88,0.96,0,0,0,0,0,0,,0,0,0.0,0,0.6507,0,train
12071,7255,PSP WINES,2024-10-01,528,4064.76,19.1,0.4699,20.33,0.94,0,0,0,0,0,0,,0,0,0.0,0,0.088,0,train
12075,1587,VINEYARD BRANDS INC,2024-10-01,2494,18672.02,93.36,0.5,93.37,1.0,0,0,0,0,0,0,,0,0,0.0,0,0.3186,0,train
12077,1392,CONSTELLATION BRANDS INC,2024-10-01,45758,298283.78,1640.56,0.55,1491.6,1.1,1,0,0,0,0,0,High-value invoice (>= $250K),1,1,0.9878,1,0.9374,0,test
12086,98450,Serralles Usa LLC,2024-10-01,133,1977.02,10.87,0.5498,9.89,1.1,0,0,0,0,0,0,,0,0,0.0,0,0.2022,0,train
12095,6213,MHW LTD,2024-10-01,2996,27864.02,133.75,0.48,139.34,0.96,0,0,0,0,0,0,,0,0,0.0,0,0.0787,0,train
12096,8112,MOET HENNESSY USA INC,2024-10-01,4284,90287.05,469.49,0.52,451.49,1.04,0,0,0,0,0,0,,0,0,0.0,0,0.4097,0,train
12113,3252,E & J GALLO WINERY,2024-10-01,35979,237260.78,1162.58,0.49,1186.45,0.98,0,0,0,0,0,0,,0,0,0.0261,0,0.703,0,train
12122,172662,SWEETWATER FARM,2024-10-01,12,258.96,1.22,0.4711,1.29,0.94,0,0,0,0,0,0,,0,0,0.0093,0,0.352,0,train
12125,4466,AMERICAN VINTAGE BEVERAGE,2024-10-01,284,2813.46,15.47,0.5499,14.07,1.1,0,0,0,0,0,0,,0,0,0.0,0,0.0474,0,train
12136,5992,MCCORMICK DISTILLING CO,2024-10-01,808,8922.1,41.93,0.47,44.62,0.94,0,0,0,0,0,0,,0,0,0.0022,0,0.2048,0,train
12140,8735,SURVILLE ENTERPRISES CORP,2024-10-01,61,400.45,2.0,0.4994,2.0,1.0,0,0,0,0,0,0,,0,0,0.0024,0,0.2329,0,train
12046,4550,KLIN SPIRITS LLC,2024-10-02,138,2240.42,11.43,0.5102,11.2,1.02,0,0,0,0,0,0,,0,0,0.0,0,0.0933,0,train
12047,4425,MARTIGNETTI COMPANIES,2024-10-02,42077,467988.27,2573.94,0.55,2340.23,1.1,1,0,0,0,0,0,High-value invoice (>= $250K),1,1,0.996,1,0.9951,0,train
12053,8920,TAKARA SAKE USA INC,2024-10-02,202,1056.06,5.39,0.5104,5.28,1.02,0,0,0,0,0,0,,0,0,0.0022,0,0.6563,0,train
12056,60,ADAMBA IMPORTS INTL INC,2024-10-02,304,4946.08,23.74,0.48,24.73,0.96,0,0,0,0,0,0,,0,0,0.0021,0,0.1966,0,train
12072,8320,SHAW ROSS INT L IMP LTD,2024-10-02,1269,12902.18,64.51,0.5,64.52,1.0,0,0,0,0,0,0,,0,0,0.0,0,0.1669,0,train
12079,17031,FLAG HILL WINERY & VINEYARD,2024-10-02,382,5251.63,28.36,0.54,26.26,1.08,0,0,0,0,0,0,,0,0,0.0,0,0.0677,0,train
12098,7154,PREMIER DISTRIBUTORS,2024-10-02,121,1562.08,7.65,0.4897,7.81,0.98,0,0,0,0,0,0,,0,0,0.0,0,0.3834,0,test
12101,8004,SAZERAC CO INC,2024-10-02,22960,163743.59,769.59,0.47,818.82,0.94,0,0,0,0,0,0,,0,0,0.0,0,0.4319,0,train
12111,2555,DISARONNO INTERNATIONAL LLC,2024-10-02,1689,19345.71,90.92,0.47,96.74,0.94,0,0,0,0,0,0,,0,0,0.0,0,0.1819,0,train
12114,2561,EDRINGTON AMERICAS,2024-10-02,829,26884.89,134.42,0.5,134.44,1.0,0,0,0,0,0,0,,0,0,0.0135,0,0.3006,0,train
12116,6830,PARK STREET IMPORTS LLC,2024-10-02,151,2403.94,12.74,0.53,12.02,1.06,0,0,0,0,0,0,,0,0,0.0022,0,0.0182,0,train
12117,10050,Russian Standard Vodka,2024-10-02,94,1406.97,7.6,0.5402,7.04,1.08,0,0,0,0,0,0,,0,0,0.0,0,0.0271,0,train
12119,17033,SEA BREEZE CELLARS LLC,2024-10-02,216,2283.48,11.87,0.5198,11.42,1.04,0,0,0,0,0,0,,0,0,0.0,0,0.0134,0,train
12124,9815,WINE GROUP INC,2024-10-02,15108,93177.32,475.2,0.51,465.94,1.02,0,0,0,0,0,0,,0,0,0.0,0,0.538,0,train
12127,1485,CASTLE BRANDS CORP.,2024-10-02,1371,20055.24,102.28,0.51,100.29,1.02,0,0,0,0,0,0,,0,0,0.0022,0,0.4539,0,train
12131,1655,FABRIZIA SPIRITS LLC,2024-10-02,291,4176.27,22.97,0.55,20.88,1.1,0,0,0,0,0,0,,0,0,0.0,0,0.4355,0,test
12040,480,BACARDI USA INC,2024-10-03,20000,236103.42,1133.3,0.48,1180.66,0.96,0,0,0,0,0,0,,0,0,0.0119,0,0.9251,0,train
12045,2496,DUGGANS DISTILLED PRODUCTS,2024-10-03,207,2802.33,15.41,0.5499,14.01,1.1,0,0,0,0,0,0,,0,0,0.0,0,0.2733,0,train
12050,7240,"PREMIUM PORT WINES, INC.",2024-10-03,150,1156.62,6.13,0.53,5.78,1.06,0,0,0,0,0,0,,0,0,0.0288,0,0.5587,0,test
12057,105,ALTAMAR BRANDS LLC,2024-10-03,6,214.26,1.11,0.5181,1.07,1.04,0,0,0,0,0,0,,0,0,0.0043,0,0.7065,0,train
12058,2396,BLACK PRINCE DISTILLERY INC,2024-10-03,12,52.08,0.24,0.4608,0.26,0.92,0,0,0,0,0,0,,0,0,0.0241,0,0.7759,0,test
12062,90011,FORTUNE WINE BROKERS LLC,2024-10-03,128,1332.62,6.8,0.5103,6.66,1.02,0,0,0,0,0,0,,0,0,0.0,0,0.3377,0,train
12085,90027,POVERTY LANE ORCHARDS,2024-10-03,335,2649.95,14.31,0.54,13.25,1.08,0,0,0,0,0,0,,0,0,0.0,0,0.5663,0,train
12091,9622,WEIN BAUER INC,2024-10-03,98,1715.64,7.72,0.45,8.58,0.9,0,0,0,0,0,0,,0,0,0.0024,0,0.5665,0,train
12109,1003,BRONCO WINE COMPANY,2024-10-03,18,109.62,0.54,0.4926,0.55,0.99,0,0,0,0,0,0,,0,0,0.004,0,0.4139,0,train
12153,90032,LABELLE VYDS AND WINERY,2024-10-03,171,1954.26,9.97,0.5102,9.77,1.02,0,0,0,0,0,0,,0,0,0.0,0,0.0085,0,train
12156,6215,MOONLIGHT MEADERY,2024-10-03,131,1180.83,5.79,0.4903,5.9,0.98,0,0,0,0,0,0,,0,0,0.0,0,0.2499,0,train
12172,7154,PREMIER DISTRIBUTORS,2024-10-03,104,1618.4,7.77,0.4801,8.09,0.96,0,0,0,0,0,0,,0,0,0.0,0,0.3502,0,train
12175,8664,"STOLI GROUP,(USA) LLC",2024-10-03,6672,80072.87,368.34,0.46,400.41,0.92,0,0,0,0,0,0,,0,0,0.0,0,0.2975,0,train
12177,172662,SWEETWATER FARM,2024-10-03,49,1086.22,5.65,0.5202,5.43,1.04,0,0,0,0,0,0,,0,0,0.0307,0,0.7768,0,train
12200,5270,MANGO BOTTLING INC,2024-10-03,459,3230.28,17.77,0.5501,16.15,1.1,0,0,0,0,0,0,,0,0,0.0024,0,0.4743,0,test
12203,17035,PERNOD RICARD USA,2024-10-03,47831,723272.41,3327.05,0.46,3616.81,0.92,1,0,0,0,0,0,High-value invoice (>= $250K),1,1,1.0,1,0.9125,0,test
12207,8150,SEA HAGG DISTILLERY LLC,2024-10-03,243,2993.64,16.47,0.5502,14.97,1.1,0,0,0,0,0,0,,0,0,0.0,0,0.506,0,train
12241,17032,JEWELL TOWNE VINEYARDS,2024-10-03,210,1668.51,9.01,0.54,8.34,1.08,0,0,0,0,0,0,,0,0,0.0,0,0.4981,0,train
12258,1485,CASTLE BRANDS CORP.,2024-10-03,35,462.49,2.54,0.5492,2.31,1.1,0,0,0,0,0,0,,0,0,0.0486,0,0.8378,0,train
12263,1590,DIAGEO CHATEAU ESTATE WINES,2024-10-03,1272,7490.14,35.95,0.48,37.46,0.96,0,0,0,0,0,0,,0,0,0.0024,0,0.7166,0,train
12269,9744,FREDERICK WILDMAN & SONS,2024-10-03,24,640.08,3.39,0.5296,3.2,1.06,0,0,1,0,0,0,Unit cost far from vendor norm,0,1,0.8583,1,0.9713,1,train
12271,12546,JIM BEAM BRANDS COMPANY,2024-10-03,920,7231.8,33.27,0.4601,36.16,0.92,0,0,0,0,0,0,,0,0,0.031,0,0.8555,0,train
12275,8352,LUXCO INC,2024-10-03,96,1025.11,5.23,0.5102,5.13,1.02,0,0,0,0,0,0,,0,0,0.0626,0,0.8113,0,train
12295,653,STATE WINE & SPIRITS,2024-10-03,87,847.95,3.99,0.4705,4.24,0.94,0,0,0,0,0,0,,0,0,0.0704,0,0.8135,0,test
12296,8673,STE MICHELLE WINE ESTATES,2024-10-03,938,6256.47,32.53,0.5199,31.29,1.04,0,0,0,0,0,0,,0,0,0.0394,0,0.7658,0,test
12309,9815,WINE GROUP INC,2024-10-03,213,1371.75,6.17,0.4498,6.86,0.9,0,0,0,0,0,0,,0,0,0.0398,0,0.7505,0,train
12061,201359,FLAVOR ESSENCE INC,2024-10-04,1,17.0,0.09,0.5294,0.09,1.06,0,0,0,0,0,0,,0,0,0.0425,0,0.9959,0,train
12073,3089,SIDNEY FRANK IMPORTING CO,2024-10-04,3804,27827.79,147.49,0.53,139.16,1.06,0,0,0,0,0,0,,0,0,0.0065,0,0.3953,0,train
12082,5455,MARSALLE COMPANY,2024-10-04,66,1849.62,9.62,0.5201,9.25,1.04,0,0,0,0,0,0,,0,0,0.0199,0,0.4232,0,test
12084,9206,PHILLIPS PRODUCTS CO.,2024-10-04,672,7744.78,41.82,0.54,38.73,1.08,0,0,0,0,0,0,,0,0,0.0,0,0.1386,0,test
12093,8352,LUXCO INC,2024-10-04,4179,30339.5,136.53,0.45,151.72,0.9,0,0,0,0,0,0,,0,0,0.0,0,0.3588,0,train
12103,90010,VINEXTRA INC,2024-10-04,149,1796.04,8.98,0.5,8.98,1.0,0,0,0,0,0,0,,0,0,0.0,0,0.4324,0,train
12107,388,ATLANTIC IMPORTING COMPANY,2024-10-04,18,383.76,2.03,0.529,1.92,1.06,0,0,0,0,0,0,,0,0,0.0,0,0.225,0,train
12137,7239,REMY COINTREAU USA INC,2024-10-04,1821,42149.18,189.67,0.45,210.77,0.9,0,0,0,0,0,0,,0,0,0.0062,0,0.3363,0,train
12138,99166,STARK BREWING COMPANY,2024-10-04,60,1285.2,6.94,0.54,6.43,1.08,0,0,0,0,0,0,,0,0,0.0279,0,0.8943,0,train
12145,1265,BLACK ROCK SPIRITS LLC,2024-10-04,6,84.3,0.46,0.5457,0.42,1.09,0,0,0,0,0,0,,0,0,0.0045,0,0.5694,0,train
12151,3252,E & J GALLO WINERY,2024-10-04,42438,287968.39,1295.86,0.45,1440.02,0.9,1,0,0,0,0,0,High-value invoice (>= $250K),1,1,0.9924,1,0.779,0,test
12186,7240,"PREMIUM PORT WINES, INC.",2024-10-04,137,959.32,5.28,0.5504,4.8,1.1,0,0,0,0,0,0,,0,0,0.0,0,0.0406,0,train
12196,1655,FABRIZIA SPIRITS LLC,2024-10-04,320,4136.51,21.51,0.52,20.69,1.04,0,0,0,0,0,0,,0,0,0.0,0,0.1254,0,test
12202,6830,PARK STREET IMPORTS LLC,2024-10-04,113,1793.06,9.68,0.5399,8.97,1.08,0,0,0,0,0,0,,0,0,0.0,0,0.2376,0,train
12204,90027,POVERTY LANE ORCHARDS,2024-10-04,103,815.91,3.75,0.4596,4.08,0.92,0,0,0,0,0,0,,0,0,0.0022,0,0.5484,0,train
12208,28750,SMOKY QUARTZ DISTILLERY LLC,2024-10-04,66,1453.83,6.54,0.4498,7.27,0.9,0,0,0,0,0,0,,0,0,0.0018,0,0.3614,0,train
12212,9622,WEIN BAUER INC,2024-10-04,623,3354.96,18.12,0.5401,16.78,1.08,0,0,1,0,0,0,Unit cost far from vendor norm,0,1,0.6845,1,0.8741,1,test
12216,90046,CANDIA VINEYARDS,2024-10-04,37,677.4,3.59,0.53,3.39,1.06,0,0,0,0,0,0,,0,0,0.0045,0,0.6204,0,train
12218,2876,CENTEUR IMPORTS LLC,2024-10-04,5,42.21,0.23,0.5449,0.21,1.09,0,0,0,0,0,0,,0,0,0.0064,0,0.8438,0,train
12222,12546,JIM BEAM BRANDS COMPANY,2024-10-04,52070,492152.69,2657.62,0.54,2461.07,1.08,1,0,0,0,0,0,High-value invoice (>= $250K),1,1,0.9993,1,0.8903,0,train
12233,90057,WALPOLE MTN VIEW WINERY,2024-10-04,12,136.22,0.71,0.5212,0.68,1.04,0,0,0,0,0,0,,0,0,0.0,0,0.7361,0,train
12243,8112,MOET HENNESSY USA INC,2024-10-04,7049,176327.58,846.37,0.48,881.75,0.96,0,0,0,0,0,0,,0,0,0.0203,0,0.7857,0,train
12252,60,ADAMBA IMPORTS INTL INC,2024-10-04,3,48.81,0.26,0.5327,0.24,1.07,0,0,0,0,0,0,,0,0,0.0375,0,0.9379,0,train
12257,11567,CAMPARI AMERICA,2024-10-04,219,748.02,3.74,0.5,3.74,1.0,0,0,1,0,0,0,Unit cost far from vendor norm,0,1,0.788,1,0.9107,1,test
12262,2242,DELICATO VINEYARDS INC,2024-10-04,573,4090.83,20.86,0.5099,20.46,1.02,0,0,0,0,0,0,,0,0,0.009,0,0.4584,0,train
12276,9552,M S WALKER INC,2024-10-04,1682,12929.83,68.53,0.53,64.66,1.06,0,0,0,0,0,0,,0,0,0.0133,0,0.9318,0,train
12289,7239,REMY COINTREAU USA INC,2024-10-04,47,3268.7,14.71,0.45,16.35,0.9,0,0,1,0,0,0,Unit cost far from vendor norm,0,1,0.872,1,0.9874,1,train
12290,8004,SAZERAC CO INC,2024-10-04,415,2617.32,11.78,0.4501,13.09,0.9,0,0,0,0,0,0,,0,0,0.0824,0,0.8099,0,test
12297,12331,STELLAR IMPORTING CO LLC,2024-10-04,12,85.68,0.39,0.4552,0.43,0.91,0,0,0,0,0,0,,0,0,0.0152,0,0.8667,0,train
12310,90058,ZORVINO VINEYARDS,2024-10-04,12,112.68,0.6,0.5325,0.56,1.06,0,0,0,0,0,0,,0,0,0.0411,0,0.8663,0,train
12147,1650,Circa Wines,2024-10-05,12,190.8,0.92,0.4822,0.95,0.96,0,0,0,0,0,0,,0,0,0.0113,0,0.7063,0,test
12157,6359,OLE SMOKY DISTILLERY LLC,2024-10-05,488,6722.15,31.59,0.4699,33.61,0.94,0,0,0,0,0,0,,0,0,0.0,0,0.3222,0,train
12176,90056,SWEET BABY VINEYARD,2024-10-05,318,2650.95,12.72,0.4798,13.26,0.96,0,0,0,0,0,0,,0,0,0.0,0,0.0529,0,train
12193,1273,CALEDONIA SPIRITS INC,2024-10-05,179,5433.44,29.34,0.54,27.17,1.08,0,0,0,0,0,0,,0,0,0.0041,0,0.3844,0,train
12214,1703,ALISA CARR BEVERAGES,2024-10-05,54,3741.46,18.33,0.4899,18.71,0.98,0,0,0,0,0,0,,0,0,0.1054,0,0.9098,0,test
12230,8920,TAKARA SAKE USA INC,2024-10-05,87,373.89,1.79,0.4788,1.87,0.96,0,0,0,0,0,0,,0,0,0.037,0,0.6657,0,train
12237,2450,DJINN SPIRITS LLC,2024-10-05,33,621.33,2.92,0.47,3.11,0.94,0,0,0,0,0,0,,0,0,0.0,0,0.5899,0,train
12239,3924,HEAVEN HILL DISTILLERIES,2024-10-05,12893,140249.53,659.17,0.47,701.33,0.94,0,0,0,0,0,0,,0,0,0.0044,0,0.9028,0,train
12246,8004,SAZERAC CO INC,2024-10-05,28639,203253.2,995.94,0.49,1016.39,0.98,0,0,0,0,0,0,,0,0,0.0019,0,0.8124,0,train
12254,480,BACARDI USA INC,2024-10-05,264,4403.92,22.9,0.52,22.02,1.04,0,0,0,0,0,0,,0,0,0.1203,0,0.8203,0,test
12261,90047,CRUSH WINES,2024-10-05,35,264.77,1.22,0.4608,1.32,0.92,0,0,0,0,0,0,,0,0,0.0982,0,0.7873,0,test
12265,2555,DISARONNO INTERNATIONAL LLC,2024-10-05,172,1085.61,5.75,0.5297,5.43,1.06,0,0,0,0,0,0,,0,0,0.0798,0,0.7682,0,train
12307,9625,WESTERN SPIRITS BEVERAGE CO,2024-10-05,6,119.94,0.54,0.4502,0.6,0.9,0,0,1,0,0,0,Unit cost far from vendor norm,0,1,0.7817,1,0.9428,1,train
12308,3664,WILLIAM GRANT & SONS INC,2024-10-05,180,1569.07,8.16,0.5201,7.85,1.04,0,0,1,0,0,0,Unit cost far from vendor norm,0,1,0.8323,1,0.7182,1,train
12144,60,ADAMBA IMPORTS INTL INC,2024-10-06,164,2637.26,13.71,0.5199,13.19,1.04,0,0,0,0,0,0,,0,0,0.0,0,0.1573,0,train
12152,3950,"HOOD RIVER DISTILLERS, Inc.",2024-10-06,1,16.41,0.08,0.4875,0.08,0.97,0,0,0,0,0,0,,0,0,0.0245,0,0.9257,0,train
12162,3089,SIDNEY FRANK IMPORTING CO,2024-10-06,1918,15329.33,70.51,0.46,76.66,0.92,0,0,0,0,0,0,,0,0,0.0,0,0.354,0,train
12164,173357,TAMWORTH DISTILLING,2024-10-06,197,6106.37,28.7,0.47,30.54,0.94,0,0,0,0,0,0,,0,0,0.1048,0,0.9793,0,test
12173,10050,Russian Standard Vodka,2024-10-06,164,2402.8,13.22,0.5502,12.02,1.1,0,0,0,0,0,0,,0,0,0.0042,0,0.1851,0,test
12174,653,STATE WINE & SPIRITS,2024-10-06,3631,43125.84,194.07,0.45,215.66,0.9,0,0,0,0,0,0,,0,0,0.002,0,0.6991,0,train
12181,516,BANFI PRODUCTS CORP,2024-10-06,8876,55042.16,253.19,0.46,275.24,0.92,0,0,0,0,0,0,,0,0,0.0,0,0.5373,0,test
12194,1590,DIAGEO CHATEAU ESTATE WINES,2024-10-06,10462,69104.53,373.16,0.54,345.57,1.08,0,0,0,0,0,0,,0,0,0.0,0,0.8201,0,train
12199,10000,MAJESTIC FINE WINES,2024-10-06,13120,108681.23,554.27,0.51,543.47,1.02,0,0,0,0,0,0,,0,0,0.0082,0,0.6226,0,test
12217,1485,CASTLE BRANDS CORP.,2024-10-06,5530,99141.47,456.05,0.46,495.77,0.92,0,0,0,0,0,0,,0,0,0.0065,0,0.7949,0,train
12223,4692,KOBRAND CORPORATION,2024-10-06,2726,29904.34,158.49,0.53,149.54,1.06,0,0,0,0,0,0,,0,0,0.0,0,0.5183,0,train
12245,10754,PERFECTA WINES,2024-10-06,12887,124958.23,599.8,0.48,624.87,0.96,0,0,0,0,0,0,,0,0,0.0,0,0.95,0,train
12247,98450,Serralles Usa LLC,2024-10-06,191,2693.56,14.01,0.5201,13.47,1.04,0,0,0,0,0,0,,0,0,0.0,0,0.236,0,train
12267,3252,E & J GALLO WINERY,2024-10-06,4106,28907.81,150.32,0.52,144.56,1.04,0,0,0,0,0,0,,0,0,0.0127,0,0.7498,0,train
12282,6355,NICHE W & S,2024-10-06,24,468.48,2.34,0.4995,2.34,1.0,0,0,0,0,0,0,,0,0,0.0047,0,0.6821,0,train
12283,6785,PALM BAY INTERNATIONAL INC,2024-10-06,161,1189.26,5.47,0.4599,5.95,0.92,0,0,0,0,0,0,,0,0,0.0216,0,0.6193,0,train
12284,10754,PERFECTA WINES,2024-10-06,964,7048.31,31.72,0.45,35.25,0.9,0,0,0,0,0,0,,0,0,0.0178,0,0.8901,0,test
12291,660,SAZERAC NORTH AMERICA INC.,2024-10-06,193,1479.16,6.8,0.4597,7.4,0.92,0,0,0,0,0,0,,0,0,0.0582,0,0.5374,0,train
12293,3089,SIDNEY FRANK IMPORTING CO,2024-10-06,42,194.88,0.97,0.4977,0.97,1.0,0,0,0,0,0,0,,0,0,0.0878,0,0.8593,0,train
12299,8735,SURVILLE ENTERPRISES CORP,2024-10-06,12,88.56,0.44,0.4968,0.44,0.99,0,0,0,0,0,0,,0,0,0.0485,0,0.7371,0,train
12300,8920,TAKARA SAKE USA INC,2024-10-06,12,48.72,0.26,0.5337,0.24,1.07,0,0,0,0,0,0,,0,0,0.0586,0,0.9212,0,train
12303,9165,ULTRA BEVERAGE COMPANY LLP,2024-10-06,1846,16175.91,79.26,0.49,80.89,0.98,0,0,0,0,0,0,,0,0,0.032,0,0.9392,0,train
12158,6785,PALM BAY INTERNATIONAL INC,2024-10-07,5546,40541.75,186.49,0.46,202.73,0.92,0,0,0,0,0,0,,0,0,0.0018,0,0.7081,0,test
12165,2242,DELICATO VINEYARDS INC,2024-10-07,7136,52549.82,268.0,0.51,262.78,1.02,0,0,0,0,0,0,,0,0,0.0,0,0.3929,0,test
12167,9744,FREDERICK WILDMAN & SONS,2024-10-07,1343,19421.41,99.05,0.51,97.12,1.02,0,0,0,0,0,0,,0,0,0.0024,0,0.6062,0,train
12189,90017,THE IMPORTED GRAPE LLC,2024-10-07,13,52.45,0.28,0.5338,0.26,1.07,0,0,0,0,0,0,,0,0,0.0369,0,0.8712,0,train
12191,1601,VRANKEN AMERICA,2024-10-07,178,2821.79,14.39,0.51,14.11,1.02,0,0,0,0,0,0,,0,0,0.0,0,0.0927,0,test
12197,4848,LAIRD & CO,2024-10-07,1014,8441.94,39.68,0.47,42.21,0.94,0,0,0,0,0,0,,0,0,0.0025,0,0.481,0,train
12210,28776,TALL SHIP DISTILLERY LLC,2024-10-07,63,1389.75,6.25,0.4497,6.95,0.9,0,0,0,0,0,0,,0,0,0.0022,0,0.5252,0,train
12213,9625,WESTERN SPIRITS BEVERAGE CO,2024-10-07,1454,7426.08,33.42,0.45,37.14,0.9,0,0,0,0,0,0,,0,0,0.114,0,0.7725,0,test
12219,4380,CHARLES JACQUIN ET CIE INC,2024-10-07,1317,7322.23,35.88,0.49,36.62,0.98,0,0,0,0,0,0,,0,0,0.0073,0,0.5005,0,train
12220,90011,FORTUNE WINE BROKERS LLC,2024-10-07,152,1640.03,8.86,0.5402,8.2,1.08,0,0,0,0,0,0,,0,0,0.0024,0,0.4436,0,train
12221,90053,INCREDIBREW INC,2024-10-07,73,641.78,2.89,0.4503,3.21,0.9,0,0,0,0,0,0,,0,0,0.0,0,0.298,0,test
12225,5612,MILTONS DISTRIBUTING CO,2024-10-07,73,442.56,2.21,0.4994,2.21,1.0,0,0,0,0,0,0,,0,0,0.0274,0,0.7323,0,train
12229,2000,SOUTHERN WINE & SPIRITS NE,2024-10-07,281,1719.72,8.08,0.4698,8.6,0.94,0,0,0,0,0,0,,0,0,0.0067,0,0.7566,0,train
12236,480,BACARDI USA INC,2024-10-07,39981,457183.53,2514.51,0.55,2286.2,1.1,1,0,0,0,0,0,High-value invoice (>= $250K),1,1,0.9982,1,0.8865,0,train
12240,3951,HIGHLAND WINE MERCHANTS LLC,2024-10-07,12,107.52,0.53,0.4929,0.54,0.99,0,0,0,0,0,0,,0,0,0.006,0,0.9672,0,test
12251,90024,VINILANDIA USA,2024-10-07,1326,11484.52,60.87,0.53,57.43,1.06,0,0,0,0,0,0,,0,0,0.0024,0,0.3516,0,test
12255,516,BANFI PRODUCTS CORP,2024-10-07,833,4195.83,18.88,0.45,20.98,0.9,0,0,0,0,0,0,,0,0,0.0838,0,0.7427,0,test
12268,17031,FLAG HILL WINERY & VINEYARD,2024-10-07,1,13.38,0.06,0.4484,0.07,0.9,0,0,0,0,0,0,,0,0,0.0469,0,0.9139,0,train
12286,9206,PHILLIPS PRODUCTS CO.,2024-10-07,6,79.62,0.36,0.4521,0.4,0.9,0,0,0,0,0,0,,0,0,0.0428,0,0.8306,0,train
12294,2000,SOUTHERN WINE & SPIRITS NE,2024-10-07,351,3229.53,17.76,0.5499,16.15,1.1,0,0,0,0,0,0,,0,0,0.023,0,0.6031,0,train
12301,9819,TREASURY WINE ESTATES,2024-10-07,834,5097.48,25.49,0.5001,25.49,1.0,0,0,0,0,0,0,,0,0,0.0131,0,0.46,0,train
12305,1587,VINEYARD BRANDS INC,2024-10-07,48,337.97,1.62,0.4793,1.69,0.96,0,0,0,0,0,0,,0,0,0.0354,0,0.619,0,train
12149,3960,DIAGEO NORTH AMERICA INC,2024-10-08,118819,1038996.71,4883.28,0.47,5195.63,0.94,1,0,0,0,0,0,High-value invoice (>= $250K),1,1,0.9946,1,0.9203,0,test
12163,8735,SURVILLE ENTERPRISES CORP,2024-10-08,74,495.77,2.43,0.4901,2.48,0.98,0,0,0,0,0,0,,0,0,0.0024,0,0.3812,0,train
12171,9552,M S WALKER INC,2024-10-08,28430,225171.09,1170.89,0.52,1126.0,1.04,0,0,0,0,0,0,,0,0,0.0387,0,0.9213,0,train
12187,2000,SOUTHERN WINE & SPIRITS NE,2024-10-08,8234,78083.04,390.42,0.5,390.46,1.0,0,0,0,0,0,0,,0,0,0.0,0,0.4514,0,train
12188,99166,STARK BREWING COMPANY,2024-10-08,5,107.1,0.52,0.4855,0.54,0.97,0,0,0,0,0,0,,0,0,0.0043,0,0.9879,0,train
12190,9260,TY KU LLC,2024-10-08,29,248.49,1.14,0.4588,1.24,0.92,0,0,0,0,0,0,,0,0,0.0024,0,0.3978,0,train
12198,8352,LUXCO INC,2024-10-08,5040,36521.16,178.95,0.49,182.63,0.98,0,0,0,0,0,0,,0,0,0.0,0,0.142,0,train
12224,4950,LATITUDE BEVERAGE COMPANY,2024-10-08,1059,6870.0,34.35,0.5,34.35,1.0,0,0,0,0,0,0,,0,0,0.0018,0,0.1405,0,train
12231,9819,TREASURY WINE ESTATES,2024-10-08,10448,64648.58,310.31,0.48,323.28,0.96,0,0,0,0,0,0,,0,0,0.0,0,0.3255,0,train
12232,1587,VINEYARD BRANDS INC,2024-10-08,2574,18274.61,96.86,0.53,91.38,1.06,0,0,0,0,0,0,,0,0,0.0,0,0.3083,0,test
12235,4466,AMERICAN VINTAGE BEVERAGE,2024-10-08,258,2592.08,11.92,0.4599,12.96,0.92,0,0,0,0,0,0,,0,0,0.0,0,0.1407,0,train
12256,1128,BROWN-FORMAN CORP,2024-10-08,423,5009.04,25.05,0.5001,25.05,1.0,0,0,0,0,0,0,,0,0,0.0152,0,0.3365,0,train
12272,4692,KOBRAND CORPORATION,2024-10-08,2,14.36,0.08,0.5571,0.07,1.11,0,0,0,0,0,0,,0,0,0.117,0,0.9684,0,train
12281,8112,MOET HENNESSY USA INC,2024-10-08,210,5679.42,27.26,0.48,28.4,0.96,0,0,0,0,0,0,,0,0,0.1283,0,0.6608,0,train
12287,7153,PINE STATE TRADING CO,2024-10-08,301,2460.67,11.32,0.46,12.3,0.92,0,0,0,0,0,0,,0,0,0.0176,0,0.7236,0,train
12288,7245,PROXIMO SPIRITS INC.,2024-10-08,134,1902.95,9.9,0.5202,9.52,1.04,0,0,0,0,0,0,,0,0,0.054,0,0.4606,0,test
12150,2555,DISARONNO INTERNATIONAL LLC,2024-10-09,3298,46638.01,247.18,0.53,233.22,1.06,0,0,0,0,0,0,,0,0,0.0022,0,0.6675,0,test
12160,660,SAZERAC NORTH AMERICA INC.,2024-10-09,8558,58212.05,314.35,0.54,291.1,1.08,0,0,0,0,0,0,,0,0,0.0,0,0.6513,0,train
12166,17031,FLAG HILL WINERY & VINEYARD,2024-10-09,402,5687.71,25.59,0.4499,28.44,0.9,0,0,0,0,0,0,,0,0,0.0063,0,0.1043,0,train
12168,90052,HAUNTING WHISPER VYDS,2024-10-09,26,205.13,1.11,0.5411,1.03,1.08,0,0,0,0,0,0,,0,0,0.0115,0,0.6489,0,train
12179,90058,ZORVINO VINEYARDS,2024-10-09,267,2117.4,11.22,0.5299,10.59,1.06,0,0,0,0,0,0,,0,0,0.0,0,0.0483,0,train
12180,388,ATLANTIC IMPORTING COMPANY,2024-10-09,12,526.32,2.74,0.5206,2.63,1.04,0,0,1,0,0,0,Unit cost far from vendor norm,0,1,0.8472,1,0.7934,1,train
12182,1392,CONSTELLATION BRANDS INC,2024-10-09,61066,414404.44,2279.22,0.55,2072.28,1.1,1,0,0,0,0,0,High-value invoice (>= $250K),1,1,0.992,1,0.8508,0,train
12201,4425,MARTIGNETTI COMPANIES,2024-10-09,57704,657982.92,3224.12,0.49,3290.32,0.98,1,0,0,0,0,0,High-value invoice (>= $250K),1,1,0.9999,1,0.9812,0,train
12205,7255,PSP WINES,2024-10-09,336,2462.02,11.33,0.4602,12.31,0.92,0,0,0,0,0,0,,0,0,0.0,0,0.0191,0,train
12209,8673,STE MICHELLE WINE ESTATES,2024-10-09,10839,74999.84,337.5,0.45,375.05,0.9,0,0,0,0,0,0,,0,0,0.0,0,0.3179,0,train
12215,1189,BULLY BOY DISTILLERS,2024-10-09,37,810.45,4.05,0.4997,4.05,1.0,0,0,0,0,0,0,,0,0,0.0,0,0.2215,0,train
12238,2561,EDRINGTON AMERICAS,2024-10-09,835,29715.88,160.47,0.54,148.6,1.08,0,0,0,0,0,0,,0,0,0.0262,0,0.5347,0,train
12248,12331,STELLAR IMPORTING CO LLC,2024-10-09,108,995.76,5.18,0.5202,4.98,1.04,0,0,0,0,0,0,,0,0,0.0022,0,0.3087,0,train
12253,4466,AMERICAN VINTAGE BEVERAGE,2024-10-09,1,11.19,0.05,0.4468,0.06,0.89,0,0,0,0,0,0,,0,0,0.0808,0,0.8147,0,train
12260,1392,CONSTELLATION BRANDS INC,2024-10-09,3990,24626.63,115.75,0.47,123.15,0.94,0,0,0,0,0,0,,0,0,0.0141,0,0.532,0,train
12266,2496,DUGGANS DISTILLED PRODUCTS,2024-10-09,6,104.7,0.51,0.4871,0.52,0.97,0,0,0,0,0,0,,0,0,0.0133,0,0.5925,0,train
12270,3924,HEAVEN HILL DISTILLERIES,2024-10-09,323,3078.38,16.32,0.5301,15.39,1.06,0,0,0,0,0,0,,0,0,0.0296,0,0.0713,0,test
12274,4950,LATITUDE BEVERAGE COMPANY,2024-10-09,12,69.6,0.33,0.4741,0.35,0.95,0,0,0,0,0,0,,0,0,0.0316,0,0.6731,0,train
12285,17035,PERNOD RICARD USA,2024-10-09,1066,9910.15,54.51,0.55,49.56,1.1,0,0,0,0,0,0,,0,0,0.0519,0,0.4985,0,train
12292,8320,SHAW ROSS INT L IMP LTD,2024-10-09,82,1221.96,6.23,0.5098,6.11,1.02,0,0,0,0,0,0,,0,0,0.0248,0,0.4036,0,train
12298,8664,"STOLI GROUP,(USA) LLC",2024-10-09,80,1157.03,6.36,0.5497,5.79,1.1,0,0,0,0,0,0,,0,0,0.0243,0,0.1176,0,train
12304,90010,VINEXTRA INC,2024-10-09,6,51.6,0.26,0.5039,0.26,1.01,0,0,0,0,0,0,,0,0,0.0444,0,0.7341,0,train
12155,6213,MHW LTD,2024-10-10,3253,32804.7,160.74,0.49,164.04,0.98,0,0,0,0,0,0,,0,0,0.0,0,0.2681,0,test
12159,7245,PROXIMO SPIRITS INC.,2024-10-10,9724,109937.02,604.65,0.55,549.75,1.1,0,0,0,0,0,0,,0,0,0.0,0,0.6217,0,train
12170,4901,LAUREATE IMPORTS CO,2024-10-10,29,140.94,0.72,0.5109,0.7,1.02,0,0,0,0,0,0,,0,0,0.0121,0,0.9856,0,train
12192,1128,BROWN-FORMAN CORP,2024-10-10,17432,226695.59,1065.47,0.47,1133.62,0.94,0,0,0,0,0,0,,0,0,0.0023,0,0.4925,0,train
12226,9206,PHILLIPS PRODUCTS CO.,2024-10-10,593,7476.53,35.89,0.48,37.39,0.96,0,0,0,0,0,0,,0,0,0.0091,0,0.5032,0,train
12227,7239,REMY COINTREAU USA INC,2024-10-10,2404,62221.63,298.66,0.48,311.15,0.96,0,0,0,0,0,0,,0,0,0.0042,0,0.3246,0,test
12244,6355,NICHE W & S,2024-10-10,4368,42729.12,196.55,0.46,213.67,0.92,0,0,0,0,0,0,,0,0,0.0391,0,0.9657,0,train
12249,8892,TRINCHERO FAMILY ESTATES,2024-10-10,6957,45409.76,227.05,0.5,227.08,1.0,0,0,0,0,0,0,,0,0,0.0,0,0.6201,0,train
12250,90010,VINEXTRA INC,2024-10-10,191,2564.27,12.82,0.4999,12.82,1.0,0,0,0,0,0,0,,0,0,0.0,0,0.0435,0,train
12259,4380,CHARLES JACQUIN ET CIE INC,2024-10-10,15,108.36,0.52,0.4799,0.54,0.96,0,0,0,0,0,0,,0,0,0.031,0,0.5331,0,train
12264,3960,DIAGEO NORTH AMERICA INC,2024-10-10,1742,12236.07,55.06,0.45,61.19,0.9,0,0,0,0,0,0,,0,0,0.0269,0,0.6251,0,train
12280,6213,MHW LTD,2024-10-10,23,775.73,4.03,0.5195,3.88,1.04,0,0,1,0,0,0,Unit cost far from vendor norm,0,1,0.8688,1,0.9753,1,train
12317,4425,MARTIGNETTI COMPANIES,2024-10-10,35959,392621.14,1766.8,0.45,1963.35,0.9,1,0,0,0,0,0,High-value invoice (>= $250K),1,1,0.9997,1,0.976,0,train
12338,9260,TY KU LLC,2024-10-10,35,301.0,1.51,0.5017,1.51,1.0,0,0,0,0,0,0,,0,0,0.0,0,0.8019,0,train
12340,9815,WINE GROUP INC,2024-10-10,14554,89941.85,458.7,0.51,449.77,1.02,0,0,0,0,0,0,,0,0,0.0024,0,0.6451,0,train
12352,17035,PERNOD RICARD USA,2024-10-10,34936,478178.46,2390.89,0.5,2391.19,1.0,1,0,0,0,0,0,High-value invoice (>= $250K),1,1,0.9975,1,0.731,0,train
12363,1273,CALEDONIA SPIRITS INC,2024-10-10,298,10196.13,46.9,0.46,50.99,0.92,0,0,0,0,0,0,,0,0,0.0432,0,0.6074,0,train
12367,3924,HEAVEN HILL DISTILLERIES,2024-10-10,8493,64459.68,309.41,0.48,322.34,0.96,0,0,0,0,0,0,,0,0,0.0,0,0.37,0,train
12373,90056,SWEET BABY VINEYARD,2024-10-10,306,2574.78,12.36,0.48,12.88,0.96,0,0,0,0,0,0,,0,0,0.0,0,0.3047,0,train
12375,90017,THE IMPORTED GRAPE LLC,2024-10-10,36,387.24,1.82,0.47,1.94,0.94,0,0,0,0,0,0,,0,0,0.0065,0,0.7501,0,train
12381,1392,CONSTELLATION BRANDS INC,2024-10-10,51676,332920.23,1697.89,0.51,1664.81,1.02,1,0,0,0,0,0,High-value invoice (>= $250K),1,1,0.9914,1,0.8766,0,train
12411,1587,VINEYARD BRANDS INC,2024-10-10,2001,16028.86,86.56,0.54,80.15,1.08,0,0,0,0,0,0,,0,0,0.0059,0,0.7822,0,test
12146,11567,CAMPARI AMERICA,2024-10-11,8791,65439.31,333.74,0.51,327.24,1.02,0,0,0,0,0,0,,0,0,0.0067,0,0.7229,0,train
12148,90047,CRUSH WINES,2024-10-11,758,6262.87,33.82,0.54,31.32,1.08,0,0,0,0,0,0,,0,0,0.0047,0,0.7193,0,train
12154,5992,MCCORMICK DISTILLING CO,2024-10-11,1480,16373.37,86.78,0.53,81.88,1.06,0,0,0,0,0,0,,0,0,0.0023,0,0.6579,0,train
12161,8320,SHAW ROSS INT L IMP LTD,2024-10-11,1602,20199.17,101.0,0.5,101.01,1.0,0,0,0,0,0,0,,0,0,0.0067,0,0.6381,0,test
12169,4550,KLIN SPIRITS LLC,2024-10-11,116,1883.35,9.04,0.48,9.42,0.96,0,0,0,0,0,0,,0,0,0.0,0,0.2867,0,train
12178,3664,WILLIAM GRANT & SONS INC,2024-10-11,8806,202068.3,909.31,0.45,1010.47,0.9,0,0,0,0,0,0,,0,0,0.0128,0,0.8786,0,train
12183,2496,DUGGANS DISTILLED PRODUCTS,2024-10-11,221,3018.8,13.58,0.4498,15.1,0.9,0,0,0,0,0,0,,0,0,0.0,0,0.3209,0,test
12184,90051,FULCHINO VINEYARD INC,2024-10-11,11,114.29,0.58,0.5075,0.57,1.01,0,0,0,0,0,0,,0,0,0.0,0,0.5831,0,train
12185,7153,PINE STATE TRADING CO,2024-10-11,15756,145207.55,697.0,0.48,726.13,0.96,0,0,0,0,0,0,,0,0,0.007,0,0.9692,0,train
12195,17037,Dunn Wine Brokers,2024-10-11,126,1483.64,7.86,0.5298,7.42,1.06,0,0,0,0,0,0,,0,0,0.0,0,0.1449,0,train
12206,7749,R.P.IMPORTS INC,2024-10-11,28,916.84,4.31,0.4701,4.58,0.94,0,0,0,0,0,0,,0,0,0.0916,0,0.7384,0,test
12211,9165,ULTRA BEVERAGE COMPANY LLP,2024-10-11,25504,292045.02,1489.43,0.51,1460.41,1.02,1,0,0,0,0,0,High-value invoice (>= $250K),1,1,0.9939,1,0.8705,0,train
12228,17033,SEA BREEZE CELLARS LLC,2024-10-11,246,2489.04,11.7,0.4701,12.45,0.94,0,0,0,0,0,0,,0,0,0.0,0,0.0341,0,train
12234,9815,WINE GROUP INC,2024-10-11,16396,98661.21,542.64,0.55,493.37,1.1,0,0,0,0,0,0,,0,0,0.002,0,0.5511,0,train
12242,5455,MARSALLE COMPANY,2024-10-11,165,2898.17,15.94,0.55,14.49,1.1,0,0,0,0,0,0,,0,0,0.047,0,0.7666,0,test
12273,4848,LAIRD & CO,2024-10-11,7,151.13,0.7,0.4632,0.76,0.93,0,0,1,0,0,0,Unit cost far from vendor norm,0,1,0.6103,1,0.8723,1,test
12277,10000,MAJESTIC FINE WINES,2024-10-11,704,6050.76,30.25,0.4999,30.26,1.0,0,0,0,0,0,0,,0,0,0.0419,0,0.1014,0,train
12278,5455,MARSALLE COMPANY,2024-10-11,36,344.88,1.66,0.4813,1.72,0.96,0,0,1,0,0,0,Unit cost far from vendor norm,0,1,0.8334,1,0.4813,1,train
12279,4425,MARTIGNETTI COMPANIES,2024-10-11,3899,37918.93,197.18,0.52,189.62,1.04,0,0,0,0,0,0,,0,0,0.0457,0,0.9686,0,test
12302,8892,TRINCHERO FAMILY ESTATES,2024-10-11,175,1284.86,5.78,0.4499,6.43,0.9,0,0,0,0,0,0,,0,0,0.0513,0,0.8205,0,train
12306,90024,VINILANDIA USA,2024-10-11,142,1284.7,6.17,0.4803,6.42,0.96,0,0,0,0,0,0,,0,0,0.0242,0,0.4902,0,train
12328,4848,LAIRD & CO,2024-10-11,871,8036.69,40.99,0.51,40.19,1.02,0,0,0,0,0,0,,0,0,0.0,0,0.2051,0,train
12334,2000,SOUTHERN WINE & SPIRITS NE,2024-10-11,5280,48095.86,221.24,0.46,240.51,0.92,0,0,0,0,0,0,,0,0,0.0,0,0.411,0,train
12370,9206,PHILLIPS PRODUCTS CO.,2024-10-11,633,8009.59,40.05,0.5,40.05,1.0,0,0,0,0,0,0,,0,0,0.0,0,0.2354,0,train
12371,7245,PROXIMO SPIRITS INC.,2024-10-11,10828,103372.76,547.88,0.53,516.93,1.06,0,0,0,0,0,0,,0,0,0.0,0,0.523,0,train
12372,17033,SEA BREEZE CELLARS LLC,2024-10-11,1436,11480.91,60.85,0.53,57.41,1.06,0,0,0,0,0,0,,0,0,0.0364,0,0.814,0,train
12376,105,ALTAMAR BRANDS LLC,2024-10-11,6,214.26,1.16,0.5414,1.07,1.08,0,0,0,0,0,0,,0,0,0.0159,0,0.7992,0,train
12379,11567,CAMPARI AMERICA,2024-10-11,8406,56458.74,254.06,0.45,282.33,0.9,0,0,0,0,0,0,,0,0,0.0065,0,0.5023,0,test
12385,90027,POVERTY LANE ORCHARDS,2024-10-11,116,927.56,4.73,0.5099,4.64,1.02,0,0,0,0,0,0,,0,0,0.0,0,0.1793,0,train
12321,4466,AMERICAN VINTAGE BEVERAGE,2024-10-12,172,1685.98,7.59,0.4502,8.43,0.9,0,0,0,0,0,0,,0,0,0.0,0,0.0316,0,train
12333,98450,Serralles Usa LLC,2024-10-12,118,1714.08,9.43,0.5501,8.57,1.1,0,0,0,0,0,0,,0,0,0.0,0,0.5463,0,train
12346,2496,DUGGANS DISTILLED PRODUCTS,2024-10-12,239,3304.3,17.18,0.5199,16.52,1.04,0,0,0,0,0,0,,0,0,0.0024,0,0.3936,0,train
12366,3252,E & J GALLO WINERY,2024-10-12,39323,240227.04,1105.04,0.46,1201.28,0.92,0,0,0,0,0,0,,0,0,0.0342,0,0.7803,0,train
12369,10754,PERFECTA WINES,2024-10-12,10950,138366.93,733.34,0.53,691.92,1.06,0,0,0,0,0,0,,0,0,0.0,0,0.8528,0,train
12377,516,BANFI PRODUCTS CORP,2024-10-12,7267,47467.57,232.59,0.49,237.37,0.98,0,0,0,0,0,0,,0,0,0.0,0,0.4086,0,train
12380,2876,CENTEUR IMPORTS LLC,2024-10-12,12,105.06,0.49,0.4664,0.53,0.93,0,0,0,0,0,0,,0,0,0.0,0,0.6744,0,train
12383,8112,MOET HENNESSY USA INC,2024-10-12,9028,195109.0,1034.08,0.53,975.67,1.06,0,0,0,0,0,0,,0,0,0.0085,0,0.6875,0,train
12389,10050,Russian Standard Vodka,2024-10-12,36,542.28,2.44,0.45,2.71,0.9,0,0,0,0,0,0,,0,0,0.0232,0,0.6165,0,train
12396,1003,BRONCO WINE COMPANY,2024-10-12,6,36.96,0.17,0.46,0.18,0.92,0,0,0,0,0,0,,0,0,0.0329,0,0.9446,0,test
12398,2450,DJINN SPIRITS LLC,2024-10-12,21,349.86,1.82,0.5202,1.75,1.04,0,0,0,0,0,0,,0,0,0.002,0,0.6224,0,train
12401,17032,JEWELL TOWNE VINEYARDS,2024-10-12,143,1182.05,6.26,0.5296,5.91,1.06,0,0,0,0,0,0,,0,0,0.002,0,0.3164,0,test
12407,6785,PALM BAY INTERNATIONAL INC,2024-10-12,5940,41165.6,226.41,0.55,205.85,1.1,0,0,0,0,0,0,,0,0,0.0,0,0.6202,0,train
12311,1128,BROWN-FORMAN CORP,2024-10-13,21757,286441.4,1288.99,0.45,1432.38,0.9,1,0,0,0,0,0,High-value invoice (>= $250K),1,1,0.991,1,0.7417,0,train
12316,4950,LATITUDE BEVERAGE COMPANY,2024-10-13,667,3990.35,20.75,0.52,19.95,1.04,0,0,0,0,0,0,,0,0,0.0,0,0.2876,0,train
12318,28750,SMOKY QUARTZ DISTILLERY LLC,2024-10-13,60,1322.4,6.48,0.49,6.61,0.98,0,0,0,0,0,0,,0,0,0.0022,0,0.2574,0,train
12319,8664,"STOLI GROUP,(USA) LLC",2024-10-13,7619,75002.8,352.51,0.47,375.06,0.94,0,0,0,0,0,0,,0,0,0.0022,0,0.6174,0,train
12327,4550,KLIN SPIRITS LLC,2024-10-13,143,2236.08,12.07,0.5398,11.18,1.08,0,0,0,0,0,0,,0,0,0.0,0,0.1488,0,train
12331,7153,PINE STATE TRADING CO,2024-10-13,8679,63485.85,342.82,0.54,317.47,1.08,0,0,0,0,0,0,,0,0,0.0,0,0.584,0,train
12341,90058,ZORVINO VINEYARDS,2024-10-13,178,1572.43,7.39,0.47,7.86,0.94,0,0,0,0,0,0,,0,0,0.0,0,0.1781,0,train
12343,2396,BLACK PRINCE DISTILLERY INC,2024-10-13,12,52.08,0.24,0.4608,0.26,0.92,0,0,0,0,0,0,,0,0,0.033,0,0.9583,0,test
12344,4380,CHARLES JACQUIN ET CIE INC,2024-10-13,978,6218.13,29.23,0.4701,31.09,0.94,0,0,0,0,0,0,,0,0,0.0081,0,0.3895,0,train
12345,2555,DISARONNO INTERNATIONAL LLC,2024-10-13,2139,26074.22,130.37,0.5,130.39,1.0,0,0,0,0,0,0,,0,0,0.0,0,0.2181,0,train
12356,8673,STE MICHELLE WINE ESTATES,2024-10-13,7164,53462.34,256.62,0.48,267.34,0.96,0,0,0,0,0,0,,0,0,0.0,0,0.3033,0,train
12358,9622,WEIN BAUER INC,2024-10-13,12,85.08,0.38,0.4466,0.43,0.89,0,0,1,0,0,0,Unit cost far from vendor norm,0,1,0.8216,1,0.8649,1,train
12359,9625,WESTERN SPIRITS BEVERAGE CO,2024-10-13,1259,5627.88,27.58,0.4901,28.14,0.98,0,0,1,0,0,0,Unit cost far from vendor norm,0,1,0.9847,1,0.7947,1,train
12361,388,ATLANTIC IMPORTING COMPANY,2024-10-13,23,490.36,2.5,0.5098,2.45,1.02,0,0,0,0,0,0,,0,0,0.0,0,0.3664,0,test
12365,17037,Dunn Wine Brokers,2024-10-13,95,1130.16,6.1,0.5397,5.65,1.08,0,0,0,0,0,0,,0,0,0.0,0,0.2684,0,train
12378,1189,BULLY BOY DISTILLERS,2024-10-13,63,1384.83,7.06,0.5098,6.93,1.02,0,0,0,0,0,0,,0,0,0.0,0,0.2838,0,train
12391,8150,SEA HAGG DISTILLERY LLC,2024-10-13,281,3293.97,15.81,0.48,16.47,0.96,0,0,0,0,0,0,,0,0,0.0,0,0.2663,0,train
12392,3089,SIDNEY FRANK IMPORTING CO,2024-10-13,2906,21362.89,100.41,0.47,106.83,0.94,0,0,0,0,0,0,,0,0,0.0043,0,0.6264,0,train
12397,3960,DIAGEO NORTH AMERICA INC,2024-10-13,111132,1006682.3,5033.41,0.5,5034.04,1.0,1,0,0,0,0,0,High-value invoice (>= $250K),1,1,0.9975,1,0.9818,0,train
12403,90032,LABELLE VYDS AND WINERY,2024-10-13,145,1666.01,8.33,0.5,8.33,1.0,0,0,0,0,0,0,,0,0,0.0,0,0.3947,0,train
12408,6830,PARK STREET IMPORTS LLC,2024-10-13,101,1590.23,7.32,0.4603,7.95,0.92,0,0,0,0,0,0,,0,0,0.0283,0,0.7983,0,test
12409,7239,REMY COINTREAU USA INC,2024-10-13,1719,40311.82,189.47,0.47,201.58,0.94,0,0,0,0,0,0,,0,0,0.0,0,0.7653,0,train
12315,12546,JIM BEAM BRANDS COMPANY,2024-10-14,56404,530134.28,2438.62,0.46,2651.0,0.92,1,0,0,0,0,0,High-value invoice (>= $250K),1,1,1.0,1,0.8925,0,test
12323,2242,DELICATO VINEYARDS INC,2024-10-14,4884,38841.06,209.74,0.54,194.23,1.08,0,0,0,0,0,0,,0,0,0.0,0,0.5355,0,train
12329,5270,MANGO BOTTLING INC,2024-10-14,455,3230.07,15.5,0.4799,16.15,0.96,0,0,0,0,0,0,,0,0,0.0,0,0.2843,0,train
12336,173357,TAMWORTH DISTILLING,2024-10-14,24,464.88,2.37,0.5098,2.32,1.02,0,0,0,0,0,0,,0,0,0.0025,0,0.3101,0,test
12349,8352,LUXCO INC,2024-10-14,5083,33807.45,155.51,0.46,169.06,0.92,0,0,0,0,0,0,,0,0,0.0,0,0.3417,0,train
12387,7240,"PREMIUM PORT WINES, INC.",2024-10-14,143,1005.79,5.13,0.51,5.03,1.02,0,0,0,0,0,0,,0,0,0.0023,0,0.4534,0,train
12394,90010,VINEXTRA INC,2024-10-14,207,2498.96,12.99,0.5198,12.5,1.04,0,0,0,0,0,0,,0,0,0.0,0,0.0969,0,test
12395,1601,VRANKEN AMERICA,2024-10-14,78,1341.78,6.04,0.4501,6.71,0.9,0,0,0,0,0,0,,0,0,0.0023,0,0.2239,0,train
12405,5455,MARSALLE COMPANY,2024-10-14,121,2803.07,14.02,0.5002,14.02,1.0,0,0,0,0,0,0,,0,0,0.0,0,0.3437,0,train
12312,1650,Circa Wines,2024-10-15,126,1302.6,6.25,0.4798,6.51,0.96,0,0,0,0,0,0,,0,0,0.0,0,0.7227,0,train
12330,6359,OLE SMOKY DISTILLERY LLC,2024-10-15,333,4817.68,23.61,0.4901,24.09,0.98,0,0,0,0,0,0,,0,0,0.0,0,0.0649,0,train
12332,660,SAZERAC NORTH AMERICA INC.,2024-10-15,8983,65056.55,305.77,0.47,325.32,0.94,0,0,0,0,0,0,,0,0,0.0,0,0.2279,0,train
12353,8320,SHAW ROSS INT L IMP LTD,2024-10-15,1150,9962.24,52.8,0.53,49.82,1.06,0,0,0,0,0,0,,0,0,0.0,0,0.0615,0,train
12355,653,STATE WINE & SPIRITS,2024-10-15,3417,31228.58,146.77,0.47,156.16,0.94,0,0,0,0,0,0,,0,0,0.0,0,0.3655,0,train
12360,3664,WILLIAM GRANT & SONS INC,2024-10-15,5314,118354.46,556.27,0.47,591.85,0.94,0,0,0,0,0,0,,0,0,0.0,0,0.7887,0,train
12390,8004,SAZERAC CO INC,2024-10-15,28064,188234.39,903.53,0.48,941.29,0.96,0,0,0,0,0,0,,0,0,0.0086,0,0.5531,0,train
12393,8920,TAKARA SAKE USA INC,2024-10-15,189,1002.75,4.81,0.4797,5.01,0.96,0,0,0,0,0,0,,0,0,0.0,0,0.2304,0,test
12404,10000,MAJESTIC FINE WINES,2024-10-15,9817,78854.75,354.85,0.45,394.32,0.9,0,0,0,0,0,0,,0,0,0.0,0,0.2293,0,train
12410,8735,SURVILLE ENTERPRISES CORP,2024-10-15,72,347.04,1.56,0.4495,1.74,0.9,0,0,0,0,0,0,,0,0,0.0264,0,0.6529,0,train
12313,1590,DIAGEO CHATEAU ESTATE WINES,2024-10-16,5046,33442.69,177.25,0.53,167.23,1.06,0,0,0,0,0,0,,0,0,0.0,0,0.5244,0,train
12322,90046,CANDIA VINEYARDS,2024-10-16,36,571.32,2.97,0.5198,2.86,1.04,0,0,0,0,0,0,,0,0,0.0,0,0.2583,0,train
12347,1655,FABRIZIA SPIRITS LLC,2024-10-16,260,3779.78,17.76,0.4699,18.9,0.94,0,0,0,0,0,0,,0,0,0.0024,0,0.0456,0,train
12351,6355,NICHE W & S,2024-10-16,162,2901.96,13.64,0.47,14.51,0.94,0,0,0,0,0,0,,0,0,0.0,0,0.5659,0,train
12354,2000,SOUTHERN WINE & SPIRITS NE,2024-10-16,319,1952.28,9.37,0.48,9.76,0.96,0,0,0,0,0,0,,0,0,0.0326,0,0.6819,0,test
12357,90024,VINILANDIA USA,2024-10-16,1408,13331.08,66.66,0.5,66.66,1.0,0,0,0,0,0,0,,0,0,0.0,0,0.2589,0,train
12362,480,BACARDI USA INC,2024-10-16,25279,317797.37,1430.09,0.45,1589.18,0.9,1,0,0,0,0,0,High-value invoice (>= $250K),1,1,1.0,1,0.6486,0,train
12364,1485,CASTLE BRANDS CORP.,2024-10-16,1344,20145.19,104.75,0.52,100.74,1.04,0,0,0,0,0,0,,0,0,0.0,0,0.0397,0,train
12382,90047,CRUSH WINES,2024-10-16,1685,14883.24,74.42,0.5,74.43,1.0,0,0,0,0,0,0,,0,0,0.0045,0,0.5145,0,test
12384,6215,MOONLIGHT MEADERY,2024-10-16,298,2662.68,13.05,0.4901,13.32,0.98,0,0,0,0,0,0,,0,0,0.0,0,0.1245,0,test
12388,7255,PSP WINES,2024-10-16,299,2316.03,11.35,0.4901,11.58,0.98,0,0,0,0,0,0,,0,0,0.0,0,0.0563,0,test
12399,17031,FLAG HILL WINERY & VINEYARD,2024-10-16,366,5775.8,30.03,0.5199,28.88,1.04,0,0,0,0,0,0,,0,0,0.0023,0,0.0343,0,train
12406,5992,MCCORMICK DISTILLING CO,2024-10-16,510,5980.93,27.51,0.46,29.91,0.92,0,0,0,0,0,0,,0,0,0.0,0,0.0372,0,train
12320,9819,TREASURY WINE ESTATES,2024-10-17,7471,46335.33,240.94,0.52,231.71,1.04,0,0,0,0,0,0,,0,0,0.0023,0,0.4674,0,train
12324,9744,FREDERICK WILDMAN & SONS,2024-10-17,727,7074.4,34.66,0.4899,35.38,0.98,0,0,0,0,0,0,,0,0,0.0,0,0.2699,0,train
12326,90053,INCREDIBREW INC,2024-10-17,52,453.7,2.45,0.54,2.27,1.08,0,0,0,0,0,0,,0,0,0.0,0,0.2205,0,train
12339,9165,ULTRA BEVERAGE COMPANY LLP,2024-10-17,23153,240575.85,1154.76,0.48,1203.03,0.96,0,0,0,0,0,0,,0,0,0.0163,0,0.9522,0,train
12342,60,ADAMBA IMPORTS INTL INC,2024-10-17,249,4051.23,19.04,0.47,20.26,0.94,0,0,0,0,0,0,,0,0,0.0023,0,0.3172,0,train
12348,90011,FORTUNE WINE BROKERS LLC,2024-10-17,52,412.2,2.18,0.5289,2.06,1.06,0,0,0,0,0,0,,0,0,0.0018,0,0.2854,0,train
12374,28776,TALL SHIP DISTILLERY LLC,2024-10-17,12,253.08,1.32,0.5216,1.27,1.04,0,0,0,0,0,0,,0,0,0.0,0,0.5046,0,train
12386,7154,PREMIER DISTRIBUTORS,2024-10-17,105,1485.9,8.02,0.5397,7.43,1.08,0,0,0,0,0,0,,0,0,0.0,0,0.1308,0,train
12400,90052,HAUNTING WHISPER VYDS,2024-10-17,12,94.08,0.52,0.5527,0.47,1.11,0,0,0,0,0,0,,0,0,0.0,0,0.3792,0,train
12402,4692,KOBRAND CORPORATION,2024-10-17,2287,28278.93,130.08,0.46,141.41,0.92,0,0,0,0,0,0,,0,0,0.0,0,0.1541,0,train
12412,1128,BROWN-FORMAN CORP,2024-10-17,19280,262711.21,1392.37,0.53,1313.72,1.06,1,0,0,0,0,0,High-value invoice (>= $250K),1,1,0.9894,1,0.7848,0,train
12416,17031,FLAG HILL WINERY & VINEYARD,2024-10-17,225,3251.36,15.93,0.4899,16.26,0.98,0,0,0,0,0,0,,0,0,0.0,0,0.35,0,train
12417,90011,FORTUNE WINE BROKERS LLC,2024-10-17,34,268.26,1.26,0.4697,1.34,0.94,0,0,0,0,0,0,,0,0,0.0127,0,0.3386,0,train
12424,3089,SIDNEY FRANK IMPORTING CO,2024-10-17,2144,21698.2,104.15,0.48,108.5,0.96,0,0,0,0,0,0,,0,0,0.0,0,0.0603,0,train
12426,8920,TAKARA SAKE USA INC,2024-10-17,157,881.87,3.97,0.4502,4.41,0.9,0,0,0,0,0,0,,0,0,0.0048,0,0.667,0,train
12435,1273,CALEDONIA SPIRITS INC,2024-10-17,576,20334.21,109.8,0.54,101.68,1.08,0,0,0,0,0,0,,0,0,0.0611,0,0.9313,0,train
12456,90052,HAUNTING WHISPER VYDS,2024-10-17,12,94.08,0.46,0.4889,0.47,0.98,0,0,0,0,0,0,,0,0,0.0,0,0.5858,0,test
12467,388,ATLANTIC IMPORTING COMPANY,2024-10-17,34,724.88,3.7,0.5104,3.62,1.02,0,0,0,0,0,0,,0,0,0.0,0,0.6496,0,train
12468,516,BANFI PRODUCTS CORP,2024-10-17,4392,28481.9,148.11,0.52,142.43,1.04,0,0,0,0,0,0,,0,0,0.0,0,0.6008,0,test
12472,2496,DUGGANS DISTILLED PRODUCTS,2024-10-17,243,3507.2,16.13,0.4599,17.54,0.92,0,0,0,0,0,0,,0,0,0.0,0,0.1699,0,train
12481,8150,SEA HAGG DISTILLERY LLC,2024-10-17,530,6447.9,30.31,0.4701,32.24,0.94,0,0,0,0,0,0,,0,0,0.0,0,0.1515,0,train
12490,9744,FREDERICK WILDMAN & SONS,2024-10-17,1800,30459.07,146.2,0.48,152.31,0.96,0,0,0,0,0,0,,0,0,0.0088,0,0.9159,0,train
12496,10754,PERFECTA WINES,2024-10-17,10703,122543.28,637.23,0.52,612.79,1.04,0,0,0,0,0,0,,0,0,0.0,0,0.8678,0,train
12513,90037,THE PIERPONT GROUP LLC,2024-10-17,12,81.6,0.44,0.5392,0.41,1.08,0,0,0,0,0,0,,0,0,0.0256,0,0.8992,0,train
12314,2561,EDRINGTON AMERICAS,2024-10-18,956,25432.72,132.25,0.52,127.18,1.04,0,0,0,1,0,0,Lead time unusual for vendor,0,1,0.6747,1,0.8531,1,train
12325,90051,FULCHINO VINEYARD INC,2024-10-18,12,120.72,0.62,0.5136,0.6,1.03,0,0,0,0,0,0,,0,0,0.0,0,0.5623,0,test
12335,12331,STELLAR IMPORTING CO LLC,2024-10-18,36,285.6,1.49,0.5217,1.43,1.04,0,0,0,0,0,0,,0,0,0.0043,0,0.75,0,test
12337,8892,TRINCHERO FAMILY ESTATES,2024-10-18,6648,42606.45,191.73,0.45,213.06,0.9,0,0,0,0,0,0,,0,0,0.0,0,0.5468,0,train
12350,6213,MHW LTD,2024-10-18,2715,26223.82,131.12,0.5,131.14,1.0,0,0,0,0,0,0,,0,0,0.0,0,0.6796,0,train
12368,9552,M S WALKER INC,2024-10-18,25328,196908.29,886.09,0.45,984.66,0.9,0,0,0,0,0,0,,0,0,0.002,0,0.8589,0,train
12414,1655,FABRIZIA SPIRITS LLC,2024-10-18,467,6309.46,32.18,0.51,31.55,1.02,0,0,0,0,0,0,,0,0,0.0,0,0.0473,0,train
12415,90033,FANTASY FINE WINES CORP,2024-10-18,12,64.32,0.31,0.482,0.32,0.96,0,0,0,0,0,0,,0,0,0.0043,0,0.9726,0,train
12432,9815,WINE GROUP INC,2024-10-18,15933,100435.23,462.0,0.46,502.24,0.92,0,0,0,0,0,0,,0,0,0.0,0,0.2753,0,train
12445,8735,SURVILLE ENTERPRISES CORP,2024-10-18,167,1006.2,5.53,0.5496,5.03,1.1,0,0,0,0,0,0,,0,0,0.0065,0,0.2327,0,train
12447,28776,TALL SHIP DISTILLERY LLC,2024-10-18,36,756.84,4.16,0.5497,3.78,1.1,0,0,0,0,0,0,,0,0,0.0,0,0.2116,0,train
12457,12546,JIM BEAM BRANDS COMPANY,2024-10-18,55802,509028.25,2443.34,0.48,2545.46,0.96,1,0,0,0,0,0,High-value invoice (>= $250K),1,1,1.0,1,0.748,0,train
12469,1650,Circa Wines,2024-10-18,12,99.24,0.48,0.4837,0.5,0.97,0,0,0,0,0,0,,0,0,0.0124,0,0.735,0,test
12476,4550,KLIN SPIRITS LLC,2024-10-18,153,2492.21,12.21,0.4899,12.46,0.98,0,0,0,0,0,0,,0,0,0.0,0,0.3345,0,train
12478,6830,PARK STREET IMPORTS LLC,2024-10-18,155,2507.54,12.79,0.5101,12.54,1.02,0,0,0,0,0,0,,0,0,0.0,0,0.3641,0,train
12487,90047,CRUSH WINES,2024-10-18,840,8172.74,36.78,0.45,40.87,0.9,0,0,0,0,0,0,,0,0,0.0,0,0.486,0,train
12491,3924,HEAVEN HILL DISTILLERIES,2024-10-18,11794,70659.89,339.17,0.48,353.34,0.96,0,0,0,0,0,0,,0,0,0.0064,0,0.8753,0,train
12492,4848,LAIRD & CO,2024-10-18,286,2291.8,11.46,0.5,11.46,1.0,0,0,0,0,0,0,,0,0,0.0022,0,0.1445,0,train
12508,10000,MAJESTIC FINE WINES,2024-10-18,7712,62424.0,343.33,0.55,312.16,1.1,0,0,0,0,0,0,,0,0,0.0,0,0.7494,0,train
12511,7154,PREMIER DISTRIBUTORS,2024-10-18,95,1508.19,7.54,0.4999,7.54,1.0,0,0,0,0,0,0,,0,0,0.1097,0,0.6691,0,test
12413,1392,CONSTELLATION BRANDS INC,2024-10-19,58214,380854.32,1980.44,0.52,1904.51,1.04,1,0,0,0,0,0,High-value invoice (>= $250K),1,1,1.0,1,0.7736,0,train
12418,9552,M S WALKER INC,2024-10-19,21655,175433.45,806.99,0.46,877.28,0.92,0,0,0,0,0,0,,0,0,0.0,0,0.7985,0,train
12422,8004,SAZERAC CO INC,2024-10-19,33191,295260.21,1476.3,0.5,1476.48,1.0,1,0,0,0,0,0,High-value invoice (>= $250K),1,1,0.9665,1,0.7878,0,test
12436,90046,CANDIA VINEYARDS,2024-10-19,203,2998.95,15.89,0.5299,15.0,1.06,0,0,0,0,0,0,,0,0,0.0044,0,0.5946,0,train
12440,8352,LUXCO INC,2024-10-19,5722,39168.86,176.26,0.45,195.87,0.9,0,0,0,0,0,0,,0,0,0.0,0,0.2095,0,test
12444,8320,SHAW ROSS INT L IMP LTD,2024-10-19,1538,14216.19,66.82,0.47,71.09,0.94,0,0,0,0,0,0,,0,0,0.0,0,0.0604,0,train
12460,7153,PINE STATE TRADING CO,2024-10-19,9235,76703.81,398.86,0.52,383.57,1.04,0,0,0,0,0,0,,0,0,0.0,0,0.5158,0,test
12503,480,BACARDI USA INC,2024-10-19,22284,290327.82,1364.54,0.47,1451.82,0.94,1,0,0,0,0,0,High-value invoice (>= $250K),1,1,0.9997,1,0.8692,0,train
12423,17033,SEA BREEZE CELLARS LLC,2024-10-20,535,6012.15,28.86,0.48,30.06,0.96,0,0,0,0,0,0,,0,0,0.0049,0,0.5901,0,train
12433,90058,ZORVINO VINEYARDS,2024-10-20,368,2974.35,15.17,0.51,14.87,1.02,0,0,0,0,0,0,,0,0,0.0,0,0.2334,0,train
12437,1485,CASTLE BRANDS CORP.,2024-10-20,1983,43505.0,200.12,0.46,217.55,0.92,0,0,0,0,0,0,,0,0,0.0045,0,0.6776,0,train
12441,17035,PERNOD RICARD USA,2024-10-20,29115,416593.78,2124.63,0.51,2083.23,1.02,1,0,0,0,0,0,High-value invoice (>= $250K),1,1,1.0,1,0.7795,0,train
12448,9260,TY KU LLC,2024-10-20,12,103.2,0.47,0.4554,0.52,0.91,0,0,0,0,0,0,,0,0,0.0154,0,0.7288,0,train
12450,3664,WILLIAM GRANT & SONS INC,2024-10-20,5066,110616.79,553.08,0.5,553.15,1.0,0,0,0,0,0,0,,0,0,0.0,0,0.5697,0,train
12452,2396,BLACK PRINCE DISTILLERY INC,2024-10-20,12,52.08,0.27,0.5184,0.26,1.04,0,0,0,0,0,0,,0,0,0.0011,0,0.8216,0,train
12458,8112,MOET HENNESSY USA INC,2024-10-20,7943,187374.61,1011.82,0.54,936.99,1.08,0,0,0,0,0,0,,0,0,0.0168,0,0.827,0,test
12466,4466,AMERICAN VINTAGE BEVERAGE,2024-10-20,280,2798.6,14.55,0.5199,13.99,1.04,0,0,0,0,0,0,,0,0,0.0,0,0.0815,0,train
12471,2555,DISARONNO INTERNATIONAL LLC,2024-10-20,2949,30326.47,142.53,0.47,151.65,0.94,0,0,0,0,0,0,,0,0,0.0024,0,0.5477,0,test
12473,2561,EDRINGTON AMERICAS,2024-10-20,914,23491.68,105.71,0.45,117.47,0.9,0,0,0,0,0,0,,0,0,0.0084,0,0.6424,0,train
12480,660,SAZERAC NORTH AMERICA INC.,2024-10-20,16218,85232.03,400.59,0.47,426.21,0.94,0,0,0,0,0,0,,0,0,0.0546,0,0.7287,0,train
12489,2450,DJINN SPIRITS LLC,2024-10-20,6,129.48,0.58,0.4479,0.65,0.9,0,0,0,0,0,0,,0,0,0.0409,0,0.8928,0,train
12493,5992,MCCORMICK DISTILLING CO,2024-10-20,821,8317.51,37.43,0.45,41.59,0.9,0,0,0,0,0,0,,0,0,0.0,0,0.3141,0,test
12502,90010,VINEXTRA INC,2024-10-20,102,1839.96,8.83,0.4799,9.2,0.96,0,0,0,0,0,0,,0,0,0.0,0,0.5764,0,train
12510,6215,MOONLIGHT MEADERY,2024-10-20,132,1195.06,5.98,0.5004,5.98,1.0,0,0,0,0,0,0,,0,0,0.0,0,0.3193,0,train
12512,12331,STELLAR IMPORTING CO LLC,2024-10-20,36,342.72,1.75,0.5106,1.71,1.02,0,0,0,0,0,0,,0,0,0.007,0,0.8127,0,train
12439,90032,LABELLE VYDS AND WINERY,2024-10-21,195,2339.77,10.53,0.45,11.7,0.9,0,0,0,0,0,0,,0,0,0.0,0,0.2908,0,test
12443,98450,Serralles Usa LLC,2024-10-21,131,1824.46,10.03,0.5498,9.12,1.1,0,0,0,0,0,0,,0,0,0.0,0,0.4187,0,train
12451,60,ADAMBA IMPORTS INTL INC,2024-10-21,152,2415.08,13.04,0.5399,12.08,1.08,0,0,0,0,0,0,,0,0,0.0247,0,0.5497,0,test
12454,17037,Dunn Wine Brokers,2024-10-21,75,977.52,4.89,0.5002,4.89,1.0,0,0,0,0,0,0,,0,0,0.0,0,0.2719,0,train
12461,10050,Russian Standard Vodka,2024-10-21,153,2277.3,12.07,0.53,11.39,1.06,0,0,0,0,0,0,,0,0,0.0,0,0.2885,0,train
12484,9819,TREASURY WINE ESTATES,2024-10-21,6123,36392.14,174.68,0.48,181.98,0.96,0,0,0,0,0,0,,0,0,0.0022,0,0.331,0,train
12499,7255,PSP WINES,2024-10-21,302,2433.07,13.38,0.5499,12.17,1.1,0,0,0,0,0,0,,0,0,0.0,0,0.4306,0,train
12506,1590,DIAGEO CHATEAU ESTATE WINES,2024-10-21,5238,34900.01,188.46,0.54,174.52,1.08,0,0,0,0,0,0,,0,0,0.0045,0,0.6664,0,train
12509,6213,MHW LTD,2024-10-21,3141,31262.18,156.31,0.5,156.33,1.0,0,0,0,0,0,0,,0,0,0.0,0,0.267,0,train
12514,8892,TRINCHERO FAMILY ESTATES,2024-10-21,7050,44307.29,212.67,0.48,221.56,0.96,0,0,0,0,0,0,,0,0,0.0018,0,0.499,0,test
12431,90057,WALPOLE MTN VIEW WINERY,2024-10-22,12,127.08,0.6,0.4721,0.64,0.94,0,0,0,0,0,0,,0,0,0.0,0,0.5338,0,train
12465,1601,VRANKEN AMERICA,2024-10-22,75,1065.66,5.54,0.5199,5.33,1.04,0,0,0,0,0,0,,0,0,0.0,0,0.1708,0,train
12477,5270,MANGO BOTTLING INC,2024-10-22,610,4380.58,23.66,0.5401,21.91,1.08,0,0,0,0,0,0,,0,0,0.0,0,0.0449,0,test
12479,9206,PHILLIPS PRODUCTS CO.,2024-10-22,544,7295.82,36.48,0.5,36.48,1.0,0,0,0,0,0,0,,0,0,0.0,0,0.0949,0,train
12495,6785,PALM BAY INTERNATIONAL INC,2024-10-22,5540,37612.3,173.02,0.46,188.08,0.92,0,0,0,0,0,0,,0,0,0.0,0,0.4391,0,train
12500,2000,SOUTHERN WINE & SPIRITS NE,2024-10-22,3995,37894.44,181.89,0.48,189.5,0.96,0,0,0,0,0,0,,0,0,0.0,0,0.5746,0,train
12504,90059,BLACK COVE BEVERAGES,2024-10-22,540,8499.6,45.05,0.53,42.5,1.06,0,0,0,0,0,0,,0,0,0.0744,0,0.8791,0,test
12420,4425,MARTIGNETTI COMPANIES,2024-10-23,41148,426597.53,2346.29,0.55,2133.25,1.1,1,0,0,0,0,0,High-value invoice (>= $250K),1,1,0.9978,1,0.9877,0,train
12429,1587,VINEYARD BRANDS INC,2024-10-23,1605,11320.2,53.2,0.47,56.61,0.94,0,0,0,0,0,0,,0,0,0.0,0,0.188,0,train
12434,1189,BULLY BOY DISTILLERS,2024-10-23,92,2016.84,10.29,0.5102,10.09,1.02,0,0,0,0,0,0,,0,0,0.0,0,0.0749,0,train
12438,4692,KOBRAND CORPORATION,2024-10-23,2303,26747.69,123.04,0.46,133.76,0.92,0,0,0,0,0,0,,0,0,0.0,0,0.2123,0,train
12455,3252,E & J GALLO WINERY,2024-10-23,31580,209252.03,1150.89,0.55,1046.39,1.1,0,0,0,0,0,0,,0,0,0.0038,0,0.7583,0,train
12464,8664,"STOLI GROUP,(USA) LLC",2024-10-23,6494,81354.85,439.32,0.54,406.82,1.08,0,0,0,0,0,0,,0,0,0.0065,0,0.2275,0,train
12482,2000,SOUTHERN WINE & SPIRITS NE,2024-10-23,305,1866.6,8.4,0.45,9.33,0.9,0,0,0,0,0,0,,0,0,0.0259,0,0.7613,0,train
12486,105,ALTAMAR BRANDS LLC,2024-10-23,12,428.52,2.27,0.5297,2.14,1.06,0,0,0,0,0,0,,0,0,0.0299,0,0.7007,0,test
12488,2242,DELICATO VINEYARDS INC,2024-10-23,3579,31146.0,152.62,0.49,155.75,0.98,0,0,0,0,0,0,,0,0,0.0,0,0.0366,0,train
12494,6359,OLE SMOKY DISTILLERY LLC,2024-10-23,518,7476.53,41.12,0.55,37.39,1.1,0,0,0,0,0,0,,0,0,0.0018,0,0.1194,0,train
12498,7245,PROXIMO SPIRITS INC.,2024-10-23,11642,125869.47,667.11,0.53,629.43,1.06,0,0,0,0,0,0,,0,0,0.0,0,0.3711,0,train
12501,9165,ULTRA BEVERAGE COMPANY LLP,2024-10-23,18044,215283.22,1033.36,0.48,1076.55,0.96,0,0,0,0,0,0,,0,0,0.0115,0,0.9367,0,test
12419,5455,MARSALLE COMPANY,2024-10-24,205,4289.1,21.87,0.5099,21.45,1.02,0,0,0,0,0,0,,0,0,0.0045,0,0.4364,0,train
12427,173357,TAMWORTH DISTILLING,2024-10-24,24,464.88,2.28,0.4904,2.32,0.98,0,0,0,0,0,0,,0,0,0.0064,0,0.4425,0,train
12430,90024,VINILANDIA USA,2024-10-24,914,8661.44,45.04,0.52,43.31,1.04,0,0,0,0,0,0,,0,0,0.007,0,0.4936,0,test
12442,7240,"PREMIUM PORT WINES, INC.",2024-10-24,188,1377.4,7.58,0.5503,6.89,1.1,0,0,0,0,0,0,,0,0,0.0,0,0.4413,0,train
12459,6355,NICHE W & S,2024-10-24,77,1510.08,7.1,0.4702,7.55,0.94,0,0,0,0,0,0,,0,0,0.0,0,0.4164,0,train
12470,3960,DIAGEO NORTH AMERICA INC,2024-10-24,110018,1018011.41,4581.05,0.45,5090.69,0.9,1,0,0,0,0,0,High-value invoice (>= $250K),1,1,1.0,1,0.8984,0,train
12483,172662,SWEETWATER FARM,2024-10-24,36,778.2,4.05,0.5204,3.89,1.04,0,0,0,0,0,0,,0,0,0.0715,0,0.6823,0,train
12497,90027,POVERTY LANE ORCHARDS,2024-10-24,80,634.9,2.92,0.4599,3.17,0.92,0,0,0,0,0,0,,0,0,0.0045,0,0.0554,0,train
12505,4380,CHARLES JACQUIN ET CIE INC,2024-10-24,882,6313.43,29.04,0.46,31.57,0.92,0,0,0,0,0,0,,0,0,0.0118,0,0.5926,0,train
12518,90046,CANDIA VINEYARDS,2024-10-24,48,692.04,3.67,0.5303,3.46,1.06,0,0,0,0,0,0,,0,0,0.0,0,0.0848,0,test
12519,90047,CRUSH WINES,2024-10-24,529,7737.86,35.59,0.4599,38.69,0.92,0,0,0,0,0,0,,0,0,0.0022,0,0.2973,0,train
12522,90011,FORTUNE WINE BROKERS LLC,2024-10-24,101,838.72,4.36,0.5198,4.19,1.04,0,0,0,0,0,0,,0,0,0.0,0,0.5033,0,test
12533,172662,SWEETWATER FARM,2024-10-24,48,1090.8,5.45,0.4996,5.45,1.0,0,0,0,0,0,0,,0,0,0.0022,0,0.0516,0,train
12555,1003,BRONCO WINE COMPANY,2024-10-24,17,62.96,0.31,0.4924,0.31,0.98,0,0,0,0,0,0,,0,0,0.0415,0,0.8221,0,train
12556,1273,CALEDONIA SPIRITS INC,2024-10-24,141,4560.71,20.98,0.46,22.81,0.92,0,0,0,0,0,0,,0,0,0.0041,0,0.3347,0,train
12564,9206,PHILLIPS PRODUCTS CO.,2024-10-24,305,4267.81,20.06,0.47,21.34,0.94,0,0,0,0,0,0,,0,0,0.0046,0,0.2104,0,test
12565,7239,REMY COINTREAU USA INC,2024-10-24,3391,80144.5,392.71,0.49,400.77,0.98,0,0,0,0,0,0,,0,0,0.0,0,0.5833,0,test
12612,90027,POVERTY LANE ORCHARDS,2024-10-24,50,391.58,2.0,0.5108,1.96,1.02,0,0,0,0,0,0,,0,0,0.0048,0,0.6895,0,train
12421,7239,REMY COINTREAU USA INC,2024-10-25,2644,61953.32,315.96,0.51,309.81,1.02,0,0,0,0,0,0,,0,0,0.0508,0,0.7812,0,train
12425,8673,STE MICHELLE WINE ESTATES,2024-10-25,7769,57781.71,312.02,0.54,288.94,1.08,0,0,0,0,0,0,,0,0,0.0042,0,0.7155,0,train
12428,90017,THE IMPORTED GRAPE LLC,2024-10-25,30,304.38,1.37,0.4501,1.52,0.9,0,0,0,0,0,0,,0,0,0.0131,0,0.9093,0,train
12446,90056,SWEET BABY VINEYARD,2024-10-25,363,3024.23,16.63,0.5499,15.12,1.1,0,0,0,0,0,0,,0,0,0.002,0,0.4231,0,train
12449,9625,WESTERN SPIRITS BEVERAGE CO,2024-10-25,1447,7257.52,34.84,0.4801,36.29,0.96,0,0,0,0,0,0,,0,0,0.036,0,0.6565,0,train
12453,11567,CAMPARI AMERICA,2024-10-25,11435,85640.17,471.02,0.55,428.25,1.1,0,0,0,0,0,0,,0,0,0.0024,0,0.4218,0,train
12462,28750,SMOKY QUARTZ DISTILLERY LLC,2024-10-25,48,1051.2,5.05,0.4804,5.26,0.96,0,0,0,0,0,0,,0,0,0.0088,0,0.6614,0,test
12463,653,STATE WINE & SPIRITS,2024-10-25,3008,27167.76,146.71,0.54,135.86,1.08,0,0,0,0,0,0,,0,0,0.0,0,0.3462,0,train
12474,90053,INCREDIBREW INC,2024-10-25,36,318.72,1.72,0.5397,1.59,1.08,0,0,0,0,0,0,,0,0,0.0,0,0.3278,0,train
12475,17032,JEWELL TOWNE VINEYARDS,2024-10-25,130,1068.51,5.02,0.4698,5.34,0.94,0,0,0,0,0,0,,0,0,0.0,0,0.1299,0,test
12485,9622,WEIN BAUER INC,2024-10-25,102,1791.96,8.78,0.49,8.96,0.98,0,0,0,0,0,0,,0,0,0.0,0,0.3469,0,train
12507,4950,LATITUDE BEVERAGE COMPANY,2024-10-25,618,3671.0,19.09,0.52,18.36,1.04,0,0,0,0,0,0,,0,0,0.0,0,0.3464,0,train
12525,5992,MCCORMICK DISTILLING CO,2024-10-25,494,5598.65,27.43,0.4899,28.0,0.98,0,0,0,0,0,0,,0,0,0.0022,0,0.0087,0,train
12532,653,STATE WINE & SPIRITS,2024-10-25,2615,24288.8,119.02,0.49,121.46,0.98,0,0,0,0,0,0,,0,0,0.0,0,0.1167,0,train
12538,480,BACARDI USA INC,2024-10-25,21735,289867.95,1594.27,0.55,1449.52,1.1,1,0,0,0,0,0,High-value invoice (>= $250K),1,1,0.9969,1,0.6684,0,train
12539,1128,BROWN-FORMAN CORP,2024-10-25,20615,280004.13,1316.02,0.47,1400.19,0.94,1,0,0,0,0,0,High-value invoice (>= $250K),1,1,0.9871,1,0.6408,0,test
12546,8112,MOET HENNESSY USA INC,2024-10-25,14014,364706.12,1714.12,0.47,1823.76,0.94,1,0,0,0,0,0,High-value invoice (>= $250K),1,1,0.9931,1,0.8313,0,train
12552,3664,WILLIAM GRANT & SONS INC,2024-10-25,7915,153689.12,814.55,0.53,768.54,1.06,0,0,0,0,0,0,,0,0,0.0,0,0.3781,0,train
12562,4425,MARTIGNETTI COMPANIES,2024-10-25,49996,516889.13,2532.76,0.49,2584.77,0.98,1,0,0,0,0,0,High-value invoice (>= $250K),1,1,1.0,1,0.9729,0,train
12567,660,SAZERAC NORTH AMERICA INC.,2024-10-25,10043,69981.33,384.9,0.55,349.95,1.1,0,0,0,0,0,0,,0,0,0.0,0,0.374,0,train
12575,90024,VINILANDIA USA,2024-10-25,726,7365.09,33.88,0.46,36.83,0.92,0,0,0,0,0,0,,0,0,0.0024,0,0.1618,0,train
12579,3960,DIAGEO NORTH AMERICA INC,2024-10-25,112498,1160505.37,6150.68,0.53,5803.25,1.06,1,0,0,0,0,0,High-value invoice (>= $250K),1,1,1.0,1,0.947,0,train
12583,4848,LAIRD & CO,2024-10-25,332,3085.08,16.35,0.53,15.43,1.06,0,0,0,0,0,0,,0,0,0.0022,0,0.1061,0,test
12585,7255,PSP WINES,2024-10-25,508,3875.56,20.93,0.5401,19.38,1.08,0,0,0,0,0,0,,0,0,0.0,0,0.3015,0,train
12587,28750,SMOKY QUARTZ DISTILLERY LLC,2024-10-25,107,2346.04,11.96,0.5098,11.73,1.02,0,0,0,0,0,0,,0,0,0.0,0,0.4922,0,train
12604,90017,THE IMPORTED GRAPE LLC,2024-10-25,48,215.88,0.97,0.4493,1.08,0.9,0,0,0,0,0,0,,0,0,0.02,0,0.8281,0,train
12613,7240,"PREMIUM PORT WINES, INC.",2024-10-25,176,1274.2,5.73,0.4497,6.37,0.9,0,0,0,0,0,0,,0,0,0.0085,0,0.3599,0,test
12517,90059,BLACK COVE BEVERAGES,2024-10-26,58,912.92,4.66,0.5104,4.57,1.02,0,0,0,0,0,0,,0,0,0.0411,0,0.9376,0,train
12527,6830,PARK STREET IMPORTS LLC,2024-10-26,217,3475.09,18.77,0.5401,17.38,1.08,0,0,0,0,0,0,,0,0,0.0,0,0.1748,0,train
12534,1601,VRANKEN AMERICA,2024-10-26,347,6313.14,30.93,0.4899,31.57,0.98,0,0,0,0,0,0,,0,0,0.0,0,0.5201,0,train
12535,9622,WEIN BAUER INC,2024-10-26,54,886.44,3.99,0.4501,4.43,0.9,0,0,0,0,0,0,,0,0,0.0019,0,0.1952,0,test
12540,4380,CHARLES JACQUIN ET CIE INC,2024-10-26,880,6675.97,31.38,0.47,33.38,0.94,0,0,0,0,0,0,,0,0,0.0,0,0.1326,0,train
12542,4550,KLIN SPIRITS LLC,2024-10-26,114,1732.99,9.18,0.5297,8.67,1.06,0,0,0,0,0,0,,0,0,0.0022,0,0.6469,0,train
12543,4692,KOBRAND CORPORATION,2024-10-26,2374,31165.25,162.06,0.52,155.85,1.04,0,0,0,0,0,0,,0,0,0.0,0,0.7476,0,test
12544,5455,MARSALLE COMPANY,2024-10-26,96,2094.25,11.1,0.53,10.47,1.06,0,0,0,0,0,0,,0,0,0.0,0,0.2437,0,train
12545,6213,MHW LTD,2024-10-26,4133,40995.88,221.38,0.54,205.0,1.08,0,0,0,0,0,0,,0,0,0.0,0,0.1102,0,train
12554,516,BANFI PRODUCTS CORP,2024-10-26,3724,26200.18,120.52,0.46,131.02,0.92,0,0,0,0,0,0,,0,0,0.0021,0,0.1665,0,test
12559,17032,JEWELL TOWNE VINEYARDS,2024-10-26,107,819.77,4.34,0.5294,4.1,1.06,0,0,0,0,0,0,,0,0,0.0024,0,0.0503,0,train
12584,17035,PERNOD RICARD USA,2024-10-26,29423,489553.08,2251.94,0.46,2448.07,0.92,1,0,0,0,0,0,High-value invoice (>= $250K),1,1,1.0,1,0.9408,0,test
12594,2555,DISARONNO INTERNATIONAL LLC,2024-10-26,3548,45596.48,241.66,0.53,228.01,1.06,0,0,0,0,0,0,,0,0,0.0045,0,0.4707,0,train
12598,3252,E & J GALLO WINERY,2024-10-26,33747,225618.64,1015.28,0.45,1128.23,0.9,0,0,0,0,0,0,,0,0,0.0152,0,0.8385,0,test
12602,6785,PALM BAY INTERNATIONAL INC,2024-10-26,7109,53354.79,266.77,0.5,266.81,1.0,0,0,0,0,0,0,,0,0,0.0022,0,0.4029,0,train
12609,3924,HEAVEN HILL DISTILLERIES,2024-10-26,6586,51866.88,233.4,0.45,259.37,0.9,0,0,0,0,0,0,,0,0,0.0,0,0.5564,0,train
12614,8150,SEA HAGG DISTILLERY LLC,2024-10-26,438,5250.9,24.15,0.4599,26.26,0.92,0,0,0,0,0,0,,0,0,0.002,0,0.3686,0,train
12515,4466,AMERICAN VINTAGE BEVERAGE,2024-10-27,178,1763.28,8.64,0.49,8.82,0.98,0,0,0,0,0,0,,0,0,0.0,0,0.1353,0,train
12524,4950,LATITUDE BEVERAGE COMPANY,2024-10-27,610,3658.88,17.2,0.4701,18.3,0.94,0,0,0,0,0,0,,0,0,0.0,0,0.3339,0,train
12550,8920,TAKARA SAKE USA INC,2024-10-27,165,795.54,4.3,0.5405,3.98,1.08,0,0,0,0,0,0,,0,0,0.0064,0,0.5578,0,train
12574,1587,VINEYARD BRANDS INC,2024-10-27,1436,9792.69,48.96,0.5,48.97,1.0,0,0,0,0,0,0,,0,0,0.0,0,0.3597,0,train
12581,12546,JIM BEAM BRANDS COMPANY,2024-10-27,46270,397417.91,1788.38,0.45,1987.34,0.9,1,0,0,0,0,0,High-value invoice (>= $250K),1,1,1.0,1,0.7954,0,test
12573,9260,TY KU LLC,2024-10-28,83,1323.27,6.62,0.5003,6.62,1.0,0,0,0,0,0,0,,0,0,0.0022,0,0.6888,0,train
12577,1485,CASTLE BRANDS CORP.,2024-10-28,1718,24857.5,121.8,0.49,124.3,0.98,0,0,0,0,0,0,,0,0,0.0022,0,0.4014,0,test
12578,1392,CONSTELLATION BRANDS INC,2024-10-28,45962,301940.04,1479.51,0.49,1509.89,0.98,1,0,0,0,0,0,High-value invoice (>= $250K),1,1,0.9995,1,0.8964,0,train
12591,90010,VINEXTRA INC,2024-10-28,119,1314.88,6.97,0.5301,6.58,1.06,0,0,0,0,0,0,,0,0,0.0,0,0.1443,0,train
12597,17037,Dunn Wine Brokers,2024-10-28,48,695.04,3.75,0.5395,3.48,1.08,0,0,0,0,0,0,,0,0,0.0024,0,0.3799,0,test
12601,10000,MAJESTIC FINE WINES,2024-10-28,8513,67190.94,342.67,0.51,336.0,1.02,0,0,0,0,0,0,,0,0,0.0,0,0.2549,0,train
12607,11567,CAMPARI AMERICA,2024-10-28,10850,113416.88,544.4,0.48,567.15,0.96,0,0,0,0,0,0,,0,0,0.0,0,0.5533,0,train
12616,173357,TAMWORTH DISTILLING,2024-10-28,12,232.44,1.21,0.5206,1.16,1.04,0,0,0,0,0,0,,0,0,0.0025,0,0.6195,0,train
12521,1655,FABRIZIA SPIRITS LLC,2024-10-29,296,3961.72,17.83,0.4501,19.81,0.9,0,0,0,0,0,0,,0,0,0.0022,0,0.3283,0,train
12523,3950,"HOOD RIVER DISTILLERS, Inc.",2024-10-29,2,35.42,0.18,0.5082,0.18,1.02,0,0,0,0,0,0,,0,0,0.0189,0,0.9001,0,train
12530,8320,SHAW ROSS INT L IMP LTD,2024-10-29,1645,15475.42,74.28,0.48,77.39,0.96,0,0,0,0,0,0,,0,0,0.0,0,0.4299,0,train
12549,2000,SOUTHERN WINE & SPIRITS NE,2024-10-29,5767,54641.1,262.28,0.48,273.24,0.96,0,0,0,0,0,0,,0,0,0.0044,0,0.8299,0,train
12557,2561,EDRINGTON AMERICAS,2024-10-29,2244,65097.19,332.0,0.51,325.53,1.02,0,0,0,0,0,0,,0,0,0.0062,0,0.6466,0,train
12558,17031,FLAG HILL WINERY & VINEYARD,2024-10-29,472,7615.23,38.08,0.5001,38.08,1.0,0,0,0,0,0,0,,0,0,0.0,0,0.2237,0,test
12572,90037,THE PIERPONT GROUP LLC,2024-10-29,12,81.6,0.44,0.5392,0.41,1.08,0,0,0,0,0,0,,0,0,0.0024,0,0.5293,0,test
12580,90053,INCREDIBREW INC,2024-10-29,71,636.36,3.31,0.5201,3.18,1.04,0,0,0,0,0,0,,0,0,0.0,0,0.1667,0,train
12589,90056,SWEET BABY VINEYARD,2024-10-29,211,1774.73,9.05,0.5099,8.87,1.02,0,0,0,0,0,0,,0,0,0.0,0,0.0173,0,train
12520,1590,DIAGEO CHATEAU ESTATE WINES,2024-10-30,3850,25166.63,128.35,0.51,125.85,1.02,0,0,0,0,0,0,,0,0,0.0,0,0.4572,0,train
12526,6215,MOONLIGHT MEADERY,2024-10-30,108,954.0,4.77,0.5,4.77,1.0,0,0,0,0,0,0,,0,0,0.0,0,0.2744,0,train
12528,7245,PROXIMO SPIRITS INC.,2024-10-30,9578,113515.1,590.28,0.52,567.65,1.04,0,0,0,0,0,0,,0,0,0.0,0,0.5111,0,train
12536,90058,ZORVINO VINEYARDS,2024-10-30,299,2533.42,11.91,0.4701,12.67,0.94,0,0,0,0,0,0,,0,0,0.0,0,0.2988,0,test
12548,7154,PREMIER DISTRIBUTORS,2024-10-30,88,1165.44,6.41,0.55,5.83,1.1,0,0,0,0,0,0,,0,0,0.0548,0,0.659,0,train
12551,8892,TRINCHERO FAMILY ESTATES,2024-10-30,6110,38843.6,198.1,0.51,194.24,1.02,0,0,0,0,0,0,,0,0,0.0,0,0.296,0,train
12553,9815,WINE GROUP INC,2024-10-30,15803,95493.84,448.82,0.47,477.53,0.94,0,0,0,0,0,0,,0,0,0.0,0,0.4323,0,train
12560,8352,LUXCO INC,2024-10-30,6138,43020.14,193.59,0.45,215.13,0.9,0,0,0,0,0,0,,0,0,0.0,0,0.1398,0,train
12563,6355,NICHE W & S,2024-10-30,222,2521.68,13.62,0.5401,12.61,1.08,0,0,0,0,0,0,,0,0,0.0,0,0.4469,0,train
12568,17033,SEA BREEZE CELLARS LLC,2024-10-30,748,8873.88,44.37,0.5,44.37,1.0,0,0,0,0,0,0,,0,0,0.0046,0,0.6785,0,train
12569,12331,STELLAR IMPORTING CO LLC,2024-10-30,36,244.56,1.3,0.5316,1.22,1.06,0,0,0,0,0,0,,0,0,0.0022,0,0.5863,0,train
12571,8735,SURVILLE ENTERPRISES CORP,2024-10-30,148,1049.06,5.66,0.5395,5.25,1.08,0,0,0,0,0,0,,0,0,0.0022,0,0.07,0,train
12590,28776,TALL SHIP DISTILLERY LLC,2024-10-30,30,642.18,3.34,0.5201,3.21,1.04,0,0,0,0,0,0,,0,0,0.0,0,0.2001,0,test
12592,1189,BULLY BOY DISTILLERS,2024-10-30,127,2771.51,14.41,0.5199,13.86,1.04,0,0,0,0,0,0,,0,0,0.0024,0,0.028,0,test
12593,2876,CENTEUR IMPORTS LLC,2024-10-30,6,57.12,0.31,0.5427,0.29,1.09,0,0,0,0,0,0,,0,0,0.0086,0,0.6975,0,train
12595,2450,DJINN SPIRITS LLC,2024-10-30,96,1775.87,9.41,0.5299,8.88,1.06,0,0,0,0,0,0,,0,0,0.0,0,0.2217,0,train
12596,2496,DUGGANS DISTILLED PRODUCTS,2024-10-30,210,2383.88,12.4,0.5202,11.92,1.04,0,0,0,0,0,0,,0,0,0.002,0,0.0494,0,test
12600,9552,M S WALKER INC,2024-10-30,22039,165253.62,859.32,0.52,826.37,1.04,0,0,0,0,0,0,,0,0,0.0,0,0.856,0,train
12603,8673,STE MICHELLE WINE ESTATES,2024-10-30,10125,79693.3,366.59,0.46,398.52,0.92,0,0,0,0,0,0,,0,0,0.0,0,0.1674,0,train
12605,9165,ULTRA BEVERAGE COMPANY LLP,2024-10-30,26031,264047.7,1452.26,0.55,1320.4,1.1,1,0,0,0,0,0,High-value invoice (>= $250K),1,1,0.9913,1,0.8587,0,train
12611,7153,PINE STATE TRADING CO,2024-10-30,7192,60898.88,310.58,0.51,304.53,1.02,0,0,0,0,0,0,,0,0,0.0,0,0.4442,0,train
12566,8004,SAZERAC CO INC,2024-10-31,26332,188906.13,850.08,0.45,944.65,0.9,0,0,0,0,0,0,,0,0,0.0065,0,0.6583,0,train
12570,8664,"STOLI GROUP,(USA) LLC",2024-10-31,5245,68705.12,357.27,0.52,343.57,1.04,0,0,0,0,0,0,,0,0,0.0,0,0.2347,0,test
12582,90032,LABELLE VYDS AND WINERY,2024-10-31,107,1277.37,6.39,0.5002,6.39,1.0,0,0,0,0,0,0,,0,0,0.0022,0,0.0512,0,train
12588,99166,STARK BREWING COMPANY,2024-10-31,54,1156.68,5.78,0.4997,5.78,1.0,0,0,0,0,0,0,,0,0,0.0174,0,0.8881,0,test
12599,9744,FREDERICK WILDMAN & SONS,2024-10-31,1173,15254.05,76.27,0.5,76.28,1.0,0,0,0,0,0,0,,0,0,0.0,0,0.0877,0,train
12606,9625,WESTERN SPIRITS BEVERAGE CO,2024-10-31,1015,6267.58,31.34,0.5,31.34,1.0,0,0,0,0,0,0,,0,0,0.0022,0,0.081,0,train
12608,2242,DELICATO VINEYARDS INC,2024-10-31,3704,29357.15,146.79,0.5,146.8,1.0,0,0,0,0,0,0,,0,0,0.0,0,0.015,0,test
12617,9819,TREASURY WINE ESTATES,2024-10-31,5600,36575.9,164.59,0.45,182.9,0.9,0,0,0,0,0,0,,0,0,0.0022,0,0.1104,0,train
12632,9622,WEIN BAUER INC,2024-10-31,24,457.92,2.15,0.4695,2.29,0.94,0,0,0,0,0,0,,0,0,0.0,0,0.7673,0,train
12634,105,ALTAMAR BRANDS LLC,2024-10-31,6,214.26,1.03,0.4807,1.07,0.96,0,0,0,0,0,0,,0,0,0.0166,0,0.6751,0,test
12644,6785,PALM BAY INTERNATIONAL INC,2024-10-31,8799,60010.5,288.05,0.48,300.09,0.96,0,0,0,0,0,0,,0,0,0.0,0,0.192,0,test
12649,9165,ULTRA BEVERAGE COMPANY LLP,2024-10-31,24674,337510.37,1721.3,0.51,1687.76,1.02,1,0,0,0,0,0,High-value invoice (>= $250K),1,1,0.9972,1,0.9342,0,train
12679,7245,PROXIMO SPIRITS INC.,2024-10-31,10780,132632.16,663.16,0.5,663.24,1.0,0,0,0,0,0,0,,0,0,0.0,0,0.4967,0,train
12683,9260,TY KU LLC,2024-10-31,64,823.69,4.12,0.5002,4.12,1.0,0,0,0,0,0,0,,0,0,0.006,0,0.9094,0,train
12695,7239,REMY COINTREAU USA INC,2024-10-31,4356,100266.62,501.33,0.5,501.4,1.0,0,0,0,0,0,0,,0,0,0.0543,0,0.7961,0,train
12700,1601,VRANKEN AMERICA,2024-10-31,1066,19972.18,89.87,0.45,99.87,0.9,0,0,0,0,0,0,,0,0,0.0323,0,0.8952,0,train
12719,17033,SEA BREEZE CELLARS LLC,2024-10-31,77,842.85,4.13,0.49,4.21,0.98,0,0,0,0,0,0,,0,0,0.0045,0,0.6987,0,train
12516,388,ATLANTIC IMPORTING COMPANY,2024-11-01,24,511.68,2.66,0.5199,2.56,1.04,0,0,0,0,0,0,,0,0,0.0093,0,0.6531,0,train
12529,98450,Serralles Usa LLC,2024-11-01,200,2699.38,14.85,0.5501,13.5,1.1,0,0,0,0,0,0,,0,0,0.0,0,0.6623,0,test
12531,2000,SOUTHERN WINE & SPIRITS NE,2024-11-01,236,1444.32,7.65,0.5297,7.22,1.06,0,0,0,0,0,0,,0,0,0.0916,0,0.9832,0,test
12537,105,ALTAMAR BRANDS LLC,2024-11-01,6,214.26,0.96,0.4481,1.07,0.9,0,0,0,0,0,0,,0,0,0.0157,0,0.843,0,train
12541,90051,FULCHINO VINEYARD INC,2024-11-01,36,449.28,2.2,0.4897,2.25,0.98,0,0,0,0,0,0,,0,0,0.002,0,0.6073,0,test
12547,6359,OLE SMOKY DISTILLERY LLC,2024-11-01,483,6828.13,34.14,0.5,34.14,1.0,0,0,0,0,0,0,,0,0,0.0022,0,0.578,0,train
12561,5270,MANGO BOTTLING INC,2024-11-01,469,3332.73,15.0,0.4501,16.67,0.9,0,0,0,0,0,0,,0,0,0.0,0,0.3991,0,test
12576,60,ADAMBA IMPORTS INTL INC,2024-11-01,160,2603.2,11.71,0.4498,13.02,0.9,0,0,0,0,0,0,,0,0,0.0264,0,0.5199,0,train
12586,10050,Russian Standard Vodka,2024-11-01,154,2084.0,11.46,0.5499,10.42,1.1,0,0,0,0,0,0,,0,0,0.0,0,0.1517,0,test
12610,10754,PERFECTA WINES,2024-11-01,9646,87332.03,480.33,0.55,436.71,1.1,0,0,0,0,0,0,,0,0,0.0,0,0.7756,0,test
12615,3089,SIDNEY FRANK IMPORTING CO,2024-11-01,3212,26258.33,141.79,0.54,131.31,1.08,0,0,0,0,0,0,,0,0,0.0022,0,0.0727,0,train
12619,2555,DISARONNO INTERNATIONAL LLC,2024-11-01,1965,22699.66,118.04,0.52,113.51,1.04,0,0,0,0,0,0,,0,0,0.0,0,0.033,0,train
12623,10754,PERFECTA WINES,2024-11-01,16722,162596.57,796.72,0.49,813.08,0.98,0,0,0,0,0,0,,0,0,0.005,0,0.797,0,test
12639,17037,Dunn Wine Brokers,2024-11-01,12,183.96,0.92,0.5001,0.92,1.0,0,0,0,0,0,0,,0,0,0.0145,0,0.4793,0,test
12645,8673,STE MICHELLE WINE ESTATES,2024-11-01,13560,116801.66,619.05,0.53,584.08,1.06,0,0,0,0,0,0,,0,0,0.0024,0,0.4369,0,train
12648,28776,TALL SHIP DISTILLERY LLC,2024-11-01,13,282.01,1.44,0.5106,1.41,1.02,0,0,0,0,0,0,,0,0,0.0042,0,0.5708,0,train
12652,516,BANFI PRODUCTS CORP,2024-11-01,6581,53368.48,282.85,0.53,266.88,1.06,0,0,0,0,0,0,,0,0,0.0024,0,0.3633,0,test
12657,1655,FABRIZIA SPIRITS LLC,2024-11-01,148,2051.61,10.46,0.5098,10.26,1.02,0,0,0,0,0,0,,0,0,0.0,0,0.6738,0,train
12673,90010,VINEXTRA INC,2024-11-01,120,1342.56,6.85,0.5102,6.71,1.02,0,0,0,0,0,0,,0,0,0.0,0,0.0189,0,train
12689,90053,INCREDIBREW INC,2024-11-01,24,207.84,1.08,0.5196,1.04,1.04,0,0,0,0,0,0,,0,0,0.0024,0,0.8494,0,train
12706,2242,DELICATO VINEYARDS INC,2024-11-01,3498,27987.02,131.54,0.47,139.95,0.94,0,0,0,0,0,0,,0,0,0.0,0,0.4016,0,train
12628,8320,SHAW ROSS INT L IMP LTD,2024-11-02,1369,12627.62,63.14,0.5,63.15,1.0,0,0,0,0,0,0,,0,0,0.0,0,0.1416,0,train
12642,6215,MOONLIGHT MEADERY,2024-11-02,107,979.79,5.39,0.5501,4.9,1.1,0,0,0,0,0,0,,0,0,0.0022,0,0.1586,0,train
12643,6359,OLE SMOKY DISTILLERY LLC,2024-11-02,150,2157.87,11.01,0.5102,10.79,1.02,0,0,0,0,0,0,,0,0,0.0,0,0.5371,0,train
12647,90056,SWEET BABY VINEYARD,2024-11-02,213,1780.1,9.61,0.5399,8.9,1.08,0,0,0,0,0,0,,0,0,0.0,0,0.1227,0,train
12654,1273,CALEDONIA SPIRITS INC,2024-11-02,131,3970.76,20.65,0.5201,19.86,1.04,0,0,0,0,0,0,,0,0,0.0,0,0.2331,0,train
12668,10050,Russian Standard Vodka,2024-11-02,84,1103.28,5.85,0.5302,5.52,1.06,0,0,0,0,0,0,,0,0,0.0022,0,0.1007,0,test
12681,2000,SOUTHERN WINE & SPIRITS NE,2024-11-02,5355,49673.54,233.47,0.47,248.4,0.94,0,0,0,0,0,0,,0,0,0.0,0,0.8333,0,train
12688,3924,HEAVEN HILL DISTILLERIES,2024-11-02,7675,52977.69,249.0,0.47,264.92,0.94,0,0,0,0,0,0,,0,0,0.0,0,0.4481,0,test
12698,8892,TRINCHERO FAMILY ESTATES,2024-11-02,5667,35255.78,190.38,0.54,176.3,1.08,0,0,0,0,0,0,,0,0,0.0022,0,0.6442,0,train
12703,2396,BLACK PRINCE DISTILLERY INC,2024-11-02,12,52.08,0.26,0.4992,0.26,1.0,0,0,0,0,0,0,,0,0,0.0112,0,0.9535,0,train
12708,2450,DJINN SPIRITS LLC,2024-11-02,48,858.72,3.95,0.46,4.29,0.92,0,0,0,0,0,0,,0,0,0.0,0,0.5692,0,train
12715,6213,MHW LTD,2024-11-02,17678,51773.66,243.34,0.47,258.9,0.94,0,0,1,0,0,0,Unit cost far from vendor norm,0,1,0.9674,1,0.9096,1,train
12618,3960,DIAGEO NORTH AMERICA INC,2024-11-03,122740,1468470.64,7048.66,0.48,7343.26,0.96,1,0,0,0,0,0,High-value invoice (>= $250K),1,1,1.0,1,0.9751,0,train
12629,3089,SIDNEY FRANK IMPORTING CO,2024-11-03,4120,41959.5,201.41,0.48,209.82,0.96,0,0,0,0,0,0,,0,0,0.0024,0,0.4559,0,train
12630,8664,"STOLI GROUP,(USA) LLC",2024-11-03,5635,67233.55,316.0,0.47,336.21,0.94,0,0,0,0,0,0,,0,0,0.0,0,0.6859,0,test
12650,90024,VINILANDIA USA,2024-11-03,629,5801.56,29.01,0.5,29.01,1.0,0,0,0,0,0,0,,0,0,0.0,0,0.5118,0,test
12662,4848,LAIRD & CO,2024-11-03,269,2529.36,13.15,0.5199,12.65,1.04,0,0,0,0,0,0,,0,0,0.0,0,0.5116,0,train
12685,3664,WILLIAM GRANT & SONS INC,2024-11-03,9941,217928.69,1002.47,0.46,1089.78,0.92,0,0,0,0,0,0,,0,0,0.0166,0,0.8163,0,train
12716,8112,MOET HENNESSY USA INC,2024-11-03,20863,476300.61,2476.76,0.52,2381.8,1.04,1,0,0,0,0,0,High-value invoice (>= $250K),1,1,0.9866,1,0.9507,0,train
12722,9815,WINE GROUP INC,2024-11-03,19017,111775.17,525.34,0.47,558.95,0.94,0,0,0,0,0,0,,0,0,0.0,0,0.7406,0,train
12621,17031,FLAG HILL WINERY & VINEYARD,2024-11-04,279,4202.19,20.17,0.48,21.01,0.96,0,0,0,0,0,0,,0,0,0.0,0,0.238,0,train
12640,2561,EDRINGTON AMERICAS,2024-11-04,2748,74400.59,394.32,0.53,372.05,1.06,0,0,0,0,0,0,,0,0,0.0153,0,0.698,0,test
12656,1650,Circa Wines,2024-11-04,72,710.4,3.27,0.4603,3.55,0.92,0,0,0,0,0,0,,0,0,0.0067,0,0.5567,0,test
12670,28750,SMOKY QUARTZ DISTILLERY LLC,2024-11-04,35,771.4,4.01,0.5198,3.86,1.04,0,0,0,0,0,0,,0,0,0.0024,0,0.2726,0,train
12672,90017,THE IMPORTED GRAPE LLC,2024-11-04,12,60.72,0.3,0.4941,0.3,0.99,0,0,0,0,0,0,,0,0,0.0168,0,0.8288,0,train
12684,9625,WESTERN SPIRITS BEVERAGE CO,2024-11-04,1243,7084.77,38.26,0.54,35.43,1.08,0,0,0,0,0,0,,0,0,0.0091,0,0.6585,0,train
12693,7154,PREMIER DISTRIBUTORS,2024-11-04,92,1269.66,6.22,0.4899,6.35,0.98,0,0,0,0,0,0,,0,0,0.0,0,0.2107,0,test
12699,1587,VINEYARD BRANDS INC,2024-11-04,1736,13057.79,62.68,0.48,65.3,0.96,0,0,0,0,0,0,,0,0,0.0,0,0.3217,0,test
12713,4692,KOBRAND CORPORATION,2024-11-04,2665,42339.64,190.53,0.45,211.72,0.9,0,0,0,0,0,0,,0,0,0.0066,0,0.8578,0,train
12620,3252,E & J GALLO WINERY,2024-11-05,40794,278149.5,1390.75,0.5,1390.92,1.0,1,0,0,0,0,0,High-value invoice (>= $250K),1,1,0.9991,1,0.8264,0,train
12622,90051,FULCHINO VINEYARD INC,2024-11-05,36,492.84,2.46,0.4991,2.46,1.0,0,0,0,0,0,0,,0,0,0.0,0,0.6394,0,test
12631,6280,UNCORKED,2024-11-05,6,118.74,0.65,0.5474,0.59,1.09,0,0,0,0,0,0,,0,0,0.0123,0,0.9931,0,train
12637,90046,CANDIA VINEYARDS,2024-11-05,24,353.28,1.8,0.5095,1.77,1.02,0,0,0,0,0,0,,0,0,0.0,0,0.2924,0,train
12641,10000,MAJESTIC FINE WINES,2024-11-05,11565,93110.22,428.31,0.46,465.61,0.92,0,0,0,0,0,0,,0,0,0.002,0,0.7245,0,test
12646,12331,STELLAR IMPORTING CO LLC,2024-11-05,48,399.84,2.08,0.5202,2.0,1.04,0,0,0,0,0,0,,0,0,0.0022,0,0.3208,0,train
12655,1485,CASTLE BRANDS CORP.,2024-11-05,1809,26458.82,140.23,0.53,132.31,1.06,0,0,0,0,0,0,,0,0,0.0,0,0.3848,0,train
12661,90032,LABELLE VYDS AND WINERY,2024-11-05,667,6925.27,33.93,0.4899,34.63,0.98,0,0,0,0,0,0,,0,0,0.0,0,0.3837,0,train
12663,9552,M S WALKER INC,2024-11-05,29603,248197.59,1365.09,0.55,1241.14,1.1,0,0,0,0,0,0,,0,0,0.2978,0,0.9004,0,test
12667,90027,POVERTY LANE ORCHARDS,2024-11-05,71,553.09,2.99,0.5406,2.77,1.08,0,0,0,0,0,0,,0,0,0.0022,0,0.2506,0,test
12669,8150,SEA HAGG DISTILLERY LLC,2024-11-05,270,3334.84,17.34,0.52,16.68,1.04,0,0,0,0,0,0,,0,0,0.0,0,0.0942,0,train
12690,12546,JIM BEAM BRANDS COMPANY,2024-11-05,46302,388867.55,1905.45,0.49,1944.58,0.98,1,0,0,0,0,0,High-value invoice (>= $250K),1,1,0.9997,1,0.7316,0,train
12692,6355,NICHE W & S,2024-11-05,59,993.36,5.36,0.5396,4.97,1.08,0,0,0,0,0,0,,0,0,0.0022,0,0.2333,0,test
12694,7240,"PREMIUM PORT WINES, INC.",2024-11-05,48,352.95,1.73,0.4902,1.76,0.98,0,0,0,0,0,0,,0,0,0.006,0,0.4047,0,train
12697,8735,SURVILLE ENTERPRISES CORP,2024-11-05,87,691.38,3.8,0.5496,3.46,1.1,0,0,0,0,0,0,,0,0,0.0,0,0.0902,0,train
12707,1590,DIAGEO CHATEAU ESTATE WINES,2024-11-05,5720,40497.84,198.44,0.49,202.51,0.98,0,0,0,0,0,0,,0,0,0.0025,0,0.4254,0,test
12709,2496,DUGGANS DISTILLED PRODUCTS,2024-11-05,162,2476.99,12.14,0.4901,12.39,0.98,0,0,0,0,0,0,,0,0,0.0023,0,0.1081,0,test
12711,3551,GILMANTON WINERY & VINEYARD,2024-11-05,12,124.56,0.59,0.4737,0.62,0.95,0,0,0,0,0,0,,0,0,0.0,0,0.9807,0,train
12717,7255,PSP WINES,2024-11-05,315,2258.81,12.2,0.5401,11.3,1.08,0,0,0,0,0,0,,0,0,0.0,0,0.2661,0,test
12720,653,STATE WINE & SPIRITS,2024-11-05,3419,30266.13,166.46,0.55,151.35,1.1,0,0,0,0,0,0,,0,0,0.002,0,0.3751,0,test
12624,17035,PERNOD RICARD USA,2024-11-06,37368,627258.0,3136.29,0.5,3136.68,1.0,1,0,0,0,0,0,High-value invoice (>= $250K),1,1,0.9974,1,0.9347,0,train
12627,98450,Serralles Usa LLC,2024-11-06,206,2981.63,15.8,0.5299,14.91,1.06,0,0,0,0,0,0,,0,0,0.0,0,0.1642,0,train
12635,480,BACARDI USA INC,2024-11-06,32736,474904.53,2374.52,0.5,2374.82,1.0,1,0,0,0,0,0,High-value invoice (>= $250K),1,1,0.9999,1,0.8863,0,train
12653,1003,BRONCO WINE COMPANY,2024-11-06,12,31.44,0.16,0.5089,0.16,1.02,0,0,1,0,0,0,Unit cost far from vendor norm,0,1,0.9207,1,0.9141,1,train
12658,90011,FORTUNE WINE BROKERS LLC,2024-11-06,232,2716.9,13.58,0.4998,13.59,1.0,0,0,0,0,0,0,,0,0,0.0,0,0.5661,0,train
12664,5270,MANGO BOTTLING INC,2024-11-06,507,3696.6,17.37,0.4699,18.49,0.94,0,0,0,0,0,0,,0,0,0.0,0,0.2739,0,test
12666,6830,PARK STREET IMPORTS LLC,2024-11-06,172,2707.57,14.89,0.5499,13.54,1.1,0,0,0,0,0,0,,0,0,0.0017,0,0.204,0,train
12680,660,SAZERAC NORTH AMERICA INC.,2024-11-06,11700,73885.03,391.59,0.53,369.47,1.06,0,0,0,0,0,0,,0,0,0.0022,0,0.2697,0,train
12682,172662,SWEETWATER FARM,2024-11-06,7,140.27,0.76,0.5418,0.7,1.08,0,0,0,0,0,0,,0,0,0.0681,0,0.8402,0,test
12701,90057,WALPOLE MTN VIEW WINERY,2024-11-06,11,125.73,0.62,0.4931,0.63,0.99,0,0,0,0,0,0,,0,0,0.0039,0,0.6229,0,train
12714,4425,MARTIGNETTI COMPANIES,2024-11-06,65533,660216.52,3367.1,0.51,3301.49,1.02,1,0,0,0,0,0,High-value invoice (>= $250K),1,1,1.0,1,0.9895,0,train
12636,1189,BULLY BOY DISTILLERS,2024-11-07,76,1672.72,8.7,0.5201,8.36,1.04,0,0,0,0,0,0,,0,0,0.0,0,0.1191,0,train
12660,17032,JEWELL TOWNE VINEYARDS,2024-11-07,118,912.8,4.38,0.4798,4.56,0.96,0,0,0,0,0,0,,0,0,0.0,0,0.0732,0,train
12671,8920,TAKARA SAKE USA INC,2024-11-07,149,677.55,3.25,0.4797,3.39,0.96,0,0,0,0,0,0,,0,0,0.009,0,0.5813,0,test
12674,1265,BLACK ROCK SPIRITS LLC,2024-11-07,1,14.05,0.07,0.4982,0.07,1.0,0,0,0,0,0,0,,0,0,0.0061,0,0.7694,0,train
12675,1128,BROWN-FORMAN CORP,2024-11-07,21080,295495.96,1447.93,0.49,1477.66,0.98,1,0,0,0,0,0,High-value invoice (>= $250K),1,1,0.9954,1,0.5537,0,train
12676,4380,CHARLES JACQUIN ET CIE INC,2024-11-07,1468,8686.28,42.56,0.49,43.44,0.98,0,0,0,0,0,0,,0,0,0.0024,0,0.1882,0,test
12677,8352,LUXCO INC,2024-11-07,5406,41885.2,201.05,0.48,209.45,0.96,0,0,0,0,0,0,,0,0,0.0,0,0.0565,0,train
12678,5455,MARSALLE COMPANY,2024-11-07,208,5236.37,24.61,0.47,26.19,0.94,0,0,0,0,0,0,,0,0,0.002,0,0.133,0,test
12686,388,ATLANTIC IMPORTING COMPANY,2024-11-07,71,1513.72,7.27,0.4803,7.57,0.96,0,0,0,0,0,0,,0,0,0.0,0,0.2131,0,train
12691,4950,LATITUDE BEVERAGE COMPANY,2024-11-07,468,2796.57,13.98,0.4999,13.98,1.0,0,0,0,0,0,0,,0,0,0.0,0,0.3612,0,train
12696,2000,SOUTHERN WINE & SPIRITS NE,2024-11-07,291,1780.92,9.44,0.5301,8.91,1.06,0,0,0,0,0,0,,0,0,0.0241,0,0.6222,0,train
12702,4466,AMERICAN VINTAGE BEVERAGE,2024-11-07,183,1812.77,8.7,0.4799,9.06,0.96,0,0,0,0,0,0,,0,0,0.0,0,0.0074,0,train
12710,9744,FREDERICK WILDMAN & SONS,2024-11-07,1607,26285.63,139.31,0.53,131.44,1.06,0,0,0,0,0,0,,0,0,0.0,0,0.5616,0,train
12712,4550,KLIN SPIRITS LLC,2024-11-07,140,2207.45,11.48,0.5201,11.04,1.04,0,0,0,0,0,0,,0,0,0.0,0,0.0105,0,train
12718,8004,SAZERAC CO INC,2024-11-07,30844,236332.59,1276.2,0.54,1181.81,1.08,0,0,0,0,0,0,,0,0,0.2008,0,0.8335,0,train
12721,9819,TREASURY WINE ESTATES,2024-11-07,7222,43214.11,233.36,0.54,216.1,1.08,0,0,0,0,0,0,,0,0,0.0,0,0.4478,0,test
12724,1485,CASTLE BRANDS CORP.,2024-11-07,2044,31008.9,145.74,0.47,155.06,0.94,0,0,0,0,0,0,,0,0,0.0,0,0.1418,0,test
12734,7153,PINE STATE TRADING CO,2024-11-07,6327,61247.93,306.24,0.5,306.28,1.0,0,0,0,0,0,0,,0,0,0.0,0,0.4328,0,train
12736,90056,SWEET BABY VINEYARD,2024-11-07,225,1864.99,9.32,0.4997,9.33,1.0,0,0,0,0,0,0,,0,0,0.0,0,0.0025,0,train
12741,9552,M S WALKER INC,2024-11-07,24258,204965.35,942.84,0.46,1024.95,0.92,0,0,0,0,0,0,,0,0,0.0133,0,0.8732,0,train
12762,6830,PARK STREET IMPORTS LLC,2024-11-07,166,2553.94,13.28,0.52,12.77,1.04,0,0,0,0,0,0,,0,0,0.0,0,0.1238,0,train
12763,173357,TAMWORTH DISTILLING,2024-11-07,12,232.44,1.26,0.5421,1.16,1.08,0,0,0,0,0,0,,0,0,0.0,0,0.8088,0,train
12774,3950,"HOOD RIVER DISTILLERS, Inc.",2024-11-07,6,129.48,0.66,0.5097,0.65,1.02,0,0,0,0,0,0,,0,0,0.0133,0,0.7521,0,train
12778,17035,PERNOD RICARD USA,2024-11-07,35896,595175.49,2856.84,0.48,2976.25,0.96,1,0,0,0,0,0,High-value invoice (>= $250K),1,1,0.9997,1,0.8858,0,train
12827,9625,WESTERN SPIRITS BEVERAGE CO,2024-11-07,1161,4762.75,23.34,0.4901,23.82,0.98,0,0,1,0,0,0,Unit cost far from vendor norm,0,1,0.9784,1,0.8748,1,train
12625,9206,PHILLIPS PRODUCTS CO.,2024-11-08,320,4512.92,24.82,0.55,22.57,1.1,0,0,0,0,0,0,,0,0,0.0091,0,0.68,0,test
12626,7153,PINE STATE TRADING CO,2024-11-08,6205,42926.41,206.05,0.48,214.66,0.96,0,0,0,0,0,0,,0,0,0.0103,0,0.8564,0,train
12633,60,ADAMBA IMPORTS INTL INC,2024-11-08,100,1627.0,7.65,0.4702,8.14,0.94,0,0,0,0,0,0,,0,0,0.0038,0,0.5472,0,train
12638,1392,CONSTELLATION BRANDS INC,2024-11-08,43127,287795.54,1525.32,0.53,1439.16,1.06,1,0,0,0,0,0,High-value invoice (>= $250K),1,1,0.9962,1,0.8725,0,train
12651,90058,ZORVINO VINEYARDS,2024-11-08,190,1560.31,7.18,0.4602,7.8,0.92,0,0,0,0,0,0,,0,0,0.0,0,0.4247,0,test
12659,3950,"HOOD RIVER DISTILLERS, Inc.",2024-11-08,7,153.01,0.78,0.5098,0.77,1.02,0,0,0,0,0,0,,0,0,0.0176,0,0.8405,0,train
12665,5992,MCCORMICK DISTILLING CO,2024-11-08,502,5828.15,32.05,0.5499,29.14,1.1,0,0,0,0,0,0,,0,0,0.0024,0,0.49,0,train
12687,90047,CRUSH WINES,2024-11-08,588,9614.46,47.11,0.49,48.08,0.98,0,0,0,0,0,0,,0,0,0.0023,0,0.6119,0,train
12704,11567,CAMPARI AMERICA,2024-11-08,15823,183306.43,953.19,0.52,916.65,1.04,0,0,0,0,0,0,,0,0,0.0143,0,0.7171,0,test
12705,2876,CENTEUR IMPORTS LLC,2024-11-08,6,47.94,0.24,0.5006,0.24,1.0,0,0,0,0,0,0,,0,0,0.0069,0,0.7851,0,train
12726,1650,Circa Wines,2024-11-08,14,90.64,0.49,0.5406,0.45,1.08,0,0,0,0,0,0,,0,0,0.0235,0,0.8252,0,train
12743,4425,MARTIGNETTI COMPANIES,2024-11-08,42869,516130.15,2477.42,0.48,2580.97,0.96,1,0,0,0,0,0,High-value invoice (>= $250K),1,1,1.0,1,0.9679,0,train
12747,17033,SEA BREEZE CELLARS LLC,2024-11-08,98,1348.29,6.61,0.4903,6.74,0.98,0,0,0,0,0,0,,0,0,0.0,0,0.077,0,train
12785,8673,STE MICHELLE WINE ESTATES,2024-11-08,9383,69321.58,346.61,0.5,346.65,1.0,0,0,0,0,0,0,,0,0,0.0,0,0.6419,0,train
12794,90046,CANDIA VINEYARDS,2024-11-08,107,1480.35,8.14,0.5499,7.4,1.1,0,0,0,0,0,0,,0,0,0.0045,0,0.5892,0,train
12802,4950,LATITUDE BEVERAGE COMPANY,2024-11-08,606,3687.28,17.7,0.48,18.44,0.96,0,0,0,0,0,0,,0,0,0.0,0,0.4171,0,train
12803,8112,MOET HENNESSY USA INC,2024-11-08,15567,393787.68,1968.94,0.5,1969.18,1.0,1,0,0,0,0,0,High-value invoice (>= $250K),1,1,0.99,1,0.908,0,train
12809,9819,TREASURY WINE ESTATES,2024-11-08,6131,35859.49,168.54,0.47,179.32,0.94,0,0,0,0,0,0,,0,0,0.0024,0,0.8535,0,train
12816,3252,E & J GALLO WINERY,2024-11-08,33109,217893.33,1089.47,0.5,1089.6,1.0,0,0,0,0,0,0,,0,0,0.0046,0,0.8439,0,train
12818,4848,LAIRD & CO,2024-11-08,260,2028.65,9.94,0.49,10.14,0.98,0,0,0,0,0,0,,0,0,0.0046,0,0.6639,0,train
12820,7245,PROXIMO SPIRITS INC.,2024-11-08,8900,101196.35,475.62,0.47,506.04,0.94,0,0,0,0,0,0,,0,0,0.0024,0,0.6733,0,train
12825,90057,WALPOLE MTN VIEW WINERY,2024-11-08,12,156.12,0.86,0.5509,0.78,1.1,0,0,0,0,0,0,,0,0,0.0045,0,0.9278,0,train
12826,9622,WEIN BAUER INC,2024-11-08,129,1024.83,5.12,0.4996,5.12,1.0,0,0,1,0,0,0,Unit cost far from vendor norm,0,1,0.8696,1,0.8214,1,train
12739,1128,BROWN-FORMAN CORP,2024-11-09,23824,338788.68,1795.58,0.53,1694.15,1.06,1,0,0,0,0,0,High-value invoice (>= $250K),1,1,0.9975,1,0.7018,0,test
12742,5270,MANGO BOTTLING INC,2024-11-09,1656,11774.14,61.23,0.52,58.88,1.04,0,0,0,0,0,0,,0,0,0.0022,0,0.2894,0,test
12754,1273,CALEDONIA SPIRITS INC,2024-11-09,143,4485.26,22.43,0.5001,22.43,1.0,0,0,0,0,0,0,,0,0,0.0024,0,0.3973,0,train
12755,1392,CONSTELLATION BRANDS INC,2024-11-09,44464,300600.23,1653.3,0.55,1503.19,1.1,1,0,0,0,0,0,High-value invoice (>= $250K),1,1,0.9941,1,0.8037,0,train
12759,90053,INCREDIBREW INC,2024-11-09,96,835.68,4.01,0.4798,4.18,0.96,0,0,0,0,0,0,,0,0,0.002,0,0.3884,0,test
12768,11567,CAMPARI AMERICA,2024-11-09,10012,100888.94,474.18,0.47,504.51,0.94,0,0,0,0,0,0,,0,0,0.0,0,0.6159,0,train
12788,8735,SURVILLE ENTERPRISES CORP,2024-11-09,55,324.22,1.78,0.549,1.62,1.1,0,0,0,0,0,0,,0,0,0.0,0,0.6316,0,train
12817,17032,JEWELL TOWNE VINEYARDS,2024-11-09,132,1168.56,5.73,0.4903,5.84,0.98,0,0,0,0,0,0,,0,0,0.0,0,0.3725,0,train
12821,10050,Russian Standard Vodka,2024-11-09,52,733.04,3.59,0.4897,3.67,0.98,0,0,0,0,0,0,,0,0,0.0,0,0.4176,0,train
12824,28776,TALL SHIP DISTILLERY LLC,2024-11-09,65,1361.19,6.67,0.49,6.81,0.98,0,0,0,0,0,0,,0,0,0.0022,0,0.6834,0,test
12735,7239,REMY COINTREAU USA INC,2024-11-10,4526,111338.19,523.29,0.47,556.76,0.94,0,0,0,0,0,0,,0,0,0.0022,0,0.7898,0,train
12758,1655,FABRIZIA SPIRITS LLC,2024-11-10,517,6848.03,34.92,0.5099,34.24,1.02,0,0,0,0,0,0,,0,0,0.0,0,0.2127,0,train
12760,6213,MHW LTD,2024-11-10,3973,34361.0,188.99,0.55,171.83,1.1,0,0,0,0,0,0,,0,0,0.0065,0,0.5968,0,test
12780,7154,PREMIER DISTRIBUTORS,2024-11-10,94,1524.92,7.62,0.4997,7.63,1.0,0,0,0,0,0,0,,0,0,0.0024,0,0.4238,0,train
12786,12331,STELLAR IMPORTING CO LLC,2024-11-10,84,622.08,2.99,0.4806,3.11,0.96,0,0,0,0,0,0,,0,0,0.0,0,0.3244,0,train
12800,12546,JIM BEAM BRANDS COMPANY,2024-11-10,54523,496047.12,2232.21,0.45,2480.54,0.9,1,0,0,0,0,0,High-value invoice (>= $250K),1,1,1.0,1,0.8622,0,test
12815,17037,Dunn Wine Brokers,2024-11-10,24,471.84,2.6,0.551,2.36,1.1,0,0,0,0,0,0,,0,0,0.0086,0,0.8551,0,train
12823,99166,STARK BREWING COMPANY,2024-11-10,95,2034.9,11.19,0.5499,10.18,1.1,0,0,0,0,0,0,,0,0,0.1108,0,0.9717,0,test
12723,287,APPOLO VINEYARDS LLC,2024-11-11,12,124.8,0.66,0.5288,0.62,1.06,0,0,0,0,0,0,,0,0,0.0,0,0.6103,0,train
12725,4380,CHARLES JACQUIN ET CIE INC,2024-11-11,1075,8191.37,44.23,0.54,40.96,1.08,0,0,0,0,0,0,,0,0,0.0,0,0.5282,0,train
12730,10000,MAJESTIC FINE WINES,2024-11-11,8287,65805.14,342.19,0.52,329.07,1.04,0,0,0,0,0,0,,0,0,0.0022,0,0.4875,0,train
12740,90052,HAUNTING WHISPER VYDS,2024-11-11,12,99.24,0.55,0.5542,0.5,1.11,0,0,0,0,0,0,,0,0,0.0089,0,0.8016,0,train
12764,90058,ZORVINO VINEYARDS,2024-11-11,163,1290.09,6.84,0.5302,6.45,1.06,0,0,0,0,0,0,,0,0,0.0042,0,0.1687,0,train
12765,105,ALTAMAR BRANDS LLC,2024-11-11,6,214.26,1.11,0.5181,1.07,1.04,0,0,0,0,0,0,,0,0,0.0183,0,0.7509,0,test
12767,90059,BLACK COVE BEVERAGES,2024-11-11,12,188.88,1.0,0.5294,0.94,1.06,0,0,0,0,0,0,,0,0,0.0017,0,0.9701,0,test
12772,2496,DUGGANS DISTILLED PRODUCTS,2024-11-11,167,2255.14,11.28,0.5002,11.28,1.0,0,0,0,0,0,0,,0,0,0.0,0,0.1871,0,test
12773,3551,GILMANTON WINERY & VINEYARD,2024-11-11,12,126.24,0.63,0.499,0.63,1.0,0,0,0,0,0,0,,0,0,0.0,0,0.9706,0,train
12776,8352,LUXCO INC,2024-11-11,5555,58017.3,307.49,0.53,290.12,1.06,0,0,0,0,0,0,,0,0,0.0,0,0.529,0,train
12798,90051,FULCHINO VINEYARD INC,2024-11-11,12,164.28,0.87,0.5296,0.82,1.06,0,0,0,0,0,0,,0,0,0.0087,0,0.7426,0,train
12807,653,STATE WINE & SPIRITS,2024-11-11,2259,23069.78,119.96,0.52,115.36,1.04,0,0,0,0,0,0,,0,0,0.002,0,0.5742,0,train
12808,8920,TAKARA SAKE USA INC,2024-11-11,179,950.49,5.13,0.5397,4.75,1.08,0,0,0,0,0,0,,0,0,0.0044,0,0.5492,0,train
12814,1590,DIAGEO CHATEAU ESTATE WINES,2024-11-11,7351,55914.22,257.21,0.46,279.61,0.92,0,0,0,0,0,0,,0,0,0.0067,0,0.5773,0,train
12822,3089,SIDNEY FRANK IMPORTING CO,2024-11-11,3800,34956.32,181.77,0.52,174.8,1.04,0,0,0,0,0,0,,0,0,0.0045,0,0.4609,0,test
12727,2450,DJINN SPIRITS LLC,2024-11-12,36,717.84,3.45,0.4806,3.59,0.96,0,0,0,0,0,0,,0,0,0.0022,0,0.5203,0,train
12733,10754,PERFECTA WINES,2024-11-12,11807,117334.01,551.47,0.47,586.74,0.94,0,0,0,0,0,0,,0,0,0.0,0,0.9277,0,train
12737,1587,VINEYARD BRANDS INC,2024-11-12,1861,14688.74,76.38,0.52,73.45,1.04,0,0,0,0,0,0,,0,0,0.0,0,0.2847,0,train
12748,2000,SOUTHERN WINE & SPIRITS NE,2024-11-12,5102,47764.11,262.7,0.55,238.85,1.1,0,0,0,0,0,0,,0,0,0.0,0,0.5216,0,train
12752,4466,AMERICAN VINTAGE BEVERAGE,2024-11-12,216,2156.16,10.57,0.4902,10.78,0.98,0,0,0,0,0,0,,0,0,0.0,0,0.0989,0,train
12766,480,BACARDI USA INC,2024-11-12,31929,461855.78,2355.46,0.51,2309.57,1.02,1,0,0,0,0,0,High-value invoice (>= $250K),1,1,0.9999,1,0.7922,0,train
12771,3960,DIAGEO NORTH AMERICA INC,2024-11-12,127553,1409683.51,7753.26,0.55,7049.29,1.1,1,0,0,0,0,0,High-value invoice (>= $250K),1,1,0.9998,1,0.9612,0,train
12783,8150,SEA HAGG DISTILLERY LLC,2024-11-12,274,3413.0,16.04,0.47,17.07,0.94,0,0,0,0,0,0,,0,0,0.0022,0,0.1431,0,test
12784,8320,SHAW ROSS INT L IMP LTD,2024-11-12,1229,10864.56,52.15,0.48,54.33,0.96,0,0,0,0,0,0,,0,0,0.0,0,0.0763,0,train
12791,200,AMERICAN SPIRITS EXCHANGE,2024-11-12,12,116.76,0.56,0.4796,0.58,0.96,0,0,0,0,0,0,,0,0,0.0022,0,0.9571,0,train
12793,1189,BULLY BOY DISTILLERS,2024-11-12,119,2593.35,13.23,0.5102,12.97,1.02,0,0,0,0,0,0,,0,0,0.0,0,0.107,0,test
12795,2555,DISARONNO INTERNATIONAL LLC,2024-11-12,2236,27596.03,151.78,0.55,138.0,1.1,0,0,0,0,0,0,,0,0,0.0,0,0.227,0,train
12796,17031,FLAG HILL WINERY & VINEYARD,2024-11-12,289,3667.76,16.87,0.46,18.34,0.92,0,0,0,0,0,0,,0,0,0.0,0,0.3494,0,train
12797,90011,FORTUNE WINE BROKERS LLC,2024-11-12,79,847.07,4.49,0.5301,4.24,1.06,0,0,0,0,0,0,,0,0,0.0,0,0.4065,0,train
12799,3924,HEAVEN HILL DISTILLERIES,2024-11-12,6284,45908.1,211.18,0.46,229.57,0.92,0,0,0,0,0,0,,0,0,0.0,0,0.4795,0,test
12804,660,SAZERAC NORTH AMERICA INC.,2024-11-12,10582,68987.16,365.63,0.53,344.98,1.06,0,0,0,0,0,0,,0,0,0.0,0,0.4976,0,train
12812,3664,WILLIAM GRANT & SONS INC,2024-11-12,6134,139477.79,683.44,0.49,697.48,0.98,0,0,0,0,0,0,,0,0,0.0,0,0.6197,0,train
12729,4692,KOBRAND CORPORATION,2024-11-13,2126,27379.2,142.37,0.52,136.91,1.04,0,0,0,0,0,0,,0,0,0.002,0,0.3653,0,train
12744,6355,NICHE W & S,2024-11-13,115,1643.61,8.38,0.5099,8.22,1.02,0,0,0,0,0,0,,0,0,0.0,0,0.1552,0,train
12745,90027,POVERTY LANE ORCHARDS,2024-11-13,24,186.96,0.97,0.5188,0.93,1.04,0,0,0,0,0,0,,0,0,0.01,0,0.4988,0,train
12749,8892,TRINCHERO FAMILY ESTATES,2024-11-13,5478,32932.45,158.08,0.48,164.68,0.96,0,0,0,0,0,0,,0,0,0.0,0,0.5369,0,train
12750,9165,ULTRA BEVERAGE COMPANY LLP,2024-11-13,19377,241457.27,1231.43,0.51,1207.44,1.02,0,0,0,0,0,0,,0,0,0.134,0,0.8936,0,train
12751,90010,VINEXTRA INC,2024-11-13,185,2273.81,11.6,0.5102,11.37,1.02,0,0,0,0,0,0,,0,0,0.0,0,0.4274,0,test
12777,5992,MCCORMICK DISTILLING CO,2024-11-13,506,4666.79,24.73,0.5299,23.34,1.06,0,0,0,0,0,0,,0,0,0.0155,0,0.6114,0,test
12789,1601,VRANKEN AMERICA,2024-11-13,350,6501.2,33.16,0.5101,32.51,1.02,0,0,0,0,0,0,,0,0,0.0,0,0.5681,0,train
12805,98450,Serralles Usa LLC,2024-11-13,184,2550.96,11.99,0.47,12.76,0.94,0,0,0,0,0,0,,0,0,0.0,0,0.1133,0,test
12811,90024,VINILANDIA USA,2024-11-13,907,9006.22,49.53,0.55,45.04,1.1,0,0,0,0,0,0,,0,0,0.0,0,0.3594,0,train
12728,9744,FREDERICK WILDMAN & SONS,2024-11-14,1037,10259.18,56.43,0.55,51.3,1.1,0,0,0,0,0,0,,0,0,0.0093,0,0.8542,0,train
12731,6359,OLE SMOKY DISTILLERY LLC,2024-11-14,333,4431.85,20.39,0.4601,22.16,0.92,0,0,0,0,0,0,,0,0,0.0,0,0.517,0,test
12732,6785,PALM BAY INTERNATIONAL INC,2024-11-14,6180,42276.04,224.06,0.53,211.41,1.06,0,0,0,0,0,0,,0,0,0.0,0,0.6619,0,test
12738,9815,WINE GROUP INC,2024-11-14,17139,102612.9,564.37,0.55,513.13,1.1,0,0,0,0,0,0,,0,0,0.0,0,0.6439,0,train
12753,516,BANFI PRODUCTS CORP,2024-11-14,3557,27983.84,151.11,0.54,139.94,1.08,0,0,0,0,0,0,,0,0,0.0,0,0.262,0,train
12769,2876,CENTEUR IMPORTS LLC,2024-11-14,18,118.44,0.56,0.4728,0.59,0.95,0,0,0,0,0,0,,0,0,0.0022,0,0.5344,0,train
12770,90047,CRUSH WINES,2024-11-14,802,12771.66,61.3,0.48,63.87,0.96,0,0,0,0,0,0,,0,0,0.0042,0,0.5804,0,train
12779,9206,PHILLIPS PRODUCTS CO.,2024-11-14,427,5096.48,24.97,0.4899,25.49,0.98,0,0,0,0,0,0,,0,0,0.0022,0,0.1119,0,train
12787,8664,"STOLI GROUP,(USA) LLC",2024-11-14,6874,80546.26,418.84,0.52,402.78,1.04,0,0,0,0,0,0,,0,0,0.0022,0,0.5154,0,test
12790,60,ADAMBA IMPORTS INTL INC,2024-11-14,99,1610.73,7.73,0.4799,8.05,0.96,0,0,0,0,0,0,,0,0,0.0,0,0.0586,0,train
12801,90032,LABELLE VYDS AND WINERY,2024-11-14,179,1895.08,9.48,0.5002,9.48,1.0,0,0,0,0,0,0,,0,0,0.0,0,0.1983,0,test
12806,28750,SMOKY QUARTZ DISTILLERY LLC,2024-11-14,72,1580.76,7.11,0.4498,7.9,0.9,0,0,0,0,0,0,,0,0,0.0,0,0.0958,0,train
12813,2396,BLACK PRINCE DISTILLERY INC,2024-11-14,12,52.08,0.24,0.4608,0.26,0.92,0,0,0,0,0,0,,0,0,0.0142,0,0.759,0,train
12836,3924,HEAVEN HILL DISTILLERIES,2024-11-14,5045,37176.59,174.73,0.47,185.91,0.94,0,0,0,0,0,0,,0,0,0.0024,0,0.4831,0,train
12839,5270,MANGO BOTTLING INC,2024-11-14,525,3771.01,17.35,0.4601,18.86,0.92,0,0,0,0,0,0,,0,0,0.0,0,0.0714,0,train
12847,8004,SAZERAC CO INC,2024-11-14,25613,190332.69,951.66,0.5,951.78,1.0,0,0,0,0,0,0,,0,0,0.0047,0,0.6598,0,train
12849,90056,SWEET BABY VINEYARD,2024-11-14,173,1466.12,7.92,0.5402,7.33,1.08,0,0,0,0,0,0,,0,0,0.0,0,0.0904,0,train
12860,10754,PERFECTA WINES,2024-11-14,11812,159486.57,765.54,0.48,797.53,0.96,0,0,0,0,0,0,,0,0,0.0046,0,0.961,0,train
12881,17035,PERNOD RICARD USA,2024-11-14,39712,666112.52,3463.79,0.52,3330.98,1.04,1,0,0,0,0,0,High-value invoice (>= $250K),1,1,0.9997,1,0.9087,0,train
12895,98450,Serralles Usa LLC,2024-11-14,232,3128.48,15.33,0.49,15.64,0.98,0,0,0,0,0,0,,0,0,0.0,0,0.6524,0,train
12901,2496,DUGGANS DISTILLED PRODUCTS,2024-11-14,238,3235.26,15.85,0.4899,16.18,0.98,0,0,0,0,0,0,,0,0,0.0046,0,0.6045,0,test
12907,3950,"HOOD RIVER DISTILLERS, Inc.",2024-11-14,647,13962.26,64.23,0.46,69.82,0.92,0,0,0,0,0,0,,0,0,0.0489,0,0.9773,0,train
12917,6215,MOONLIGHT MEADERY,2024-11-14,84,751.2,3.38,0.4499,3.76,0.9,0,0,0,0,0,0,,0,0,0.0193,0,0.7099,0,test
12925,90010,VINEXTRA INC,2024-11-14,159,1857.8,8.73,0.4699,9.29,0.94,0,0,0,0,0,0,,0,0,0.0072,0,0.7103,0,test
12746,7255,PSP WINES,2024-11-15,363,2734.09,14.22,0.5201,13.67,1.04,0,0,0,0,0,0,,0,0,0.0,0,0.3731,0,train
12756,2242,DELICATO VINEYARDS INC,2024-11-15,3258,26925.3,145.4,0.54,134.64,1.08,0,0,0,0,0,0,,0,0,0.0,0,0.2529,0,train
12757,2561,EDRINGTON AMERICAS,2024-11-15,1499,41198.14,201.87,0.49,206.02,0.98,0,0,0,0,0,0,,0,0,0.1035,0,0.762,0,train
12761,6215,MOONLIGHT MEADERY,2024-11-15,60,528.6,2.75,0.5202,2.64,1.04,0,0,0,0,0,0,,0,0,0.0043,0,0.3702,0,train
12775,4550,KLIN SPIRITS LLC,2024-11-15,110,1669.92,8.68,0.5198,8.35,1.04,0,0,0,0,0,0,,0,0,0.0023,0,0.072,0,train
12781,7240,"PREMIUM PORT WINES, INC.",2024-11-15,129,929.85,4.65,0.5001,4.65,1.0,0,0,0,0,0,0,,0,0,0.0084,0,0.755,0,test
12782,8004,SAZERAC CO INC,2024-11-15,27395,178947.26,841.05,0.47,894.85,0.94,0,0,0,0,0,0,,0,0,0.0041,0,0.575,0,train
12792,388,ATLANTIC IMPORTING COMPANY,2024-11-15,48,1023.36,5.32,0.5199,5.12,1.04,0,0,0,0,0,0,,0,0,0.007,0,0.2224,0,train
12810,9260,TY KU LLC,2024-11-15,42,396.9,1.87,0.4712,1.98,0.94,0,0,0,0,0,0,,0,0,0.0,0,0.3166,0,train
12819,5455,MARSALLE COMPANY,2024-11-15,96,2321.14,11.61,0.5002,11.61,1.0,0,0,0,0,0,0,,0,0,0.002,0,0.1506,0,train
12833,3960,DIAGEO NORTH AMERICA INC,2024-11-15,141660,1660435.88,8468.22,0.51,8303.21,1.02,1,0,0,0,0,0,High-value invoice (>= $250K),1,1,1.0,1,0.9338,0,train
12841,4425,MARTIGNETTI COMPANIES,2024-11-15,49724,508389.08,2592.78,0.51,2542.26,1.02,1,0,0,0,0,0,High-value invoice (>= $250K),1,1,0.9992,1,0.9838,0,train
12844,7240,"PREMIUM PORT WINES, INC.",2024-11-15,227,1625.59,8.62,0.5303,8.13,1.06,0,0,0,0,0,0,,0,0,0.0025,0,0.5041,0,train
12848,3089,SIDNEY FRANK IMPORTING CO,2024-11-15,3901,42389.96,203.47,0.48,211.98,0.96,0,0,0,0,0,0,,0,0,0.0046,0,0.6948,0,train
12852,1128,BROWN-FORMAN CORP,2024-11-15,23769,354155.84,1841.61,0.52,1771.0,1.04,1,0,0,0,0,0,High-value invoice (>= $250K),1,1,0.9943,1,0.8086,0,test
12857,10000,MAJESTIC FINE WINES,2024-11-15,10912,84126.27,429.04,0.51,420.68,1.02,0,0,0,0,0,0,,0,0,0.0,0,0.1355,0,train
12873,11567,CAMPARI AMERICA,2024-11-15,10607,82907.63,381.38,0.46,414.59,0.92,0,0,0,0,0,0,,0,0,0.0,0,0.1988,0,train
12887,1587,VINEYARD BRANDS INC,2024-11-15,2366,17466.9,94.32,0.54,87.35,1.08,0,0,0,0,0,0,,0,0,0.0,0,0.3112,0,train
12889,90058,ZORVINO VINEYARDS,2024-11-15,155,1291.05,5.94,0.4601,6.46,0.92,0,0,0,0,0,0,,0,0,0.0017,0,0.3089,0,train
12892,90053,INCREDIBREW INC,2024-11-15,48,423.36,2.33,0.5504,2.12,1.1,0,0,0,0,0,0,,0,0,0.0047,0,0.3736,0,test
12902,3252,E & J GALLO WINERY,2024-11-15,35345,228470.71,1050.97,0.46,1142.5,0.92,0,0,0,0,0,0,,0,0,0.0,0,0.8158,0,train
12904,9744,FREDERICK WILDMAN & SONS,2024-11-15,2094,36408.66,189.33,0.52,182.07,1.04,0,0,0,0,0,0,,0,0,0.0087,0,0.9199,0,train
12905,3551,GILMANTON WINERY & VINEYARD,2024-11-15,12,124.56,0.66,0.5299,0.62,1.06,0,0,0,0,0,0,,0,0,0.0037,0,0.9859,0,test
12908,12546,JIM BEAM BRANDS COMPANY,2024-11-15,48685,447402.74,2326.49,0.52,2237.29,1.04,1,0,0,0,0,0,High-value invoice (>= $250K),1,1,0.99,1,0.9677,0,test
12915,9552,M S WALKER INC,2024-11-15,28175,230217.41,1105.04,0.48,1151.23,0.96,0,0,0,0,0,0,,0,0,0.0024,0,0.9554,0,train
12831,4380,CHARLES JACQUIN ET CIE INC,2024-11-16,523,3803.8,18.64,0.49,19.02,0.98,0,0,0,0,0,0,,0,0,0.0,0,0.0839,0,train
12862,10050,Russian Standard Vodka,2024-11-16,60,960.36,4.99,0.5196,4.8,1.04,0,0,0,0,0,0,,0,0,0.0,0,0.1649,0,train
12884,8920,TAKARA SAKE USA INC,2024-11-16,204,1271.53,6.74,0.5301,6.36,1.06,0,0,0,0,0,0,,0,0,0.0022,0,0.2071,0,train
12914,1189,BULLY BOY DISTILLERS,2024-11-16,64,1418.68,7.09,0.4998,7.09,1.0,0,0,0,0,0,0,,0,0,0.0,0,0.5874,0,train
12834,2450,DJINN SPIRITS LLC,2024-11-17,48,799.68,3.92,0.4902,4.0,0.98,0,0,0,0,0,0,,0,0,0.0,0,0.3368,0,train
12838,8352,LUXCO INC,2024-11-17,4533,36730.63,179.98,0.49,183.68,0.98,0,0,0,0,0,0,,0,0,0.0,0,0.4216,0,train
12843,9206,PHILLIPS PRODUCTS CO.,2024-11-17,608,6929.59,36.73,0.53,34.65,1.06,0,0,0,0,0,0,,0,0,0.0022,0,0.348,0,train
12851,2396,BLACK PRINCE DISTILLERY INC,2024-11-17,12,52.08,0.26,0.4992,0.26,1.0,0,0,0,0,0,0,,0,0,0.0058,0,0.8225,0,train
12875,1650,Circa Wines,2024-11-17,2,19.72,0.1,0.5071,0.1,1.01,0,0,0,0,0,0,,0,0,0.0416,0,0.9228,0,train
12890,480,BACARDI USA INC,2024-11-17,40775,574958.37,3047.28,0.53,2875.15,1.06,1,0,0,0,0,0,High-value invoice (>= $250K),1,1,1.0,1,0.9607,0,train
12891,1392,CONSTELLATION BRANDS INC,2024-11-17,39439,274501.02,1317.6,0.48,1372.68,0.96,1,0,0,0,0,0,High-value invoice (>= $250K),1,1,0.9937,1,0.7927,0,train
12893,4848,LAIRD & CO,2024-11-17,177,1707.06,8.02,0.4698,8.54,0.94,0,0,0,0,0,0,,0,0,0.0,0,0.1478,0,train
12897,3664,WILLIAM GRANT & SONS INC,2024-11-17,4871,91235.95,447.06,0.49,456.24,0.98,0,0,0,0,0,0,,0,0,0.0025,0,0.5493,0,train
12899,2242,DELICATO VINEYARDS INC,2024-11-17,3490,28721.11,146.48,0.51,143.62,1.02,0,0,0,0,0,0,,0,0,0.0,0,0.5524,0,train
12900,2555,DISARONNO INTERNATIONAL LLC,2024-11-17,2439,26959.69,145.58,0.54,134.82,1.08,0,0,0,0,0,0,,0,0,0.0022,0,0.3457,0,train
12912,8673,STE MICHELLE WINE ESTATES,2024-11-17,8317,63538.24,336.75,0.53,317.73,1.06,0,0,0,0,0,0,,0,0,0.0,0,0.5142,0,train
12837,17032,JEWELL TOWNE VINEYARDS,2024-11-18,84,717.12,3.23,0.4504,3.59,0.9,0,0,0,0,0,0,,0,0,0.0,0,0.3513,0,test
12840,5455,MARSALLE COMPANY,2024-11-18,105,2693.92,12.39,0.4599,13.47,0.92,0,0,0,0,0,0,,0,0,0.0197,0,0.4438,0,train
12845,7255,PSP WINES,2024-11-18,475,3681.78,17.3,0.4699,18.41,0.94,0,0,0,0,0,0,,0,0,0.0,0,0.2751,0,train
12867,8892,TRINCHERO FAMILY ESTATES,2024-11-18,5789,36686.2,183.43,0.5,183.45,1.0,0,0,0,0,0,0,,0,0,0.0042,0,0.6718,0,test
12877,90011,FORTUNE WINE BROKERS LLC,2024-11-18,89,792.41,4.2,0.53,3.96,1.06,0,0,0,0,0,0,,0,0,0.0,0,0.3128,0,test
12882,7153,PINE STATE TRADING CO,2024-11-18,6585,48990.3,264.55,0.54,244.98,1.08,0,0,0,0,0,0,,0,0,0.0,0,0.6309,0,train
12896,12331,STELLAR IMPORTING CO LLC,2024-11-18,36,257.04,1.31,0.5096,1.29,1.02,0,0,0,0,0,0,,0,0,0.0,0,0.6365,0,train
12898,388,ATLANTIC IMPORTING COMPANY,2024-11-18,50,1066.0,5.65,0.53,5.33,1.06,0,0,0,0,0,0,,0,0,0.0022,0,0.5502,0,test
12909,6355,NICHE W & S,2024-11-18,104,1895.96,10.05,0.5301,9.48,1.06,0,0,0,0,0,0,,0,0,0.0024,0,0.6157,0,train
12918,6785,PALM BAY INTERNATIONAL INC,2024-11-18,8589,60284.45,319.51,0.53,301.46,1.06,0,0,0,0,0,0,,0,0,0.0018,0,0.4934,0,test
12919,8150,SEA HAGG DISTILLERY LLC,2024-11-18,473,5632.44,26.47,0.47,28.17,0.94,0,0,0,0,0,0,,0,0,0.0025,0,0.2585,0,train
12829,1273,CALEDONIA SPIRITS INC,2024-11-19,81,2458.26,12.54,0.5101,12.29,1.02,0,0,0,0,0,0,,0,0,0.0092,0,0.335,0,train
12846,7239,REMY COINTREAU USA INC,2024-11-19,2870,69952.73,314.79,0.45,349.81,0.9,0,0,0,0,0,0,,0,0,0.0,0,0.7561,0,train
12854,1655,FABRIZIA SPIRITS LLC,2024-11-19,504,6579.53,34.21,0.5199,32.9,1.04,0,0,0,0,0,0,,0,0,0.0,0,0.0886,0,train
12856,4950,LATITUDE BEVERAGE COMPANY,2024-11-19,922,5490.13,29.1,0.53,27.45,1.06,0,0,0,0,0,0,,0,0,0.0025,0,0.1568,0,train
12859,6359,OLE SMOKY DISTILLERY LLC,2024-11-19,16263,27895.85,147.85,0.53,139.5,1.06,0,0,1,0,0,0,Unit cost far from vendor norm,0,1,0.9721,1,0.9637,1,train
12861,90027,POVERTY LANE ORCHARDS,2024-11-19,59,459.61,2.44,0.5309,2.3,1.06,0,0,0,0,0,0,,0,0,0.0024,0,0.3563,0,train
12865,8664,"STOLI GROUP,(USA) LLC",2024-11-19,5454,67417.08,330.34,0.49,337.13,0.98,0,0,0,0,0,0,,0,0,0.0,0,0.2353,0,train
12866,172662,SWEETWATER FARM,2024-11-19,36,776.88,3.81,0.4904,3.88,0.98,0,0,0,0,0,0,,0,0,0.009,0,0.6179,0,train
12868,9260,TY KU LLC,2024-11-19,54,500.1,2.4,0.4799,2.5,0.96,0,0,0,0,0,0,,0,0,0.0,0,0.2233,0,test
12869,90024,VINILANDIA USA,2024-11-19,921,8046.58,38.62,0.48,40.24,0.96,0,0,0,0,0,0,,0,0,0.0,0,0.3715,0,test
12878,4692,KOBRAND CORPORATION,2024-11-19,2738,35853.18,168.51,0.47,179.29,0.94,0,0,0,0,0,0,,0,0,0.0,0,0.3642,0,train
12903,2561,EDRINGTON AMERICAS,2024-11-19,1182,36489.28,193.39,0.53,182.47,1.06,0,0,0,0,0,0,,0,0,0.0043,0,0.604,0,train
12906,90052,HAUNTING WHISPER VYDS,2024-11-19,12,94.08,0.5,0.5315,0.47,1.06,0,0,0,0,0,0,,0,0,0.0,0,0.6323,0,train
12911,17033,SEA BREEZE CELLARS LLC,2024-11-19,81,1060.2,5.41,0.5103,5.3,1.02,0,0,0,0,0,0,,0,0,0.0048,0,0.4792,0,train
12921,2000,SOUTHERN WINE & SPIRITS NE,2024-11-19,6806,62850.62,320.54,0.51,314.29,1.02,0,0,0,0,0,0,,0,0,0.0,0,0.3235,0,train
12923,90017,THE IMPORTED GRAPE LLC,2024-11-19,12,48.6,0.23,0.4733,0.24,0.95,0,0,0,0,0,0,,0,0,0.0435,0,0.8728,0,train
12924,9165,ULTRA BEVERAGE COMPANY LLP,2024-11-19,18453,261998.06,1231.39,0.47,1310.15,0.94,1,0,0,0,0,0,High-value invoice (>= $250K),1,1,0.9579,1,0.9479,0,train
12828,4466,AMERICAN VINTAGE BEVERAGE,2024-11-20,262,2597.36,12.99,0.5001,12.99,1.0,0,0,0,0,0,0,,0,0,0.0,0,0.3675,0,train
12830,1485,CASTLE BRANDS CORP.,2024-11-20,1708,25679.89,115.56,0.45,128.42,0.9,0,0,0,0,0,0,,0,0,0.0,0,0.5284,0,train
12864,8320,SHAW ROSS INT L IMP LTD,2024-11-20,1446,12992.81,66.26,0.51,64.97,1.02,0,0,0,0,0,0,,0,0,0.0038,0,0.0953,0,test
12871,105,ALTAMAR BRANDS LLC,2024-11-20,12,428.52,2.31,0.5391,2.14,1.08,0,0,0,0,0,0,,0,0,0.0251,0,0.6305,0,train
12874,2876,CENTEUR IMPORTS LLC,2024-11-20,12,105.0,0.58,0.5524,0.53,1.1,0,0,0,0,0,0,,0,0,0.0022,0,0.6729,0,train
12879,90032,LABELLE VYDS AND WINERY,2024-11-20,770,14956.3,82.26,0.55,74.79,1.1,0,0,0,0,0,0,,0,0,0.0255,0,0.9219,0,train
12880,6830,PARK STREET IMPORTS LLC,2024-11-20,109,1724.44,8.28,0.4802,8.62,0.96,0,0,0,0,0,0,,0,0,0.0,0,0.1454,0,train
12888,9625,WESTERN SPIRITS BEVERAGE CO,2024-11-20,1079,6859.05,34.3,0.5001,34.3,1.0,0,0,0,0,0,0,,0,0,0.007,0,0.1945,0,train
12894,7245,PROXIMO SPIRITS INC.,2024-11-20,10509,115319.46,553.53,0.48,576.67,0.96,0,0,0,0,0,0,,0,0,0.0,0,0.3592,0,train
12910,7154,PREMIER DISTRIBUTORS,2024-11-20,125,1985.89,10.13,0.5101,9.93,1.02,0,0,0,0,0,0,,0,0,0.0,0,0.2573,0,train
12835,17037,Dunn Wine Brokers,2024-11-21,12,173.76,0.82,0.4719,0.87,0.94,0,0,0,0,0,0,,0,0,0.0106,0,0.7884,0,train
12842,6213,MHW LTD,2024-11-21,4258,37011.58,196.16,0.53,185.08,1.06,0,0,0,0,0,0,,0,0,0.0022,0,0.7173,0,train
12853,1590,DIAGEO CHATEAU ESTATE WINES,2024-11-21,3912,25754.44,136.5,0.53,128.79,1.06,0,0,0,0,0,0,,0,0,0.0042,0,0.6717,0,train
12855,4550,KLIN SPIRITS LLC,2024-11-21,82,1323.49,6.62,0.5002,6.62,1.0,0,0,0,0,0,0,,0,0,0.0019,0,0.3195,0,train
12870,9622,WEIN BAUER INC,2024-11-21,54,1030.32,5.25,0.5096,5.15,1.02,0,0,0,0,0,0,,0,0,0.0072,0,0.4409,0,train
12872,516,BANFI PRODUCTS CORP,2024-11-21,4027,29835.81,158.13,0.53,149.2,1.06,0,0,0,0,0,0,,0,0,0.0064,0,0.4851,0,train
12876,17031,FLAG HILL WINERY & VINEYARD,2024-11-21,428,7349.5,36.01,0.49,36.75,0.98,0,0,0,0,0,0,,0,0,0.0,0,0.1187,0,train
12885,28776,TALL SHIP DISTILLERY LLC,2024-11-21,27,590.77,2.72,0.4604,2.95,0.92,0,0,0,0,0,0,,0,0,0.0,0,0.2737,0,train
12886,173357,TAMWORTH DISTILLING,2024-11-21,60,1162.2,5.58,0.4801,5.81,0.96,0,0,0,0,0,0,,0,0,0.0022,0,0.1362,0,train
12920,28750,SMOKY QUARTZ DISTILLERY LLC,2024-11-21,71,1564.84,8.14,0.5202,7.83,1.04,0,0,0,0,0,0,,0,0,0.0,0,0.0476,0,test
12926,1601,VRANKEN AMERICA,2024-11-21,112,2063.17,11.14,0.5399,10.32,1.08,0,0,0,0,0,0,,0,0,0.0,0,0.0276,0,train
12942,90056,SWEET BABY VINEYARD,2024-11-21,235,1994.57,9.37,0.4698,9.97,0.94,0,0,0,0,0,0,,0,0,0.0,0,0.1994,0,train
12943,90010,VINEXTRA INC,2024-11-21,114,1106.52,5.31,0.4799,5.53,0.96,0,0,0,0,0,0,,0,0,0.0036,0,0.4205,0,train
12948,11567,CAMPARI AMERICA,2024-11-21,9455,77705.13,372.98,0.48,388.57,0.96,0,0,0,0,0,0,,0,0,0.0,0,0.4911,0,train
12956,7153,PINE STATE TRADING CO,2024-11-21,6715,60750.78,279.45,0.46,303.79,0.92,0,0,0,0,0,0,,0,0,0.0,0,0.5095,0,train
12959,17033,SEA BREEZE CELLARS LLC,2024-11-21,30,1307.16,6.67,0.5103,6.54,1.02,0,0,1,0,0,0,Unit cost far from vendor norm,0,1,0.6743,1,0.8795,1,test
12968,90011,FORTUNE WINE BROKERS LLC,2024-11-21,22,173.58,0.95,0.5473,0.87,1.09,0,0,0,0,0,0,,0,0,0.022,0,0.7,0,test
12969,17032,JEWELL TOWNE VINEYARDS,2024-11-21,119,929.69,4.83,0.5195,4.65,1.04,0,0,0,0,0,0,,0,0,0.0,0,0.0772,0,train
12971,5270,MANGO BOTTLING INC,2024-11-21,641,4561.55,20.53,0.4501,22.81,0.9,0,0,0,0,0,0,,0,0,0.0022,0,0.2639,0,train
12982,2450,DJINN SPIRITS LLC,2024-11-21,57,1037.07,4.77,0.4599,5.19,0.92,0,0,0,0,0,0,,0,0,0.007,0,0.3873,0,train
12984,17031,FLAG HILL WINERY & VINEYARD,2024-11-21,400,6476.14,34.97,0.54,32.38,1.08,0,0,0,0,0,0,,0,0,0.0,0,0.4182,0,train
12986,17035,PERNOD RICARD USA,2024-11-21,32659,546051.11,2730.26,0.5,2730.59,1.0,1,0,0,0,0,0,High-value invoice (>= $250K),1,1,0.9997,1,0.8905,0,test
12994,2242,DELICATO VINEYARDS INC,2024-11-21,3810,32212.22,170.72,0.53,161.08,1.06,0,0,0,0,0,0,,0,0,0.0,0,0.418,0,train
12999,4550,KLIN SPIRITS LLC,2024-11-21,119,1864.45,8.39,0.45,9.32,0.9,0,0,0,0,0,0,,0,0,0.0126,0,0.9163,0,test
13006,90027,POVERTY LANE ORCHARDS,2024-11-21,48,373.92,1.76,0.4707,1.87,0.94,0,0,0,0,0,0,,0,0,0.0024,0,0.6592,0,train
13007,7240,"PREMIUM PORT WINES, INC.",2024-11-21,144,1077.66,5.28,0.49,5.39,0.98,0,0,0,0,0,0,,0,0,0.0045,0,0.4119,0,train
13018,4950,LATITUDE BEVERAGE COMPANY,2024-11-21,703,4270.54,22.21,0.5201,21.36,1.04,0,0,0,0,0,0,,0,0,0.0066,0,0.724,0,train
12832,90047,CRUSH WINES,2024-11-22,309,2616.02,12.56,0.4801,13.08,0.96,0,0,0,0,0,0,,0,0,0.008,0,0.8261,0,train
12850,9819,TREASURY WINE ESTATES,2024-11-22,7034,40792.66,220.28,0.54,203.99,1.08,0,0,0,0,0,0,,0,0,0.011,0,0.7806,0,train
12858,8112,MOET HENNESSY USA INC,2024-11-22,14904,368424.93,1657.91,0.45,1842.35,0.9,1,0,0,0,0,0,High-value invoice (>= $250K),1,1,0.9729,1,0.9847,0,train
12863,660,SAZERAC NORTH AMERICA INC.,2024-11-22,10062,69368.51,346.84,0.5,346.89,1.0,0,0,0,0,0,0,,0,0,0.0,0,0.5318,0,test
12883,653,STATE WINE & SPIRITS,2024-11-22,2360,21857.31,104.92,0.48,109.3,0.96,0,0,0,0,0,0,,0,0,0.0025,0,0.3927,0,test
12913,60,ADAMBA IMPORTS INTL INC,2024-11-22,130,2057.14,9.26,0.4501,10.29,0.9,0,0,0,0,0,0,,0,0,0.0,0,0.064,0,train
12916,5992,MCCORMICK DISTILLING CO,2024-11-22,649,7180.78,38.06,0.53,35.91,1.06,0,0,0,0,0,0,,0,0,0.0,0,0.3466,0,train
12922,8735,SURVILLE ENTERPRISES CORP,2024-11-22,46,341.52,1.74,0.5095,1.71,1.02,0,0,0,0,0,0,,0,0,0.0068,0,0.158,0,test
12927,9815,WINE GROUP INC,2024-11-22,17109,101293.66,536.86,0.53,506.53,1.06,0,0,0,0,0,0,,0,0,0.0,0,0.3529,0,test
12937,7154,PREMIER DISTRIBUTORS,2024-11-22,152,1951.78,9.76,0.5001,9.76,1.0,0,0,0,0,0,0,,0,0,0.0,0,0.3864,0,train
12951,4692,KOBRAND CORPORATION,2024-11-22,3878,64302.49,302.22,0.47,321.55,0.94,0,0,0,0,0,0,,0,0,0.0137,0,0.6852,0,train
12965,1189,BULLY BOY DISTILLERS,2024-11-22,53,1163.65,5.35,0.4598,5.82,0.92,0,0,0,0,0,0,,0,0,0.0022,0,0.2398,0,test
13000,90032,LABELLE VYDS AND WINERY,2024-11-22,328,3730.55,16.79,0.4501,18.66,0.9,0,0,0,0,0,0,,0,0,0.0,0,0.5551,0,test
13023,8664,"STOLI GROUP,(USA) LLC",2024-11-22,5279,72273.27,354.14,0.49,361.41,0.98,0,0,0,0,0,0,,0,0,0.0,0,0.8055,0,train
13028,9622,WEIN BAUER INC,2024-11-22,23,438.84,2.02,0.4603,2.19,0.92,0,0,0,0,0,0,,0,0,0.002,0,0.8187,0,train
12928,60,ADAMBA IMPORTS INTL INC,2024-11-23,115,1871.05,9.17,0.4901,9.36,0.98,0,0,0,0,0,0,,0,0,0.0,0,0.2905,0,test
12934,8352,LUXCO INC,2024-11-23,4232,33576.8,177.96,0.53,167.9,1.06,0,0,0,0,0,0,,0,0,0.0,0,0.4207,0,train
12950,12546,JIM BEAM BRANDS COMPANY,2024-11-23,51285,443523.01,2395.02,0.54,2217.89,1.08,1,0,0,0,0,0,High-value invoice (>= $250K),1,1,0.9994,1,0.7774,0,train
12957,7255,PSP WINES,2024-11-23,396,2922.39,16.07,0.5499,14.61,1.1,0,0,0,0,0,0,,0,0,0.0,0,0.2019,0,train
12964,173357,TAMWORTH DISTILLING,2024-11-23,92,1737.7,7.82,0.45,8.69,0.9,0,0,0,0,0,0,,0,0,0.0,0,0.495,0,test
12975,9165,ULTRA BEVERAGE COMPANY LLP,2024-11-23,19141,297077.3,1455.68,0.49,1485.57,0.98,1,0,0,0,0,0,High-value invoice (>= $250K),1,1,0.9857,1,0.9026,0,train
12977,1703,ALISA CARR BEVERAGES,2024-11-23,2,155.84,0.83,0.5326,0.78,1.07,0,0,0,0,0,0,,0,0,0.1179,0,0.902,0,test
12993,90047,CRUSH WINES,2024-11-23,410,5482.7,28.51,0.52,27.42,1.04,0,0,0,0,0,0,,0,0,0.0,0,0.5329,0,train
12998,90053,INCREDIBREW INC,2024-11-23,83,733.84,3.6,0.4906,3.67,0.98,0,0,0,0,0,0,,0,0,0.002,0,0.5717,0,train
13002,5992,MCCORMICK DISTILLING CO,2024-11-23,515,5275.37,24.79,0.4699,26.38,0.94,0,0,0,0,0,0,,0,0,0.0,0,0.2232,0,test
13015,3252,E & J GALLO WINERY,2024-11-23,36047,231706.92,1228.05,0.53,1158.68,1.06,0,0,0,0,0,0,,0,0,0.1196,0,0.8391,0,train
13024,8892,TRINCHERO FAMILY ESTATES,2024-11-23,6494,40135.13,180.61,0.45,200.7,0.9,0,0,0,0,0,0,,0,0,0.0,0,0.7086,0,test
12935,4425,MARTIGNETTI COMPANIES,2024-11-24,61986,624195.48,3245.82,0.52,3121.36,1.04,1,0,0,0,0,0,High-value invoice (>= $250K),1,1,1.0,1,0.9937,0,test
12945,90058,ZORVINO VINEYARDS,2024-11-24,107,821.37,4.19,0.5101,4.11,1.02,0,0,0,0,0,0,,0,0,0.0,0,0.3374,0,train
12953,9552,M S WALKER INC,2024-11-24,33116,277542.68,1387.71,0.5,1387.89,1.0,1,0,0,0,0,0,High-value invoice (>= $250K),1,1,1.0,1,0.9058,0,train
12970,4848,LAIRD & CO,2024-11-24,982,18937.82,100.37,0.53,94.7,1.06,0,0,1,0,0,0,Unit cost far from vendor norm,0,1,0.805,1,0.9888,1,train
12997,3924,HEAVEN HILL DISTILLERIES,2024-11-24,5412,39851.8,207.23,0.52,199.28,1.04,0,0,0,0,0,0,,0,0,0.0,0,0.409,0,train
13003,6213,MHW LTD,2024-11-24,5808,37138.78,200.55,0.54,185.72,1.08,0,0,0,0,0,0,,0,0,0.0042,0,0.6361,0,train
13009,660,SAZERAC NORTH AMERICA INC.,2024-11-24,9638,66935.7,327.98,0.49,334.72,0.98,0,0,0,0,0,0,,0,0,0.0,0,0.5589,0,train
13020,6785,PALM BAY INTERNATIONAL INC,2024-11-24,7815,54930.35,258.17,0.47,274.69,0.94,0,0,0,0,0,0,,0,0,0.0,0,0.7299,0,test
12931,1128,BROWN-FORMAN CORP,2024-11-25,23501,356155.13,1638.31,0.46,1781.0,0.92,1,0,0,0,0,0,High-value invoice (>= $250K),1,1,0.9941,1,0.8412,0,train
12933,3551,GILMANTON WINERY & VINEYARD,2024-11-25,12,126.24,0.58,0.4594,0.63,0.92,0,0,0,0,0,0,,0,0,0.0,0,0.9839,0,test
12941,12331,STELLAR IMPORTING CO LLC,2024-11-25,36,238.56,1.22,0.5114,1.19,1.02,0,0,0,0,0,0,,0,0,0.0,0,0.6599,0,train
12958,7239,REMY COINTREAU USA INC,2024-11-25,2991,72505.71,348.03,0.48,362.57,0.96,0,0,0,0,0,0,,0,0,0.0,0,0.483,0,train
12973,8004,SAZERAC CO INC,2024-11-25,27897,215466.88,1098.88,0.51,1077.47,1.02,0,0,0,0,0,0,,0,0,0.0113,0,0.6695,0,train
12978,2396,BLACK PRINCE DISTILLERY INC,2024-11-25,12,52.08,0.27,0.5184,0.26,1.04,0,0,0,0,0,0,,0,0,0.0034,0,0.8243,0,train
12989,99166,STARK BREWING COMPANY,2024-11-25,48,1028.16,5.24,0.5096,5.14,1.02,0,0,0,0,0,0,,0,0,0.0045,0,0.9475,0,train
12991,388,ATLANTIC IMPORTING COMPANY,2024-11-25,6,398.4,2.11,0.5296,1.99,1.06,0,0,1,0,0,0,Unit cost far from vendor norm,0,1,0.867,1,0.9636,1,train
13001,5455,MARSALLE COMPANY,2024-11-25,106,2797.66,14.83,0.5301,13.99,1.06,0,0,0,0,0,0,,0,0,0.0025,0,0.3758,0,train
13004,8112,MOET HENNESSY USA INC,2024-11-25,10923,273731.61,1396.03,0.51,1368.83,1.02,1,0,0,0,0,0,High-value invoice (>= $250K),1,1,0.9645,1,0.8591,0,train
13016,2561,EDRINGTON AMERICAS,2024-11-25,1478,44558.21,222.79,0.5,222.82,1.0,0,0,0,0,0,0,,0,0,0.0116,0,0.676,0,test
13019,6355,NICHE W & S,2024-11-25,139,2295.42,12.4,0.5402,11.48,1.08,0,0,0,0,0,0,,0,0,0.0045,0,0.7539,0,train
13026,90024,VINILANDIA USA,2024-11-25,1060,12030.56,62.56,0.52,60.16,1.04,0,0,0,0,0,0,,0,0,0.002,0,0.576,0,train
12932,9744,FREDERICK WILDMAN & SONS,2024-11-26,1661,17138.49,78.84,0.46,85.7,0.92,0,0,0,0,0,0,,0,0,0.0024,0,0.3152,0,test
12936,9206,PHILLIPS PRODUCTS CO.,2024-11-26,563,6404.25,29.46,0.46,32.03,0.92,0,0,0,0,0,0,,0,0,0.0046,0,0.1822,0,test
12940,8673,STE MICHELLE WINE ESTATES,2024-11-26,9792,72574.64,370.13,0.51,362.92,1.02,0,0,0,0,0,0,,0,0,0.0,0,0.5544,0,train
12946,480,BACARDI USA INC,2024-11-26,32203,400311.97,1801.4,0.45,2001.81,0.9,1,0,0,0,0,0,High-value invoice (>= $250K),1,1,1.0,1,0.7204,0,train
12952,5083,LOYAL DOG WINERY,2024-11-26,204,1972.68,8.88,0.4501,9.86,0.9,0,0,0,0,0,0,,0,0,0.0677,0,0.919,0,test
12960,2000,SOUTHERN WINE & SPIRITS NE,2024-11-26,72,8380.32,45.25,0.54,41.91,1.08,0,0,1,0,0,0,Unit cost far from vendor norm,0,1,0.51,1,0.9964,1,test
12961,653,STATE WINE & SPIRITS,2024-11-26,1844,18193.32,87.33,0.48,90.98,0.96,0,0,0,0,0,0,,0,0,0.0018,0,0.3273,0,test
12962,8735,SURVILLE ENTERPRISES CORP,2024-11-26,280,2895.92,14.77,0.51,14.48,1.02,0,0,0,0,0,0,,0,0,0.0,0,0.5326,0,train
12967,2496,DUGGANS DISTILLED PRODUCTS,2024-11-26,227,2968.18,14.54,0.4899,14.84,0.98,0,0,0,0,0,0,,0,0,0.0,0,0.1202,0,train
12974,8920,TAKARA SAKE USA INC,2024-11-26,216,967.06,4.55,0.4705,4.84,0.94,0,0,0,0,0,0,,0,0,0.0257,0,0.468,0,test
12983,1655,FABRIZIA SPIRITS LLC,2024-11-26,428,5552.44,29.43,0.53,27.77,1.06,0,0,0,0,0,0,,0,0,0.0,0,0.0639,0,train
12995,1590,DIAGEO CHATEAU ESTATE WINES,2024-11-26,5139,36337.68,188.96,0.52,181.71,1.04,0,0,0,0,0,0,,0,0,0.0,0,0.2544,0,test
13005,6359,OLE SMOKY DISTILLERY LLC,2024-11-26,4391,9737.0,52.58,0.54,48.69,1.08,0,0,1,0,0,0,Unit cost far from vendor norm,0,1,0.9799,1,0.8156,1,train
13008,10050,Russian Standard Vodka,2024-11-26,96,1349.88,7.15,0.5297,6.75,1.06,0,0,0,0,0,0,,0,0,0.0,0,0.2174,0,train
13012,9260,TY KU LLC,2024-11-26,24,330.36,1.82,0.5509,1.65,1.1,0,0,0,0,0,0,,0,0,0.0091,0,0.5984,0,train
13013,1392,CONSTELLATION BRANDS INC,2024-11-26,40110,280772.04,1516.17,0.54,1404.03,1.08,1,0,0,0,0,0,High-value invoice (>= $250K),1,1,0.9997,1,0.8131,0,train
13029,9815,WINE GROUP INC,2024-11-26,18102,104567.33,470.55,0.45,522.9,0.9,0,0,0,0,0,0,,0,0,0.0154,0,0.6515,0,train
12929,4466,AMERICAN VINTAGE BEVERAGE,2024-11-27,270,2622.32,12.85,0.49,13.11,0.98,0,0,0,0,0,0,,0,0,0.0,0,0.2358,0,train
12939,3089,SIDNEY FRANK IMPORTING CO,2024-11-27,2819,28204.68,138.2,0.49,141.04,0.98,0,0,0,0,0,0,,0,0,0.0,0,0.1602,0,train
12947,1273,CALEDONIA SPIRITS INC,2024-11-27,175,5499.18,29.7,0.5401,27.5,1.08,0,0,0,0,0,0,,0,0,0.0093,0,0.6038,0,train
12949,90046,CANDIA VINEYARDS,2024-11-27,24,236.52,1.09,0.4608,1.18,0.92,0,0,0,0,0,0,,0,0,0.022,0,0.5396,0,train
12972,7245,PROXIMO SPIRITS INC.,2024-11-27,11317,126133.48,668.51,0.53,630.75,1.06,0,0,0,0,0,0,,0,0,0.0,0,0.3574,0,train
12985,6830,PARK STREET IMPORTS LLC,2024-11-27,54,836.28,4.27,0.5106,4.18,1.02,0,0,0,0,0,0,,0,0,0.0021,0,0.2208,0,train
12992,1485,CASTLE BRANDS CORP.,2024-11-27,1578,23297.49,128.14,0.55,116.5,1.1,0,0,0,0,0,0,,0,0,0.0,0,0.125,0,test
12996,17037,Dunn Wine Brokers,2024-11-27,36,617.4,3.21,0.5199,3.09,1.04,0,0,0,0,0,0,,0,0,0.0022,0,0.4721,0,train
13010,8320,SHAW ROSS INT L IMP LTD,2024-11-27,1287,11223.64,58.36,0.52,56.13,1.04,0,0,0,0,0,0,,0,0,0.0,0,0.289,0,train
13011,9819,TREASURY WINE ESTATES,2024-11-27,8103,48078.51,216.35,0.45,240.42,0.9,0,0,0,0,0,0,,0,0,0.0,0,0.2082,0,test
13021,10754,PERFECTA WINES,2024-11-27,9042,116854.46,642.7,0.55,584.34,1.1,0,0,0,0,0,0,,0,0,0.0022,0,0.8526,0,train
13022,8150,SEA HAGG DISTILLERY LLC,2024-11-27,426,5157.4,27.33,0.5299,25.79,1.06,0,0,0,0,0,0,,0,0,0.0,0,0.3446,0,train
13027,1601,VRANKEN AMERICA,2024-11-27,261,4998.78,26.49,0.5299,25.0,1.06,0,0,0,0,0,0,,0,0,0.0023,0,0.1503,0,test
12930,516,BANFI PRODUCTS CORP,2024-11-28,3989,29645.49,151.19,0.51,148.25,1.02,0,0,0,0,0,0,,0,0,0.0021,0,0.707,0,test
12938,98450,Serralles Usa LLC,2024-11-28,161,2211.4,10.17,0.4599,11.06,0.92,0,0,0,0,0,0,,0,0,0.0,0,0.4765,0,test
12954,10000,MAJESTIC FINE WINES,2024-11-28,10083,78909.14,410.33,0.52,394.59,1.04,0,0,0,0,0,0,,0,0,0.0,0,0.3843,0,train
12955,6215,MOONLIGHT MEADERY,2024-11-28,70,634.11,2.85,0.4494,3.17,0.9,0,0,0,0,0,0,,0,0,0.0067,0,0.7335,0,test
12963,28776,TALL SHIP DISTILLERY LLC,2024-11-28,70,1499.74,7.2,0.4801,7.5,0.96,0,0,0,0,0,0,,0,0,0.0162,0,0.6783,0,test
12976,3664,WILLIAM GRANT & SONS INC,2024-11-28,5348,108579.09,488.61,0.45,542.96,0.9,0,0,0,0,0,0,,0,0,0.004,0,0.8504,0,train
12980,1650,Circa Wines,2024-11-28,24,222.36,1.0,0.4497,1.11,0.9,0,0,0,0,0,0,,0,0,0.0085,0,0.6735,0,train
12987,28750,SMOKY QUARTZ DISTILLERY LLC,2024-11-28,93,2049.12,9.84,0.4802,10.25,0.96,0,0,0,0,0,0,,0,0,0.0,0,0.0925,0,test
12988,2000,SOUTHERN WINE & SPIRITS NE,2024-11-28,6842,65969.55,329.85,0.5,329.89,1.0,0,0,0,0,0,0,,0,0,0.0,0,0.2878,0,train
12990,9625,WESTERN SPIRITS BEVERAGE CO,2024-11-28,1506,7313.81,37.3,0.51,36.57,1.02,0,0,0,0,0,0,,0,0,0.1934,0,0.4501,0,train
13017,90051,FULCHINO VINEYARD INC,2024-11-28,12,120.72,0.59,0.4887,0.6,0.98,0,0,0,0,0,0,,0,0,0.0,0,0.4673,0,train
13031,1003,BRONCO WINE COMPANY,2024-11-28,28,95.32,0.48,0.5036,0.48,1.01,0,0,0,0,0,0,,0,0,0.0771,0,0.9444,0,train
13041,10050,Russian Standard Vodka,2024-11-28,87,1270.98,6.1,0.4799,6.36,0.96,0,0,0,0,0,0,,0,0,0.0,0,0.037,0,train
13053,105,ALTAMAR BRANDS LLC,2024-11-28,6,214.26,1.16,0.5414,1.07,1.08,0,0,0,0,0,0,,0,0,0.0404,0,0.9181,0,test
13054,1189,BULLY BOY DISTILLERS,2024-11-28,263,5696.83,30.19,0.5299,28.49,1.06,0,0,0,0,0,0,,0,0,0.0,0,0.3576,0,train
13065,7153,PINE STATE TRADING CO,2024-11-28,6433,48779.12,224.38,0.46,243.93,0.92,0,0,0,0,0,0,,0,0,0.0,0,0.4007,0,train
13076,388,ATLANTIC IMPORTING COMPANY,2024-11-28,71,1513.72,6.81,0.4499,7.57,0.9,0,0,0,0,0,0,,0,0,0.0,0,0.5268,0,test
13081,10000,MAJESTIC FINE WINES,2024-11-28,8712,68208.91,341.04,0.5,341.09,1.0,0,0,0,0,0,0,,0,0,0.0,0,0.5205,0,train
13084,90027,POVERTY LANE ORCHARDS,2024-11-28,189,1502.73,7.21,0.4798,7.51,0.96,0,0,0,0,0,0,,0,0,0.0024,0,0.508,0,train
13090,9622,WEIN BAUER INC,2024-11-28,80,1279.73,6.91,0.54,6.4,1.08,0,0,0,0,0,0,,0,0,0.0043,0,0.4626,0,test
13092,4466,AMERICAN VINTAGE BEVERAGE,2024-11-28,209,2036.17,11.2,0.5501,10.18,1.1,0,0,0,0,0,0,,0,0,0.0,0,0.3058,0,train
13100,6785,PALM BAY INTERNATIONAL INC,2024-11-28,7598,55148.67,270.23,0.49,275.78,0.98,0,0,0,0,0,0,,0,0,0.0,0,0.3704,0,train
13101,10754,PERFECTA WINES,2024-11-28,9938,119588.56,621.86,0.52,598.02,1.04,0,0,0,0,0,0,,0,0,0.0022,0,0.939,0,test
13127,3252,E & J GALLO WINERY,2024-11-28,37969,249821.96,1149.18,0.46,1249.26,0.92,0,0,0,0,0,0,,0,0,0.0706,0,0.9204,0,train
12944,90057,WALPOLE MTN VIEW WINERY,2024-11-29,48,557.52,2.9,0.5202,2.79,1.04,0,0,0,0,0,0,,0,0,0.0022,0,0.6774,0,train
12966,4380,CHARLES JACQUIN ET CIE INC,2024-11-29,691,4973.44,26.36,0.53,24.87,1.06,0,0,0,0,0,0,,0,0,0.0,0,0.1714,0,train
12979,1003,BRONCO WINE COMPANY,2024-11-29,5,30.8,0.14,0.4545,0.15,0.91,0,0,0,0,0,0,,0,0,0.1107,0,0.825,0,test
12981,3960,DIAGEO NORTH AMERICA INC,2024-11-29,119586,1321953.42,7006.35,0.53,6610.59,1.06,1,0,0,0,0,0,High-value invoice (>= $250K),1,1,1.0,1,0.9439,0,train
13014,2555,DISARONNO INTERNATIONAL LLC,2024-11-29,2357,26584.61,124.95,0.47,132.94,0.94,0,0,0,0,0,0,,0,0,0.0,0,0.0635,0,train
13025,1587,VINEYARD BRANDS INC,2024-11-29,2058,15513.02,76.01,0.49,77.57,0.98,0,0,0,0,0,0,,0,0,0.0021,0,0.3857,0,train
13035,9744,FREDERICK WILDMAN & SONS,2024-11-29,1209,16203.2,81.02,0.5,81.03,1.0,0,0,0,0,0,0,,0,0,0.0,0,0.2686,0,train
13038,5455,MARSALLE COMPANY,2024-11-29,149,3920.24,17.64,0.45,19.6,0.9,0,0,0,0,0,0,,0,0,0.0,0,0.1497,0,train
13040,7154,PREMIER DISTRIBUTORS,2024-11-29,207,3093.93,13.92,0.4499,15.47,0.9,0,0,0,0,0,0,,0,0,0.0,0,0.0588,0,train
13043,17033,SEA BREEZE CELLARS LLC,2024-11-29,417,8223.5,45.23,0.55,41.12,1.1,0,0,0,0,0,0,,0,0,0.0189,0,0.86,0,train
13067,98450,Serralles Usa LLC,2024-11-29,140,1991.8,10.36,0.5201,9.96,1.04,0,0,0,0,0,0,,0,0,0.0,0,0.3621,0,test
13083,17035,PERNOD RICARD USA,2024-11-29,25424,374567.09,1910.29,0.51,1873.07,1.02,1,0,0,0,0,0,High-value invoice (>= $250K),1,1,0.9985,1,0.8845,0,test
13097,17032,JEWELL TOWNE VINEYARDS,2024-11-29,120,947.52,4.55,0.4802,4.74,0.96,0,0,0,0,0,0,,0,0,0.0,0,0.094,0,train
13104,3664,WILLIAM GRANT & SONS INC,2024-11-29,5026,108140.5,529.89,0.49,540.77,0.98,0,0,0,0,0,0,,0,0,0.0,0,0.6587,0,train
13114,7255,PSP WINES,2024-11-29,433,3192.27,14.68,0.4599,15.96,0.92,0,0,0,0,0,0,,0,0,0.0,0,0.5349,0,test
13131,28750,SMOKY QUARTZ DISTILLERY LLC,2024-11-29,31,668.83,3.34,0.4994,3.34,1.0,0,0,0,0,0,0,,0,0,0.009,0,0.7732,0,train
13068,3089,SIDNEY FRANK IMPORTING CO,2024-11-30,2669,25434.75,124.63,0.49,127.19,0.98,0,0,0,0,0,0,,0,0,0.0,0,0.1761,0,train
13072,6280,UNCORKED,2024-11-30,24,353.4,1.91,0.5405,1.77,1.08,0,0,0,0,0,0,,0,0,0.0038,0,0.9758,0,train
13079,11567,CAMPARI AMERICA,2024-11-30,8862,71829.42,373.51,0.52,359.19,1.04,0,0,0,0,0,0,,0,0,0.0,0,0.1979,0,train
13086,2000,SOUTHERN WINE & SPIRITS NE,2024-11-30,514,7257.2,34.83,0.4799,36.29,0.96,0,0,0,0,0,0,,0,0,0.0453,0,0.7343,0,test
13088,9165,ULTRA BEVERAGE COMPANY LLP,2024-11-30,17079,218094.84,1025.05,0.47,1090.61,0.94,0,0,0,0,0,0,,0,0,0.0025,0,0.851,0,train
13093,480,BACARDI USA INC,2024-11-30,23079,262474.83,1233.63,0.47,1312.54,0.94,1,0,0,0,0,0,High-value invoice (>= $250K),1,1,0.9869,1,0.9372,0,train
13098,6215,MOONLIGHT MEADERY,2024-11-30,107,963.16,5.1,0.5295,4.82,1.06,0,0,0,0,0,0,,0,0,0.0,0,0.2044,0,train
13102,90037,THE PIERPONT GROUP LLC,2024-11-30,48,326.4,1.7,0.5208,1.63,1.04,0,0,0,0,0,0,,0,0,0.0091,0,0.6284,0,train
13106,1392,CONSTELLATION BRANDS INC,2024-11-30,38977,276803.48,1439.38,0.52,1384.19,1.04,1,0,0,0,0,0,High-value invoice (>= $250K),1,1,0.9995,1,0.8064,0,train
13107,2555,DISARONNO INTERNATIONAL LLC,2024-11-30,1898,21578.82,116.53,0.54,107.91,1.08,0,0,0,0,0,0,,0,0,0.0,0,0.6542,0,train
13108,2496,DUGGANS DISTILLED PRODUCTS,2024-11-30,227,3108.21,15.54,0.5,15.54,1.0,0,0,0,0,0,0,,0,0,0.0,0,0.2704,0,train
13109,90051,FULCHINO VINEYARD INC,2024-11-30,12,120.72,0.57,0.4722,0.6,0.94,0,0,0,0,0,0,,0,0,0.0,0,0.6538,0,train
13112,4550,KLIN SPIRITS LLC,2024-11-30,97,1507.38,7.69,0.5102,7.54,1.02,0,0,0,0,0,0,,0,0,0.0022,0,0.4296,0,train
13120,90017,THE IMPORTED GRAPE LLC,2024-11-30,48,632.16,3.1,0.4904,3.16,0.98,0,0,1,0,0,0,Unit cost far from vendor norm,0,1,0.5281,1,0.8005,1,test
13130,9206,PHILLIPS PRODUCTS CO.,2024-11-30,577,6520.44,29.34,0.45,32.61,0.9,0,0,0,0,0,0,,0,0,0.0068,0,0.6307,0,train
13033,2561,EDRINGTON AMERICAS,2024-12-01,1563,43132.31,228.6,0.53,215.69,1.06,0,0,0,0,0,0,,0,0,0.0082,0,0.7916,0,train
13034,90011,FORTUNE WINE BROKERS LLC,2024-12-01,101,878.31,4.13,0.4702,4.39,0.94,0,0,0,0,0,0,,0,0,0.0019,0,0.5324,0,train
13046,2000,SOUTHERN WINE & SPIRITS NE,2024-12-01,7085,66861.6,307.56,0.46,334.35,0.92,0,0,0,0,0,0,,0,0,0.0,0,0.8425,0,train
13059,90032,LABELLE VYDS AND WINERY,2024-12-01,212,2278.36,10.25,0.4499,11.39,0.9,0,0,0,0,0,0,,0,0,0.0,0,0.3509,0,test
13061,8352,LUXCO INC,2024-12-01,4338,35539.85,170.59,0.48,177.72,0.96,0,0,0,0,0,0,,0,0,0.0,0,0.3289,0,train
13069,90056,SWEET BABY VINEYARD,2024-12-01,141,1183.27,6.27,0.5299,5.92,1.06,0,0,0,0,0,0,,0,0,0.0066,0,0.3402,0,test
13087,9260,TY KU LLC,2024-12-01,36,407.28,2.0,0.4911,2.04,0.98,0,0,0,0,0,0,,0,0,0.0,0,0.5677,0,train
13124,1650,Circa Wines,2024-12-01,252,2898.48,13.33,0.4599,14.49,0.92,0,0,0,0,0,0,,0,0,0.0682,0,0.9217,0,train
13042,8004,SAZERAC CO INC,2024-12-02,25385,174892.95,856.98,0.49,874.57,0.98,0,0,0,0,0,0,,0,0,0.0064,0,0.8248,0,test
13049,9819,TREASURY WINE ESTATES,2024-12-02,7618,49397.53,237.11,0.48,247.02,0.96,0,0,0,0,0,0,,0,0,0.0,0,0.5981,0,train
13055,2242,DELICATO VINEYARDS INC,2024-12-02,3684,32539.92,159.45,0.49,162.72,0.98,0,0,0,0,0,0,,0,0,0.0,0,0.4961,0,train
13103,9625,WESTERN SPIRITS BEVERAGE CO,2024-12-02,643,5489.64,28.55,0.5201,27.45,1.04,0,0,0,0,0,0,,0,0,0.0023,0,0.3107,0,train
13110,3924,HEAVEN HILL DISTILLERIES,2024-12-02,5235,42001.89,210.01,0.5,210.04,1.0,0,0,0,0,0,0,,0,0,0.0,0,0.6552,0,test
13111,12546,JIM BEAM BRANDS COMPANY,2024-12-02,43327,421205.27,2063.91,0.49,2106.29,0.98,1,0,0,0,0,0,High-value invoice (>= $250K),1,1,0.9991,1,0.9412,0,train
13115,7239,REMY COINTREAU USA INC,2024-12-02,2584,80318.66,361.43,0.45,401.64,0.9,0,0,0,0,0,0,,0,0,0.0424,0,0.8398,0,test
13116,660,SAZERAC NORTH AMERICA INC.,2024-12-02,8347,59891.92,317.43,0.53,299.5,1.06,0,0,0,0,0,0,,0,0,0.0,0,0.5816,0,train
13117,653,STATE WINE & SPIRITS,2024-12-02,2681,31651.7,161.42,0.51,158.28,1.02,0,0,0,0,0,0,,0,0,0.002,0,0.547,0,test
13119,8735,SURVILLE ENTERPRISES CORP,2024-12-02,120,1260.41,5.8,0.4602,6.3,0.92,0,0,0,0,0,0,,0,0,0.0023,0,0.5387,0,train
13133,8664,"STOLI GROUP,(USA) LLC",2024-12-02,4288,56175.58,286.5,0.51,280.91,1.02,0,0,0,0,0,0,,0,0,0.0,0,0.5302,0,train
13030,516,BANFI PRODUCTS CORP,2024-12-03,3641,26806.09,134.03,0.5,134.05,1.0,0,0,0,0,0,0,,0,0,0.0,0,0.4063,0,train
13047,99166,STARK BREWING COMPANY,2024-12-03,48,1028.16,5.24,0.5096,5.14,1.02,0,0,0,0,0,1,Possible duplicate invoice,0,1,0.0049,0,0.9627,1,test
13052,9815,WINE GROUP INC,2024-12-03,16459,94940.0,522.17,0.55,474.76,1.1,0,0,0,0,0,0,,0,0,0.0041,0,0.7541,0,test
13077,1128,BROWN-FORMAN CORP,2024-12-03,16165,226877.57,1202.45,0.53,1134.53,1.06,0,0,0,0,0,0,,0,0,0.123,0,0.6753,0,train
13091,90058,ZORVINO VINEYARDS,2024-12-03,113,892.48,4.64,0.5199,4.46,1.04,0,0,0,0,0,0,,0,0,0.0,0,0.1752,0,test
13099,6355,NICHE W & S,2024-12-03,88,1562.51,7.34,0.4698,7.81,0.94,0,0,0,0,0,0,,0,0,0.0068,0,0.3392,0,train
13118,12331,STELLAR IMPORTING CO LLC,2024-12-03,60,441.48,2.21,0.5006,2.21,1.0,0,0,0,0,0,0,,0,0,0.0,0,0.2937,0,train
13128,5270,MANGO BOTTLING INC,2024-12-03,283,1992.13,10.96,0.5502,9.96,1.1,0,0,0,0,0,0,,0,0,0.0044,0,0.2363,0,train
13037,4848,LAIRD & CO,2024-12-04,446,4308.56,19.39,0.45,21.55,0.9,0,0,0,0,0,0,,0,0,0.0,0,0.5907,0,test
13048,8920,TAKARA SAKE USA INC,2024-12-04,136,617.88,2.9,0.4693,3.09,0.94,0,0,0,0,0,0,,0,0,0.0176,0,0.6893,0,train
13058,4692,KOBRAND CORPORATION,2024-12-04,2595,33804.75,155.5,0.46,169.04,0.92,0,0,0,0,0,0,,0,0,0.0,0,0.4066,0,train
13062,9552,M S WALKER INC,2024-12-04,25076,205077.61,1127.93,0.55,1025.52,1.1,0,0,0,0,0,0,,0,0,0.009,0,0.9399,0,train
13064,6359,OLE SMOKY DISTILLERY LLC,2024-12-04,4882,11880.42,55.84,0.47,59.41,0.94,0,0,1,0,0,0,Unit cost far from vendor norm,0,1,0.9893,1,0.8654,1,train
13073,90010,VINEXTRA INC,2024-12-04,335,7097.89,39.04,0.55,35.49,1.1,0,0,0,0,0,0,,0,0,0.0527,0,0.9547,0,train
13075,90024,VINILANDIA USA,2024-12-04,812,8680.63,46.01,0.53,43.41,1.06,0,0,0,0,0,0,,0,0,0.0045,0,0.4642,0,test
13080,17031,FLAG HILL WINERY & VINEYARD,2024-12-04,437,6827.11,32.09,0.47,34.14,0.94,0,0,0,0,0,0,,0,0,0.0,0,0.1505,0,train
13085,7240,"PREMIUM PORT WINES, INC.",2024-12-04,232,1637.81,7.53,0.4598,8.19,0.92,0,0,0,0,0,0,,0,0,0.0022,0,0.2531,0,train
13032,3960,DIAGEO NORTH AMERICA INC,2024-12-05,89252,805480.52,4027.4,0.5,4027.9,1.0,1,0,0,0,0,0,High-value invoice (>= $250K),1,1,0.9966,1,0.9854,0,train
13036,3950,"HOOD RIVER DISTILLERS, Inc.",2024-12-05,12,258.96,1.35,0.5213,1.29,1.04,0,0,0,0,0,0,,0,0,0.0088,0,0.7702,0,train
13039,4425,MARTIGNETTI COMPANIES,2024-12-05,56538,631920.62,3349.18,0.53,3160.0,1.06,1,0,0,0,0,0,High-value invoice (>= $250K),1,1,1.0,1,0.9984,0,train
13051,1601,VRANKEN AMERICA,2024-12-05,217,4047.79,19.43,0.48,20.24,0.96,0,0,0,0,0,0,,0,0,0.0,0,0.4173,0,train
13056,2450,DJINN SPIRITS LLC,2024-12-05,96,1670.08,9.19,0.5503,8.35,1.1,0,0,0,0,0,0,,0,0,0.0024,0,0.7011,0,test
13057,90052,HAUNTING WHISPER VYDS,2024-12-05,35,289.45,1.42,0.4906,1.45,0.98,0,0,0,0,0,0,,0,0,0.0,0,0.5259,0,train
13060,4950,LATITUDE BEVERAGE COMPANY,2024-12-05,851,5104.96,26.04,0.5101,25.53,1.02,0,0,0,0,0,0,,0,0,0.0,0,0.1918,0,train
13066,7245,PROXIMO SPIRITS INC.,2024-12-05,8629,92957.38,501.97,0.54,464.84,1.08,0,0,0,0,0,0,,0,0,0.0018,0,0.5845,0,test
13071,173357,TAMWORTH DISTILLING,2024-12-05,18,338.22,1.72,0.5085,1.69,1.02,0,0,0,0,0,0,,0,0,0.0,0,0.5039,0,train
13078,1273,CALEDONIA SPIRITS INC,2024-12-05,114,3467.19,17.34,0.5001,17.34,1.0,0,0,0,0,0,0,,0,0,0.0113,0,0.2926,0,test
13089,1587,VINEYARD BRANDS INC,2024-12-05,192,6496.56,29.88,0.4599,32.49,0.92,0,0,1,0,0,0,Unit cost far from vendor norm,0,1,0.8279,1,0.9186,1,train
13096,90053,INCREDIBREW INC,2024-12-05,48,417.6,2.0,0.4789,2.09,0.96,0,0,0,0,0,0,,0,0,0.0,0,0.2513,0,train
13105,60,ADAMBA IMPORTS INTL INC,2024-12-05,67,1090.09,5.23,0.4798,5.45,0.96,0,0,0,0,0,0,,0,0,0.0046,0,0.1216,0,train
13113,5992,MCCORMICK DISTILLING CO,2024-12-05,408,5021.37,25.11,0.5001,25.11,1.0,0,0,0,0,0,0,,0,0,0.0,0,0.0788,0,train
13122,90046,CANDIA VINEYARDS,2024-12-05,35,568.49,2.84,0.4996,2.84,1.0,0,0,0,0,0,0,,0,0,0.0,0,0.2679,0,train
13123,4380,CHARLES JACQUIN ET CIE INC,2024-12-05,927,6961.34,36.2,0.52,34.81,1.04,0,0,0,0,0,0,,0,0,0.0025,0,0.3545,0,test
13126,1590,DIAGEO CHATEAU ESTATE WINES,2024-12-05,4722,32538.54,149.68,0.46,162.71,0.92,0,0,0,0,0,0,,0,0,0.0024,0,0.2818,0,test
13129,8112,MOET HENNESSY USA INC,2024-12-05,7155,136691.26,724.46,0.53,683.54,1.06,0,0,0,0,0,0,,0,0,0.0045,0,0.8331,0,test
13141,90051,FULCHINO VINEYARD INC,2024-12-05,12,120.72,0.64,0.5302,0.6,1.06,0,0,0,0,0,0,,0,0,0.0,0,0.4878,0,test
13155,9165,ULTRA BEVERAGE COMPANY LLP,2024-12-05,20244,315514.21,1546.02,0.49,1577.77,0.98,1,0,0,0,0,0,High-value invoice (>= $250K),1,1,0.9891,1,0.987,0,train
13159,3252,E & J GALLO WINERY,2024-12-05,56089,355718.24,1849.73,0.52,1778.81,1.04,1,0,0,0,0,0,High-value invoice (>= $250K),1,1,0.9992,1,0.8292,0,train
13176,90053,INCREDIBREW INC,2024-12-05,48,415.68,2.0,0.4811,2.08,0.96,0,0,0,0,0,0,,0,0,0.0016,0,0.514,0,train
13185,653,STATE WINE & SPIRITS,2024-12-05,2459,24267.51,116.48,0.48,121.35,0.96,0,0,0,0,0,0,,0,0,0.0,0,0.7572,0,train
13196,6280,UNCORKED,2024-12-05,38,391.63,2.15,0.549,1.96,1.1,0,0,0,0,0,0,,0,0,0.0038,0,0.9621,0,train
13214,7154,PREMIER DISTRIBUTORS,2024-12-05,149,2140.87,11.35,0.5302,10.71,1.06,0,0,0,0,0,0,,0,0,0.1196,0,0.8286,0,test
13224,4848,LAIRD & CO,2024-12-05,430,4765.45,25.26,0.5301,23.83,1.06,0,0,0,0,0,0,,0,0,0.0046,0,0.7691,0,train
13229,8004,SAZERAC CO INC,2024-12-05,29178,214318.42,1178.75,0.55,1071.73,1.1,0,0,0,0,0,0,,0,0,0.1139,0,0.9655,0,train
13232,8664,"STOLI GROUP,(USA) LLC",2024-12-05,5678,77591.26,426.75,0.55,388.0,1.1,0,0,0,0,0,0,,0,0,0.0068,0,0.8447,0,train
13044,8150,SEA HAGG DISTILLERY LLC,2024-12-06,707,9321.92,41.95,0.45,46.62,0.9,0,0,0,0,0,0,,0,0,0.0216,0,0.9414,0,train
13045,8320,SHAW ROSS INT L IMP LTD,2024-12-06,1238,11288.24,57.57,0.51,56.45,1.02,0,0,0,0,0,0,,0,0,0.0092,0,0.5279,0,test
13050,8892,TRINCHERO FAMILY ESTATES,2024-12-06,6041,38258.14,179.81,0.47,191.31,0.94,0,0,0,0,0,0,,0,0,0.0061,0,0.8714,0,test
13063,6213,MHW LTD,2024-12-06,4034,29137.82,145.69,0.5,145.71,1.0,0,0,0,0,0,0,,0,0,0.0,0,0.5898,0,train
13070,28776,TALL SHIP DISTILLERY LLC,2024-12-06,34,746.62,3.88,0.5197,3.73,1.04,0,0,0,0,0,0,,0,0,0.0046,0,0.4923,0,train
13074,1587,VINEYARD BRANDS INC,2024-12-06,3449,32781.69,147.52,0.45,163.93,0.9,0,0,0,0,0,0,,0,0,0.0,0,0.6359,0,train
13082,6830,PARK STREET IMPORTS LLC,2024-12-06,110,1733.0,7.8,0.4501,8.67,0.9,0,0,0,0,0,0,,0,0,0.0022,0,0.5434,0,train
13094,1485,CASTLE BRANDS CORP.,2024-12-06,1550,23453.95,129.0,0.55,117.28,1.1,0,0,0,0,0,0,,0,0,0.0068,0,0.7422,0,test
13095,1655,FABRIZIA SPIRITS LLC,2024-12-06,1120,14605.37,65.72,0.45,73.04,0.9,0,0,0,0,0,0,,0,0,0.0024,0,0.4402,0,test
13121,90057,WALPOLE MTN VIEW WINERY,2024-12-06,24,254.16,1.27,0.4997,1.27,1.0,0,0,0,0,0,0,,0,0,0.0,0,0.365,0,test
13125,90047,CRUSH WINES,2024-12-06,521,4879.53,21.96,0.45,24.4,0.9,0,0,0,0,0,0,,0,0,0.0,0,0.2356,0,test
13132,8673,STE MICHELLE WINE ESTATES,2024-12-06,8709,65282.07,352.52,0.54,326.45,1.08,0,0,0,0,0,0,,0,0,0.0018,0,0.3249,0,test
13134,4466,AMERICAN VINTAGE BEVERAGE,2024-12-06,305,3018.89,15.7,0.5201,15.1,1.04,0,0,0,0,0,0,,0,0,0.0,0,0.0972,0,train
13146,90027,POVERTY LANE ORCHARDS,2024-12-06,441,3509.49,16.85,0.4801,17.55,0.96,0,0,0,0,0,0,,0,0,0.0,0,0.6051,0,train
13149,98450,Serralles Usa LLC,2024-12-06,209,3070.97,13.82,0.45,15.36,0.9,0,0,0,0,0,0,,0,0,0.0,0,0.5526,0,train
13151,12331,STELLAR IMPORTING CO LLC,2024-12-06,72,533.4,2.56,0.4799,2.67,0.96,0,0,0,0,0,0,,0,0,0.0,0,0.2594,0,train
13157,90059,BLACK COVE BEVERAGES,2024-12-06,36,566.64,2.66,0.4694,2.83,0.94,0,0,0,0,0,0,,0,0,0.0378,0,0.9688,0,train
13160,3551,GILMANTON WINERY & VINEYARD,2024-12-06,24,252.48,1.16,0.4594,1.26,0.92,0,0,0,0,0,0,,0,0,0.0023,0,0.9814,0,train
13164,6785,PALM BAY INTERNATIONAL INC,2024-12-06,8733,61986.56,322.33,0.52,309.97,1.04,0,0,0,0,0,0,,0,0,0.0,0,0.2475,0,test
13165,6830,PARK STREET IMPORTS LLC,2024-12-06,248,4083.11,20.01,0.4901,20.42,0.98,0,0,0,0,0,0,,0,0,0.0,0,0.3148,0,train
13166,8320,SHAW ROSS INT L IMP LTD,2024-12-06,1611,14704.84,73.52,0.5,73.53,1.0,0,0,0,0,0,0,,0,0,0.0,0,0.0769,0,train
13168,54,AAPER ALCOHOL & CHEMICAL CO,2024-12-06,1,105.07,0.48,0.4568,0.53,0.91,0,0,0,0,0,0,,0,0,0.0812,0,0.9995,0,train
13172,4380,CHARLES JACQUIN ET CIE INC,2024-12-06,864,6422.32,33.4,0.5201,32.12,1.04,0,0,0,0,0,0,,0,0,0.0022,0,0.1846,0,test
13179,17035,PERNOD RICARD USA,2024-12-06,34803,518613.0,2800.51,0.54,2593.39,1.08,1,0,0,0,0,0,High-value invoice (>= $250K),1,1,0.9967,1,0.8241,0,train
13203,2555,DISARONNO INTERNATIONAL LLC,2024-12-06,2899,40110.26,200.55,0.5,200.58,1.0,0,0,0,0,0,0,,0,0,0.0,0,0.6053,0,test
13217,90017,THE IMPORTED GRAPE LLC,2024-12-06,60,633.24,2.98,0.4706,3.17,0.94,0,0,0,0,0,0,,0,0,0.0109,0,0.8665,0,train
13218,8892,TRINCHERO FAMILY ESTATES,2024-12-06,10565,69761.65,313.93,0.45,348.85,0.9,0,0,0,0,0,0,,0,0,0.0024,0,0.81,0,train
13220,480,BACARDI USA INC,2024-12-06,31602,364837.7,1787.7,0.49,1824.41,0.98,1,0,0,0,0,0,High-value invoice (>= $250K),1,1,0.9935,1,0.9194,0,train
13222,90047,CRUSH WINES,2024-12-06,376,3939.47,20.09,0.51,19.7,1.02,0,0,0,0,0,0,,0,0,0.0024,0,0.5679,0,train
13135,516,BANFI PRODUCTS CORP,2024-12-07,4409,33511.87,150.8,0.45,167.58,0.9,0,0,0,0,0,0,,0,0,0.0,0,0.6769,0,train
13148,17033,SEA BREEZE CELLARS LLC,2024-12-07,72,722.16,3.68,0.5096,3.61,1.02,0,0,0,0,0,0,,0,0,0.0,0,0.7362,0,train
13163,6215,MOONLIGHT MEADERY,2024-12-07,120,1082.16,5.09,0.4704,5.41,0.94,0,0,0,0,0,0,,0,0,0.0,0,0.3628,0,train
13173,1392,CONSTELLATION BRANDS INC,2024-12-07,58945,417493.91,2212.72,0.53,2087.73,1.06,1,0,0,0,0,0,High-value invoice (>= $250K),1,1,1.0,1,0.9022,0,train
13188,90024,VINILANDIA USA,2024-12-07,1123,9515.43,45.67,0.48,47.58,0.96,0,0,0,0,0,0,,0,0,0.0,0,0.2488,0,train
13190,3960,DIAGEO NORTH AMERICA INC,2024-12-07,116491,1319062.86,6331.5,0.48,6596.13,0.96,1,0,0,0,0,0,High-value invoice (>= $250K),1,1,1.0,1,0.9711,0,train
13226,7240,"PREMIUM PORT WINES, INC.",2024-12-07,353,2596.33,13.5,0.52,12.98,1.04,0,0,0,0,0,0,,0,0,0.0,0,0.5309,0,train
13231,8673,STE MICHELLE WINE ESTATES,2024-12-07,14466,113170.76,554.54,0.49,565.92,0.98,0,0,0,0,0,0,,0,0,0.0024,0,0.7976,0,train
13236,90058,ZORVINO VINEYARDS,2024-12-07,284,2317.57,12.75,0.5501,11.59,1.1,0,0,0,0,0,0,,0,0,0.0045,0,0.6177,0,test
13137,1128,BROWN-FORMAN CORP,2024-12-08,20937,287164.72,1349.67,0.47,1436.0,0.94,1,0,0,0,0,0,High-value invoice (>= $250K),1,1,0.9936,1,0.8513,0,train
13143,4692,KOBRAND CORPORATION,2024-12-08,3098,43173.77,198.6,0.46,215.9,0.92,0,0,0,0,0,0,,0,0,0.0047,0,0.6029,0,test
13150,2000,SOUTHERN WINE & SPIRITS NE,2024-12-08,8724,92278.61,470.62,0.51,461.45,1.02,0,0,0,0,0,0,,0,0,0.0,0,0.8129,0,train
13152,8735,SURVILLE ENTERPRISES CORP,2024-12-08,137,1191.89,6.08,0.5101,5.96,1.02,0,0,0,0,0,0,,0,0,0.0017,0,0.5824,0,train
13154,9819,TREASURY WINE ESTATES,2024-12-08,11222,105099.38,483.46,0.46,525.56,0.92,0,0,0,0,0,0,,0,0,0.0,0,0.8384,0,train
13167,8920,TAKARA SAKE USA INC,2024-12-08,160,721.68,3.25,0.4503,3.61,0.9,0,0,0,0,0,0,,0,0,0.015,0,0.6843,0,train
13169,1189,BULLY BOY DISTILLERS,2024-12-08,125,2748.05,13.74,0.5,13.74,1.0,0,0,0,0,0,0,,0,0,0.0023,0,0.3251,0,train
13184,3089,SIDNEY FRANK IMPORTING CO,2024-12-08,3964,36492.54,178.81,0.49,182.49,0.98,0,0,0,0,0,0,,0,0,0.0,0,0.2888,0,test
13187,90010,VINEXTRA INC,2024-12-08,222,2410.56,12.05,0.4999,12.05,1.0,0,0,0,0,0,0,,0,0,0.0,0,0.4395,0,train
13189,60,ADAMBA IMPORTS INTL INC,2024-12-08,112,1822.24,8.38,0.4599,9.11,0.92,0,0,0,0,0,0,,0,0,0.0,0,0.7685,0,test
13192,9744,FREDERICK WILDMAN & SONS,2024-12-08,1339,14507.21,79.79,0.55,72.55,1.1,0,0,0,0,0,0,,0,0,0.0017,0,0.4974,0,train
13205,2561,EDRINGTON AMERICAS,2024-12-08,1509,41362.54,202.68,0.49,206.84,0.98,0,0,0,0,0,0,,0,0,0.0019,0,0.718,0,test
13207,17032,JEWELL TOWNE VINEYARDS,2024-12-08,160,1340.46,6.17,0.4603,6.7,0.92,0,0,0,0,0,0,,0,0,0.002,0,0.6282,0,train
13145,5992,MCCORMICK DISTILLING CO,2024-12-09,439,4887.29,22.97,0.47,24.44,0.94,0,0,0,0,0,0,,0,0,0.0022,0,0.3424,0,test
13156,287,APPOLO VINEYARDS LLC,2024-12-09,12,125.64,0.65,0.5174,0.63,1.03,0,0,0,0,0,0,,0,0,0.0024,0,0.6064,0,train
13158,11567,CAMPARI AMERICA,2024-12-09,10952,93326.23,475.96,0.51,466.69,1.02,0,0,0,0,0,0,,0,0,0.0,0,0.5768,0,train
13195,9260,TY KU LLC,2024-12-09,36,283.32,1.56,0.5506,1.42,1.1,0,0,0,0,0,0,,0,0,0.0086,0,0.6374,0,train
13197,1587,VINEYARD BRANDS INC,2024-12-09,2854,22753.15,125.14,0.55,113.78,1.1,0,0,0,0,0,0,,0,0,0.0063,0,0.6091,0,train
13202,2242,DELICATO VINEYARDS INC,2024-12-09,3839,32752.6,163.76,0.5,163.78,1.0,0,0,0,0,0,0,,0,0,0.0,0,0.3745,0,train
13204,2496,DUGGANS DISTILLED PRODUCTS,2024-12-09,161,2345.91,11.96,0.5098,11.73,1.02,0,0,0,0,0,0,,0,0,0.0,0,0.3558,0,train
13206,3924,HEAVEN HILL DISTILLERIES,2024-12-09,5807,43256.67,194.66,0.45,216.31,0.9,0,0,0,0,0,0,,0,0,0.0022,0,0.6271,0,train
13225,6359,OLE SMOKY DISTILLERY LLC,2024-12-09,5025,11999.0,56.4,0.47,60.0,0.94,0,0,1,0,0,0,Unit cost far from vendor norm,0,1,0.9861,1,0.9616,1,train
13233,90056,SWEET BABY VINEYARD,2024-12-09,250,2091.18,10.46,0.5002,10.46,1.0,0,0,0,0,0,0,,0,0,0.0,0,0.2468,0,train
13138,1650,Circa Wines,2024-12-10,192,2010.84,11.06,0.55,10.06,1.1,0,0,0,0,0,0,,0,0,0.0136,0,0.8997,0,test
13144,4425,MARTIGNETTI COMPANIES,2024-12-10,80037,815171.41,4157.37,0.51,4076.36,1.02,1,0,0,0,0,0,High-value invoice (>= $250K),1,1,1.0,1,0.9977,0,train
13147,10050,Russian Standard Vodka,2024-12-10,84,1272.0,6.74,0.5299,6.36,1.06,0,0,0,0,0,0,,0,0,0.002,0,0.2948,0,test
13162,8112,MOET HENNESSY USA INC,2024-12-10,11878,253288.09,1342.43,0.53,1266.6,1.06,1,0,0,0,0,0,High-value invoice (>= $250K),1,1,0.9267,1,0.8948,0,train
13170,1485,CASTLE BRANDS CORP.,2024-12-10,1795,25942.04,119.33,0.46,129.73,0.92,0,0,0,0,0,0,,0,0,0.0,0,0.4079,0,test
13171,2876,CENTEUR IMPORTS LLC,2024-12-10,12,109.44,0.58,0.53,0.55,1.06,0,0,0,0,0,0,,0,0,0.0069,0,0.5988,0,train
13175,1655,FABRIZIA SPIRITS LLC,2024-12-10,503,6224.12,30.5,0.49,31.12,0.98,0,0,0,0,0,0,,0,0,0.0022,0,0.5266,0,train
13178,4950,LATITUDE BEVERAGE COMPANY,2024-12-10,1174,7146.18,34.3,0.48,35.74,0.96,0,0,0,0,0,0,,0,0,0.002,0,0.2015,0,test
13183,8150,SEA HAGG DISTILLERY LLC,2024-12-10,652,7986.93,39.93,0.4999,39.94,1.0,0,0,0,0,0,0,,0,0,0.0,0,0.3421,0,train
13191,90011,FORTUNE WINE BROKERS LLC,2024-12-10,100,1027.74,5.14,0.5001,5.14,1.0,0,0,0,0,0,0,,0,0,0.0043,0,0.4703,0,train
13200,388,ATLANTIC IMPORTING COMPANY,2024-12-10,16,340.48,1.74,0.511,1.7,1.02,0,0,0,0,0,0,,0,0,0.0024,0,0.4158,0,train
13201,90046,CANDIA VINEYARDS,2024-12-10,84,1266.24,5.7,0.4502,6.33,0.9,0,0,0,0,0,0,,0,0,0.0,0,0.3561,0,train
13212,10754,PERFECTA WINES,2024-12-10,10182,110269.65,540.32,0.49,551.42,0.98,0,0,0,0,0,0,,0,0,0.0,0,0.8472,0,test
13216,28750,SMOKY QUARTZ DISTILLERY LLC,2024-12-10,92,2015.44,9.27,0.4599,10.08,0.92,0,0,0,0,0,0,,0,0,0.0,0,0.3043,0,train
13227,7245,PROXIMO SPIRITS INC.,2024-12-10,11279,126078.57,579.96,0.46,630.47,0.92,0,0,0,0,0,0,,0,0,0.0,0,0.4483,0,train
13230,99166,STARK BREWING COMPANY,2024-12-10,149,3191.58,15.96,0.5001,15.96,1.0,0,0,0,0,0,0,,0,0,0.0726,0,0.9222,0,train
13140,17031,FLAG HILL WINERY & VINEYARD,2024-12-11,609,7041.81,35.21,0.5,35.21,1.0,0,0,0,0,0,0,,0,0,0.0,0,0.2518,0,train
13153,173357,TAMWORTH DISTILLING,2024-12-11,36,690.36,3.18,0.4606,3.45,0.92,0,0,0,0,0,0,,0,0,0.0,0,0.435,0,train
13182,660,SAZERAC NORTH AMERICA INC.,2024-12-11,9240,65127.33,299.59,0.46,325.68,0.92,0,0,0,0,0,0,,0,0,0.0,0,0.4866,0,train
13198,9622,WEIN BAUER INC,2024-12-11,76,1188.9,5.47,0.4601,5.95,0.92,0,0,0,0,0,0,,0,0,0.0024,0,0.2856,0,train
13209,9552,M S WALKER INC,2024-12-11,46468,333609.94,1501.24,0.45,1668.26,0.9,1,0,0,0,0,0,High-value invoice (>= $250K),1,1,0.9992,1,0.921,0,train
13210,5455,MARSALLE COMPANY,2024-12-11,257,6369.11,33.12,0.52,31.85,1.04,0,0,0,0,0,0,,0,0,0.0,0,0.21,0,train
13213,9206,PHILLIPS PRODUCTS CO.,2024-12-11,878,14612.74,78.91,0.54,73.07,1.08,0,0,0,0,0,0,,0,0,0.0,0,0.5445,0,train
13228,7749,R.P.IMPORTS INC,2024-12-11,1,13.51,0.06,0.4441,0.07,0.89,0,0,1,0,0,0,Unit cost far from vendor norm,0,1,0.6277,1,0.9549,1,test
13234,1601,VRANKEN AMERICA,2024-12-11,1147,22409.16,112.05,0.5,112.06,1.0,0,0,0,0,0,0,,0,0,0.0516,0,0.9002,0,train
13139,1590,DIAGEO CHATEAU ESTATE WINES,2024-12-12,8207,59582.94,291.96,0.49,297.95,0.98,0,0,0,0,0,0,,0,0,0.0134,0,0.7824,0,train
13161,10000,MAJESTIC FINE WINES,2024-12-12,15585,129511.53,673.46,0.52,647.64,1.04,0,0,0,0,0,0,,0,0,0.0158,0,0.7593,0,train
13174,2450,DJINN SPIRITS LLC,2024-12-12,47,837.14,4.02,0.4802,4.19,0.96,0,0,0,0,0,0,,0,0,0.0022,0,0.2778,0,test
13177,12546,JIM BEAM BRANDS COMPANY,2024-12-12,55538,529167.68,2857.51,0.54,2646.17,1.08,1,0,0,0,0,0,High-value invoice (>= $250K),1,1,0.9961,1,0.9661,0,test
13180,7153,PINE STATE TRADING CO,2024-12-12,8297,62821.48,295.26,0.47,314.15,0.94,0,0,0,0,0,0,,0,0,0.0,0,0.6011,0,train
13181,7255,PSP WINES,2024-12-12,413,3095.51,15.79,0.5101,15.48,1.02,0,0,0,0,0,0,,0,0,0.0,0,0.0487,0,train
13208,8352,LUXCO INC,2024-12-12,5445,54825.49,301.54,0.55,274.16,1.1,0,0,0,0,0,0,,0,0,0.0046,0,0.5389,0,train
13215,7239,REMY COINTREAU USA INC,2024-12-12,3427,78518.35,376.89,0.48,392.64,0.96,0,0,0,0,0,0,,0,0,0.0,0,0.2917,0,train
13219,3664,WILLIAM GRANT & SONS INC,2024-12-12,5955,118197.86,543.71,0.46,591.06,0.92,0,0,0,0,0,0,,0,0,0.0022,0,0.8133,0,test
13235,9625,WESTERN SPIRITS BEVERAGE CO,2024-12-12,1839,9289.23,44.59,0.48,46.45,0.96,0,0,0,0,0,0,,0,0,0.0471,0,0.4449,0,train
13247,6215,MOONLIGHT MEADERY,2024-12-12,94,829.16,3.98,0.48,4.15,0.96,0,0,0,0,0,0,,0,0,0.0021,0,0.0985,0,test
13253,60,ADAMBA IMPORTS INTL INC,2024-12-12,139,2261.53,10.4,0.4599,11.31,0.92,0,0,0,0,0,0,,0,0,0.0,0,0.3881,0,train
13260,17031,FLAG HILL WINERY & VINEYARD,2024-12-12,404,5801.33,30.17,0.5201,29.01,1.04,0,0,0,0,0,0,,0,0,0.0,0,0.1577,0,test
13264,7240,"PREMIUM PORT WINES, INC.",2024-12-12,246,1859.1,8.74,0.4701,9.3,0.94,0,0,0,0,0,0,,0,0,0.0,0,0.1315,0,train
13265,7239,REMY COINTREAU USA INC,2024-12-12,2831,79410.55,389.11,0.49,397.1,0.98,0,0,0,0,0,0,,0,0,0.0111,0,0.6545,0,train
13275,1273,CALEDONIA SPIRITS INC,2024-12-12,106,3236.76,15.54,0.4801,16.19,0.96,0,0,0,0,0,0,,0,0,0.009,0,0.6848,0,train
13282,8112,MOET HENNESSY USA INC,2024-12-12,8872,172900.93,899.08,0.52,864.61,1.04,0,0,0,0,0,0,,0,0,0.0,0,0.8297,0,train
13286,90027,POVERTY LANE ORCHARDS,2024-12-12,106,833.84,4.17,0.5001,4.17,1.0,0,0,0,0,0,0,,0,0,0.0043,0,0.4752,0,train
13288,98450,Serralles Usa LLC,2024-12-12,196,2567.05,13.35,0.5201,12.84,1.04,0,0,0,0,0,0,,0,0,0.0,0,0.0752,0,test
13303,2000,SOUTHERN WINE & SPIRITS NE,2024-12-12,17,104.04,0.57,0.5479,0.52,1.1,0,0,0,0,0,0,,0,0,0.1018,0,0.9774,0,train
13306,11567,CAMPARI AMERICA,2024-12-12,11447,93092.84,512.01,0.55,465.52,1.1,0,0,0,0,0,0,,0,0,0.0019,0,0.7168,0,train
13324,9744,FREDERICK WILDMAN & SONS,2024-12-12,862,8644.48,42.36,0.49,43.23,0.98,0,0,0,0,0,0,,0,0,0.0,0,0.6722,0,train
13136,1003,BRONCO WINE COMPANY,2024-12-13,12,73.92,0.35,0.4735,0.37,0.95,0,0,0,0,0,0,,0,0,0.0023,0,0.8687,0,train
13142,4550,KLIN SPIRITS LLC,2024-12-13,126,1976.52,9.09,0.4599,9.88,0.92,0,0,0,0,0,0,,0,0,0.0045,0,0.6634,0,train
13186,28776,TALL SHIP DISTILLERY LLC,2024-12-13,18,382.38,2.1,0.5492,1.91,1.1,0,0,0,0,0,0,,0,0,0.0045,0,0.634,0,train
13193,5270,MANGO BOTTLING INC,2024-12-13,419,3041.91,16.73,0.55,15.21,1.1,0,0,0,0,0,0,,0,0,0.0,0,0.593,0,train
13194,6355,NICHE W & S,2024-12-13,144,2524.39,12.37,0.49,12.62,0.98,0,0,0,0,0,0,,0,0,0.0,0,0.4166,0,train
13199,9815,WINE GROUP INC,2024-12-13,22192,121407.45,607.04,0.5,607.11,1.0,0,0,0,0,0,0,,0,0,0.0237,0,0.753,0,train
13211,6213,MHW LTD,2024-12-13,4450,47184.87,245.36,0.52,235.95,1.04,0,0,0,0,0,0,,0,0,0.0,0,0.3307,0,train
13221,1273,CALEDONIA SPIRITS INC,2024-12-13,130,3940.15,20.88,0.5299,19.7,1.06,0,0,0,0,0,0,,0,0,0.0209,0,0.6626,0,train
13223,90032,LABELLE VYDS AND WINERY,2024-12-13,569,6034.94,31.38,0.52,30.18,1.04,0,0,0,0,0,0,,0,0,0.0349,0,0.7137,0,train
13255,90059,BLACK COVE BEVERAGES,2024-12-13,8,125.92,0.63,0.5003,0.63,1.0,0,0,0,0,0,0,,0,0,0.0137,0,0.9852,0,train
13258,3960,DIAGEO NORTH AMERICA INC,2024-12-13,116065,1049079.36,4720.86,0.45,5246.05,0.9,1,0,0,0,0,0,High-value invoice (>= $250K),1,1,0.9919,1,0.9724,0,train
13267,12331,STELLAR IMPORTING CO LLC,2024-12-13,166,1509.98,6.79,0.4497,7.55,0.9,0,0,0,0,0,0,,0,0,0.0025,0,0.6035,0,train
13296,2496,DUGGANS DISTILLED PRODUCTS,2024-12-13,149,2150.26,10.97,0.5102,10.75,1.02,0,0,0,0,0,0,,0,0,0.0,0,0.4315,0,train
13309,17032,JEWELL TOWNE VINEYARDS,2024-12-13,72,634.08,3.42,0.5394,3.17,1.08,0,0,0,0,0,0,,0,0,0.0064,0,0.8198,0,test
13318,173357,TAMWORTH DISTILLING,2024-12-13,11,273.44,1.39,0.5083,1.37,1.02,0,0,0,0,0,0,,0,0,0.0287,0,0.9167,0,train
13250,9165,ULTRA BEVERAGE COMPANY LLP,2024-12-14,15915,201858.24,948.73,0.47,1009.42,0.94,0,0,0,0,0,0,,0,0,0.0,0,0.8759,0,test
13269,9819,TREASURY WINE ESTATES,2024-12-14,7840,48997.5,259.69,0.53,245.02,1.06,0,0,0,0,0,0,,0,0,0.0024,0,0.687,0,test
13276,90046,CANDIA VINEYARDS,2024-12-14,36,469.44,2.16,0.4601,2.35,0.92,0,0,0,0,0,0,,0,0,0.0,0,0.4712,0,train
13279,4950,LATITUDE BEVERAGE COMPANY,2024-12-14,2153,12942.39,62.12,0.48,64.72,0.96,0,0,0,0,0,0,,0,0,0.0,0,0.4938,0,test
13280,5270,MANGO BOTTLING INC,2024-12-14,726,5252.88,23.64,0.45,26.27,0.9,0,0,0,0,0,0,,0,0,0.0,0,0.3062,0,train
13292,90024,VINILANDIA USA,2024-12-14,897,7677.14,39.92,0.52,38.39,1.04,0,0,0,0,0,0,,0,0,0.0,0,0.4678,0,train
13297,12546,JIM BEAM BRANDS COMPANY,2024-12-14,54178,473139.86,2365.7,0.5,2365.99,1.0,1,0,0,0,0,0,High-value invoice (>= $250K),1,1,0.9996,1,0.9598,0,train
13302,8150,SEA HAGG DISTILLERY LLC,2024-12-14,253,3161.99,14.55,0.4602,15.81,0.92,0,0,0,0,0,0,,0,0,0.0,0,0.2946,0,test
13304,90056,SWEET BABY VINEYARD,2024-12-14,169,1429.11,7.57,0.5297,7.15,1.06,0,0,0,0,0,0,,0,0,0.0,0,0.1896,0,train
13312,6355,NICHE W & S,2024-12-14,98,1819.27,9.64,0.5299,9.1,1.06,0,0,0,0,0,0,,0,0,0.0,0,0.626,0,test
13314,7154,PREMIER DISTRIBUTORS,2024-12-14,140,1764.1,8.82,0.5,8.82,1.0,0,0,0,0,0,0,,0,0,0.0024,0,0.7487,0,test
13328,7245,PROXIMO SPIRITS INC.,2024-12-14,10361,106584.08,522.26,0.49,532.99,0.98,0,0,0,0,0,0,,0,0,0.0,0,0.6962,0,train
13335,1601,VRANKEN AMERICA,2024-12-14,95,1828.88,10.06,0.5501,9.15,1.1,0,0,0,0,0,0,,0,0,0.0,0,0.7402,0,train
13238,480,BACARDI USA INC,2024-12-15,26278,290684.67,1308.08,0.45,1453.6,0.9,1,0,0,0,0,0,High-value invoice (>= $250K),1,1,0.994,1,0.8279,0,train
13240,1485,CASTLE BRANDS CORP.,2024-12-15,1645,26804.25,136.7,0.51,134.04,1.02,0,0,0,0,0,0,,0,0,0.0,0,0.6845,0,train
13242,2242,DELICATO VINEYARDS INC,2024-12-15,3724,31390.37,150.67,0.48,156.97,0.96,0,0,0,0,0,0,,0,0,0.0,0,0.3669,0,train
13251,9622,WEIN BAUER INC,2024-12-15,72,1141.6,5.37,0.4704,5.71,0.94,0,0,0,0,0,0,,0,0,0.0,0,0.4885,0,train
13259,2561,EDRINGTON AMERICAS,2024-12-15,1303,34986.69,174.93,0.5,174.96,1.0,0,0,0,0,0,0,,0,0,0.0063,0,0.5838,0,test
13262,10000,MAJESTIC FINE WINES,2024-12-15,9362,73835.16,376.56,0.51,369.22,1.02,0,0,0,0,0,0,,0,0,0.0,0,0.5069,0,train
13272,3664,WILLIAM GRANT & SONS INC,2024-12-15,5552,107545.97,516.22,0.48,537.8,0.96,0,0,0,0,0,0,,0,0,0.0023,0,0.7157,0,train
13310,90032,LABELLE VYDS AND WINERY,2024-12-15,130,1404.36,6.74,0.4799,7.02,0.96,0,0,0,0,0,0,,0,0,0.0,0,0.3695,0,train
13319,9625,WESTERN SPIRITS BEVERAGE CO,2024-12-15,1810,7300.97,33.58,0.4599,36.51,0.92,0,0,1,0,0,0,Unit cost far from vendor norm,0,1,0.952,1,0.8614,1,test
13323,3252,E & J GALLO WINERY,2024-12-15,40378,251618.9,1232.93,0.49,1258.25,0.98,1,0,0,0,0,0,High-value invoice (>= $250K),1,1,0.9704,1,0.9461,0,train
13327,7153,PINE STATE TRADING CO,2024-12-15,6713,52709.69,284.63,0.54,263.58,1.08,0,0,0,0,0,0,,0,0,0.0,0,0.7855,0,test
13330,3089,SIDNEY FRANK IMPORTING CO,2024-12-15,3034,27820.83,127.98,0.46,139.12,0.92,0,0,0,0,0,0,,0,0,0.0,0,0.6417,0,test
13332,28776,TALL SHIP DISTILLERY LLC,2024-12-15,35,779.33,4.05,0.5197,3.9,1.04,0,0,0,0,0,0,,0,0,0.0066,0,0.7258,0,test
13333,8892,TRINCHERO FAMILY ESTATES,2024-12-15,6761,45487.9,213.79,0.47,227.47,0.94,0,0,0,0,0,0,,0,0,0.0,0,0.7433,0,test
13239,516,BANFI PRODUCTS CORP,2024-12-16,3446,24145.77,127.97,0.53,120.74,1.06,0,0,0,0,0,0,,0,0,0.0042,0,0.5288,0,train
13243,1655,FABRIZIA SPIRITS LLC,2024-12-16,277,3492.06,16.06,0.4599,17.46,0.92,0,0,0,0,0,0,,0,0,0.0046,0,0.3693,0,train
13252,90058,ZORVINO VINEYARDS,2024-12-16,199,1716.45,8.07,0.4702,8.58,0.94,0,0,0,0,0,0,,0,0,0.0,0,0.2984,0,train
13254,4466,AMERICAN VINTAGE BEVERAGE,2024-12-16,262,2530.36,11.39,0.4501,12.65,0.9,0,0,0,0,0,0,,0,0,0.0,0,0.4458,0,train
13268,8664,"STOLI GROUP,(USA) LLC",2024-12-16,5888,61895.25,328.04,0.53,309.51,1.06,0,0,0,0,0,0,,0,0,0.0,0,0.6482,0,train
13289,99166,STARK BREWING COMPANY,2024-12-16,12,257.04,1.21,0.4707,1.29,0.94,0,0,0,0,0,0,,0,0,0.0072,0,0.9746,0,test
13295,90047,CRUSH WINES,2024-12-16,318,2937.45,14.39,0.4899,14.69,0.98,0,0,0,0,0,0,,0,0,0.0047,0,0.6857,0,train
13301,660,SAZERAC NORTH AMERICA INC.,2024-12-16,10268,67141.67,308.85,0.46,335.75,0.92,0,0,0,0,0,0,,0,0,0.0022,0,0.6199,0,train
13320,9815,WINE GROUP INC,2024-12-16,18580,106340.09,552.97,0.52,531.77,1.04,0,0,0,0,0,0,,0,0,0.0088,0,0.6874,0,test
13322,2450,DJINN SPIRITS LLC,2024-12-16,24,385.2,1.73,0.4491,1.93,0.9,0,0,0,0,0,0,,0,0,0.0068,0,0.7458,0,train
13237,388,ATLANTIC IMPORTING COMPANY,2024-12-17,36,767.52,3.99,0.5199,3.84,1.04,0,0,0,0,0,0,,0,0,0.0,0,0.3965,0,train
13241,4380,CHARLES JACQUIN ET CIE INC,2024-12-17,635,6163.61,27.74,0.4501,30.82,0.9,0,0,0,0,0,0,,0,0,0.0022,0,0.3771,0,test
13244,90011,FORTUNE WINE BROKERS LLC,2024-12-17,81,671.49,3.36,0.5004,3.36,1.0,0,0,0,0,0,0,,0,0,0.0068,0,0.6334,0,train
13248,2000,SOUTHERN WINE & SPIRITS NE,2024-12-17,6879,74386.98,349.62,0.47,371.98,0.94,0,0,0,0,0,0,,0,0,0.0135,0,0.9148,0,train
13261,4848,LAIRD & CO,2024-12-17,218,1865.06,9.14,0.4901,9.33,0.98,0,0,0,0,0,0,,0,0,0.0,0,0.1786,0,train
13270,9260,TY KU LLC,2024-12-17,60,587.4,2.82,0.4801,2.94,0.96,0,0,0,0,0,0,,0,0,0.0,0,0.2634,0,test
13271,90010,VINEXTRA INC,2024-12-17,121,1421.4,6.96,0.4897,7.11,0.98,0,0,0,0,0,0,,0,0,0.0,0,0.5167,0,train
13273,1265,BLACK ROCK SPIRITS LLC,2024-12-17,6,84.3,0.44,0.5219,0.42,1.04,0,0,0,0,0,0,,0,0,0.0037,0,0.7059,0,train
13274,1003,BRONCO WINE COMPANY,2024-12-17,24,63.6,0.3,0.4717,0.32,0.94,0,0,1,0,0,0,Unit cost far from vendor norm,0,1,0.9036,1,0.893,1,train
13277,2555,DISARONNO INTERNATIONAL LLC,2024-12-17,2771,33454.4,153.89,0.46,167.29,0.92,0,0,0,0,0,0,,0,0,0.0,0,0.3309,0,train
13284,6830,PARK STREET IMPORTS LLC,2024-12-17,164,2641.01,12.94,0.49,13.21,0.98,0,0,0,0,0,0,,0,0,0.0,0,0.1524,0,train
13285,17035,PERNOD RICARD USA,2024-12-17,38082,487646.06,2243.17,0.46,2438.53,0.92,1,0,0,0,0,0,High-value invoice (>= $250K),1,1,0.9996,1,0.8171,0,train
13291,90017,THE IMPORTED GRAPE LLC,2024-12-17,60,363.72,1.93,0.5306,1.82,1.06,0,0,0,0,0,0,,0,0,0.0062,0,0.4326,0,train
13299,5992,MCCORMICK DISTILLING CO,2024-12-17,637,6805.29,31.98,0.4699,34.03,0.94,0,0,0,0,0,0,,0,0,0.0,0,0.1508,0,train
13305,8920,TAKARA SAKE USA INC,2024-12-17,224,1131.6,5.88,0.5196,5.66,1.04,0,0,0,0,0,0,,0,0,0.0081,0,0.3487,0,train
13278,4550,KLIN SPIRITS LLC,2024-12-18,128,1970.71,10.25,0.5201,9.85,1.04,0,0,0,0,0,0,,0,0,0.0,0,0.1124,0,train
13281,6213,MHW LTD,2024-12-18,3459,36570.06,164.57,0.45,182.87,0.9,0,0,0,0,0,0,,0,0,0.0,0,0.3722,0,test
13287,8004,SAZERAC CO INC,2024-12-18,34145,206046.28,1030.23,0.5,1030.36,1.0,0,0,0,0,0,0,,0,0,0.0064,0,0.7783,0,train
13300,10050,Russian Standard Vodka,2024-12-18,168,2451.36,11.28,0.4602,12.26,0.92,0,0,0,0,0,0,,0,0,0.0071,0,0.1414,0,train
13308,90053,INCREDIBREW INC,2024-12-18,48,422.64,1.99,0.4708,2.11,0.94,0,0,0,0,0,0,,0,0,0.0,0,0.2372,0,train
13321,1128,BROWN-FORMAN CORP,2024-12-18,23409,290810.28,1337.73,0.46,1454.23,0.92,1,0,0,0,0,0,High-value invoice (>= $250K),1,1,0.9728,1,0.8672,0,test
13325,4692,KOBRAND CORPORATION,2024-12-18,2846,37571.65,199.13,0.53,187.88,1.06,0,0,0,0,0,0,,0,0,0.0,0,0.3534,0,train
13334,1587,VINEYARD BRANDS INC,2024-12-18,2549,18559.2,94.65,0.51,92.81,1.02,0,0,0,0,0,0,,0,0,0.0,0,0.4952,0,test
13245,9552,M S WALKER INC,2024-12-19,27271,219723.81,1032.7,0.47,1098.76,0.94,0,0,0,0,0,0,,0,0,0.0045,0,0.9623,0,train
13256,1189,BULLY BOY DISTILLERS,2024-12-19,86,1894.1,8.71,0.4598,9.47,0.92,0,0,0,0,0,0,,0,0,0.0,0,0.2425,0,train
13257,1590,DIAGEO CHATEAU ESTATE WINES,2024-12-19,7498,56106.29,286.14,0.51,280.57,1.02,0,0,0,0,0,0,,0,0,0.0025,0,0.7297,0,train
13283,6359,OLE SMOKY DISTILLERY LLC,2024-12-19,4786,11468.75,53.9,0.47,57.35,0.94,0,0,1,0,0,0,Unit cost far from vendor norm,0,1,0.9872,1,0.866,1,train
13290,172662,SWEETWATER FARM,2024-12-19,24,511.04,2.66,0.5205,2.56,1.04,0,0,0,0,1,0,Payment terms unusual for vendor,0,1,0.1231,0,0.8656,1,test
13293,105,ALTAMAR BRANDS LLC,2024-12-19,6,214.26,1.09,0.5087,1.07,1.02,0,0,0,0,0,0,,0,0,0.0069,0,0.7815,0,train
13311,8352,LUXCO INC,2024-12-19,4994,36072.71,198.4,0.55,180.39,1.1,0,0,0,0,0,0,,0,0,0.0,0,0.1963,0,train
13315,17033,SEA BREEZE CELLARS LLC,2024-12-19,150,1730.37,8.82,0.5097,8.65,1.02,0,0,0,0,0,0,,0,0,0.0,0,0.0447,0,train
13326,9206,PHILLIPS PRODUCTS CO.,2024-12-19,666,8188.15,43.4,0.53,40.95,1.06,0,0,0,0,0,0,,0,0,0.0,0,0.0267,0,train
13331,8735,SURVILLE ENTERPRISES CORP,2024-12-19,122,775.36,3.95,0.5094,3.88,1.02,0,0,0,0,0,0,,0,0,0.002,0,0.1402,0,test
13343,5455,MARSALLE COMPANY,2024-12-19,163,4615.45,21.69,0.4699,23.08,0.94,0,0,0,0,0,0,,0,0,0.0,0,0.3098,0,train
13370,1003,BRONCO WINE COMPANY,2024-12-19,6,36.96,0.18,0.487,0.18,0.97,0,0,0,0,0,0,,0,0,0.0111,0,0.8409,0,train
13373,17037,Dunn Wine Brokers,2024-12-19,24,311.52,1.71,0.5489,1.56,1.1,0,0,0,0,0,0,,0,0,0.016,0,0.8611,0,test
13397,8112,MOET HENNESSY USA INC,2024-12-19,10146,237216.66,1114.92,0.47,1186.23,0.94,0,0,0,0,0,0,,0,0,0.0459,0,0.8232,0,test
13402,8004,SAZERAC CO INC,2024-12-19,35880,240222.42,1321.22,0.55,1201.26,1.1,0,0,0,0,0,0,,0,0,0.1947,0,0.9565,0,train
13408,172662,SWEETWATER FARM,2024-12-19,72,1636.2,7.69,0.47,8.18,0.94,0,0,0,0,0,0,,0,0,0.0022,0,0.5726,0,train
13412,9815,WINE GROUP INC,2024-12-19,17397,108764.87,587.33,0.54,543.89,1.08,0,0,0,0,0,0,,0,0,0.0,0,0.7745,0,train
13416,1273,CALEDONIA SPIRITS INC,2024-12-19,195,6316.01,32.21,0.51,31.58,1.02,0,0,0,0,0,0,,0,0,0.0045,0,0.617,0,train
13422,4550,KLIN SPIRITS LLC,2024-12-19,166,2580.06,12.9,0.5,12.9,1.0,0,0,0,0,0,0,,0,0,0.0044,0,0.6677,0,train
13428,9819,TREASURY WINE ESTATES,2024-12-19,9197,60242.58,283.14,0.47,301.25,0.94,0,0,0,0,0,0,,0,0,0.0046,0,0.7797,0,train
13431,3664,WILLIAM GRANT & SONS INC,2024-12-19,6181,108698.79,543.49,0.5,543.56,1.0,0,0,0,0,0,0,,0,0,0.0,0,0.8461,0,train
13436,3924,HEAVEN HILL DISTILLERIES,2024-12-19,6288,46124.03,239.84,0.52,230.65,1.04,0,0,0,0,0,0,,0,0,0.0048,0,0.7373,0,train
13440,7153,PINE STATE TRADING CO,2024-12-19,8354,67597.36,358.27,0.53,338.03,1.06,0,0,0,0,0,0,,0,0,0.0025,0,0.8454,0,train
13246,5455,MARSALLE COMPANY,2024-12-20,142,3776.74,20.39,0.5399,18.89,1.08,0,0,0,0,0,0,,0,0,0.1121,0,0.9517,0,train
13249,653,STATE WINE & SPIRITS,2024-12-20,2656,25429.03,139.86,0.55,127.16,1.1,0,0,0,0,0,0,,0,0,0.064,0,0.9603,0,train
13263,6785,PALM BAY INTERNATIONAL INC,2024-12-20,7987,56588.39,299.92,0.53,282.98,1.06,0,0,0,0,0,0,,0,0,0.0,0,0.6137,0,train
13266,8320,SHAW ROSS INT L IMP LTD,2024-12-20,1249,11473.1,52.78,0.46,57.37,0.92,0,0,0,0,0,0,,0,0,0.0023,0,0.3433,0,train
13294,1392,CONSTELLATION BRANDS INC,2024-12-20,44241,305149.12,1525.75,0.5,1525.93,1.0,1,0,0,0,0,0,High-value invoice (>= $250K),1,1,0.9945,1,0.8553,0,train
13298,4425,MARTIGNETTI COMPANIES,2024-12-20,51148,526973.93,2687.57,0.51,2635.2,1.02,1,0,0,0,0,0,High-value invoice (>= $250K),1,1,0.9999,1,0.9872,0,train
13307,3924,HEAVEN HILL DISTILLERIES,2024-12-20,5909,37898.63,189.49,0.5,189.52,1.0,0,0,0,0,0,0,,0,0,0.0,0,0.4579,0,train
13313,10754,PERFECTA WINES,2024-12-20,8677,111183.07,511.44,0.46,555.98,0.92,0,0,0,0,0,0,,0,0,0.0,0,0.9105,0,test
13316,28750,SMOKY QUARTZ DISTILLERY LLC,2024-12-20,58,1256.48,5.78,0.46,6.28,0.92,0,0,0,0,0,0,,0,0,0.0,0,0.2374,0,train
13317,8673,STE MICHELLE WINE ESTATES,2024-12-20,7122,54146.74,259.9,0.48,270.77,0.96,0,0,0,0,0,0,,0,0,0.0,0,0.4252,0,train
13329,7255,PSP WINES,2024-12-20,201,1273.07,5.73,0.4501,6.37,0.9,0,0,0,0,0,0,,0,0,0.0046,0,0.359,0,train
13339,2561,EDRINGTON AMERICAS,2024-12-20,1257,35769.85,182.43,0.51,178.87,1.02,0,0,0,0,0,0,,0,0,0.0165,0,0.6632,0,train
13344,7749,R.P.IMPORTS INC,2024-12-20,3,23.82,0.13,0.5458,0.12,1.09,0,0,1,0,0,0,Unit cost far from vendor norm,0,1,0.8538,1,0.9424,1,train
13349,105,ALTAMAR BRANDS LLC,2024-12-20,6,214.26,1.18,0.5507,1.07,1.1,0,0,0,0,0,0,,0,0,0.0264,0,0.8773,0,train
13382,653,STATE WINE & SPIRITS,2024-12-20,2306,23403.72,114.68,0.49,117.03,0.98,0,0,0,0,0,0,,0,0,0.0,0,0.2446,0,test
13389,90010,VINEXTRA INC,2024-12-20,186,2359.56,11.8,0.5001,11.8,1.0,0,0,0,0,0,0,,0,0,0.0,0,0.0743,0,train
13398,6785,PALM BAY INTERNATIONAL INC,2024-12-20,7165,53783.95,247.41,0.46,268.95,0.92,0,0,0,0,0,0,,0,0,0.0,0,0.6901,0,test
13399,6830,PARK STREET IMPORTS LLC,2024-12-20,201,3190.77,14.68,0.4601,15.96,0.92,0,0,0,0,0,0,,0,0,0.0574,0,0.6491,0,train
13405,3089,SIDNEY FRANK IMPORTING CO,2024-12-20,4913,36352.1,167.22,0.46,181.78,0.92,0,0,0,0,0,0,,0,0,0.0,0,0.3783,0,train
13433,1485,CASTLE BRANDS CORP.,2024-12-20,2208,31893.48,149.9,0.47,159.49,0.94,0,0,0,0,0,0,,0,0,0.0,0,0.7705,0,train
13437,17032,JEWELL TOWNE VINEYARDS,2024-12-20,48,412.08,2.27,0.5509,2.06,1.1,0,0,0,0,0,0,,0,0,0.0202,0,0.6868,0,test
13354,3960,DIAGEO NORTH AMERICA INC,2024-12-21,134333,1127733.09,5300.35,0.47,5639.37,0.94,1,0,0,0,0,0,High-value invoice (>= $250K),1,1,0.9995,1,0.9526,0,test
13356,9744,FREDERICK WILDMAN & SONS,2024-12-21,1194,13594.67,69.33,0.51,67.98,1.02,0,0,0,0,0,0,,0,0,0.0,0,0.1968,0,test
13357,90032,LABELLE VYDS AND WINERY,2024-12-21,300,3256.55,17.59,0.5401,16.28,1.08,0,0,0,0,0,0,,0,0,0.0,0,0.1561,0,train
13368,9622,WEIN BAUER INC,2024-12-21,30,572.4,2.63,0.4595,2.86,0.92,0,0,0,0,0,0,,0,0,0.0,0,0.4113,0,train
13372,2242,DELICATO VINEYARDS INC,2024-12-21,4309,36660.13,164.97,0.45,183.32,0.9,0,0,0,0,0,0,,0,0,0.0,0,0.317,0,train
13380,90027,POVERTY LANE ORCHARDS,2024-12-21,69,555.45,2.78,0.5005,2.78,1.0,0,0,0,0,0,0,,0,0,0.0022,0,0.4279,0,train
13414,90059,BLACK COVE BEVERAGES,2024-12-21,82,1290.68,5.94,0.4602,6.45,0.92,0,0,0,0,0,0,,0,0,0.1357,0,0.9271,0,train
13439,10754,PERFECTA WINES,2024-12-21,10094,113419.35,589.78,0.52,567.17,1.04,0,0,0,0,0,0,,0,0,0.0022,0,0.886,0,train
13338,90046,CANDIA VINEYARDS,2024-12-22,36,359.76,1.91,0.5309,1.8,1.06,0,0,0,0,0,0,,0,0,0.0115,0,0.6832,0,test
13340,4692,KOBRAND CORPORATION,2024-12-22,4808,60936.04,292.49,0.48,304.72,0.96,0,0,0,0,0,0,,0,0,0.0043,0,0.8079,0,train
13367,90056,SWEET BABY VINEYARD,2024-12-22,309,2596.28,13.24,0.51,12.98,1.02,0,0,0,0,0,0,,0,0,0.0,0,0.3404,0,train
13369,388,ATLANTIC IMPORTING COMPANY,2024-12-22,39,831.48,4.49,0.54,4.16,1.08,0,0,0,0,0,0,,0,0,0.0023,0,0.5336,0,train
13376,90053,INCREDIBREW INC,2024-12-22,60,527.52,2.9,0.5497,2.64,1.1,0,0,0,0,0,0,,0,0,0.0064,0,0.6298,0,test
13378,10000,MAJESTIC FINE WINES,2024-12-22,10389,81052.09,397.16,0.49,405.31,0.98,0,0,0,0,0,0,,0,0,0.0,0,0.4718,0,train
13381,28750,SMOKY QUARTZ DISTILLERY LLC,2024-12-22,121,2649.97,13.25,0.5,13.25,1.0,0,0,0,0,0,0,,0,0,0.0023,0,0.4563,0,test
13415,2396,BLACK PRINCE DISTILLERY INC,2024-12-22,12,52.08,0.28,0.5376,0.26,1.08,0,0,0,0,0,0,,0,0,0.0197,0,0.9248,0,train
13418,1590,DIAGEO CHATEAU ESTATE WINES,2024-12-22,5464,40506.13,198.48,0.49,202.56,0.98,0,0,0,0,0,0,,0,0,0.0,0,0.5775,0,train
13427,90017,THE IMPORTED GRAPE LLC,2024-12-22,24,173.16,0.88,0.5082,0.87,1.02,0,0,0,0,0,0,,0,0,0.002,0,0.772,0,train
13435,2496,DUGGANS DISTILLED PRODUCTS,2024-12-22,148,1975.29,9.48,0.4799,9.88,0.96,0,0,0,0,0,0,,0,0,0.0024,0,0.4512,0,train
13345,7239,REMY COINTREAU USA INC,2024-12-23,2684,61971.02,316.05,0.51,309.89,1.02,0,0,0,0,0,0,,0,0,0.0,0,0.7584,0,train
13348,60,ADAMBA IMPORTS INTL INC,2024-12-23,230,3727.61,16.77,0.4499,18.64,0.9,0,0,0,0,0,0,,0,0,0.0,0,0.324,0,train
13355,2555,DISARONNO INTERNATIONAL LLC,2024-12-23,4003,39530.93,181.84,0.46,197.68,0.92,0,0,0,0,0,0,,0,0,0.0045,0,0.6747,0,train
13360,6213,MHW LTD,2024-12-23,4671,55008.7,280.54,0.51,275.08,1.02,0,0,0,0,0,0,,0,0,0.0,0,0.5026,0,train
13390,90057,WALPOLE MTN VIEW WINERY,2024-12-23,35,379.89,1.98,0.5212,1.9,1.04,0,0,0,0,0,0,,0,0,0.0024,0,0.5937,0,train
13395,9552,M S WALKER INC,2024-12-23,30528,246201.54,1354.11,0.55,1231.16,1.1,0,0,0,0,0,0,,0,0,0.2198,0,0.945,0,train
13407,12331,STELLAR IMPORTING CO LLC,2024-12-23,48,469.32,2.21,0.4709,2.35,0.94,0,0,0,0,0,0,,0,0,0.0045,0,0.7514,0,train
13413,516,BANFI PRODUCTS CORP,2024-12-23,3867,31581.13,161.06,0.51,157.93,1.02,0,0,0,0,0,0,,0,0,0.0018,0,0.4748,0,train
13423,17035,PERNOD RICARD USA,2024-12-23,39670,581589.12,3024.26,0.52,2908.31,1.04,1,0,0,0,0,0,High-value invoice (>= $250K),1,1,0.9999,1,0.9064,0,test
13429,1601,VRANKEN AMERICA,2024-12-23,375,7221.99,37.55,0.5199,36.11,1.04,0,0,0,0,0,0,,0,0,0.0,0,0.645,0,train
13346,10050,Russian Standard Vodka,2024-12-24,2182,40036.48,216.2,0.54,200.21,1.08,0,0,0,0,0,0,,0,0,0.0479,0,0.978,0,train
13351,1265,BLACK ROCK SPIRITS LLC,2024-12-24,6,84.3,0.42,0.4982,0.42,1.0,0,0,0,0,0,0,,0,0,0.0043,0,0.7151,0,train
13364,8150,SEA HAGG DISTILLERY LLC,2024-12-24,671,8261.69,43.79,0.53,41.31,1.06,0,0,0,0,0,0,,0,0,0.0,0,0.5068,0,train
13374,90011,FORTUNE WINE BROKERS LLC,2024-12-24,73,731.93,3.59,0.4905,3.66,0.98,0,0,0,0,0,0,,0,0,0.0,0,0.2805,0,train
13377,8352,LUXCO INC,2024-12-24,6583,53638.0,262.83,0.49,268.22,0.98,0,0,0,0,0,0,,0,0,0.0022,0,0.2592,0,test
13379,6359,OLE SMOKY DISTILLERY LLC,2024-12-24,6016,14676.05,73.38,0.5,73.39,1.0,0,0,1,0,0,0,Unit cost far from vendor norm,0,1,0.9866,1,0.8661,1,train
13388,9260,TY KU LLC,2024-12-24,77,935.49,4.49,0.48,4.68,0.96,0,0,0,0,0,0,,0,0,0.0,0,0.4977,0,train
13393,3252,E & J GALLO WINERY,2024-12-24,40760,256432.37,1333.45,0.52,1282.32,1.04,1,0,0,0,0,0,High-value invoice (>= $250K),1,1,0.9841,1,0.8968,0,train
13396,4425,MARTIGNETTI COMPANIES,2024-12-24,60932,744027.42,4092.15,0.55,3720.6,1.1,1,0,0,0,0,0,High-value invoice (>= $250K),1,1,0.9972,1,0.9957,0,train
13400,9206,PHILLIPS PRODUCTS CO.,2024-12-24,611,6998.49,34.29,0.49,35.0,0.98,0,0,0,0,0,0,,0,0,0.0022,0,0.3325,0,train
13411,90024,VINILANDIA USA,2024-12-24,1169,11816.12,60.26,0.51,59.09,1.02,0,0,0,0,0,0,,0,0,0.0,0,0.4824,0,train
13420,90051,FULCHINO VINEYARD INC,2024-12-24,36,405.72,1.99,0.4905,2.03,0.98,0,0,0,0,0,0,,0,0,0.0,0,0.5558,0,train
13424,7154,PREMIER DISTRIBUTORS,2024-12-24,170,2170.24,9.98,0.4599,10.85,0.92,0,0,0,0,0,0,,0,0,0.0,0,0.1459,0,train
13434,2876,CENTEUR IMPORTS LLC,2024-12-24,6,52.68,0.27,0.5125,0.26,1.02,0,0,0,0,0,0,,0,0,0.0134,0,0.7664,0,train
13442,8920,TAKARA SAKE USA INC,2024-12-24,242,1066.79,5.33,0.4996,5.33,1.0,0,0,0,0,0,0,,0,0,0.0249,0,0.6468,0,train
13336,1128,BROWN-FORMAN CORP,2024-12-25,25341,303869.01,1458.57,0.48,1519.53,0.96,1,0,0,0,0,0,High-value invoice (>= $250K),1,1,0.9933,1,0.7254,0,train
13352,1650,Circa Wines,2024-12-25,36,463.56,2.32,0.5005,2.32,1.0,0,0,0,0,0,0,,0,0,0.0066,0,0.7698,0,train
13353,1392,CONSTELLATION BRANDS INC,2024-12-25,46898,328262.98,1674.14,0.51,1641.52,1.02,1,0,0,0,0,0,High-value invoice (>= $250K),1,1,0.9996,1,0.8524,0,train
13361,6215,MOONLIGHT MEADERY,2024-12-25,85,754.37,3.55,0.4706,3.77,0.94,0,0,0,0,0,0,,0,0,0.0,0,0.4285,0,train
13362,6355,NICHE W & S,2024-12-25,324,3483.87,18.46,0.5299,17.42,1.06,0,0,0,0,0,0,,0,0,0.0,0,0.5923,0,train
13386,28776,TALL SHIP DISTILLERY LLC,2024-12-25,156,3426.96,18.16,0.5299,17.14,1.06,0,0,0,0,0,0,,0,0,0.0024,0,0.7555,0,train
13401,7245,PROXIMO SPIRITS INC.,2024-12-25,12797,129453.21,582.54,0.45,647.35,0.9,0,0,0,0,0,0,,0,0,0.0,0,0.5566,0,test
13409,1587,VINEYARD BRANDS INC,2024-12-25,2647,21465.16,113.77,0.53,107.34,1.06,0,0,0,0,0,0,,0,0,0.0021,0,0.3606,0,train
13410,1587,VINEYARD BRANDS INC,2024-12-25,168,4198.32,23.09,0.55,20.99,1.1,0,0,1,0,0,0,Unit cost far from vendor norm,0,1,0.7955,1,0.8634,1,train
13426,99166,STARK BREWING COMPANY,2024-12-25,34,728.28,3.64,0.4998,3.64,1.0,0,0,0,0,0,0,,0,0,0.0022,0,0.9304,0,test
13443,8892,TRINCHERO FAMILY ESTATES,2024-12-25,7447,49281.22,256.26,0.52,246.44,1.04,0,0,0,0,0,0,,0,0,0.0024,0,0.5392,0,test
13444,90058,ZORVINO VINEYARDS,2024-12-25,185,1525.86,8.24,0.54,7.63,1.08,0,0,0,0,0,0,,0,0,0.0019,0,0.4175,0,test
13341,4950,LATITUDE BEVERAGE COMPANY,2024-12-26,1217,7594.36,39.49,0.52,37.98,1.04,0,0,0,0,0,0,,0,0,0.0022,0,0.3969,0,train
13342,5083,LOYAL DOG WINERY,2024-12-26,12,116.04,0.52,0.4481,0.58,0.9,0,0,0,0,0,0,,0,0,0.0107,0,0.9899,0,train
13347,9165,ULTRA BEVERAGE COMPANY LLP,2024-12-26,18148,255134.41,1250.16,0.49,1275.83,0.98,1,0,0,0,0,0,High-value invoice (>= $250K),1,1,0.9451,1,0.9599,0,train
13350,480,BACARDI USA INC,2024-12-26,30183,325820.26,1694.27,0.52,1629.3,1.04,1,0,0,0,0,0,High-value invoice (>= $250K),1,1,0.9971,1,0.8844,0,train
13359,5992,MCCORMICK DISTILLING CO,2024-12-26,913,10393.61,50.93,0.49,51.97,0.98,0,0,0,0,0,0,,0,0,0.0,0,0.3301,0,train
13363,7255,PSP WINES,2024-12-26,329,2489.64,12.7,0.5101,12.45,1.02,0,0,0,0,0,0,,0,0,0.0,0,0.2392,0,test
13366,8320,SHAW ROSS INT L IMP LTD,2024-12-26,1391,12603.43,65.54,0.52,63.02,1.04,0,0,0,0,0,0,,0,0,0.0,0,0.1624,0,train
13375,90052,HAUNTING WHISPER VYDS,2024-12-26,24,188.16,0.87,0.4624,0.94,0.92,0,0,0,0,0,0,,0,0,0.0112,0,0.7776,0,train
13384,8664,"STOLI GROUP,(USA) LLC",2024-12-26,7246,78752.29,393.76,0.5,393.81,1.0,0,0,0,0,0,0,,0,0,0.0045,0,0.3269,0,test
13391,4380,CHARLES JACQUIN ET CIE INC,2024-12-26,1419,11217.99,51.6,0.46,56.1,0.92,0,0,0,0,0,0,,0,0,0.0024,0,0.175,0,train
13404,17033,SEA BREEZE CELLARS LLC,2024-12-26,102,1290.84,6.97,0.54,6.46,1.08,0,0,0,0,0,0,,0,0,0.0018,0,0.1259,0,train
13406,2000,SOUTHERN WINE & SPIRITS NE,2024-12-26,6228,55616.11,294.77,0.53,278.12,1.06,0,0,0,0,0,0,,0,0,0.0,0,0.3868,0,train
13419,1655,FABRIZIA SPIRITS LLC,2024-12-26,897,11398.67,59.27,0.52,57.0,1.04,0,0,0,0,0,0,,0,0,0.0,0,0.346,0,train
13425,7240,"PREMIUM PORT WINES, INC.",2024-12-26,185,1336.21,6.41,0.4797,6.68,0.96,0,0,0,0,0,0,,0,0,0.0022,0,0.1654,0,train
13432,4466,AMERICAN VINTAGE BEVERAGE,2024-12-26,231,2263.43,11.32,0.5001,11.32,1.0,0,0,0,0,0,0,,0,0,0.0,0,0.0171,0,train
13445,200,AMERICAN SPIRITS EXCHANGE,2024-12-26,12,90.36,0.47,0.5201,0.45,1.04,0,0,0,0,0,0,,0,0,0.0043,0,0.9664,0,test
13447,11567,CAMPARI AMERICA,2024-12-26,10156,82955.85,423.07,0.51,414.83,1.02,0,0,0,0,0,0,,0,0,0.0024,0,0.7164,0,test
13454,6213,MHW LTD,2024-12-26,4957,47907.22,249.12,0.52,239.57,1.04,0,0,0,0,0,0,,0,0,0.0,0,0.1303,0,train
13470,2555,DISARONNO INTERNATIONAL LLC,2024-12-26,4160,34547.79,183.1,0.53,172.76,1.06,0,0,0,0,0,0,,0,0,0.0022,0,0.2625,0,train
13475,7154,PREMIER DISTRIBUTORS,2024-12-26,176,2171.37,9.77,0.4499,10.86,0.9,0,0,0,0,0,0,,0,0,0.0018,0,0.622,0,train
13492,8112,MOET HENNESSY USA INC,2024-12-26,11063,222243.79,1155.67,0.52,1111.36,1.04,0,0,0,0,0,0,,0,0,0.0511,0,0.9369,0,test
13505,90032,LABELLE VYDS AND WINERY,2024-12-26,439,4689.31,25.79,0.55,23.45,1.1,0,0,0,0,0,0,,0,0,0.0,0,0.5612,0,train
13513,90017,THE IMPORTED GRAPE LLC,2024-12-26,36,292.16,1.61,0.5511,1.46,1.1,0,0,0,0,0,0,,0,0,0.0068,0,0.9486,0,train
13524,5992,MCCORMICK DISTILLING CO,2024-12-26,1108,12850.25,59.11,0.46,64.26,0.92,0,0,0,0,0,0,,0,0,0.0,0,0.637,0,train
13535,388,ATLANTIC IMPORTING COMPANY,2024-12-26,30,639.6,3.26,0.5097,3.2,1.02,0,0,0,0,0,0,,0,0,0.0045,0,0.6949,0,test
13536,1189,BULLY BOY DISTILLERS,2024-12-26,112,2463.64,12.32,0.5001,12.32,1.0,0,0,0,0,0,0,,0,0,0.0129,0,0.7243,0,test
13337,11567,CAMPARI AMERICA,2024-12-27,9903,85496.49,470.23,0.55,427.54,1.1,0,0,0,0,0,0,,0,0,0.0024,0,0.7543,0,train
13358,5270,MANGO BOTTLING INC,2024-12-27,660,4726.59,23.16,0.49,23.64,0.98,0,0,0,0,0,0,,0,0,0.0229,0,0.6047,0,test
13365,98450,Serralles Usa LLC,2024-12-27,174,2345.74,12.9,0.5499,11.73,1.1,0,0,0,0,0,0,,0,0,0.0,0,0.4411,0,test
13371,1189,BULLY BOY DISTILLERS,2024-12-27,202,4424.22,23.45,0.53,22.12,1.06,0,0,0,0,0,0,,0,0,0.0063,0,0.7269,0,train
13383,8673,STE MICHELLE WINE ESTATES,2024-12-27,7510,63128.69,309.33,0.49,315.68,0.98,0,0,0,0,0,0,,0,0,0.0,0,0.6798,0,train
13385,8735,SURVILLE ENTERPRISES CORP,2024-12-27,247,1676.95,7.88,0.4699,8.39,0.94,0,0,0,0,0,0,,0,0,0.0091,0,0.7393,0,test
13387,173357,TAMWORTH DISTILLING,2024-12-27,51,1239.81,5.95,0.4799,6.2,0.96,0,0,0,0,0,0,,0,0,0.0022,0,0.521,0,train
13392,2450,DJINN SPIRITS LLC,2024-12-27,52,1031.2,5.57,0.5401,5.16,1.08,0,0,0,0,0,0,,0,0,0.0024,0,0.4146,0,train
13394,17031,FLAG HILL WINERY & VINEYARD,2024-12-27,584,9390.15,50.71,0.54,46.96,1.08,0,0,0,0,0,0,,0,0,0.0,0,0.3974,0,train
13403,660,SAZERAC NORTH AMERICA INC.,2024-12-27,11999,81138.42,438.15,0.54,405.74,1.08,0,0,0,0,0,0,,0,0,0.0,0,0.6233,0,test
13417,90047,CRUSH WINES,2024-12-27,845,9782.91,53.81,0.55,48.92,1.1,0,0,0,0,0,0,,0,0,0.0,0,0.3646,0,train
13421,12546,JIM BEAM BRANDS COMPANY,2024-12-27,57118,472589.43,2410.21,0.51,2363.24,1.02,1,0,0,0,0,0,High-value invoice (>= $250K),1,1,1.0,1,0.8196,0,train
13430,9625,WESTERN SPIRITS BEVERAGE CO,2024-12-27,1441,7975.93,39.88,0.5,39.88,1.0,0,0,0,0,0,0,,0,0,0.0064,0,0.4384,0,train
13438,4848,LAIRD & CO,2024-12-27,346,3450.57,17.94,0.5199,17.25,1.04,0,0,0,0,0,0,,0,0,0.0,0,0.1662,0,train
13441,2000,SOUTHERN WINE & SPIRITS NE,2024-12-27,168,4089.12,20.85,0.5099,20.45,1.02,0,0,1,0,0,0,Unit cost far from vendor norm,0,1,0.454,1,0.971,1,test
13456,6785,PALM BAY INTERNATIONAL INC,2024-12-27,7045,52530.0,252.14,0.48,262.68,0.96,0,0,0,0,0,0,,0,0,0.0044,0,0.6105,0,train
13457,7153,PINE STATE TRADING CO,2024-12-27,7959,57134.23,302.81,0.53,285.71,1.06,0,0,0,0,0,0,,0,0,0.0045,0,0.8575,0,test
13462,90057,WALPOLE MTN VIEW WINERY,2024-12-27,24,283.2,1.47,0.5191,1.42,1.04,0,0,0,0,0,0,,0,0,0.0,0,0.3227,0,train
13487,2561,EDRINGTON AMERICAS,2024-12-27,1714,54027.38,286.35,0.53,270.17,1.06,0,0,0,0,0,0,,0,0,0.0088,0,0.692,0,train
13493,9206,PHILLIPS PRODUCTS CO.,2024-12-27,587,7552.4,39.27,0.52,37.77,1.04,0,0,0,0,0,0,,0,0,0.0,0,0.2176,0,test
13499,516,BANFI PRODUCTS CORP,2024-12-27,3387,25651.3,128.26,0.5,128.27,1.0,0,0,0,0,0,0,,0,0,0.0,0,0.5106,0,train
13508,8320,SHAW ROSS INT L IMP LTD,2024-12-27,1441,13501.92,63.46,0.47,67.52,0.94,0,0,0,0,0,0,,0,0,0.0,0,0.1521,0,train
13527,17035,PERNOD RICARD USA,2024-12-27,43300,593991.02,2969.96,0.5,2970.32,1.0,1,0,0,0,0,0,High-value invoice (>= $250K),1,1,1.0,1,0.9067,0,train
13528,10050,Russian Standard Vodka,2024-12-27,271,4077.44,22.43,0.5501,20.39,1.1,0,0,0,0,0,0,,0,0,0.0,0,0.6027,0,train
13545,90027,POVERTY LANE ORCHARDS,2024-12-27,80,644.0,3.09,0.4798,3.22,0.96,0,0,0,0,0,0,,0,0,0.0043,0,0.652,0,train
13547,653,STATE WINE & SPIRITS,2024-12-27,2267,21832.62,120.08,0.55,109.18,1.1,0,0,0,0,0,0,,0,0,0.0,0,0.799,0,test
13550,9260,TY KU LLC,2024-12-27,114,1635.9,7.53,0.4603,8.18,0.92,0,0,0,0,0,0,,0,0,0.0403,0,0.9176,0,train
13448,1590,DIAGEO CHATEAU ESTATE WINES,2024-12-28,5519,39645.44,218.05,0.55,198.25,1.1,0,0,0,0,0,0,,0,0,0.0,0,0.7092,0,test
13478,8150,SEA HAGG DISTILLERY LLC,2024-12-28,863,10673.66,55.5,0.52,53.37,1.04,0,0,0,0,0,0,,0,0,0.0,0,0.39,0,train
13481,1601,VRANKEN AMERICA,2024-12-28,336,6226.56,28.02,0.45,31.14,0.9,0,0,0,0,0,0,,0,0,0.0,0,0.7233,0,train
13504,3924,HEAVEN HILL DISTILLERIES,2024-12-28,6166,45841.48,224.62,0.49,229.24,0.98,0,0,0,0,0,0,,0,0,0.0,0,0.5019,0,train
13509,12331,STELLAR IMPORTING CO LLC,2024-12-28,77,645.12,2.97,0.4604,3.23,0.92,0,0,0,0,0,0,,0,0,0.0065,0,0.8102,0,train
13518,1392,CONSTELLATION BRANDS INC,2024-12-28,50732,345663.73,1832.02,0.53,1728.53,1.06,1,0,0,0,0,0,High-value invoice (>= $250K),1,1,0.9994,1,0.9121,0,train
13522,4692,KOBRAND CORPORATION,2024-12-28,4342,54131.48,265.24,0.49,270.69,0.98,0,0,0,0,0,0,,0,0,0.002,0,0.7754,0,train
13525,6830,PARK STREET IMPORTS LLC,2024-12-28,354,5643.81,31.04,0.55,28.22,1.1,0,0,0,0,0,0,,0,0,0.0,0,0.726,0,test
13530,98450,Serralles Usa LLC,2024-12-28,170,2328.94,12.11,0.52,11.65,1.04,0,0,0,0,0,0,,0,0,0.0,0,0.2147,0,test
13450,90051,FULCHINO VINEYARD INC,2024-12-29,19,260.11,1.43,0.5498,1.3,1.1,0,0,0,0,0,0,,0,0,0.0,0,0.8118,0,train
13461,8892,TRINCHERO FAMILY ESTATES,2024-12-29,6662,41744.16,187.85,0.45,208.75,0.9,0,0,0,0,0,0,,0,0,0.0,0,0.6985,0,train
13467,1273,CALEDONIA SPIRITS INC,2024-12-29,320,10237.85,46.07,0.45,51.2,0.9,0,0,0,0,0,0,,0,0,0.0227,0,0.8571,0,test
13489,12546,JIM BEAM BRANDS COMPANY,2024-12-29,62547,564285.07,2652.14,0.47,2821.78,0.94,1,0,0,0,0,0,High-value invoice (>= $250K),1,1,1.0,1,0.8824,0,train
13490,10000,MAJESTIC FINE WINES,2024-12-29,8884,70859.8,354.3,0.5,354.34,1.0,0,0,0,0,0,0,,0,0,0.0,0,0.5333,0,train
13491,5270,MANGO BOTTLING INC,2024-12-29,1011,7405.78,34.07,0.46,37.03,0.92,0,0,0,0,0,0,,0,0,0.0022,0,0.5622,0,train
13494,3089,SIDNEY FRANK IMPORTING CO,2024-12-29,4957,39892.16,195.47,0.49,199.49,0.98,0,0,0,0,0,0,,0,0,0.0,0,0.4927,0,test
13495,8920,TAKARA SAKE USA INC,2024-12-29,180,955.08,5.06,0.5298,4.78,1.06,0,0,0,0,0,0,,0,0,0.0,0,0.5481,0,train
13506,4425,MARTIGNETTI COMPANIES,2024-12-29,56235,615408.5,3384.75,0.55,3077.42,1.1,1,0,0,0,0,0,High-value invoice (>= $250K),1,1,0.9996,1,0.9978,0,train
13517,9815,WINE GROUP INC,2024-12-29,17214,103738.42,539.44,0.52,518.76,1.04,0,0,0,0,0,0,,0,0,0.0,0,0.6765,0,train
13534,1587,VINEYARD BRANDS INC,2024-12-29,3007,23113.86,110.95,0.48,115.58,0.96,0,0,0,0,0,0,,0,0,0.002,0,0.6161,0,train
13539,2496,DUGGANS DISTILLED PRODUCTS,2024-12-29,241,3605.95,17.31,0.48,18.03,0.96,0,0,0,0,0,0,,0,0,0.0024,0,0.7112,0,train
13540,3252,E & J GALLO WINERY,2024-12-29,41611,264812.69,1271.1,0.48,1324.23,0.96,1,0,0,0,0,0,High-value invoice (>= $250K),1,1,0.9946,1,0.9473,0,train
13542,4550,KLIN SPIRITS LLC,2024-12-29,188,2971.08,15.75,0.5301,14.86,1.06,0,0,0,0,0,0,,0,0,0.0043,0,0.7207,0,train
13546,17033,SEA BREEZE CELLARS LLC,2024-12-29,150,1626.48,7.97,0.49,8.13,0.98,0,0,0,0,0,0,,0,0,0.0,0,0.6107,0,train
13458,7245,PROXIMO SPIRITS INC.,2024-12-30,13680,137799.41,633.88,0.46,689.08,0.92,0,0,0,0,0,0,,0,0,0.0047,0,0.6944,0,test
13460,2000,SOUTHERN WINE & SPIRITS NE,2024-12-30,7106,66506.73,339.18,0.51,332.57,1.02,0,0,0,0,0,0,,0,0,0.0,0,0.6208,0,train
13472,17032,JEWELL TOWNE VINEYARDS,2024-12-30,118,1015.06,5.28,0.5202,5.08,1.04,0,0,0,0,0,0,,0,0,0.0,0,0.4517,0,train
13474,6359,OLE SMOKY DISTILLERY LLC,2024-12-30,6140,15782.66,80.49,0.51,78.92,1.02,0,0,1,0,0,0,Unit cost far from vendor norm,0,1,0.9845,1,0.9648,1,train
13477,8004,SAZERAC CO INC,2024-12-30,36745,258401.02,1162.8,0.45,1292.17,0.9,1,0,0,0,0,0,High-value invoice (>= $250K),1,1,0.8613,1,0.7895,0,train
13480,28776,TALL SHIP DISTILLERY LLC,2024-12-30,58,1241.7,5.96,0.48,6.21,0.96,0,0,0,0,0,0,,0,0,0.0022,0,0.646,0,train
13483,4466,AMERICAN VINTAGE BEVERAGE,2024-12-30,221,2178.27,11.33,0.5201,10.89,1.04,0,0,0,0,0,0,,0,0,0.0,0,0.3581,0,train
13484,90059,BLACK COVE BEVERAGES,2024-12-30,101,1589.74,8.58,0.5397,7.95,1.08,0,0,0,0,0,0,,0,0,0.0644,0,0.9388,0,test
13516,9625,WESTERN SPIRITS BEVERAGE CO,2024-12-30,2009,11580.36,55.59,0.48,57.91,0.96,0,0,0,0,0,0,,0,0,0.0113,0,0.6358,0,test
13544,6355,NICHE W & S,2024-12-30,201,2993.96,15.27,0.51,14.97,1.02,0,0,0,0,0,0,,0,0,0.0023,0,0.519,0,train
13551,90010,VINEXTRA INC,2024-12-30,223,2207.29,11.26,0.5101,11.04,1.02,0,0,0,0,0,0,,0,0,0.0,0,0.4546,0,train
13449,2450,DJINN SPIRITS LLC,2024-12-31,95,1707.62,9.22,0.5399,8.54,1.08,0,0,0,0,0,0,,0,0,0.0,0,0.5403,0,train
13452,4848,LAIRD & CO,2024-12-31,493,5179.45,25.9,0.5001,25.9,1.0,0,0,0,0,0,0,,0,0,0.0,0,0.5059,0,train
13466,1128,BROWN-FORMAN CORP,2024-12-31,25337,301771.97,1478.68,0.49,1509.05,0.98,1,0,0,0,0,0,High-value invoice (>= $250K),1,1,0.9952,1,0.678,0,train
13469,1650,Circa Wines,2024-12-31,36,758.04,3.79,0.5,3.79,1.0,0,0,0,0,0,0,,0,0,0.0837,0,0.8717,0,train
13471,90053,INCREDIBREW INC,2024-12-31,120,1064.64,4.79,0.4499,5.32,0.9,0,0,0,0,0,0,,0,0,0.002,0,0.4025,0,train
13476,7240,"PREMIUM PORT WINES, INC.",2024-12-31,275,2034.97,10.38,0.5101,10.18,1.02,0,0,0,0,0,0,,0,0,0.0,0,0.3018,0,test
13479,28750,SMOKY QUARTZ DISTILLERY LLC,2024-12-31,149,3262.12,15.33,0.4699,16.31,0.94,0,0,0,0,0,0,,0,0,0.0019,0,0.6534,0,train
13482,3664,WILLIAM GRANT & SONS INC,2024-12-31,7456,183170.12,1007.44,0.55,915.96,1.1,0,0,0,0,0,0,,0,0,0.0106,0,0.8743,0,train
13486,90047,CRUSH WINES,2024-12-31,507,4489.63,22.0,0.49,22.45,0.98,0,0,0,0,0,0,,0,0,0.0,0,0.2291,0,train
13501,3960,DIAGEO NORTH AMERICA INC,2024-12-31,124996,1104187.97,4968.85,0.45,5521.63,0.9,1,0,0,0,0,0,High-value invoice (>= $250K),1,1,1.0,1,0.9332,0,train
13510,8664,"STOLI GROUP,(USA) LLC",2024-12-31,7467,83415.13,450.44,0.54,417.13,1.08,0,0,0,0,0,0,,0,0,0.0,0,0.4802,0,train
13511,8735,SURVILLE ENTERPRISES CORP,2024-12-31,158,1079.82,5.51,0.5103,5.4,1.02,0,0,0,0,0,0,,0,0,0.0,0,0.25,0,test
13512,90056,SWEET BABY VINEYARD,2024-12-31,260,2158.25,9.93,0.4601,10.79,0.92,0,0,0,0,0,0,,0,0,0.0,0,0.2576,0,train
13526,10754,PERFECTA WINES,2024-12-31,8616,92721.16,435.79,0.47,463.66,0.94,0,0,0,0,0,0,,0,0,0.0,0,0.8169,0,train
13531,99166,STARK BREWING COMPANY,2024-12-31,71,1520.82,7.0,0.4603,7.61,0.92,0,0,0,0,0,0,,0,0,0.0767,0,0.9253,0,train
13541,9744,FREDERICK WILDMAN & SONS,2024-12-31,1314,14242.34,65.51,0.46,71.22,0.92,0,0,0,0,0,0,,0,0,0.0024,0,0.2724,0,train
13543,4950,LATITUDE BEVERAGE COMPANY,2024-12-31,1066,6334.13,30.4,0.4799,31.67,0.96,0,0,0,0,0,0,,0,0,0.002,0,0.4382,0,train
13548,8673,STE MICHELLE WINE ESTATES,2024-12-31,7384,59398.82,326.69,0.55,297.03,1.1,0,0,0,0,0,0,,0,0,0.0,0,0.4059,0,train
13549,9819,TREASURY WINE ESTATES,2024-12-31,8851,76311.09,396.82,0.52,381.6,1.04,0,0,0,0,0,0,,0,0,0.0,0,0.7209,0,test
13453,5455,MARSALLE COMPANY,2025-01-01,157,4250.83,22.53,0.53,21.26,1.06,0,0,0,0,0,0,,0,0,0.0085,0,0.4093,0,train
13468,90046,CANDIA VINEYARDS,2025-01-01,46,767.94,3.84,0.5,3.84,1.0,0,0,0,0,0,0,,0,0,0.0107,0,0.3644,0,train
13473,8352,LUXCO INC,2025-01-01,5656,52546.09,246.97,0.47,262.76,0.94,0,0,0,0,0,0,,0,0,0.0046,0,0.3976,0,train
13488,1655,FABRIZIA SPIRITS LLC,2025-01-01,573,7233.59,36.17,0.5,36.17,1.0,0,0,0,0,0,0,,0,0,0.0047,0,0.092,0,train
13497,9622,WEIN BAUER INC,2025-01-01,54,943.26,4.81,0.5099,4.72,1.02,0,0,0,0,0,0,,0,0,0.004,0,0.223,0,train
13503,3551,GILMANTON WINERY & VINEYARD,2025-01-01,12,124.56,0.69,0.5539,0.62,1.11,0,0,0,0,0,0,,0,0,0.0455,0,0.9702,0,train
13515,90024,VINILANDIA USA,2025-01-01,1203,11619.06,61.58,0.53,58.1,1.06,0,0,0,0,0,0,,0,0,0.0146,0,0.1499,0,test
13519,2242,DELICATO VINEYARDS INC,2025-01-01,4213,36344.7,167.19,0.46,181.75,0.92,0,0,0,0,0,0,,0,0,0.0047,0,0.2132,0,train
13451,3951,HIGHLAND WINE MERCHANTS LLC,2025-01-02,240,3955.44,21.75,0.5499,19.78,1.1,0,0,0,0,0,0,,0,0,0.066,0,0.9168,0,train
13455,6215,MOONLIGHT MEADERY,2025-01-02,198,1794.29,9.87,0.5501,8.97,1.1,0,0,0,0,0,0,,0,0,0.009,0,0.4566,0,train
13465,287,APPOLO VINEYARDS LLC,2025-01-02,12,124.8,0.6,0.4808,0.62,0.96,0,0,0,0,0,0,,0,0,0.0046,0,0.5189,0,train
13498,60,ADAMBA IMPORTS INTL INC,2025-01-02,82,1334.14,6.0,0.4497,6.67,0.9,0,0,0,0,0,0,,0,0,0.0287,0,0.1461,0,train
13500,1003,BRONCO WINE COMPANY,2025-01-02,11,42.98,0.2,0.4653,0.21,0.93,0,0,0,0,0,0,,0,0,0.0484,0,0.8517,0,train
13514,6280,UNCORKED,2025-01-02,5,43.3,0.23,0.5312,0.22,1.06,0,0,0,0,0,0,,0,0,0.0198,0,0.9866,0,train
13523,9552,M S WALKER INC,2025-01-02,31536,272715.19,1472.66,0.54,1363.75,1.08,1,0,0,0,0,0,High-value invoice (>= $250K),1,1,0.9919,1,0.8937,0,train
13533,173357,TAMWORTH DISTILLING,2025-01-02,74,1589.53,8.58,0.5398,7.95,1.08,0,0,0,0,0,0,,0,0,0.0243,0,0.2791,0,train
13537,1485,CASTLE BRANDS CORP.,2025-01-02,2741,45591.9,237.08,0.52,227.99,1.04,0,0,0,0,0,0,,0,0,0.0067,0,0.1575,0,test
13538,2876,CENTEUR IMPORTS LLC,2025-01-02,6,47.94,0.23,0.4798,0.24,0.96,0,0,0,0,0,0,,0,0,0.0178,0,0.7095,0,train
13564,6785,PALM BAY INTERNATIONAL INC,2025-01-02,7908,59747.3,280.81,0.47,298.77,0.94,0,0,0,0,0,0,,0,0,0.0022,0,0.1692,0,train
13592,388,ATLANTIC IMPORTING COMPANY,2025-01-02,53,1129.96,6.21,0.5496,5.65,1.1,0,0,0,0,0,0,,0,0,0.0251,0,0.4736,0,train
13601,90037,THE PIERPONT GROUP LLC,2025-01-02,10,68.0,0.32,0.4706,0.34,0.94,0,0,0,0,0,0,,0,0,0.0155,0,0.7637,0,train
13609,17037,Dunn Wine Brokers,2025-01-02,12,183.96,0.85,0.4621,0.92,0.92,0,0,0,0,0,0,,0,0,0.0614,0,0.7489,0,test
13615,4692,KOBRAND CORPORATION,2025-01-02,4532,61291.11,306.46,0.5,306.49,1.0,0,0,0,0,0,0,,0,0,0.0089,0,0.7319,0,train
13632,90052,HAUNTING WHISPER VYDS,2025-01-02,24,193.32,0.95,0.4914,0.97,0.98,0,0,0,0,0,0,,0,0,0.0065,0,0.7337,0,train
13643,3664,WILLIAM GRANT & SONS INC,2025-01-02,9848,202815.78,932.95,0.46,1014.2,0.92,0,0,0,0,0,0,,0,0,0.0134,0,0.862,0,test
13652,6830,PARK STREET IMPORTS LLC,2025-01-02,253,3844.39,20.38,0.5301,19.22,1.06,0,0,0,0,0,0,,0,0,0.0023,0,0.7184,0,train
13446,480,BACARDI USA INC,2025-01-03,30898,317094.31,1553.76,0.49,1585.67,0.98,1,0,0,0,0,0,High-value invoice (>= $250K),1,1,0.9917,1,0.8719,0,train
13459,7239,REMY COINTREAU USA INC,2025-01-03,2597,51161.38,271.16,0.53,255.84,1.06,0,0,0,0,0,0,,0,0,0.0192,0,0.8537,0,train
13463,90058,ZORVINO VINEYARDS,2025-01-03,369,2914.63,13.99,0.48,14.57,0.96,0,0,0,0,0,0,,0,0,0.0111,0,0.6792,0,test
13464,105,ALTAMAR BRANDS LLC,2025-01-03,6,214.26,1.14,0.5321,1.07,1.06,0,0,0,0,0,0,,0,0,0.0574,0,0.8301,0,test
13485,4380,CHARLES JACQUIN ET CIE INC,2025-01-03,1063,8806.58,44.91,0.51,44.04,1.02,0,0,0,0,0,0,,0,0,0.0159,0,0.2863,0,train
13496,9165,ULTRA BEVERAGE COMPANY LLP,2025-01-03,20854,275414.91,1404.62,0.51,1377.25,1.02,1,0,0,0,0,0,High-value invoice (>= $250K),1,1,0.9631,1,0.996,0,test
13502,90011,FORTUNE WINE BROKERS LLC,2025-01-03,24,189.36,0.95,0.5017,0.95,1.0,0,0,0,0,0,0,,0,0,0.0453,0,0.6413,0,train
13507,7255,PSP WINES,2025-01-03,564,4408.42,22.04,0.5,22.04,1.0,0,0,0,0,0,0,,0,0,0.0,0,0.2271,0,train
13520,17037,Dunn Wine Brokers,2025-01-03,94,1470.44,7.35,0.4999,7.35,1.0,0,0,0,0,0,0,,0,0,0.0022,0,0.3496,0,train
13521,17031,FLAG HILL WINERY & VINEYARD,2025-01-03,698,9171.93,45.86,0.5,45.87,1.0,0,0,0,0,0,0,,0,0,0.0045,0,0.1768,0,test
13529,660,SAZERAC NORTH AMERICA INC.,2025-01-03,11593,80886.6,388.26,0.48,404.48,0.96,0,0,0,0,0,0,,0,0,0.0022,0,0.3615,0,test
13532,172662,SWEETWATER FARM,2025-01-03,5,97.0,0.46,0.4742,0.49,0.95,0,0,0,0,0,0,,0,0,0.1886,0,0.9397,0,train
13552,1587,VINEYARD BRANDS INC,2025-01-03,11,256.63,1.26,0.491,1.28,0.98,0,0,1,0,0,0,Unit cost far from vendor norm,0,1,0.806,1,0.9286,1,train
13558,90053,INCREDIBREW INC,2025-01-03,108,965.76,4.35,0.4504,4.83,0.9,0,0,0,0,0,0,,0,0,0.0205,0,0.2434,0,test
13563,5270,MANGO BOTTLING INC,2025-01-03,1179,8397.34,41.99,0.5,41.99,1.0,0,0,0,0,0,0,,0,0,0.0183,0,0.1212,0,train
13565,9206,PHILLIPS PRODUCTS CO.,2025-01-03,497,6253.58,33.77,0.54,31.27,1.08,0,0,0,0,0,0,,0,0,0.0022,0,0.0918,0,train
13573,1601,VRANKEN AMERICA,2025-01-03,430,7984.51,36.73,0.46,39.93,0.92,0,0,0,0,0,0,,0,0,0.0135,0,0.7799,0,train
13576,90059,BLACK COVE BEVERAGES,2025-01-03,82,1290.68,6.32,0.4897,6.45,0.98,0,0,0,0,0,1,Possible duplicate invoice,0,1,0.5851,1,0.8836,1,train
13577,1128,BROWN-FORMAN CORP,2025-01-03,33025,389511.96,2025.46,0.52,1947.8,1.04,1,0,0,0,0,0,High-value invoice (>= $250K),1,1,0.9943,1,0.82,0,train
13579,1485,CASTLE BRANDS CORP.,2025-01-03,3535,57414.08,304.29,0.53,287.11,1.06,0,0,0,0,0,0,,0,0,0.0133,0,0.4039,0,train
13584,4425,MARTIGNETTI COMPANIES,2025-01-03,92470,1010674.21,4952.3,0.49,5054.0,0.98,1,0,0,0,0,0,High-value invoice (>= $250K),1,1,0.9995,1,0.9962,0,train
13593,2876,CENTEUR IMPORTS LLC,2025-01-03,108,755.82,4.16,0.5504,3.78,1.1,0,0,0,0,0,0,,0,0,0.0755,0,0.9035,0,train
13597,17035,PERNOD RICARD USA,2025-01-03,48425,663584.35,3649.71,0.55,3318.33,1.1,1,0,0,0,0,0,High-value invoice (>= $250K),1,1,0.9993,1,0.9403,0,test
13602,9815,WINE GROUP INC,2025-01-03,24747,149007.56,819.54,0.55,745.13,1.1,0,0,0,0,0,0,,0,0,0.0228,0,0.6596,0,train
13619,7240,"PREMIUM PORT WINES, INC.",2025-01-03,289,2088.68,10.86,0.5199,10.44,1.04,0,0,0,0,0,0,,0,0,0.0023,0,0.3877,0,train
13624,8892,TRINCHERO FAMILY ESTATES,2025-01-03,12486,77135.56,370.25,0.48,385.73,0.96,0,0,0,0,0,0,,0,0,0.0178,0,0.6397,0,train
13625,1587,VINEYARD BRANDS INC,2025-01-03,3015,24370.78,109.67,0.45,121.87,0.9,0,0,0,0,0,0,,0,0,0.0072,0,0.3467,0,train
13630,1590,DIAGEO CHATEAU ESTATE WINES,2025-01-03,4524,33898.28,176.27,0.52,169.51,1.04,0,0,0,0,0,0,,0,0,0.0087,0,0.5535,0,test
13631,2450,DJINN SPIRITS LLC,2025-01-03,111,1996.86,10.38,0.5198,9.99,1.04,0,0,0,0,0,0,,0,0,0.007,0,0.58,0,test
13633,3951,HIGHLAND WINE MERCHANTS LLC,2025-01-03,24,261.12,1.28,0.4902,1.31,0.98,0,0,0,0,0,0,,0,0,0.0848,0,0.9697,0,train
13635,8112,MOET HENNESSY USA INC,2025-01-03,15003,316863.94,1457.57,0.46,1584.52,0.92,1,0,0,0,0,0,High-value invoice (>= $250K),1,1,0.9499,1,0.8894,0,train
13644,1273,CALEDONIA SPIRITS INC,2025-01-03,223,6823.18,33.43,0.4899,34.12,0.98,0,0,0,0,0,0,,0,0,0.0106,0,0.6377,0,train
13646,1392,CONSTELLATION BRANDS INC,2025-01-03,51177,386176.58,1737.79,0.45,1931.12,0.9,1,0,0,0,0,0,High-value invoice (>= $250K),1,1,0.9934,1,0.9443,0,train
13560,4950,LATITUDE BEVERAGE COMPANY,2025-01-04,1233,7581.77,39.43,0.5201,37.91,1.04,0,0,0,0,0,0,,0,0,0.0368,0,0.2555,0,test
13561,5083,LOYAL DOG WINERY,2025-01-04,24,232.08,1.28,0.5515,1.16,1.1,0,0,0,0,0,0,,0,0,0.0869,0,0.9542,0,train
13571,9819,TREASURY WINE ESTATES,2025-01-04,10116,74714.55,366.1,0.49,373.62,0.98,0,0,0,0,0,0,,0,0,0.0065,0,0.5243,0,test
13575,105,ALTAMAR BRANDS LLC,2025-01-04,18,568.02,2.61,0.4595,2.84,0.92,0,0,0,0,0,0,,0,0,0.0813,0,0.7507,0,train
13578,90046,CANDIA VINEYARDS,2025-01-04,180,2559.72,12.03,0.47,12.8,0.94,0,0,0,0,0,0,,0,0,0.013,0,0.7635,0,train
13581,17031,FLAG HILL WINERY & VINEYARD,2025-01-04,722,10058.14,50.29,0.5,50.3,1.0,0,0,0,0,0,0,,0,0,0.007,0,0.1995,0,train
13583,12546,JIM BEAM BRANDS COMPANY,2025-01-04,63902,663709.26,3650.4,0.55,3318.96,1.1,1,0,0,0,0,0,High-value invoice (>= $250K),1,1,0.9997,1,0.9468,0,test
13590,3089,SIDNEY FRANK IMPORTING CO,2025-01-04,6692,59479.25,291.45,0.49,297.43,0.98,0,0,0,0,0,0,,0,0,0.0201,0,0.705,0,train
13600,90056,SWEET BABY VINEYARD,2025-01-04,618,5180.34,23.31,0.45,25.9,0.9,0,0,0,0,0,0,,0,0,0.0091,0,0.3237,0,test
13607,1650,Circa Wines,2025-01-04,84,894.72,4.56,0.5097,4.47,1.02,0,0,0,0,0,0,,0,0,0.0096,0,0.4333,0,train
13611,90011,FORTUNE WINE BROKERS LLC,2025-01-04,44,374.96,2.06,0.5494,1.88,1.1,0,0,0,0,0,0,,0,0,0.0273,0,0.3734,0,train
13629,1189,BULLY BOY DISTILLERS,2025-01-04,220,4890.4,26.41,0.54,24.46,1.08,0,0,0,0,0,0,,0,0,0.0123,0,0.5917,0,train
13636,6355,NICHE W & S,2025-01-04,141,2629.96,13.41,0.5099,13.15,1.02,0,0,0,0,0,0,,0,0,0.0213,0,0.8631,0,test
13654,98450,Serralles Usa LLC,2025-01-04,237,3417.5,17.77,0.52,17.09,1.04,0,0,0,0,0,0,,0,0,0.0047,0,0.3242,0,train
13659,90010,VINEXTRA INC,2025-01-04,195,2599.66,11.7,0.4501,13.0,0.9,0,0,0,0,0,0,,0,0,0.0023,0,0.5376,0,train
13574,90058,ZORVINO VINEYARDS,2025-01-05,437,3608.11,16.6,0.4601,18.04,0.92,0,0,0,0,0,0,,0,0,0.0062,0,0.5405,0,train
13586,7154,PREMIER DISTRIBUTORS,2025-01-05,284,4004.65,19.62,0.4899,20.03,0.98,0,0,0,0,0,0,,0,0,0.0018,0,0.5852,0,train
13596,8352,LUXCO INC,2025-01-05,6161,47765.92,229.28,0.48,238.86,0.96,0,0,0,0,0,0,,0,0,0.0063,0,0.5889,0,train
13598,7255,PSP WINES,2025-01-05,338,2492.2,12.21,0.4899,12.46,0.98,0,0,0,0,0,0,,0,0,0.0046,0,0.5351,0,train
13603,60,ADAMBA IMPORTS INTL INC,2025-01-05,221,3595.67,16.54,0.46,17.98,0.92,0,0,0,0,0,0,,0,0,0.0126,0,0.3682,0,train
13618,7153,PINE STATE TRADING CO,2025-01-05,14115,102949.38,494.16,0.48,514.81,0.96,0,0,0,0,0,0,,0,0,0.023,0,0.8084,0,test
13621,28750,SMOKY QUARTZ DISTILLERY LLC,2025-01-05,277,6088.16,28.61,0.4699,30.44,0.94,0,0,0,0,0,0,,0,0,0.054,0,0.7886,0,test
13634,6213,MHW LTD,2025-01-05,5571,61701.42,339.36,0.55,308.55,1.1,0,0,0,0,0,0,,0,0,0.0171,0,0.5486,0,train
13640,172662,SWEETWATER FARM,2025-01-05,18,402.84,1.85,0.4592,2.01,0.92,0,0,0,0,0,0,,0,0,0.0293,0,0.6533,0,test
13642,90024,VINILANDIA USA,2025-01-05,1114,10993.64,52.77,0.48,54.98,0.96,0,0,0,0,0,0,,0,0,0.0287,0,0.4508,0,test
13649,4848,LAIRD & CO,2025-01-05,511,5285.08,28.01,0.53,26.43,1.06,0,0,0,0,0,0,,0,0,0.0152,0,0.683,0,train
13553,2396,BLACK PRINCE DISTILLERY INC,2025-01-06,27,119.42,0.55,0.4606,0.6,0.92,0,0,0,0,0,0,,0,0,0.0458,0,0.9127,0,train
13562,9552,M S WALKER INC,2025-01-06,35731,368620.38,1879.96,0.51,1843.33,1.02,1,0,0,0,0,0,High-value invoice (>= $250K),1,1,0.9996,1,0.9722,0,train
13588,660,SAZERAC NORTH AMERICA INC.,2025-01-06,10973,69213.17,346.07,0.5,346.11,1.0,0,0,0,0,0,0,,0,0,0.002,0,0.6235,0,test
13589,17033,SEA BREEZE CELLARS LLC,2025-01-06,206,2268.43,12.25,0.54,11.34,1.08,0,0,0,0,0,0,,0,0,0.002,0,0.1772,0,train
13606,4380,CHARLES JACQUIN ET CIE INC,2025-01-06,1267,10809.06,48.64,0.45,54.05,0.9,0,0,0,0,0,0,,0,0,0.0225,0,0.4492,0,test
13610,3252,E & J GALLO WINERY,2025-01-06,67079,431362.94,2372.5,0.55,2157.08,1.1,1,0,0,0,0,0,High-value invoice (>= $250K),1,1,0.9909,1,0.9381,0,train
13613,3551,GILMANTON WINERY & VINEYARD,2025-01-06,48,501.6,2.26,0.4506,2.51,0.9,0,0,0,0,0,0,,0,0,0.0567,0,0.9287,0,train
13620,8150,SEA HAGG DISTILLERY LLC,2025-01-06,541,6789.1,30.55,0.45,33.95,0.9,0,0,0,0,0,0,,0,0,0.0216,0,0.5757,0,train
13623,8664,"STOLI GROUP,(USA) LLC",2025-01-06,7647,68885.21,344.43,0.5,344.47,1.0,0,0,0,0,0,0,,0,0,0.0266,0,0.462,0,train
13626,9622,WEIN BAUER INC,2025-01-06,90,1563.0,8.6,0.5502,7.82,1.1,0,0,0,0,0,0,,0,0,0.0164,0,0.4268,0,train
13638,90027,POVERTY LANE ORCHARDS,2025-01-06,92,740.6,3.63,0.4901,3.7,0.98,0,0,0,0,0,0,,0,0,0.0108,0,0.241,0,test
13641,90017,THE IMPORTED GRAPE LLC,2025-01-06,36,342.48,1.75,0.511,1.71,1.02,0,0,0,0,0,0,,0,0,0.0328,0,0.7364,0,train
13645,11567,CAMPARI AMERICA,2025-01-06,9745,79904.22,375.55,0.47,399.57,0.94,0,0,0,0,0,0,,0,0,0.0024,0,0.5358,0,train
13648,3950,"HOOD RIVER DISTILLERS, Inc.",2025-01-06,2,35.42,0.17,0.48,0.18,0.96,0,0,0,0,0,0,,0,0,0.0445,0,0.8869,0,train
13655,99166,STARK BREWING COMPANY,2025-01-06,48,1028.16,5.65,0.5495,5.14,1.1,0,0,0,0,0,0,,0,0,0.2256,0,0.9502,0,train
13656,12331,STELLAR IMPORTING CO LLC,2025-01-06,83,626.72,3.01,0.4803,3.13,0.96,0,0,0,0,0,0,,0,0,0.0182,0,0.7043,0,train
13557,90051,FULCHINO VINEYARD INC,2025-01-07,59,724.22,3.84,0.5302,3.62,1.06,0,0,0,0,0,0,,0,0,0.0142,0,0.6412,0,train
13569,8735,SURVILLE ENTERPRISES CORP,2025-01-07,148,1387.88,6.8,0.49,6.94,0.98,0,0,0,0,0,0,,0,0,0.0046,0,0.3435,0,train
13580,2555,DISARONNO INTERNATIONAL LLC,2025-01-07,3035,28940.62,141.81,0.49,144.72,0.98,0,0,0,0,0,0,,0,0,0.0047,0,0.3025,0,train
13585,5992,MCCORMICK DISTILLING CO,2025-01-07,690,7400.07,37.74,0.51,37.0,1.02,0,0,0,0,0,0,,0,0,0.0114,0,0.4476,0,test
13595,90032,LABELLE VYDS AND WINERY,2025-01-07,723,7949.93,35.77,0.4499,39.75,0.9,0,0,0,0,0,0,,0,0,0.0221,0,0.4532,0,train
13612,9744,FREDERICK WILDMAN & SONS,2025-01-07,2845,22504.69,114.77,0.51,112.54,1.02,0,0,0,0,0,0,,0,0,0.0091,0,0.567,0,test
13622,653,STATE WINE & SPIRITS,2025-01-07,4502,48629.23,257.73,0.53,243.18,1.06,0,0,0,0,0,0,,0,0,0.0025,0,0.4267,0,train
13653,7245,PROXIMO SPIRITS INC.,2025-01-07,19434,203312.01,1036.89,0.51,1016.69,1.02,0,0,0,0,0,0,,0,0,0.0316,0,0.6836,0,train
13660,90057,WALPOLE MTN VIEW WINERY,2025-01-07,60,694.68,3.2,0.4606,3.47,0.92,0,0,0,0,0,0,,0,0,0.0092,0,0.5641,0,train
13556,2561,EDRINGTON AMERICAS,2025-01-08,1271,42479.39,191.16,0.45,212.42,0.9,0,0,0,0,0,0,,0,0,0.0567,0,0.8761,0,train
13572,9260,TY KU LLC,2025-01-08,432,7542.01,40.73,0.54,37.71,1.08,0,0,0,0,0,0,,0,0,0.1417,0,0.9861,0,test
13599,2000,SOUTHERN WINE & SPIRITS NE,2025-01-08,6708,68302.33,321.02,0.47,341.55,0.94,0,0,0,0,0,0,,0,0,0.0059,0,0.5876,0,train
13616,5455,MARSALLE COMPANY,2025-01-08,214,5206.6,26.03,0.4999,26.04,1.0,0,0,0,0,0,0,,0,0,0.0154,0,0.591,0,train
13617,10754,PERFECTA WINES,2025-01-08,19825,180182.24,810.82,0.45,901.02,0.9,0,0,0,0,0,0,,0,0,0.013,0,0.8817,0,train
13628,480,BACARDI USA INC,2025-01-08,30817,322230.77,1578.93,0.49,1611.35,0.98,1,0,0,0,0,0,High-value invoice (>= $250K),1,1,0.99,1,0.8167,0,train
13639,8673,STE MICHELLE WINE ESTATES,2025-01-08,8477,79268.54,412.2,0.52,396.39,1.04,0,0,0,0,0,0,,0,0,0.0069,0,0.3772,0,test
13650,10000,MAJESTIC FINE WINES,2025-01-08,8035,65261.35,293.68,0.45,326.35,0.9,0,0,0,0,0,0,,0,0,0.002,0,0.2991,0,train
13555,2496,DUGGANS DISTILLED PRODUCTS,2025-01-09,119,1699.91,7.65,0.45,8.5,0.9,0,0,0,0,0,0,,0,0,0.0048,0,0.3859,0,train
13559,4550,KLIN SPIRITS LLC,2025-01-09,248,3740.59,20.57,0.5499,18.71,1.1,0,0,0,0,0,0,,0,0,0.0,0,0.3891,0,train
13568,8320,SHAW ROSS INT L IMP LTD,2025-01-09,1437,13382.54,60.22,0.45,66.92,0.9,0,0,0,0,0,0,,0,0,0.0094,0,0.1736,0,train
13570,8920,TAKARA SAKE USA INC,2025-01-09,226,1167.28,6.3,0.5397,5.84,1.08,0,0,0,0,0,0,,0,0,0.0942,0,0.8623,0,test
13591,28776,TALL SHIP DISTILLERY LLC,2025-01-09,210,4659.54,25.16,0.54,23.3,1.08,0,0,0,0,0,0,,0,0,0.0503,0,0.7925,0,test
13608,90047,CRUSH WINES,2025-01-09,472,5686.68,26.73,0.47,28.44,0.94,0,0,0,0,0,0,,0,0,0.0065,0,0.1808,0,train
13627,4466,AMERICAN VINTAGE BEVERAGE,2025-01-09,413,3985.03,19.53,0.4901,19.93,0.98,0,0,0,0,0,0,,0,0,0.0024,0,0.1721,0,train
13637,6359,OLE SMOKY DISTILLERY LLC,2025-01-09,1464,9868.19,45.39,0.46,49.35,0.92,0,0,1,0,0,0,Unit cost far from vendor norm,0,1,0.8358,1,0.3585,1,train
13647,1655,FABRIZIA SPIRITS LLC,2025-01-09,521,6023.53,31.92,0.5299,30.12,1.06,0,0,0,0,0,0,,0,0,0.014,0,0.6928,0,train
13651,6215,MOONLIGHT MEADERY,2025-01-09,301,2709.49,14.9,0.5499,13.55,1.1,0,0,0,0,0,0,,0,0,0.0085,0,0.1519,0,train
13657,173357,TAMWORTH DISTILLING,2025-01-09,65,1248.61,5.74,0.4597,6.24,0.92,0,0,0,0,0,0,,0,0,0.0309,0,0.2722,0,test
13554,2242,DELICATO VINEYARDS INC,2025-01-10,5210,45684.82,237.56,0.52,228.45,1.04,0,0,0,0,0,0,,0,0,0.0366,0,0.9289,0,test
13566,10050,Russian Standard Vodka,2025-01-10,191,3002.44,15.31,0.5099,15.01,1.02,0,0,0,0,0,0,,0,0,0.0241,0,0.7716,0,train
13567,8004,SAZERAC CO INC,2025-01-10,43240,318075.65,1494.96,0.47,1590.58,0.94,1,0,0,0,0,0,High-value invoice (>= $250K),1,1,0.9775,1,0.9396,0,train
13582,17032,JEWELL TOWNE VINEYARDS,2025-01-10,322,2520.08,13.86,0.55,12.6,1.1,0,0,0,0,0,0,,0,0,0.0104,0,0.5235,0,test
13587,7239,REMY COINTREAU USA INC,2025-01-10,3316,73446.31,337.85,0.46,367.28,0.92,0,0,0,0,0,0,,0,0,0.0113,0,0.7592,0,train
13594,3960,DIAGEO NORTH AMERICA INC,2025-01-10,129816,1226463.19,6132.32,0.5,6133.08,1.0,1,0,0,0,0,0,High-value invoice (>= $250K),1,1,0.994,1,0.9693,0,train
13604,516,BANFI PRODUCTS CORP,2025-01-10,14136,99189.89,476.11,0.48,496.01,0.96,0,0,0,0,0,0,,0,0,0.0153,0,0.9143,0,train
13605,1003,BRONCO WINE COMPANY,2025-01-10,18,69.12,0.37,0.5353,0.35,1.07,0,0,0,0,0,0,,0,0,0.0766,0,0.9695,0,train
13614,3924,HEAVEN HILL DISTILLERIES,2025-01-10,5848,43142.02,215.71,0.5,215.74,1.0,0,0,0,0,0,0,,0,0,0.0,0,0.2598,0,train
13658,9165,ULTRA BEVERAGE COMPANY LLP,2025-01-10,38896,502128.05,2761.7,0.55,2510.95,1.1,1,0,0,0,0,0,High-value invoice (>= $250K),1,1,0.9999,1,0.9587,0,train
13661,9625,WESTERN SPIRITS BEVERAGE CO,2025-01-10,4617,37300.48,186.5,0.5,186.53,1.0,0,0,0,0,0,0,,0,0,0.0247,0,0.7619,0,train
